:020000022000DC
:1060000000000420D57D0300157E0300177E0300E9
:10601000197E03001B7E03001D7E030000000000AC
:10602000000000000000000000000000517D03009F
:10603000217E030000000000717D0300257E030027
:10604000C57F0300277E0300277E030015D70200CB
:10605000C5D70200277E030029590300277E0300CD
:10606000277E0300277E0300277E0300277E030090
:10607000277E0300277E0300277E0300277E030080
:10608000277E0300D57A0300277E0300277E0300C6
:10609000277E0300277E0300277E0300277E030060
:1060A000277E0300277E0300277E0300277E030050
:1060B000277E0300277E0300000000000000000090
:1060C000277E0300277E0300277E0300B18503009F
:1060D000277E0300277E0300277E0300F16C020069
:1060E000277E0300277E0300277E030000000000B8
:1060F00000000000277E0300000000002986030046
:10610000000000000000000000000000000000008F
:10611000000000000000000000000000000000007F
:10612000000000000000000000000000000000006F
:10613000000000000000000000000000000000005F
:10614000000000000000000000000000000000004F
:10615000000000000000000000000000000000003F
:10616000000000000000000000000000000000002F
:10617000000000000000000000000000000000001F
:10618000000000000000000000000000000000000F
:1061900000000000000000000000000000000000FF
:1061A00000000000000000000000000000000000EF
:1061B00000000000000000000000000000000000DF
:1061C00000000000000000000000000000000000CF
:1061D00000000000000000000000000000000000BF
:1061E00000000000000000000000000000000000AF
:1061F000000000000000000000000000000000009F
:10620000F1EE103A43F08073E1EE103A704700BFB0
:1062100010B5054C237833B9044B13B10448AFF3E0
:1062200000800123237010BD9C640020000000004A
:106230009CFC050008B5034B1BB103490348AFF3B1
:10624000008008BD00000000A06400209CFC050048
:10625000154B002B08BF134B9D46A3F5803A002138
:106260008B460F461348144A121A2DF08CFA0F4B26
:10627000002B00D098470E4B002B00D098470020F1
:10628000002104000D000D48002802D00C48AFF397
:1062900000802DF04DF82000290011F0EDFD2CF0CC
:1062A0009FFC00BF00000800000004200000000068
:1062B000000000009C640020289E002000000000D8
:1062C000000000000146014800F08EBAD4640020AE
:1062D00038B5064B1D783DB100242046013400F04E
:1062E00049FEE0B28542F9D838BD00BFD064002035
:1062F000407DFF2806D010B500F088FD044618B197
:10630000204610BD0020704712F00AFB204610BD49
:10631000407DFF280ED000B583B00DF1070100F0DD
:10632000C9FD20B19DF8070003B05DF804FB4FF0F4
:10633000FF30F9E74FF0FF30704700BF407DFF2886
:1063400011D000B583B001220DF1070100F06AFD04
:1063500020B94FF0FF3003B05DF804FB9DF8070053
:1063600003B05DF804FB4FF0FF307047407DFF281D
:1063700001D000F0FFBD7047407DFF2801D000F044
:106380003FBE0020704700BFF8B50646407DFF289D
:106390001CD017465AB10D46144600F011FD29468F
:1063A000224680B1707D00F08FFD241A01D138465D
:1063B000F8BD054412F0B4FA707D00F001FD2946E5
:1063C00022460028EED13F1B3846F1E70020F8BDF9
:1063D0000AB32DE9F043524991F81C6191F81D511F
:1063E00091F81E7193B0994614467B1CAA1C8046F6
:1063F000B01C81F81C0181F81D2181F81E3101A813
:10640000422200212DF0BFF9B9F1410F05D800203B
:1064100013B0BDE8F083422070478DF806608DF818
:106420000E608DF82660721C40F20126D2B2ADF8E3
:106430001060DFF8F0C08DF81E20242640F6083EDC
:106440006B1C8DF827208DF83120ADF804E08DF815
:1064500016608DF820608DF82460CDF818C00426F1
:106460004FF0060C65F07F0540F209424FF0010E37
:1064700098F81410ADF80C208DF81CE005228DF86A
:106480001F608DF830608DF822C040F207568DF8FD
:1064900025C08DF82A5020464FF0030E63F07F048C
:1064A0004FF0080C02234FF411658DF814108DF88D
:1064B00007308DF808308DF809308DF812308DF8DE
:1064C00021308DF815208DF823208DF82BE08DF8E4
:1064D0002CC04FF00A0EADF82E504FF0400C01A921
:1064E000ADF8286007258DF833308DF840208DF801
:1064F0004140422244F20204ADF838608DF83B304E
:106500008DF83A708DF834E08DF83CC08DF83F502E
:10651000ADF842402DF013F9422013B0BDE8F083EE
:10652000D464002020010524A0F11000FFF750BF23
:1065300070B50368184A5B6882B093428DF8071003
:1065400024D10546407DFF281DD000F039FC0DF117
:10655000070601243146224688B1687D00F0B4FC6C
:10656000241A02D1012002B070BD064412F0D8F9FD
:10657000687D00F025FC314622460028EDD1C4F1AB
:10658000010002B070BD002002B070BD01220DF10B
:106590000701984702B070BD89630200437DFF2B5D
:1065A00000D07047094B1A78002AFAD110B500F1D3
:1065B000100442750649204601221A7000F0E0F9E5
:1065C00021460448BDE8104000F0F0B8D064002037
:1065D00070B00500D4640020407DFF2807D000B5CE
:1065E00083B000F0EDFB20B103B05DF804FB0020A8
:1065F0007047019012F094F9019803B05DF804FB24
:1066000001B900B1704700B583B0694600F0EEFBF8
:10661000009BB3F5966F02D003B05DF804FB00F069
:106620007DFBF9E730B4084B084A4FF47F4102F193
:106630000805002430324FF47A7099821D60C3E956
:1066400001401A6130BC7047B864002080B005007A
:106650002DE9F0410024484E2546435D4719A3B17A
:1066600003F14002D2B2012A0AD9F42B08D81A0643
:106670000ED44FF0010EA3F55842B2F5006F56D27A
:1066800001354719435D002BEAD12046BDE8F08172
:1066900003F0E002C02A57D003F0F002E02A66D0EF
:1066A00003F0F802F02AEBD103F007024FF0040EDA
:1066B0007B7803F0C00CBCF1800FE1D197F802C0E9
:1066C0000CF0C00803F03F03B8F1800F43EA8213D7
:1066D000D6D10CF03F0CBEF1030F4CEA83132DD042
:1066E000FA7802F0C007802FCAD102F03F0242EAD6
:1066F0008313A3F58032B242C2D8A3F55847B7F549
:10670000006FBDD3B3F5803F05F1040510D31E2CF7
:10671000BBDC6300970A0B44C2F30902A7F52057BC
:10672000A2F5105221F814705A80023495E775448E
:10673000202CAAD021F8143001348EE7A3F5006292
:10674000B2F5784F97D39BE77A7802F0C007802F95
:1067500003F01F0394D102F03F0242EA8313A3F136
:106760008002B2F5F06F8BD24FF0020E83E703F098
:106770000F024FF0030E9BE7FFFF0F0090F8503120
:106780000B2B0CD871B103F1480210B45C1C80F8DB
:10679000504140F822105DF8044B18467047002322
:1067A000184670470B461846704700BF70B5044640
:1067B0000E68B4F81821B4F81A31656936689B1A66
:1067C00008469BB294F81C112A44B04758B1B4F85B
:1067D00018216369104480B2A4F81801588094F815
:1067E0001C211A71012070BD2DE9F043284DDFF8FE
:1067F000B090AC4604468846BCE80F0089B003AFB1
:106800000FC703AE0FCE05F1140E25460FC59EE847
:106810000700DCF800303B806B4636682E8003C3EF
:106820006B4603CB012504F118034FF480766361B6
:10683000A061E16184F8202004F59870C4F81891F3
:106840002022A4F81C61002184F81E512CF09BFF2B
:1068500040F20947042240F2EF230E4E0E48C4F8DE
:1068600028010021C4F82C1184F85021A3804FF492
:10687000E131A571C4F82071C4F824610748FFF71D
:106880008DFE404600F038FA284609B0BDE8F08396
:10689000B4B00500E4B00500ECB00500B864002019
:1068A0000900000100487047D4640020014B58697A
:1068B000704700BFD46400202DE9F04F89B0F8B1D3
:1068C000032816D02B4C94F8503183424FD94830CE
:1068D00004F5AA7154F82000FFF7BAFEC0B20130E7
:1068E000400040F44070A4F85201234809B0BDE8CC
:1068F000F08F204CD4F82C0150B104F5AA71EBE7CD
:106900001C4CD4F82031A4F854314FF44170EAE71C
:10691000684600F005FA054610B300F1FF3A0DF1A4
:106920000103164FE94653FA8AFAA64604AE97E8E1
:106930000F0019F801CB86E80F000CF00F080DF1DD
:10694000200BD8440BEB1C1C18F8108C1CF8103CC6
:10695000AEF85681D145AEF854310EF1040EE6D1B1
:106960006800C0B20130400040F44070BBE7002036
:10697000BCE700BFD464002026660020D4B0050028
:1069800010B504460248FFF7F9FE207110BD00BFA4
:10699000D464002030B5144C236883B013B3186856
:1069A00051B906F0A1FC236893F90400012103B05A
:1069B000BDE8304012F0E8B90C4B009300250123EC
:1069C0008DF805308DF8045002AB13E9060006F08F
:1069D00027FC236893F90400294603B0BDE8304042
:1069E00012F0D2B903B030BD6866002080BA8C01C5
:1069F0000448006828B108B5006806F07BFC012057
:106A000008BD704768660020084B1B6843B141B958
:106A1000074B4022C3F88020BFF34F8FBFF36F8F27
:106A20007047034B40221A60704700BF6866002021
:106A300000E100E0024B53F8200000B1C06870474D
:106A40006C66002030B4094CBDF8085054F8204062
:106A500044B1246934B10846A44611461A462B466F
:106A600030BC6047002030BC704700BF6C6600201F
:106A700030B4084CBDF8085054F8204044B1646963
:106A800034B10846A44611461A462B4630BC60472E
:106A900030BC70476C66002000207047024B1868BD
:106AA00008B190F860007047746600202DE9F84343
:106AB000234C2568002D3CD01E462C2303FB00539D
:106AC0001746D3F8209088460446B9F1000F32D01B
:106AD00048462EF035FC2C2303FB0454D4E909541A
:106AE000DFF864C0174B08280246494628BF082231
:106AF0004046002D08BF6546002C08BF1C462CF000
:106B00001EFE28462EF01CFC10280246294628BFEF
:106B1000102238462CF013FE20462EF011FC0428DB
:106B200002462146304628BF0422BDE8F8432CF037
:106B300006BEBDE8F883DFF814900820CBE700BF5D
:106B40007466002020B1050010B1050004B10500F5
:106B500070B5104E3368D3B12C2404FB00340546C5
:106B600062691AB19047336884F832002C2202FB24
:106B7000053393F8324014B10124204670BD2846F5
:106B800023463A22022101F0E7F8204670BD1C4658
:106B9000204670BD74660020074B1B6853B110B4CB
:106BA0002C2404FB0030C46A038E0C6013805DF853
:106BB000044B7047704700BF7466002008B5202260
:106BC0000023052101F0C8F84FF0FF3008BD00BFD9
:106BD00030B4094C24685CB10D4611462C2202FBEE
:106BE0000044E46924B11A462846234630BC1847BD
:106BF000012030BC704700BF7466002030B4094CDF
:106C0000029A246854B10D462C2101FB0044A4686B
:106C100024B119462846234630BC18474FF0FF30B0
:106C200030BC70477466002030B4094C029A246866
:106C300054B10D462C2101FB0044E46824B11946EF
:106C40002846234630BC18474FF0FF3030BC704711
:106C500074660020044B1B682BB12C2202FB003011
:106C6000036903B11847704774660020054B1B6821
:106C70002BB12C2202FB0030836903B1184701209D
:106C8000704700BF7466002005F0DCBB00B5164BF2
:106C900083B04022002483F8272301A90123204642
:106CA0008DF804308DF8054002F0DAFE4FF0804395
:106CB00002A8D3F8385400F8084D11F03DF90B4BF9
:106CC000019301A811F064F911F074F9EB0707D4EE
:106CD00000214FF0FF3002F04DFFFFF7F9FAF7E720
:106CE000204605F0AFFBF3E700E100E0896C02000D
:106CF000002005F01DB800BF00B5002383B00322BB
:106D0000CDE9002303490448C8220FF0A3FE03B0D5
:106D10005DF804FB24B105008D6C020011F0ACBFDE
:106D20004FF08052536E1BBA0360136E1BBA436060
:106D300008207047004870472CB1050070B51E4C04
:106D40002368D3B1012901D0012070BD1578C5F3A6
:106D50004115012D13D0022D0FD15478012C21D0D3
:106D6000022CF1D19388072B07D1144C11462389AB
:106D70002246BDE8704003F035BE002070BD51785A
:106D80002229E1D111465288003218BF01225A75DA
:106D900003F010FE2268D369002BD5D0507D9847B0
:106DA000284670BD9C69002CE7D011462378224606
:106DB000BDE8704003F016BE786600200460002035
:106DC00010B5044602F034FE08B9002010BD02F0F0
:106DD00037FE0028F9D1044B4FF4367202FB04341D
:106DE000207900F0010010BDFC660020064A4FF437
:106DF000367303FB00230833186808609A889B7970
:106E00008B718A80704700BFFC66002008B5044A79
:106E10004FF4367303FB0020103002F055FC08BD20
:106E2000FC6600202DE9F8434FF4367404FB00F4AF
:106E30001E4E4FF6FF73074604F110054FF6FE7025
:106E4000824288BF1A463544284692B202F066FC58
:106E5000804602F0EDFD10B94046BDE8F88302F02F
:106E6000EFFD81460028F7D13444E378002BF3D0BE
:106E7000284602F041FC3F28EED9E178484603F06D
:106E8000E7FC0028E8D0284602F036FC3F2804D86A
:106E9000E178484603F0ECFCDEE7054AE178484635
:106EA00002EBC712402303F0F3FCD5E7FC66002099
:106EB0007C660020034A4FF4367303FB0020103039
:106EC00002F096BCFC6600202DE9F8434FF43675BD
:106ED00005FB00F5244F4FF6FF73064605F1240429
:106EE0004FF6FE70824288BF1A463C4492B220465A
:106EF00002F0B8FC8046204602F0E6FB3F2802D8AC
:106F00004046BDE8F88302F093FD0028F8D002F077
:106F100097FD81460028F3D1204602F0D5FB0028DA
:106F2000EED03D444846A97803F092FC0028E7D013
:106F30000E4B402202EBC6161E442046314602F09C
:106F4000EDFB034660B13246A978484603F0A0FC49
:106F50000028D5D1064B1B68DB07D1D500BECFE793
:106F6000A97803F085FCCBE7FC6600207C66002056
:106F7000F0ED00E02DE9F041804602F059FD10B936
:106F80000020BDE8F08102F05BFD07460028F7D144
:106F90004FF4367404FB08F4164E04F1240535440E
:106FA000284602F091FB0028EAD026443846B17802
:106FB00003F04EFC0028E3D040220F4B02EBC81830
:106FC00098442846414602F0A9FB044660B1424677
:106FD000B1783846234603F05BFC40B9074B1B6889
:106FE000DB07CDD500BECCE7B17803F041FC2046ED
:106FF000C7E700BFFC6600207C660020F0ED00E0E3
:1070000008B5044A4FF4367303FB0020243002F025
:1070100073FB08BDFC66002070B5204C82B00021D7
:107020004FF4367220460D462CF0ADFBFF234FF493
:10703000E132082604F138016371A26001234FF4A4
:107040008072009504F11000A67302F001FB144B4E
:107050001B78C3F38003009304F59C7101234FF464
:10706000807204F1240002F0F3FA04F50E7101209D
:107070000EF060FF04F52271064601200EF05AFF63
:1070800006B130B9074B1B68DB0700D500BE02B064
:1070900070BDC4E90756C4E90C05F8E7FC6600209A
:1070A000B8600020F0ED00E038B5094C206A256B8F
:1070B00020B10FF037FB0023C4E907332DB1284678
:1070C0000FF030FB0023C4E90C33012038BD00BFB2
:1070D000FC66002010B50E4C0E482378002202609A
:1070E0000271DA0709D59B070DD521780A48C1F34B
:1070F0008001BDE8104002F063BC103002F040FC9B
:1071000023789B07F1D4044802F03AFCEDE700BF76
:10711000B8600020FC660020206700202DE9F041C7
:107120004B79022B82B004D00025284602B0BDE87E
:10713000F0818B79022BF7D1364EB3782BB1364BD9
:107140001B68DB07F0D500BEEEE78B7833700C7858
:107150000C4407466378242B4FF009050BD1082A0D
:1071600002D822E0AA4220D323781C441D4463782D
:10717000242BADB2F6D0052B38D0042B15D1637972
:107180000A2B12D1254A94F8008001920223013281
:107190000092384604EB08011A4603F095FA0028DD
:1071A000CDD00E3518FA85F5ADB202F041FC0028BD
:1071B000BBD002F045FC04460028B6D1F378002B82
:1071C000B3D0174802F098FA3F28AED9F17820469C
:1071D00003F03EFB0028A8D0114802F08DFA3F28AA
:1071E000F17811D8204603F043FB9EE7214638464C
:1071F00003F00AFB0028A2D0A378737023781C4404
:107200001D44ADB26378B8E7064A2046402303F038
:107210003FFB8AE7FC660020F0ED00E0FE66002000
:107220000C6700207C66002038B5137803F06003FB
:10723000202B01D0002038BD294C938825789D4211
:10724000F8D15378203B032BF4D8DFE803F008157E
:107250001E02012936D0032939D0012038BD012969
:107260000CD00329F9D11F4B002BF6D01E4900206A
:10727000AFF30080012038BD0129EED1114607236C
:10728000194A03F0AFFB012038BD01291AD00329A8
:10729000E3D1164B55881B781548257113F004016E
:1072A0001CBFE94301F0010102F08AFB114B002BE6
:1072B000D3D0C5F3400205F001010020FFF7A0F98B
:1072C000012038BD114603F075FB012038BD0A4B83
:1072D000002BC2D051880020AFF30080BDE700BF73
:1072E000FC6600200000000004670020B860002059
:1072F0002067002001660200000000002DE9F04731
:107300005F4CE2788A420D4680461F4659D15D4E59
:107310009AB2314604F1100002F0A4FA5A4BC3B1FC
:107320006379FF2B15D0A7B106EB070A04F110090A
:1073300002E056450DD0637916F8012B9A42F8D138
:10734000484602F0D1F90028F3D16179AFF300800B
:10735000EFE74E4B23B14E4802F0C6F9002863D048
:1073600002F066FB002862D1A3789D4202D0012082
:10737000BDE8F087474B13B10020AFF3008002F067
:1073800057FB00282BD1444802F09EF90028EED18B
:10739000002FECD017F03F07E9D1A178404603F069
:1073A00057FA0028E3D0A17840463B463A4603F01E
:1073B0006FFA0028DBD1394B1B68DA070CD500BE09
:1073C000D6E7A3788B42D5D0344B1B68DB0703D5B7
:1073D00000BE0020BDE8F0870020BDE8F08702F085
:1073E0002FFB05460028CED12B4802F06DF900286E
:1073F000C9D0A178284603F02BFA0028C3D0402238
:107400002749254802F08AF9034600282CD028464F
:10741000234AA17803F03CFA0028A8D11F4B1B682F
:10742000D907B0D500BEAEE7AFF3008098E702F011
:1074300007FB0646002897D1E378002B94D0144828
:1074400002F05AF93F288FD9E178304603F000FA6C
:10745000002889D00E4802F04FF93F28304607D85F
:10746000E17803F005FA7FE7A17803F001FA8AE7F3
:107470004023044AE17803F00BFAA37875E700BFD4
:10748000FC6600207C660020000000000000000078
:107490000C6700200000000020670020F0ED00E0F5
:1074A000BC660020704700BF01207047704700BFD6
:1074B000704700BF044B0022C3E90022C3E9022247
:1074C000C3E90422704700BF546B002001207047BD
:1074D000044B0022C3E90022C3E90222C3E90422CB
:1074E000704700BF546B00202DE9F0434B79032B0C
:1074F00083B004D00024204603B0BDE8F0830B79AC
:10750000C3EBC3041234A4B2944205D9254B1B68C3
:10751000DA07EFD500BEEDE7234A5578002D3ED0BF
:10752000557B002DF2D102F10C054FF4A0770E78B7
:107530008A1992F801C0BCF1210FE7D1AA608946EF
:10754000895D80466E1CA81C1144CDE900061A46D0
:107550004046032303F0B8F80028D7D099F8063046
:10756000A978012B04BF99F80730EB700123AB71A8
:1075700099F80220AB682A70B3F80730AB80002975
:10758000B9D00A4A40463A44402303F081F9002822
:10759000B1D1044B1B68DB07ADD500BEABE7154688
:1075A0008027C4E7F0ED00E0546B0020D469002090
:1075B0002DE9F047137803F01F06012E82B003D0A7
:1075C000002002B0BDE8F087DFF80882978898F8BD
:1075D0000040FFB2BC4200F0B08098F80C40BC42C2
:1075E000EED13746B4464FF0C00E4FF0130A4FF0BD
:1075F000120913F060030C460546164604D1012912
:1076000000F0A4800120DCE7202BD9D15378013B86
:107610000A2BD5D801A252F823F000BFF176020060
:10762000E7760200D1760200C1750200C175020042
:10763000C1750200C1750200C17502009176020099
:10764000697602004976020001291BD00329D9D1AD
:1076500073880C2606FB0786DBB260461946B371B9
:10766000FFF720FF0120ACE70129CBD173880C2262
:1076700002FB07871B0A60461946FB71FFF714FFE0
:1076800000289DD03146284603F094F9012098E760
:10769000012900F086800329B4D1F48871884B4B0E
:1076A000402C4FEA1122204628BF402011F0FF0154
:1076B000734407D0012C05D91C788C4202D10138C3
:1076C00080B2013300906046FFF7D2F9012078E7DD
:1076D000012997D108EB090231462846234603F0D9
:1076E00081F920466DE701298CD108EB0A02F3E706
:1076F000012987D1F3887188344F402B4FEA11223A
:10770000184628BF402011F0FF01774454D0012BC8
:1077100052D9013880B239707B1C00906046FFF767
:1077200091F90444A3B2002B49D1294A1268D20727
:107730007FF546AF00BE184643E74FF0000E774690
:10774000F4464FF0070A4FF0060952E75378062B2C
:107750007FF436AF53881B0A212B12D0222B7FF4E3
:107760002FAF6046FFF766F97B001F4408EB8708E0
:10777000024631462846B8F8043003F033F9204673
:107780001FE77B001F4408EB8708D8F80820002A71
:107790003FF416AF1378314602B0BDE8F04703F06E
:1077A00021B9F388402B3FF60BAF084A31467244AB
:1077B00003F018F9204604E73B460024ADE73A46BB
:1077C0003146284603F00EF90120FAE6D46900207C
:1077D000F0ED00E0546B0020F0B52C4CA6786578F5
:1077E0008E4283B0074610D0A9422CD0A07B657B87
:1077F00088423FD0A94244D0254B1B68DA0702D407
:10780000002003B0F0BD00BEFAE780264FF0400C28
:107810000020A9429BB21AD01E4D3544FAB90093FC
:1078200011462B460222FFF723F92A46A178384653
:10783000402303F02DF80028E3D1154B1B68DB072C
:10784000DED500BEDDE74FF0400C00209BB21149B1
:1078500061444AB91A46FFF729FE0120D1E72A46BA
:107860000221FFF725FEE0E70A460121FFF720FE8F
:107870000120C6E70C344FF4A0764FF4807C012041
:10788000C7E74FF4807C0120E0E700BF546B002085
:10789000F0ED00E0D469002070B5194C82B00021F1
:1078A0000D464FF4EC7220462BF06DFF04F13801C9
:1078B0000123802204F11000009501F0C9FE04F1BB
:1078C000B80101238022009504F1240001F0C0FEDC
:1078D00004F59C7101200EF02DFB04F5C4710646E1
:1078E00001200EF027FB30B9064B1B68DB0700D5E3
:1078F00000BE02B070BDC4E90756C4E90C05F8E744
:10790000EC6B0020F0ED00E038B5094C206A256BE7
:1079100020B10EF007FF0023C4E907332DB128463C
:107920000EF000FF0023C4E90C33012038BD00BF76
:10793000EC6B002010B5084C002304F11000C4E9E2
:107940000033C4E9023302F01BF804F12400BDE85F
:10795000104002F015B800BFEC6B00202DE9F04399
:107960004B79012B83B004D00025284603B0BDE835
:10797000F0838B79012B0C46064616D049780429F2
:10798000F2D10025032BEFD1E379002BECD1DFF806
:10799000FC8098F8013013B998F802700FB3384B97
:1079A0001B68DB07E0D500BEDEE7CB79002BDBD11F
:1079B0000B781C449DB2617824290BD1954202D9E1
:1079C000D2E7AA42D0D323781C442B4461782429DF
:1079D0009DB2F6D00429C7D16379012BC4D1A37914
:1079E000D0E7A37888F8003094F8009021794D44CE
:1079F000ADB2A14439B925E099F800308F421D4459
:107A0000ADB299441ED2AA421CD399F80130052B7D
:107A1000F2D149463046019202F0F6FE019A002862
:107A2000BDD099F80230D90914BF88F8013088F820
:107A3000023099F80030217901371D44FFB2ADB210
:107A40009944D9E70F4801F057FE3F288DD998F89F
:107A50000210002002F0FCFE002886D0094801F048
:107A60004BFE3F2898F8021003D8002002F000FFD8
:107A70007BE7054A4023002002F00AFF75E700BFBC
:107A8000F0ED00E0FC6B0020AC6B0020EC6B002004
:107A900000207047F8B53C4DAA788A421F4612D1A3
:107AA0009AB23A4905F1100001F0DCFE384B13B1EF
:107AB0000020AFF30080374801F01EFE3F282CD88D
:107AC00001242046F8BD6B788B4208D0324B1C68ED
:107AD00014F00104F5D000BE00242046F8BD06468F
:107AE00005F1240001F0F0FD40BB2C4801F0ECFD55
:107AF0000028E5D1002FE3D017F03F07E0D16978E7
:107B0000304602F0A5FE04460028D9D069783046F8
:107B10003B463A4602F0BCFED3E7A978002002F0CB
:107B200097FE04460028CBD01A4801F0E5FD3F2817
:107B3000A9781ED8002002F09BFEC2E769780020D9
:107B400002F086FE0028D0D04022154905F124001D
:107B500001F0E4FD034690B1114A6978002002F07B
:107B600097FE0028ACD10C4B1B68DB07BDD500BECF
:107B7000BBE7064A4023002002F08AFEA1E76978AD
:107B800002F076FEB1E700BFEC6B0020AC6B00208A
:107B900000000000FC6B0020F0ED00E0106C002005
:107BA0006C6B002030B4114B9C689A6B93F83C507E
:107BB00083F82C10A21A022183F830109A6225B99A
:107BC00042F2050183F83E50998744B13AB11A7BDD
:107BD000D20906D193F82F1030BC02F099BE30BC08
:107BE000704793F82E1030BC02F092BEC46F002094
:107BF00038B5214B214C05461BB1607BFFF736F8A9
:107C0000A8B1A06BA36894F82F101D4A1B1AB3F5F6
:107C1000007F28BF4FF4007328469BB202F038FE65
:107C200020B9184B1B68DB0700D500BE38BDA26821
:107C3000A36B84F83E0042F20771D31A0120A1879A
:107C40000221A36284F82C0084F83010002AEDD0C1
:107C5000002BEBD0237BDB0906D194F82F102846AC
:107C6000BDE8384002F054BE94F82E102846BDE816
:107C7000384002F04DBE00BF6D6C0200C46F0020A2
:107C8000C46D0020F0ED00E070B5304CE28AA368CE
:107C900052BA92B286B0054612B1B3FBF2F292B27A
:107CA000A66BD4F81110607B9B1BB3F5007F28BF37
:107CB0004FF4007309BA0093B6FBF2F302FB1362B0
:107CC0001944234BFEF79AFF031E20DB94F82E2065
:107CD0000DD011469BB228461D4A02F0D9FDA0B92D
:107CE0001C4B1B68DB0710D500BE06B070BD072417
:107CF000194603A88DF80C508DF8102005938DF8C7
:107D000011308DF80D4002F0B7FB06B070BDA268CF
:107D1000A36B43F602200021D31AA08784F83E10FB
:107D200001200221A36284F82C0084F83010002A7C
:107D3000EBD0002BE9D0237BDB0914BF94F82E1085
:107D400094F82F10284602F0E3FDDEE7C46F002010
:107D5000C46D0020F0ED00E010B4054C012084F863
:107D60003C1084F83D2084F83E305DF8044B7047A9
:107D7000C46F00204022002101482BF004BD00BF49
:107D8000C46F00204022002101482BF0FCBC00BF42
:107D9000C46F00204B79082B01D0002070478B79ED
:107DA000062BFAD1CB79502BF7D1162A06D81C4BCB
:107DB0001B68D907F1D500BE0020704770B5194D7A
:107DC0008B7885F82D300B7882B005F12F0205F104
:107DD0002E0619440223CDE900261A46044602F075
:107DE00073FC48B90E4B1B68DA0702D500BE02B01F
:107DF00070BD002002B070BD204695F82F100A4AD1
:107E000000241F2385F8304002F042FD30B9044BB6
:107E10001B68DB0702D500BE1720E8E71720E6E75E
:107E2000F0ED00E0C46F0020C46D0020012901D0F6
:107E300001207047F0B5137803F07F01022985B067
:107E4000054606D003F06003202B1AD0002005B0B1
:107E5000F0BD5478012CF5D15388002BF6D1434E58
:107E6000918896F83030042BC9B279D096F82E401C
:107E70008C423DD096F82F408C4257D0012005B05F
:107E8000F0BD5378FE2B16D0FF2BDFD15388002B8B
:107E9000DCD1D488A3B2002BD8D1344E1146284669
:107EA00086F83030C6E90D33B48786F83E3002F0EC
:107EB00081FD0120CBE75388002BC7D1D388012B4C
:107EC000C4D12B498DF80F3000294DD00192FEF717
:107ED000E5FD019A0028B9D0431EDBB204AC11467F
:107EE00004F8013D28462246012302F07BFDC5E748
:107EF000022BC3D1B26BB3681E4F9B1AB36206F15B
:107F000020030FCB07C73A46214602F80C39032459
:107F100028460D2386F8304002F0BAFC0028ADD187
:107F2000154B1B68DB0791D500BE90E7002BA5D150
:107F3000214602F0DFFC0028A0D12146284602F0AD
:107F400005FD00289AD1002496F82F10094A86F8DA
:107F5000304028461F2302F09BFC0028E0D08DE72C
:107F600002F0D6FC204672E70B46B7E7C46F00204C
:107F70009D6A0200C46D0020F0ED00E02DE9F041A3
:107F8000B44C94F83050012D8EB01E46074645D0B3
:107F900028D3032D05D0022D5FD001200EB0BDE8FF
:107FA000F08194F82E308B42F7D10D2EF5D1E37B82
:107FB000282B00F01A812A2B40F00D81A64B13B11B
:107FC000607BFEF747FE002594F82F10A34A84F843
:107FD00030501F23384602F05BFC002861D094F833
:107FE0003050D8E794F82F508D42D6D11F2B06D1B0
:107FF000DFF868829A4BD8F800209A4271D00423A7
:1080000094F82E1084F83030384602F081FC38465F
:1080100094F82F1002F07CFC0020BFE7B3F5007F3E
:1080200008D9904B1B68D90700D500BE00200EB0C0
:10803000BDE8F081E27BA36B282A00F087802A2A22
:1080400000F08F80217B626B1E44CB09A66336D083
:1080500096422CD3022384F8303094F82E10384600
:1080600002F074FC002898D1A368A26B94F82E60EB
:10807000934202D9217BC9092ED19B1A7A4AA36265
:108080000FCA764D07C52A46314602F80C3903253A
:1080900038460D2384F8305002F0FAFB00287FF4B4
:1080A0007CAF704B1B68DB07C0D500BE76E76D4B1D
:1080B0001B68DA0793D500BE94F830506BE793B293
:1080C000607B664A04F10F01FEF778FD0028C0F2DC
:1080D0009F80A66B626BBBE73146384602F018FC06
:1080E0005BE7C446BCE80F0026460FC69CE80F00BD
:1080F00007C626F8023B1B0C3370D4E90123E17B51
:108100005A4E626201200022282963632662A2621D
:1081100084F82C20A26384F8300000F0AD802A2976
:1081200000F0DF80002B00F0EF80227BD20940F0CE
:10813000EB80B3F5007F00F26F819BB22946474A7E
:10814000384602F0A5FB0028ABD048E7626B1E441E
:108150009642A663BFF47EAFFFF796FD94F83050C9
:1081600019E7E28A52BA92B21AB1A168B1FBF2F2EF
:1081700092B2D4F81110394DB3FBF2FC09BA02FBEC
:108180001C32607B009661442B46FEF74DFD0028B3
:10819000C0F2FB81864230D9361A40B1A36B291850
:1081A00013FA80F332462846A3632BF0D3FA002358
:1081B00094F82F508DF818500722194605A88DF80D
:1081C000147007968DF819308DF8152002F054F9C7
:1081D00094F83050DFE6264B002B3FF4F4AE04F168
:1081E0000F01607BAFF30080EDE6224B002B3FF4E4
:1081F000EAAE607BAFF30080E5E6D4E90D231E44D0
:108200009642A663BFF426AF3846FFF7F1FCE6E6D8
:10821000A368A66B94F83C1084F82C509A1B02209B
:10822000A26284F8300021B942F2050084F83E10C1
:10823000A087002B3FF44EAF002A3FF44BAF237BC7
:10824000DB0940F0E58194F82F10384602F060FB1E
:108250003FE700BFC46F0020556C0200C46D0020D2
:1082600055534243F0ED00E0E46F00205553425374
:108270000000000000000000E28A52BA92B20BBB7C
:10828000002A3FF4E7AE94F83C10A362022284F87F
:108290002C2084F8302000297FF4DFAE42F2050163
:1082A0000022A18784F83E20002B3FF4D6AE237B2A
:1082B000DB0940F09A812946384602F029FB94F800
:1082C000305068E6207BC00913D0002A00F080817E
:1082D000B3FBF2F2002A00F0A3812829384694D19A
:1082E0003AE7E28A52BA92B2002BC9D0207BC00989
:1082F000EBD094F83C10A362022284F82C2084F87E
:1083000030200029CAD0D2E7667B252900F22B81D4
:10831000DFE811F0220129012901E50029012901E5
:1083200029012901290129012901290129012901FD
:108330002901290129012901BD002901290129015A
:108340002901290129012901990087002901290111
:10835000710029012901290129014C002901260068
:10836000304604AA05A9FEF717FC059B002B00F078
:108370004481BDF81020002A00F03F81013B1BBA68
:1083800012BAC8E900320820A368002B44D09842F2
:1083900028BF184683B26063A64A94F82E10384668
:1083A00002F076FA00283FF47CAE18E605AD002313
:1083B0000DF10E02304604A96B600593AB60FEF729
:1083C000EBFB049A002A00F01881BDF80E30002B58
:1083D00000F0138112BA082106925BBA0222ADF8AE
:1083E0001E308DF817108DF81C2095E8070088E8DE
:1083F00007000C20C8E7904B03B33046227DE17C98
:10840000AFF30080D0B994F83C302BB943F6022288
:108410000023A28784F83E3001213846FFF7C2FBD3
:10842000DDE5864B53B1E17C3046C1F3400301F0FA
:1084300001020909FEF7CCFB0028E4D0A368002B59
:108440003FF408AEE8E79DF816307D49002203F0BE
:10845000800362F3C7138DF8163003238DF81520BF
:108460008DF817208DF81430002900F0E180304697
:10847000FEF7FCFB9DF8163080F0010060F3C71397
:108480008DF81630059BC8F8003004207CE74FF0CB
:10849000203302250022CDE90522304607A909AA8A
:1084A00008934FF0800C079309930D93CDE90A339D
:1084B0000C931F260DAB8DF816508DF8175005AD97
:1084C0008DF818608DF815C0FEF7F0FA0FCD594EF3
:1084D0000FC60FCD0FC62B683360242054E794F8E5
:1084E0003C2094F83D0094F83E10DFF848C1DFF8D6
:1084F00058E14FF000084FF00003CDE90588CDE9C1
:10850000078862F303038DF81630F0220A23ADF8D2
:1085100024808DF820008DF821108DF814208DF81E
:108520001B3005AD0FCDACE80F002B68ACF8003068
:10853000BEF1000F76D0ACF1100130464FF400725E
:10854000AFF300800028A4F83C8084F83E800FDB65
:1085500000283FF473AF17E73046FEF7F9FA00281A
:108560003FF451AF6AE794F83C30002B7FF454AFEE
:10857000A38E304A3349607BFEF720FB0028FFF6CC
:108580004BAF00283FF45AAFFEE6A36BA2681E442F
:1085900043F602200021931BA08784F83E1001209F
:1085A0000221A663A36284F82C0084F83010002A0C
:1085B0003FF453AD002B3FF450AD237BDB0914D1C6
:1085C00094F82F10384602F0A3F994F83050E2E402
:1085D000012294F83C1084F82C200222A36284F833
:1085E000302000293FF45AAE5EE694F82E1038464B
:1085F00002F08EF994F83050CDE494F83C30002B22
:108600007FF40AAF43F6022284F83E30A28703E7E4
:1086100094F82E10384602F07BF9D4E90D2617E5C0
:108620000222D6E7A4F83CE084F83EE01220ABE654
:1086300001201FE7C46D002000000000D16B020084
:108640006D6C0200D36F00200000000070B5134C69
:10865000134E84B020464FF4AE7200212BF093F8F5
:108660004025002304F58E720092CDE901561A468A
:10867000194604F1B000039504F068F92E4404F1A2
:1086800070020023CDE90025CDE90265201D1946C1
:10869000012204F05BF904B070BD00BF84700020BB
:1086A0000470002010B5054C04F1B00004F07AF914
:1086B000201D04F077F9012010BD00BF8470002058
:1086C00038B5074C2046002500F8B85B01F058F992
:1086D00004F10C0001F054F984F8B150657138BD13
:1086E000847000204B79FF2B01D0002070472DE9CA
:1086F000F04FDFF824B19BF8B13083B04BBB9BF84F
:10870000053033BB0B788A460AEB02050AEB0304FB
:1087100089788BF80010A542064614D91AF8032070
:10872000A3189D420FD36278042A0CD00B2A0AD0DA
:10873000052A0BF1B8080BF1B0070BF10C0917D0A3
:108740009D421C4609D8A4EB0A0080B203B0BDE8E4
:10875000F08F002003B0BDE8F08F1A7813449D42DB
:10876000F1D36278042AEED00B2AECD0052AE7D1A7
:108770002146304602F048F8002843D0A378DB09B0
:1087800005D19BF8B1301BB32278A318D8E79BF82A
:108790000530002BF8D14846019301F0F1F8A2789A
:1087A0008BF80520A2889BF804C0019B1849C2F3EE
:1087B0000A02A2F50072B2FA82F2520962F3410C87
:1087C00018468BF804C004F037F92278A318B7E7ED
:1087D000404601F0D5F8A3788BF8B130A3889BF818
:1087E000B020C3F30A03A3F50073B3FA83F35B0964
:1087F00063F34102394630468BF8B02004F064F947
:108800000028C1D1034B1B68DB07A2D500BEA1E73E
:1088100088700020F0ED00E08470002070B51C4CE2
:1088200094F8B1208A4205461E460FD1B4F8BC2008
:10883000F2B9184B23B1B2B217490020AFF3008050
:108840002846164904F040F9012070BD63798B4237
:1088500001D0002070BD124B1BB1B1B20020AFF3AC
:1088600000801049284604F0E7F848B1012070BDA7
:10887000B2B2D4F8B41004F1B80000F0F3FFD8E7B6
:1088800032462846074904F099F8012070BD00BF20
:10889000847000200000000004700020347100206B
:1088A0000000000088700020F8B50E688D88B77849
:1088B0003544AE420BD23B469F42344603D10BE0D7
:1088C0006378042B05D023781C44A542F8D80020F7
:1088D000F8BDA3789F42F6D1E3789A42F3D1A5423E
:1088E000F5D9237D012B06D9144B1B68DA07EED589
:1088F00000BE0020ECE723790D46DBB1012BE6D169
:108900002278E389617A1344114423442144994233
:1089100004D3DCE70A7811448B42D8D94A78052A77
:10892000F8D101F071FF28B9044B1B68DB07CED5E5
:1089300000BEF8BDA41BEC800120F8BDF0ED00E006
:10894000C28832B9654B1B68DB0700D500BE00202A
:108950007047F0B40378624803EB830403EB4403ED
:10896000C058831803D08E781C7BA64207D95B4B76
:108970001B68D90700D500BE0020F0BC70472EB997
:10898000012C01D90120F8E701268E7001248C60AA
:10899000C1F80E404C7700256FF03F0481F822505B
:1089A0008C766FF003056FF06404CD760C774D4D37
:1089B000C1F81E50082481F82340825CB3F80D40B2
:1089C00014441C441344A342D1D2474F9D78102D28
:1089D0000CD827FA05F0C04310F0010006D1DA7870
:1089E000964203D107E05A78242AEFD01A7813442C
:1089F0009C42F8D8BBE79C42B9D0062D06D0102D7A
:108A000004D0042DB9D1012248730A73CF781A79A2
:108A1000974218D81FB9012AB4D80127CF701A7805
:108A20001A44A2420FD2967806F0FD0CBCF1050F55
:108A30000FD0112E03D10CE05678242EF3D01678E7
:108A400032449442F8D8254B1B68DA0794D500BE0F
:108A500093E7D678B742F2D19442F4D0D1F81240DD
:108A60008CB9062D30D0102D2ED0042D09D1B2F89E
:108A70000560B2F807505C7D05FB06F304FB03F4C8
:108A8000E408C1F812404B6863B9557E012D3FF6EA
:108A900079AFD2F81A3025B9D2F81E209A427FF465
:108AA00071AF4B60114AA2FB03235A0BCBD0631E5C
:108AB0001344B3FBF2F30233B3F5807F28BF4FF4C6
:108AC0008073C1F816305DE7B2F80530B2F80740A0
:108AD00004FB03F42401E408D3E700BFF0ED00E059
:108AE000E071002003010101501001005917B7D1B6
:108AF0002DE9F84F0B785D4C03EB83050E4603EB35
:108B000045030989E7589146804679B13944CB78C5
:108B100003F00303012B00F09480738933B13B44CD
:108B2000DA7802F00302012A00F091807488B58897
:108B300000233C44B381F38133827382B382F38296
:108B40003D44A278AC4238BF134609D29A4203D1C1
:108B50000CE06378042B06D023781C44A542F8D897
:108B60000020BDE8F88FA3789A42F5D1E3789945C3
:108B7000F2D1A542F4D994F804A0BAF1020F15D8A5
:108B8000E31BF380B9F1000F16D023781C44BAF12F
:108B9000000F4CD04FF0000B06E06378052B28D077
:108BA000042B03D023781C44A542F6D8304B1B6815
:108BB000DA07D5D500BED3E7737F012B12D006F1BB
:108BC0001E03494686F81D90A6F81890A6F81A903C
:108BD000184630222AF0D7FD01463046FFF7B0FE96
:108BE0000028BDD023781C44BAF1000FD2D1012057
:108BF000B7E7E37803F00303B9F1000F01D0012BCD
:108C000018D0022BACD12146404601F0FDFD28B31F
:108C100006EB4B03E21B1A8122780BF101039A4504
:108C200014444FF0010BBFD8B9F1000FDFD002237D
:108C30007377DCE7A388B269C3F30A039342E2D2F5
:108C40008EE700233381897801F08EFE65E70022EC
:108C500072819978404601F087FE67E7044B1B68F4
:108C6000DB077FF57DAF00BE7BE700BFE071002032
:108C7000F0ED00E010B4064C06480023C4E90033D0
:108C80001946C4F807304E225DF8044B2AF07BBD2C
:108C9000E0710020EC7200200120704710B4064CF7
:108CA00006480023C4E900331946C4F807304E22B1
:108CB0005DF8044B2AF067BDE0710020EC720020E3
:108CC0002DE9F0414B790E2B04D04FF000084046BF
:108CD000BDE8F0818B79012BF7D1CB79012BF4D151
:108CE0003E4E33682BB13E4B1B68DB07EDD500BE13
:108CF000EBE714460F461A46314605463760B48006
:108D0000FFF7D2FD0028E0D0F2883368B978134429
:108D10003C44A74293F814C03B4605D308E05A7878
:108D2000042A4DD00B2A4BD01A7813449C42F6D813
:108D3000BCF1000F4ED02B494A88002AD3D1D81B52
:108D40001FFA80F83272A1F802809C4293F802E088
:108D50000A8098BF034605D80BE05A78042A2BD026
:108D60000B2A29D01A7813449C42F6D8DB1B1FFA31
:108D700083F80022BCF1010FA1F804804A77B2D138
:108D800017FA80F017FA83F3984281780AD2827832
:108D90008A4203D118E04278042AF8D002781044BD
:108DA0008342F8D8284600220E49FFF7A1FE00288A
:108DB0008BD0A6F804808AE79A787245D2D0D5E79E
:108DC0009A788A42B0D0B3E7C278012AE6D18342CA
:108DD000EFD1E7E7DB1B1FFA83F8EAE7E071002039
:108DE000F0ED00E0EC7200202DE9F047167806F077
:108DF0001F04012C8CB004D0002420460CB0BDE828
:108E0000F087DFF8F892B2F804C0D9F80070804615
:108E100015465FFA8CF317B1BA789A422CD0B44F4A
:108E20007C88002CE9D03A7802EB820002EB400209
:108E300059F802E07444A2789A42DDD1C6F3411693
:108E4000F3B2002B00F09C80012B12D15FEA1C2CA6
:108E50000FD16B881B0A022B00F02E81062B00F02D
:108E60001781012B00F0F580A24B1B68DB0700D5B2
:108E700000BE07233B77BFE7C6F34116F4B2002CD0
:108E800047D0012C25D15FEA1C2C26D0B9F806204A
:108E9000BB18B95CDA89114419448B420ED29A7816
:108EA000023A052A06D8DA78624503D107E05A78F3
:108EB000242AF4D01A7813449942F8D849B10023EF
:108EC00089F80930012498E78A4B1B68D90700D537
:108ED00000BE072389F809308EE76B881B0A012B37
:108EE00000F09580022BEFD16B78812B00F0478149
:108EF000862BE9D10129E2D10B46404629467E4A1C
:108F000001F070FD0028DAD1FF2389F80930002430
:108F100073E76B780A2B4AD00B2B3ED10129CED1B7
:108F2000EB88002BF0D1B9F80630FA181179A9B105
:108F3000F85CD189537A0144034413440A449342B0
:108F400005D395E119780B449A4240F29181597802
:108F50000529F7D19978404601F006FD0026A9F8C9
:108F600006606A8865494046FFF79EFC0446002873
:108F7000CAD02946404601F01DFD89F809603CE74A
:108F80006B780A2B27D00B2B7FF46EAF012900F0F2
:108F9000BD8000233B7701242FE7564B1B6813F05D
:108FA00001032FD107221C4689F8092025E7012952
:108FB00085D1EB88012BA7D1B9F80620BF18A3D023
:108FC0000CAAF97802F8301D294601F00BFD044681
:108FD0000028D2D198E70129DBD1EB88012B35D1CC
:108FE000FB889BB31EEB030330D00CAADB7802F89E
:108FF000303D40460B46294601F0F4FC044628B3B8
:109000003E77FAE600BE072389F80930F5E66B786B
:10901000812B00F0D180862B00F0BE80012B7FF4E5
:1090200053AF012900F0CB8002297FF448AF344BC5
:10903000002B3FF444AF99F80A100020AFF30080F2
:10904000B0FA80F489F809006409D6E6FF233B777B
:10905000D2E67B7F0BB187F81DC06C78842C61D879
:10906000822C65D2012C00F00A81812C7FF4FCAEA9
:1090700001298ED1EB883BB1294640463023214A55
:1090800001F0B0FC002884D1FF233B770024B4E634
:109090006B78812B00F0A180862B7FF4E5AE01294F
:1090A0007FF477AF294640460123134A01F09AFC2A
:1090B00000287FF46EAFE7E76B78812BD8D040F2C1
:1090C000B080852B00F09780862B7FF4CDAE0129F0
:1090D0007FF45FAFEB88012BD6D10B464046294683
:1090E000094A01F07FFC00287FF453AFCCE700BFB2
:1090F000EC720020F0ED00E065B10500E0710020A9
:10910000000000000A73002066B105006A88394635
:109110004046FFF7EDFC002898D02946404601F074
:1091200049FC36E7862CD2D065D3872C7FF49CAEE1
:1091300001297FF42EAFEB88002BA5D0B64EE9466F
:1091400006F1300A30687168B268F368CC46ACE862
:109150000F0010365645E146F4D19DF80210002963
:1091600040F09F80832C00F08381872C00F0648185
:10917000822C00F0618108233B7700243DE6012921
:109180007FF49DAE294640460123A44A01F02AFC03
:1091900000287FF494AEB7E601297FF490AEEB8807
:1091A000012B7FF4B1AE294640469D4A01F01AFCDE
:1091B00000287FF484AEA7E601297FF480AEEB8817
:1091C000012B7FF4A1AE294640460123954A01F0C8
:1091D00009FC00287FF473AE96E601297FF4D9AE2E
:1091E0000B464046294607F11C0201F0FBFB002814
:1091F0007FF4CFAE48E701297FF4CBAEEB88022B9A
:109200007FF442AF0CAA302122F8301D4046294697
:1092100001F0E8FB044600283FF436AF00233B771B
:10922000EBE5012B7FF420AE01293FF425AF0229A5
:109230007FF4AFAE7849A1F11E00FFF781FB044631
:1092400060B3794B7A6BBA613BB1734A79783878FD
:10925000AFF3008000287FF49CAE74490023022005
:109260004FF480720880C7E903337B61BA83C4E599
:109270006F4B1B68D8077FF547AE00BE44E6012957
:109280003FF4FAAE02297FF484AE6349A1F11E00D7
:10929000FFF756FB044600287FF47BAE08233B779C
:1092A000ABE59DF8030000287FD1FA88002A3AD068
:1092B0001EEB020337D01EF80220B3F80D005D4EFE
:1092C00010441844134498420FD99A78102A04D8AD
:1092D00026FA02F2D20700F1D5801A781344984298
:1092E000F1D95A78242AF8D1EDE70346832C5AD0D5
:1092F000872C4CD0822C7FF43EAF01218DF80310D7
:109300001A781A44904237D9947804F0FD06052E55
:1093100010D0112C0ED0147822449042F2D95478F7
:10932000242CF8D1EEE7424B1B68D9077FF523AF19
:1093300000BE20E7D478A142EDD1997806291DD04E
:1093400010291BD004297FF416AFB2F80510B2F82B
:1093500007205B7D02FB01F203FB02F3DB08CDF883
:1093600012306A4629464046302301F03BFB044652
:1093700000283FF489AE51E70246DEE7B2F8051057
:10938000B2F8073003FB01F31B01DB08E7E79A782B
:10939000062A06D0102A02D0042A7FF4ECAE997D6A
:1093A000ACE79979AAE71979A8E7019B002BD8D1F6
:1093B000FA88002AB7D01EEB0203B4D01EF802E0F0
:1093C000B3F80D20DFF86CC072449E1873449E42BF
:1093D0000ED99A78102A03D82CFA02F2D20756D462
:1093E0001A7813449E42F2D95A78242AF8D1EEE72B
:1093F00033461A7813449E4264D99A7802F0FD01EC
:10940000052948D0112A46D01A7813449E42F2D931
:109410005A78242AF8D1EEE70A730020E971002077
:1094200066B10500EA71002000000000EC71002028
:10943000F0ED00E05010010001238DF8023001230F
:109440004FF00112029300230392ADF810304FF653
:10945000C0428DF8223040F29B13ADF81A20ADF8CF
:109460001C30404ACDF81E2008238DF8233078E7C1
:10947000FB88002BE3D01EEB0303E0D01B7B8DF8B1
:109480000230DCE7DA7891427FF427AF2EE7DA7812
:109490009142A5D1ADE7DA789042B5D1823C052C56
:1094A0003FF669AE01A252F824F000BF2D950200EC
:1094B00011950200F3940200779102007791020067
:1094C000C99402003346E9E7D3F8151042F210734D
:1094D000B1FBF3F3019100293ED0DDF812208BB9E6
:1094E000931CB3F5807F28BF4FF48073CDF81630FE
:1094F00037E75A7E72BBD3F8221042F21073B1FBE9
:10950000F3F3E7E7013A1A44B2FBF3F30233E8E777
:109510005A7ECAB1053203EB8202D2F80210D3F8A8
:109520001A3042F21072B3FBF2F3D3E75A7E72B1F3
:10953000053203EB8202D2F80220D3F81A1042F26D
:109540001073B2FBF3F3C5E7D3F81E10E7E7D3F8C7
:109550001E20F2E7002301930023ADF81630ADF88A
:109560001830FEE6030101012DE9F84F334C238941
:1095700053B12278324F02EB820502EB45057D594B
:109580002B449F788F420AD02E4B1B68DB0703D5F4
:1095900000BE0020BDE8F88F0020BDE8F88FD4E9B8
:1095A00004369E4205460BD327490023C4E9033302
:1095B000636119B161781046AFF300800120E9E7DB
:1095C00001F046F90028E7D0DFF88090A36999F808
:1095D0000000D4E9042BA2EB0B0808EB00069E4226
:1095E00028BF1E46B04213D9164B1B6813F0010367
:1095F00001D000BE002339462846144A01F048F93C
:109600000028DBD10F4B1B68DA07C5D500BEC1E7C8
:10961000E168A6EB000A5944484452462AF08FF804
:109620000BEB0A03D0456361B3B2E4D199F8012092
:1096300042F0020289F80120DDE700BFEC72002051
:10964000E0710020F0ED00E000000000EC7100206F
:109650002DE9F041B2F5004F9DF8188030D804464E
:10966000C0681E460F46154618B14FF0FF310CF08A
:10967000A3FE206918B14FF0FF310CF09DFEE28887
:10968000E068276066F30E02C2F30721002368F347
:10969000C711E2806381A580E171238118B11A4668
:1096A00019460CF06DFA206938B100231A461946A4
:1096B0000CF066FA0120BDE8F0810120BDE8F081E0
:1096C0000020BDE8F08100BF03894289808892B202
:1096D0009BB2934236BFC2EB40029B1A9B189BB2CF
:1096E000984228BF18467047028943899BB2981A4E
:1096F000B0FA80F04009704703894289808892B2AD
:109700009BB2934236BFC2EB40029B1A9B189BB29E
:10971000984286BFC01A80B2002070472DE9F843F6
:10972000054600690E46174618B14FF0FF310CF0A0
:1097300043FE2B896989A8889BB289B28B4236BFC8
:10974000C1EB40045C1AE418A4B2002C4AD0A04239
:1097500006D283422CBF191A191889B269810446AE
:10976000BC4228BF3C468842A4B203D8091A89B239
:109770008842FBD9EA882B68401AC2F30E0887B2E8
:109780001FFA88F2BC4202FB013125D917FB08F908
:109790001FFA89F94A46304629F0D1FFE21B12FB35
:1097A00008F206EB090092B2296829F0C8FF6A891D
:1097B000A88892B211198BB29A4215D940001B1A8F
:1097C0009BB228696B8120B100231A4619460CF020
:1097D000D7F92046BDE8F88302FB04F2304629F0B1
:1097E000AEFFE4E769898BB240008342E9DBE6E73C
:1097F00038B5054600690C4618B14FF0FF310CF042
:10980000DBFD29896B89AA8889B29BB2994236BF50
:10981000C3EB4200C81A401880B200B3824209D29A
:1098200091422CBF8B1A8B189BB29A426B8103D842
:109830009B1A9BB29A42FBD9EA882968C2F30E02AE
:10984000204602FB031129F07AFF0124286920B188
:1098500000231A4619460CF093F9204638BD0446F9
:10986000F4E700BF2DE9F0471446002A4FD0054623
:10987000C0680F4618B14FF0FF310CF09DFDEA793A
:109880002E896989AB88D209B6B289B242D18E429B
:1098900036BFC1EB4301711A891989B2994252D27C
:1098A000591A89B28C42E88828BF0C46C0F30E08CA
:1098B000B342304603D8C01A80B29842FBD21B1A7A
:1098C0002A681FFA83F9A14508FB002047D219FB3B
:1098D00008FA1FFA8AFA5246394629F030FFA4EBFB
:1098E000090212FB08F207EB0A0192B2286829F07C
:1098F00026FFA3199BB2AA88B3424FEA420201D3C2
:10990000934201DB9B1A9BB2E8682B81F8B9204691
:10991000BDE8F087E8889C42C0F30E080FD28E4263
:1099200023D3721A92B2580022448242C0DBCE186E
:10993000361BB6B2B14220D9361AB6B2B8E7E41A2D
:1099400008FB0477B3B9E86800240028DFD00023BF
:109950001A4619460CF014F92046BDE8F08708FBBA
:1099600004F2394629F0EBFEC3E75800421A3244AC
:1099700092B2D9E70E461C4698E7B04298DCDBE786
:1099800010B50446C06818B14FF0FF310CF014FD5B
:10999000206918B14FF0FF310CF00EFDE068002394
:1099A0006381238118B11A4619460CF0E9F8206941
:1099B00020B100231A4619460CF0E2F8012010BD30
:1099C00038B5C379B1EBD31F1FD00446C0680D462C
:1099D00018B14FF0FF310CF0EFFC206918B14FF0D7
:1099E000FF310CF0E9FCE379E06865F3C713E3713C
:1099F00020B100231A4619460CF0C2F8206920B1A4
:109A000000231A4619460CF0BBF8012038BD00BFF0
:109A1000704700BF704700BF0020704700207047AC
:109A2000704700BF704700BF704700BF704700BF5E
:109A3000024B5878003018BF012070479473002003
:109A4000024B1878C0F38000704700BF9473002069
:109A5000024B1878FF3818BF0120704718610020AA
:109A60002DE9F047374E3378FF2B82B004D0012523
:109A7000284602B0BDE8F087002946D03822884643
:109A800007460021304829F07EFE304B3049002542
:109A900001201D700CF04EFA2E4B1860002834D0B7
:109AA0002D4C2346626833F80C0B618800950BF04F
:109AB000F5FFA16805460CF059FE284B1D6075B3F3
:109AC000274B23B12748AFF30080274B1860254C64
:109AD000DFF89CA02278DFF8909000252B460EE05E
:109AE000D9F8003013EB45130FD05B686BB1984782
:109AF00022780135EDB2511DA9422B4615DBAA4251
:109B0000EED89B1A0AEB4313EFE7184B1B68DA07F2
:109B100000D500BE0025284602B0BDE8F087134BF3
:109B20001B68DB07F6D500BEA2E741463846377012
:109B300001F050FE05460028F1D0384601F04CFEF9
:109B400096E700BF186100209473002094740020F1
:109B500044730020CC730020BC600020D073002030
:109B600000000000407300203C730020F0ED00E096
:109B700068B10500B94B1B78FF2B00F0A1812DE9DE
:109B8000F04F04468BB04FF47A7200238002A10D8F
:109B900028F028FEB24DDFF8E4B2B24E8246671CD0
:109BA000286800F02481002C00F02181BAF1000F18
:109BB00014BF5246012207A90CF06CFAC0B19DF8FF
:109BC0001D30013B072B00F21481DFE813F0F20097
:109BD000D300CA00BF00B700410014000800089B72
:109BE0000BB10998984728680CF092FD0028D6D14F
:109BF0000BB0BDE8F08F9DF820109B4B01F07F0764
:109C000003EB470303EBD11393F826006FF3000037
:109C100083F8260093F826006FF3820083F826006D
:109C2000002F00F04581914A1B7D12789342C0F0CD
:109C30003381501D9842C0F234819B1A0BEB4313C1
:109C40009F699DF82120099B9DF81C00B847CAE731
:109C5000874A1378002B00F024811378013BDBB294
:109C60001370137803F0FF00002BBCD1DFF8F891DC
:109C70009DF81C8099F8003043F0010389F800300A
:109C800099F8263060F3000389F8263099F82630D9
:109C900060F3820389F8263099F8273060F30003D7
:109CA00089F8273099F8273060F3820389F8273044
:109CB00000F002FF9DF8203003F06002602A00F0FF
:109CC0000681402A00F00A8103F01F03012B00F0F7
:109CD000D581C0F01281022B40F0F9809DF824104C
:109CE00001F07F07082F00F2F2807B00C809019382
:109CF0004B44034400905D481F7D03789F4280F0F1
:109D00000F82336803EB4717002A00F0108257B127
:109D1000786900F0D1FE7B69404608AA0121984786
:109D200000287FF460AF9DF81C00002101F0BEFF09
:109D300080219DF81C0001F0B9FF54E74A4B1B78C5
:109D4000D8077FF550AFFFF771FE4CE7464B1A7806
:109D5000D7077FF548AF1878C0F3C000FFF764FE5F
:109D600041E7414BDB78D9077FF53DAF0898FFF716
:109D700051FE38E73D4F9DF81C903A7800239846F5
:109D800010E0336813EB481300F08080DB6848462E
:109D900098473A7808F101085FFA88F8511D88451C
:109DA000434645DC9045A3EB0203EAD30BEB431398
:109DB000ECE72E4F9DF81C903A78002398460FE070
:109DC000336813EB48135BD0DB68484698473A7812
:109DD00008F101085FFA88F8511D884543460FDCF9
:109DE0009045A3EB0203EBD30BEB4313ECE72246C6
:109DF000E1E6204B1B68DA077FF5F5AE00BEF2E620
:109E000038220021184829F0BEFC1B4A4FF0FF33CE
:109E1000C2E90533C2E90033C2E90233D3611384D6
:109E2000136100F03FFE104B9DF820209A70DAE697
:109E3000382200210C4829F0A6FC0F4A4FF0FF33CE
:109E4000C2E90533C2E90033C2E90233D3611384A6
:109E5000136100F027FEFFF7E5FDC4E6186100205E
:109E6000D07300203C7300209473002040730020C6
:109E700094740020F0ED00E09873002068B10500B4
:109E8000A44B1B68D907CCD500BECAE7A14B1B6801
:109E9000DA07DED500BEDCE7326812EB43137FF44D
:109EA000CFAE9C4B1B68DB077FF5A2AE00BE9FE6E2
:109EB000099B9DF821209DF81C0000F013FE92E6FE
:109EC0007047FCF7F3FC0246002840F0E981914B13
:109ED0001B68DA077FF527AF00BE24E78E4800280D
:109EE0003FF421AF00F0E8FD404608AA0121FCF74D
:109EF00025FF00287FF477AE15E7202A00F0F180D7
:109F0000002AE4D19DF82130092BE0D801A252F8B3
:109F100023F000BF3BA002001BA00200CF9E020066
:109F20005DA00200CF9E0200FD9F0200A99F0200DB
:109F3000CF9E0200939F02003D9F02009DF82230B9
:109F400001931A4699F801309A4200F0548199F829
:109F50000130002B40F05481019B89F80130002B27
:109F600000F04781581EC0B2FCF7A0FC18B143783E
:109F7000022B00F0C181674B1B68DB0700D500BED8
:109F8000644B1B68D80700D500BE002389F8013058
:109F9000C9E60AAA99F8013002F80E3D40460123AD
:109FA00008A900F01FFD1EE6BDF82200030A5A1E94
:109FB000C0B20E2A3FF6B7AE01A151F822F000BFA1
:109FC000B3A202008FA202007FA20200279D02001E
:109FD000279D020061A202008FA20200279D0200BD
:109FE000279D0200279D0200279D0200279D020059
:109FF000279D0200279D0200E3A2020008A800F0AE
:10A0000061FD40469DF8221001F0ECFB99F800300C
:10A0100043F0020389F80030E5E5BDF82230012B5A
:10A020007FF481AE99F8003040466FF3C30308A96E
:10A0300089F8003000F0BEFCD5E599F800309908A9
:10A0400001F00201C3F340130AAA0B4322F80E3DAC
:10A050004046022308A900F0C5FCC4E5BDF8223043
:10A06000012B7FF460AE99F80030404643F00803BE
:10A0700008A989F8003000F09DFCB4E59DF8243073
:10A080000F2B3FF650AE4B44244A1B791778BB4246
:10A0900038D2376817EB43173FF445AE786900F0C4
:10A0A0000BFD7B6908AA01214046984700287FF4F0
:10A0B0009AAD9DF8203013F060077FF434AE9DF820
:10A0C00021300A3B012B3FF62EAE00F0F5FC9DF847
:10A0D00021300A2B00F0FC8008A9404600F06AFC01
:10A0E00081E59DF824300F2B3FF61DAE4B440B4A03
:10A0F0001B791778BB4260D2376817EB43173FF4E0
:10A1000012AE05E67A1D9A42FFF60DAEDB1B0BEB95
:10A110004317C3E7F0ED00E03D6D020040730020FF
:10A12000581DB84239DA002A7FF4FDAD17469DF874
:10A130002130012B03D036D3032B7FF4C8AEBDF8FA
:10A1400022200292AAB9B84A012B10783DD001F022
:10A15000ADFD019B009A4B44134493F8262042F036
:10A16000020283F8262093F8262042F0010283F8A9
:10A170002620002F3FF437AD786900F09DFC7B6905
:10A18000012108AA40469847002000F095FC99F864
:10A190002730D9073FF527AD9EE7FB1A0BEB431796
:10A1A000002AC4D0B4E5019B009A4B4413442033E9
:10A1B0000AAA9B79C3F3400348E77A1D9A42FFF647
:10A1C000B2ADDB1B0BEB4317A2E501F097FD019B42
:10A1D000009A02994B44134493F8262061F34102FC
:10A1E00083F8262093F8262061F3000283F82620C6
:10A1F000BFE7FFF717FC404608A900F0DBFBF2E4DD
:10A200000021404601F000FB404601F09FFB874FD4
:10A2100099F802300293002300943A781C460CE02F
:10A220000BEB4313DB68404698473A780134E4B2BD
:10A23000501D8442234600F3CE809442A3EB0203D8
:10A24000EED2336813EB4413ECD1794B009C1B68BE
:10A25000DB0700D500BE9DF8083089F802307BE6A8
:10A26000FFF7DAFB024600283FF45DAD4046137865
:10A2700008A900F0B7FB00287FF4B5AC53E5BDF8A2
:10A280002410FCF719FB02460028EFD14BE5022B06
:10A290003FF417AEFFF7C2FB024600283FF443AD80
:10A2A0004046538808A900F09DFB00287FF49BAC32
:10A2B00039E5FCF7F7FA024600283FF408AE4046BD
:10A2C000122308A900F08EFB00287FF48CAC2AE54D
:10A2D0000AAA08A902F80E7D4046012300F082FB7D
:10A2E00081E4544B002B3FF41EADFCF723FD0246E6
:10A2F00000283FF418ADD3E7C27999F80030511126
:10A3000061F30413921162F3451389F80030438816
:10A31000CDF81080CDE900A4C318039300F109071C
:10A32000039BBB4237D97B780B2B03BF3B7897F855
:10A3300003A0FF184FF0010A7B78042B43D1039B45
:10A340003A4ACDF814A0DB1B00219BB2029112788F
:10A3500088469A4617E0346814EB481433D05246C6
:10A360003946049823699847082808F1010201D961
:10A37000824543D22D4B5FFA82F81A78CDF80880D7
:10A38000511D88451CDC029B9045A3EB0202E2D3E1
:10A390000BEB4214E3E7DDF81080DDE900A4FFF7E2
:10A3A0003FFB28E70246434604463946224802F06E
:10A3B000B1FA1E4B029A1B78053393422744AFDA59
:10A3C000DDE900A4D7E51A4B1B68DF07DDE900A42F
:10A3D0007FF5D6ADD3E5382200211848009C29F03E
:10A3E000D2F9174A4FF0FF33C2E90533D361138422
:10A3F000C2E90033C2E9023313612CE7DDF814A08F
:10A40000BAF1010F1ED00021CBB2534501F1010179
:10A41000C8D2BA78134459FA83F31A79FF2AD2D1F1
:10A4200083F80480F0E700BF18610020407300202B
:10A43000F0ED00E0356D0200A87300209473002059
:10A440009873002023690A4A0A498B4208BF4FF0DB
:10A45000020A9342D7D17B79012BD4D1BB79012B4E
:10A46000D1D1FB79002B08BF4FF0020ACBE700BF28
:10A470005D7902001D7102002DE9F0434378023B33
:10A4800085B005460E46042B0CD8DFE803F0495D85
:10A49000037E3F00844B1A78D70715D51A7842F00F
:10A4A00004021A70814B18688EB933464FF0FF32A0
:10A4B00029460BF065FB003018BF0120F0B97C4B3A
:10A4C0001B68DB0700D500BE05B0BDE8F08304AA19
:10A4D000002342F80C3D29460BF062FD019B43B17D
:10A4E000744B4FF080525A6040BFBFF34F8FBFF3A1
:10A4F0006F8F003018BF01200028E0D03246697805
:10A500002878FFF785FA05B0BDE8F0836A4A13782A
:10A510000133DBB21370654B1868002ED7D1C4E746
:10A52000614B1A786FF300021A701A7800216FF3EA
:10A5300041021A7059701A7861F382021A705B4BEB
:10A540001868002EC3D1B0E75C4FDFF874913978FA
:10A55000DFF87081002423460AE0D8F8003013EBBE
:10A5600044130AD10134E4B24A1DA242234615DB4A
:10A570008C42F2D35B1A09EB4313DB69002BF1D059
:10A580006968287898473978ECE7474B1A78D407F8
:10A590009AD51A786FF382021A7083E7424C2378B7
:10A5A00058072FD5237841496FF3820323702B7806
:10A5B0008DF8043005220023CDF80A30CDF806309E
:10A5C000ADF80E3008688DF80520002E59D004AA89
:10A5D00001A942F8103D0BF0E3FC009B43B1354B61
:10A5E0004FF080525A6040BFBFF34F8FBFF36F8F61
:10A5F000003018BF012000284DD12D4B1B68D90712
:10A6000000D500BEE378DA077FF55EAF274A2B78E6
:10A61000696810688DF8043003220023CDF80A30F1
:10A62000CDF80630ADF80E3002918DF80520F6B168
:10A6300004AA01A942F8103D0BF0B2FC009B43B103
:10A640001C4B4FF080525A6040BFBFF34F8FBFF397
:10A650006F8F003018BF012000283FF430AF324622
:10A660009DF805109DF80400FFF7D2F92CE733465A
:10A670004FF0FF3201A90BF083FA003018BF012020
:10A68000EAE733464FF0FF3201A90BF079FA0030C8
:10A6900018BF0120AFE732469DF805109DF8040071
:10A6A000FFF7B6F9AEE700BF94730020D073002027
:10A6B000F0ED00E000ED00E0947400204073002015
:10A6C00068B105003C7300202DE9F84F0A9F002A6D
:10A6D0004CD090464A78052A0C460ED1CE7806F02A
:10A6E0000306B34209D18A7802F07F02082A0DD905
:10A6F000204B1B68DA0700D500BE1E4B1B68DB072A
:10A7000002D40020BDE8F88F00BEFAE7DFF868B099
:10A71000DFF868A09BF8009000250EE06278052A1B
:10A72000EBD1E27802F00302B242E6D1A27802F065
:10A730007F02082ADCD89BF800909AF802100022C9
:10A74000204602F095F80028D2D04846214601F074
:10A750006FF80028D1D0A278D30916BF0B9B3A70AE
:10A760001A702278013545451444D7D10120BDE83F
:10A77000F88F00BFF0ED00E0186100209473002016
:10A7800030B51E4D85B0082400230290019303913B
:10A790008DF805402868144682B9134601A94FF088
:10A7A000FF320BF0EDF9003018BF0120E0B9144B77
:10A7B0001B68DB0700D500BE05B030BD04AA01A9A7
:10A7C00042F8103D0BF0ECFB009B43B10D4B4FF0FA
:10A7D00080525A6040BFBFF34F8FBFF36F8F00307E
:10A7E00018BF01200028E2D022469DF805109DF8F0
:10A7F0000400FFF70DF905B030BD00BFD073002095
:10A80000F0ED00E000ED00E038B58B7803F07F0359
:10A81000082B06D90B4B1B68DB0700D500BE0020B8
:10A8200038BD094A094B0C46204691781D78002214
:10A8300002F01EF80028EDD021462846BDE8384039
:10A8400000F0F6BFF0ED00E09473002018610020E6
:10A85000CB09263301F07F010348044A03EB410191
:10A860000844116801F0BABF94730020CC73002033
:10A87000CB09263301F07F010348044A03EB410171
:10A880000844116801F0D6BF94730020CC730020F7
:10A8900038B5154C01F07F0504EB450404EBD114E9
:10A8A0002034A079C00706D5104B1B68DA0700D505
:10A8B00000BE002038BDA5790D4845F0010500789F
:10A8C000A57101F0F1F80028F4D1A379074A60F3EB
:10A8D0000003A371A37960F38203A3711368DB07FC
:10A8E000E7D500BE38BD00BF94730020F0ED00E056
:10A8F00018610020054B01F07F0203EB420303EBDC
:10A90000D11191F8260000F00100704794730020E7
:10A9100010B50C4B18780C4601F0C8F90A4904F040
:10A920007F0301EB430101EBD41191F8263043F092
:10A93000020381F8263091F8263043F0010381F8B4
:10A94000263010BD1861002094730020054B01F0E3
:10A950007F0203EB420303EBD11191F82600C0F311
:10A96000400070479473002010B50F4B18780C46C8
:10A9700001F036F80D4904F07F0301EB430101EBD0
:10A98000D41191F826306FF3410381F8263091F805
:10A9900026306FF3000381F8263091F826306FF3EC
:10A9A000820381F8263010BD1861002094730020C6
:10A9B000704700BF0A4630B4094C49680546106824
:10A9C000234603C30023C4E9023392F900209A42CC
:10A9D0002846ACBF802119461A4630BCFFF758BF45
:10A9E000D8740020F0B50E462B4C496807463068F5
:10A9F000A260254603C50021E181F588AB4228BF4E
:10AA00002B4683B0A381ADB13BB3002A3DD094F96E
:10AA10000000402B28BF402300282CDB1F4A38466B
:10AA2000FFF736FF98B91E4B1B68DB0712D500BE37
:10AA300003B0F0BD96F90030002BACBF802100219F
:10AA400038462B462A46FFF723FF0028EBD001208B
:10AA500003B0F0BD002003B0F0BD94F90020002A3F
:10AA6000ACBF194680211A463846FFF711FF00286F
:10AA7000D9D00120ECE71146084801931A4628F086
:10AA80005EFE064A019B8021EEE7054B1B68D90755
:10AA9000E0D500BE1046CBE7D874002098740020A3
:10AAA000F0ED00E0034B0022C3E90022C3E90222DB
:10AAB0001A617047D8740020014B1861704700BFBD
:10AAC000D87400200346064A5968006810B413463B
:10AAD000002403C3C2E902445DF8044B704700BF81
:10AAE000D874002070B5404C2278C909B1EBD21F50
:10AAF00082B0064615D03BB13C4B1B68DA0700D547
:10AB000000BE002002B070BD2146FFF751FF23694F
:10AB1000002B40D02246304603219847012002B046
:10AB200070BD94F90020A068002A08DB0028E8D056
:10AB30001A462F49019328F002FEA068019BE5897F
:10AB4000E2881D44ADB21844AA42A060E58101D05C
:10AB50003F2B23D8236923B1234A0221304698474B
:10AB600088B194F9002000239A42ACBF8021194695
:10AB700030461A46FFF78CFE68B91C4B1B68DB0792
:10AB8000BFD500BEBEE70146304601F08FF8304623
:10AB9000802101F08BF8012002B070BDA28994F9E8
:10ABA0000010531B9BB2402B28BF402300290ADB17
:10ABB00095424FF0000112D00D4A3046FFF768FE73
:10ABC0000028DAD0E7E795420BD001461A4608483C
:10ABD000019328F0B4FD8021054A019BEDE70A4668
:10ABE000EBE780210022E8E7D8740020F0ED00E0D8
:10ABF0009874002000B170470CF054BF00B170474A
:10AC00000CF05ABF0138C3B2042B07D856230D4AA3
:10AC100003FB00F013181B79DB0706D40A4B1B68F3
:10AC2000DB0700D500BE00207047CB09363301F0AA
:10AC30007F0103EB4101054B08441044196801F002
:10AC4000CDBD00BFEC740020F0ED00E09C7600204C
:10AC50000138C3B2042B07D856230A4A03FB00F07D
:10AC600013181B79DB0701D400207047CB0936335A
:10AC700001F07F0103EB4101034B084410441968C4
:10AC800001F0D8BDEC7400209C760020F0B5441E85
:10AC9000E5B2042D83B017D8562505FB04F5174EF1
:10ACA00001F07F0405EB4404344404EBD114303448
:10ACB000A779FF070BD5124B186810F0010001D0DF
:10ACC00000BE002003B0F0BD002003B0F0BD1F4661
:10ACD00013460A460146705DA579009745F00105C7
:10ACE000A57100F0BDFB0028ECD1A37960F300034F
:10ACF000A371A37960F38203A371E3E7EC740020EE
:10AD0000F0ED00E02DE9F047764DAF798F4284B049
:10AD100091461E4604465BD0E2234FF0000AA9711B
:10AD20008DF809108DF80830ADF80CA0002E00F059
:10AD3000B380012103AF0DF10808FBF72BFE41465C
:10AD40003A4602232046FBF753FE51462046FBF7C6
:10AD500021FE9DF80C30EB702223D9F800908DF87D
:10AD60000730002E3ED020460121FBF713FE3A4665
:10AD70000DF1070101232046FBF73AFE9DF80C3048
:10AD8000EB704946082300222046FBF731FE20469F
:10AD90000021FBF7FFFD0026102241F2F2032046BE
:10ADA0000121EA71ADF80830ADF80C60FBF7F2FD57
:10ADB0003A46414602232046FBF71AFE314620461A
:10ADC000FBF7E8FD9DF80C30EB7004B0BDE8F087B0
:10ADD000222303AF0DF10808D9F800908DF8073051
:10ADE000002EC0D14FF0FF31E86D0BF0E5FA31468F
:10ADF0002046FBF709FE20460121FBF7CBFD3A4632
:10AE00000DF1070101232046FBF7F2FD9DF80C3000
:10AE1000EB703246082349462046FBF7E9FD3146F0
:10AE20002046FBF7B7FD20460121FBF7EDFD334639
:10AE300032463146E86D0AF0A3FE102241F2F203D9
:10AE40004FF0FF31E86DEA71ADF80830ADF80C60F5
:10AE50000BF0B2FA31462046FBF7D6FD2046012121
:10AE6000FBF798FD3A46022341462046FBF7C0FD1A
:10AE700031462046FBF78EFD20460121FBF7C4FD3D
:10AE8000334632463146E86D0AF07AFE9DF80C30C2
:10AE9000EB7004B0BDE8F0874FF0FF31E86D0BF0C8
:10AEA0008BFA31462046FBF7AFFD03AF2046012168
:10AEB0000DF10808FBF76EFD3A4602234146204695
:10AEC000FBF796FD31462046FBF764FD2046012145
:10AED000FBF79AFD334632463146E86D0AF050FEE4
:10AEE00037E700BFA07600202DE9F04F4B781D0713
:10AEF0000E4685B090460978044662D1DA0600F124
:10AF00004881B26812B1B288002A5AD1E24D03F0EA
:10AF10002006AB7966F07F068B42F6B200F06481C2
:10AF2000E2230027A9718DF809108DF80830ADF8DB
:10AF30000C70B8F1000F00F06C82012120460DF179
:10AF40000C090DF1080AFBF725FD51464A4602237C
:10AF50002046FBF74DFD39462046FBF71BFD9DF8CB
:10AF60000C30EB70F223EE718DF8096000268DF83D
:10AF70000830ADF80C60B8F1000F40F0D980E86DF2
:10AF80004FF0FF310BF018FA41462046FBF73CFD2D
:10AF900020460121FBF7FEFC4A460223514620468B
:10AFA000FBF726FD41462046FBF7F4FC2046012135
:10AFB000FBF72AFD434642464146E86D0AF0E0FDB4
:10AFC00045E0B54D13F02007AA7946D1914240F0F3
:10AFD000BE800DF10C090DF1080AB37813F0100FC3
:10AFE0000CBF10222022EA2300278DF809208DF8BB
:10AFF0000830ADF80C70B8F1000F00F0FA800121B4
:10B000002046FBF7C7FC02234A4651462046FBF781
:10B01000EFFC39462046FBF7BDFC9DF80C30EB7089
:10B020007378EB71F222012120468DF809308DF8FA
:10B030000820ADF80C70FBF7ADFC51464A460223E0
:10B040002046FBF7D5FC39462046FBF7A3FC9DF8CC
:10B050000C30EB7005B0BDE8F08F914240F0A1805C
:10B060000DF10C090DF1080AB37813F0100F0CBFA5
:10B0700040228022EA2300278DF809208DF808302D
:10B08000ADF80C70B8F1000F00F0E480012120460B
:10B09000FBF780FC514602234A462046FBF7A8FCFA
:10B0A00039462046FBF776FC9DF80C30EB70328871
:10B0B0002B899A422AD0B788F2887388BF1ABFB208
:10B0C0005B099F4228BF1F4617F0FF0740F0088129
:10B0D0003A23AF708DF8097000278DF80830ADF86D
:10B0E0000C70B8F1000F00F0D98001212046FBF769
:10B0F00051FC514602234A462046FBF779FC39466B
:10B100002046FBF747FC9DF80C30EB7033782B7230
:10B1100073786B727378EB71F22200268DF8093028
:10B120008DF80820ADF80C60B8F1000F3FF427AFA0
:10B1300020460121FBF72EFC51464A4602232046B9
:10B14000FBF756FC31462046FBF724FC7FE7E22361
:10B15000A9718DF80910ADF80C708DF80830B8F1B0
:10B16000000F00F0DE80012120460DF10C090DF1E9
:10B17000080AFBF70FFC51464A4602232046FBF71C
:10B1800037FC39462046FBF705FC9DF80C30EB7088
:10B1900023E7434606F10802FFF7B4FD05B0BDE81A
:10B1A000F08FE2230027A9718DF809108DF808307F
:10B1B000ADF80C70B8F1000F00F0D98001212046E5
:10B1C0000DF10C090DF1080AFBF7E4FB51464A4664
:10B1D00002232046FBF70CFC39462046FBF7DAFB3E
:10B1E0009DF80C30EB703FE70DF10C090DF1080AEA
:10B1F000B8E64FF0FF31E86D0BF0DEF8414620462F
:10B20000FBF702FC01212046FBF7C4FB02234A4660
:10B2100051462046FBF7ECFB41462046FBF7BAFBC4
:10B2200001212046FBF7F0FB434642464146E86DCC
:10B230000AF0A6FC9DF80C30EB707378E86DEB71AA
:10B24000F2224FF0FF318DF80930ADF80C808DF807
:10B25000082097E64FF0FF31E86D0BF0ADF841465E
:10B260002046FBF7D1FB20460121FBF793FB4A4622
:10B27000022351462046FBF7BBFB41462046FBF725
:10B2800089FB20460121FBF7BFFB4346424641466E
:10B29000E86D0AF075FC07E7A07600204FF0FF315B
:10B2A000E86D0BF089F841462046FBF7ADFB2046E0
:10B2B0000121FBF76FFB4A46022351462046FBF76C
:10B2C00097FB41462046FBF765FB20460121FBF733
:10B2D0009BFB434642464146E86D0AF051FC12E7AB
:10B2E00012238DF80730D6F808B0B8F1000F64D0FB
:10B2F00020460121FBF74EFB4A460DF107010123D1
:10B300002046FBF775FB9DF80C30EB7059463B4629
:10B3100000222046FBF76CFB00212046FBF73AFB9E
:10B32000D6E64FF0FF31E86D0BF046F84146204677
:10B33000FBF76AFB0DF10C09204601210DF1080A0B
:10B34000FBF728FB4A46022351462046FBF750FBF9
:10B3500041462046FBF71EFB20460121FBF754FB2C
:10B36000434642464146E86D0AF00AFC0DE74FF0BD
:10B37000FF31E86D0BF020F841462046FBF744FB17
:10B380000DF10C09204601210DF1080AFBF702FB23
:10B390004A46022351462046FBF72AFB41462046F7
:10B3A000FBF7F8FA20460121FBF72EFB4346424605
:10B3B0004146E86D0AF0E4FB12E74FF0FF31E86D1B
:10B3C0000AF0FAFF41462046FBF71EFB204601210A
:10B3D000FBF7E0FA4A460DF1070101232046FBF78F
:10B3E00007FB9DF80C30EB7042463B465946204621
:10B3F000FBF7FEFA41462046FBF7CCFA2046012136
:10B40000FBF702FB434642464146E86D0AF0B8FBB3
:10B410005EE64FF0FF31E86D0AF0CEFF4146204670
:10B42000FBF7F2FA0DF10C09204601210DF1080A93
:10B43000FBF7B0FA4A46022351462046FBF7D8FAFA
:10B4400041462046FBF7A6FA20460121FBF7DCFA2D
:10B45000434642464146E86D0AF092FB7FE500BF55
:10B460002DE9F04102F07F0CBDF818E0D20981BB54
:10B47000BCF1000F5ED13E4EA6F160077178B47842
:10B4800082F0010262F345110A466FF3041244F0A0
:10B4900010017270B170B278B360032363F30302DA
:10B4A00000258046A6F804E0B270F5802846FFF734
:10B4B000A1FBBC7AC4BB01252046BD72FFF79EFBF1
:10B4C0002246404631462C46FFF70EFD2046BDE899
:10B4D000F08182F00108BCF1000F2ED0254F01222F
:10B4E0003C4604E00132142A04F10C0418D094F80C
:10B4F0006C508D42F6D102EB420507EB850595F8BD
:10B50000615005F00F066645ECD1C5F34015454581
:10B5100004F16C06BFD00132142A04F10C04E6D108
:10B5200000242046BDE8F0812846FFF767FB20464F
:10B53000BDE8F08182F00108D0E70E4F01243D46BE
:10B5400002E00134142CEBD095F86C608E4205F1CA
:10B550000C05F6D104EB4406B60007EB060C9CF88C
:10B5600061C01CF00F0FECD160363E4486E700BF8F
:10B5700000770020A076002042DF704743DF70474D
:10B5800044DF704712DF7047F0B5334CBFF35B8F79
:10B59000014604F590730125D3E84F2FC3E8405FBF
:10B5A0000028F9D1BFF35B8F12F0FF0F48D10829B3
:10B5B00029D04E01A21954F806C028489388284F74
:10B5C00001F5947601EB810E50F82660D2889A1A24
:10B5D00093B2B6B200EB8E0209B2B34228BF334633
:10B5E000C2F800C707EB8100C2F8043747F82150C2
:10B5F000BFF36F8FBFF34F8F1A4B984218D0043BA5
:10B60000984215D0F0BD154BD3F8C024D1030FD408
:10B6100094F80B1161B11449D4F80001C3F8A007E4
:10B62000C3F8A4270D60BFF36F8FBFF34F8FF0BD3A
:10B630000023BFF35B8F84F82031BFF35B8FF0BD35
:10B640000A4B0B485A68C2F30802003218BF0122A5
:10B65000BDE8F040FFF794B8F0770020007002409A
:10B6600028700240507002404870024000ED00E037
:10B67000E9B60200174BBFF35B8F01460122D3E806
:10B680004F0FC3E84C2FBCF1000FF8D1BFF35B8F15
:10B6900010F0FF0F14D10A60BFF36F8FBFF34F8F0D
:10B6A0000D4B994203D0043B994200D070470B4B9D
:10B6B000BFF35B8F002283F82021BFF35B8F7047BD
:10B6C000074B08485A68C2F30802003218BF01222B
:10B6D000FFF756B81079002050700240F077002034
:10B6E00000ED00E075B60200F0B5334CBFF35B8FA0
:10B6F000C1B204F590730126D3E84F2FC3E8406F21
:10B700000028F9D1BFF35B8F12F0FF0F47D1082952
:10B7100028D04D01621954F805E028489388DFF8D5
:10B72000B0C001F5947550F82570D2888D009A1A32
:10B7300093B2BFB26A1800EB8202BB4228BF3B46FD
:10B74000C2F800E76544C2F804374CF82160BFF343
:10B750006F8FBFF34F8F1A4B9D4218D0043B9D4211
:10B7600015D0F0BD154BD3F8C024D1030FD494F8F5
:10B770000B1161B11349D4F80001C3F8A007C3F855
:10B78000A4270E60BFF36F8FBFF34F8FF0BD002370
:10B79000BFF35B8F84F82031BFF35B8FF0BD0A4BA2
:10B7A0000A485A68C2F30802003218BF0122BDE8F5
:10B7B000F040FEF7E5BF00BFF077002000700240C8
:10B7C000507002404870024000ED00E0E9B602000F
:10B7D0002870024001207047014B80225A60704758
:10B7E00000E100E0074BD3F80014D3F80024002058
:10B7F0000A434FF48001C3F80024C3F85801C3F88A
:10B800000413704700700240074B4FF4001229B92F
:10B81000C3F80823054B83F821117047C3F80423AC
:10B82000024B83F82111704700700240F07700202E
:10B8300070B48A788C88414EC97802F07F03D509AC
:10B8400005EB430006EB001001F00301C4F30A040A
:10B85000012904812BD0012101FA03F4BDB138483C
:10B8600002339940C0F80413D0F810352343C0F8D0
:10B870001035334B42F48071C3F81825C3F80C150A
:10B88000BFF36F8FBFF34F8F012070BC70472C4800
:10B8900003F10C06B140C0F80413D0F8141503F5F9
:10B8A00094730C43C0F8144540F82350E1E7082B8B
:10B8B00008D0244B186810F00100E6D000BE00202C
:10B8C00070BC7047EDB9B6F818311BB11C4B802223
:10B8D000C3F81C251A4A0023C2F85031D2F80033AD
:10B8E00013F4001308BFC2F85431154B4FF4401243
:10B8F000C3F80423D3F8142542F48072C3F8142546
:10B90000BEE7B6F808210E4B0021C3F82C1112B186
:10B910008022C3F81C250A4AD2F8003313F400131E
:10B9200008BFC2F85431064B074AC3F80423D3F8C2
:10B93000102542F48072C3F81025A1E7F0770020AB
:10B9400000700240F0ED00E0000820001F4B802254
:10B950002DE9F041C3F88420BFF34F8FBFF36F8F01
:10B9600001241B4D1B4FA0460026A30004F10C022E
:10B97000A11C03F1804303F51C3308FA01F108FA16
:10B9800002F20A43C7F8082328465E6001342022E9
:10B990009E62002127F0F7FE082C05F12005E4D176
:10B9A0000D4BC7F808332022C7F81C6500217E62C2
:10B9B0000A48BE6427F0E7FEC7F81485C7F810856B
:10B9C000024B80225A60BDE8F08100BF00E100E038
:10B9D000107800200070024000083000F07800204D
:10B9E00001F07F02082A70B44FEAD11128D0012358
:10B9F00003FA02F0C043B1B1294C951CAB40C4F826
:10BA00000833D4F81055274B2840C4F8100501EB33
:10BA1000420103EB01110023CB72BFF36F8FBFF321
:10BA20004F8F70BC70471E4C02F10C05AB40C4F840
:10BA30000833D4F814551B4B2840C4F81405E6E726
:10BA4000184B03EB01100024A0F808411448D1B1B1
:10BA50004FF40064C0F80843D0F8104524F4807413
:10BA6000C0F81045B3F81841B3F808510C48EC423F
:10BA70004FF0000608BF4FF40014C0F81C6508BF63
:10BA8000C0F80843C3E74FF48014C0F80843D0F867
:10BA9000144524F48074C0F81445C0F85011E1E74F
:10BAA00000700240F077002001F07F004FEAD11CC7
:10BAB000F0B50CEB4005744E2D01771985B0FC7A7A
:10BAC0004CB1724B1C6814F0010401D000BE00247C
:10BAD000204605B0F0BD04F0FF0E7251BB80A7F800
:10BAE00006E0002843D1002B57D0BCF1000F00F036
:10BAF0008E8006EB401100EB8003CD8A8A8A0C8B86
:10BB00000969521B9B0092B203F1804303F51C3379
:10BB1000A24228BF22465E4DC3F8001600B2C3F809
:10BB200004265C4BBFF35B8F05EB80010122D3E859
:10BB30004F4FC3E8472F002FF9D1BFF35B8FE4B21B
:10BB4000002C40F0908045F82020BFF36F8FBFF3AA
:10BB50004F8F514B994202D0043B994219D1BFF308
:10BB60005B8F002386F82031BFF35B8F11E0BCF1BF
:10BB7000000FBED106EB40160123F372BFF36F8FA7
:10BB8000BFF34F8FB37A23B1F37A03F0FF04002B96
:10BB900074D10124204605B0F0BD404AD2F880247B
:10BBA000C2F3C0126245A0D03D4D6A688DF80810FE
:10BBB000C2F3080100314FF4E06218BF012101A86F
:10BBC00003938DF80930ADF80420FEF755FCBFF360
:10BBD0005B8F06F590720123D2E84F1FC2E8403F09
:10BBE0000028F9D1BFF35B8FCCB2002C38D12A4AA0
:10BBF0001360BFF36F8FBFF34F8F1C46BFF35B8F94
:10BC0000204686F82011BFF35B8F05B0F0BD0123FD
:10BC1000204AF372BFF35B8FD2E84F4FC2E8413F37
:10BC20000029F9D1BFF35B8FE4B26CB91D4A1360F0
:10BC3000BFF36F8FBFF34F8FBFF35B8F86F820C1C9
:10BC40001C46BFF35B8F43E7154B16495A681648ED
:10BC5000C2F30802003218BF0122FEF791FD37E758
:10BC60006A680D49F3E70E4B0F485A68C2F30802A1
:10BC7000003218BF0122FEF783FD29E786F80AC0CB
:10BC8000FFF782FC24E700BFF0770020F0ED00E032
:10BC90000470024010790020507002400070024091
:10BCA00000ED00E04C70024075B6020011F07F001C
:10BCB00008B512D008280BD00E4B41F48072C90988
:10BCC000C3F8182504D10C4B03EB40139A7A62B9E0
:10BCD000BFF36F8FBFF34F8F08BD064B01225A652C
:10BCE000BFF36F8FBFF34F8F08BD9972FFF74CFC06
:10BCF000EEE700BF00700240F077002011F0770FF0
:10BD000012D00A4B41F48072C3F80C15C3F80C250D
:10BD1000CA09C3F8181504BF01F5947143F821202E
:10BD2000BFF36F8FBFF34F8F704700BF00700240AB
:10BD30002DE9F04FA54BA64CD3F8000300238BB0A0
:10BD40001E461F46012520FA03F11A19C9074FEABA
:10BD5000820209D5116839B105FA03F117600E4363
:10BD6000BFF36F8FBFF34F8F0133192BEBD1F20766
:10BD700000F13582974D330508D5944BD3F8A8369A
:10BD800001229BB2A5F8163185F81C21B70206F4F2
:10BD9000800424D58D4BD3F81425D00540F1FC81C7
:10BDA000002C00F0A182D3F80024D20740F19C823D
:10BDB000D3F81035DA0540F1FB8195F81C3107AF57
:10BDC000002B40F0BD82814BD3F8203508933846D4
:10BDD0004FF440730121ADF81C30FEF74DFB04B366
:10BDE0007A4AD2F8004440F201732340C2F800348A
:10BDF000E30500F15682670510D5744B0122C3F8A4
:10BE000008259A65D3F8002312F4001208BFC3F87E
:10BE100054216E4B4FF40012C3F80423A00500F127
:10BE2000358231023DD5694BD3F880C4D3F88414F0
:10BE3000D3F888E4D3F88C74D3F89084D3F894447E
:10BE4000D3F89804D3F89C245FFA8CF35FFA80FC53
:10BE5000D0B25A06C9B25FFA8EFEFFB25FFA88F816
:10BE60005FFA84F901D105291BD00024224668F32A
:10BE7000070263F3070461F30F2469F30F226EF3E3
:10BE800017446CF3174260F31F6267F31F644FF4AB
:10BE9000C063012107A8CDE90842ADF81C30FEF7C8
:10BEA000EBFA4D4B3340002B40F09181DFF82491A9
:10BEB000464F4D46CA4609F5907800241DE02B44B4
:10BEC000DA7A002A00F0D781DA88AAF80420002262
:10BED000DA72D98809914FF4E063012107A88DF83F
:10BEE00020B08DF82120ADF81C30FEF7C5FABBF16B
:10BEF000080F47D001340AF1200A04F10C0326FA96
:10BF000003F3DB075FFA84FBF1D504EB840307EB53
:10BF10008303DAF80020D3F80807630112FA80F2ED
:10BF2000E918CAF80020CA8880B2024492B2082CEC
:10BF3000CA80C4D0BAF808208242C0D1CA88BAF8F0
:10BF400004109142BBD9BBF1000FD0D10122BFF345
:10BF50005B8FD8E84F3FC8E8412F0029F9D1BFF3E4
:10BF60005B8F13F0FF0F40F052821C490A60BFF351
:10BF70006F8FBFF34F8FBFF35B8F85F82031BFF317
:10BF80005B8FB7E7164B3340002B00F002810F4B5D
:10BF9000D3F86C240192C3F86C24BFF36F8FBFF306
:10BFA0004F8F16F4806600F06E81D3F88024D3F8AA
:10BFB000803483F08003C3F3C0130593C2F3C0132E
:10BFC0000493DFF808A00024A84613E000700240A4
:10BFD000409C0010F0770020FCFB1F004C700240DA
:10BFE00000040001002C00F0F281072E52D0013431
:10BFF00009F120090199E14004EB8403C9070AEB28
:10C00000830308EB4412E6B2ECD5D3F80816D9F84E
:10C010001070C9B20F44C9F81070D08A014489B2B7
:10C02000D182A849D08AB9F8145061188900854294
:10C0300002914FF0010C66F07F0103914FF4E06B29
:10C040004FF0000E614607A840F2B480D18AB9F8DB
:10C050001820C3F800766D1AADB2954228BF154678
:10C06000994AC3F80456BFF35B8FD2E84F3FC2E84A
:10C0700041CF0029F9D1BFF35B8F13F0FF0F40F0E0
:10C08000ED80029BC3F800C0BFF36F8FBFF34F8FEB
:10C09000072EACD1019BDB03454601D4059B43B180
:10C0A000EB7A23B1EB88AA889A4200F271810123CE
:10C0B000AB72019B9F030BD595F82B3023B1EB8C12
:10C0C000AA8C9A4200F28881012385F82A30019BCC
:10C0D0005E030DD595F84B3033B1B5F84630B5F861
:10C0E00044209A4200F27D81012385F84A30019B69
:10C0F0001C030DD595F86B3033B1B5F86630B5F843
:10C1000064209A4200F27E81012385F86A30019B07
:10C11000D8020DD595F88B3033B1B5F88630B5F827
:10C1200084209A4200F23881012385F88A30019BED
:10C1300099020DD595F8AB3033B1B5F8A630B5F806
:10C14000A4209A4200F22D81012385F8AA30019B98
:10C150005A020DD595F8CB3033B1B5F8C630B5F8E5
:10C16000C4209A4200F22281012385F8CA30019B43
:10C170001B020ED595F8EB30002B00F0F380B5F8DC
:10C18000E630B5F8E4209A4240F2EC800720FFF751
:10C19000FBF90BB0BDE8F08FD3F81025D1053FF5C2
:10C1A0000CAE95F821211AB94FF40012C3F80823F8
:10C1B00007AF08E6D38A09939DF80C30ADF81CB0A0
:10C1C0008DF820308DF821E0FEF756F90DE70023B9
:10C1D000BFF35B8F85F82031BFF35B8F66E63B4B87
:10C1E0003B4A3C4D3C4800240127C2F81475C2F874
:10C1F0001075546094625C609C629C60DC62DC60E0
:10C200001C631C615C635C619C639C61DC63DC613E
:10C210001C6454629464C2F85841D2F80034D2F8D5
:10C2200000140B43C2F80034D2F80033C2F80833CC
:10C230002146C2F8040328464FF4927227F0A3FA6D
:10C2400040234FF48072394607A82B832B818DF849
:10C250002040ADF81C20FEF70FF98CE51F4B20485D
:10C260005A680299C2F30802B2EB0E0218BF01220B
:10C27000FEF786FAB9E61B4B1B68D80789D500BEC6
:10C280000BB0BDE8F08FCDE904669AE600220523E5
:10C29000012107A88DF81C208DF81D30FEF7ECF861
:10C2A000BFE50121C2F82C150423002207A88DF850
:10C2B0001C208DF81D30FEF7DFF867057FF5AEAD69
:10C2C0009BE500BF019C0010107900200470024023
:10C2D00000700240F07700200514C00100ED00E07E
:10C2E00075B60200F0ED00E04F4BBFF35B8F01220B
:10C2F000D3E84F1FC3E8402F0028F9D1BFF35B8F6D
:10C3000011F0FF0F32D1494BD3F8C004C70352D408
:10C3100095F80B1101F0FF07002967D04449D5F8C3
:10C320000071C3F8A077C3F8A4070A60BFF36F8F4A
:10C33000BFF34F8FD3F81035D8053FF53EAD37E743
:10C34000B5F816310993002285F81C2188234FF493
:10C35000E06238460121ADF81C20ADF82030FEF730
:10C360008BF830E5012385F8EA3012E7314B32488B
:10C370005A68C2F30802003218BF01220821FEF7F2
:10C38000FFF92A4BD3F81035DB053FF516AD0FE763
:10C390000020FFF7F9F88CE60420FFF7F5F8019B81
:10C3A000C6E60520FFF7F0F8019BD1E60620FFF76F
:10C3B000EBF8019BDCE6BFF35B8F85F82011BFF340
:10C3C0005B8FD3F81035DF053FF5F7ACF0E6049945
:10C3D00000293FF40CAE18E60120FFF7D5F8019BC9
:10C3E00076E60220FFF7D0F8019B81E6BFF35B8F72
:10C3F00085F82071BFF35B8FD3F81035D9053FF571
:10C40000DCACD5E60320FFF7BFF8019B80E6094BC3
:10C410000A485A680A49C2F30802003218BF0122CA
:10C42000FEF7AEF966E500BF10790020007002400B
:10C430004870024000ED00E0E9B6020075B6020067
:10C440004C70024030B5012885B000F09F8057D372
:10C45000022840D1BA4BD3F80435002B40F0D780E6
:10C46000B74AD2F800341C05FBD54FF40063C2F87C
:10C470000034BFF36F8FBFF34F8FB24AB24B1268D5
:10C480001B68082A00F0D780AD4BB04D80240122F4
:10C49000C3F81C45C3F80423C5F88441FDF7D8FA56
:10C4A000002840F0F880AA4D43F204044FF0804386
:10C4B0002268AA4211D0D3F80C14D3F80C24D0036C
:10C4C000F6D5CA07F4D59E4B0122C3F80425BFF365
:10C4D0006F8FBFF34F8F05B030BD04AA002102F863
:10C4E0000C1D1046FFF74EF89DF804000028E2D01E
:10C4F00010460191FFF744F8019A002AD8D0E2E7EC
:10C500008F4BD3F80025002AE5D14FF480014FF47A
:10C510000062C3F80813C3F80024BFF36F8FBFF3A2
:10C520004F8F884B1B68082B00F0B780844B01228B
:10C53000C3F80025BFF36F8FBFF34F8F43F20402A0
:10C5400003F18D5303F57723126803F2DB539A420C
:10C5500000F0CA804FF08043D3F80C24D3F80C3499
:10C56000D90301D5D207B6D443F20402784B12683E
:10C570009A4200F01881774B00221A601B680193E1
:10C580004FF08043012201991A60A4E76C4BD3F865
:10C590000025002A9FD00022C3F80425BFF36F8F27
:10C5A000BFF34F8F69498020C1F88400BFF34F8FDC
:10C5B000BFF36F8FD3F80013C3F80813C3F8002537
:10C5C000BFF36F8FBFF34F8F43F2040103F18D531D
:10C5D00003F57723096803F2DB53994200F0998051
:10C5E00001AB5D4A012111605C4A5168C1F3080149
:10C5F000003118464FF000024FF0020318BF01212E
:10C600008DF804208DF80530FDF736FF63E743F21F
:10C6100004024F4B12689A4200F0B0804FF0804302
:10C62000D3F80C24D3F80C34DB037FF519AFD5070E
:10C630007FF516AF4FE7032B0AD8494A1168002946
:10C6400040F09880474C49F27530106021601060CE
:10C650005A1E022A10D8424A1168002967D1424D59
:10C660003848394B00681B6849F2753414602960FA
:10C67000146008287FF408AF032B3FF605AF3B4951
:10C680003B4B40F2E370402208601A60BFF36F8FAB
:10C69000BFF34F8FF8E66C6005E72B4B1B685A1E03
:10C6A000022A12D82E4B1A68002A40F08E802E499A
:10C6B00049F2753203201A6008601A60214A224B41
:10C6C00012681B68082A7FF431AF032B3FF62EAFA8
:10C6D000234B1A68002A74D1224949F27532C020CE
:10C6E0001A6008601A6021E704AB002203F80C2DE1
:10C6F0001846FEF747FF9DF8041000293FF42AAFC3
:10C7000018460192FEF73CFF019B002B7FF4E3AE3D
:10C710002AE704AB03F80C2D1846FEF733FF9DF80B
:10C720000420002A3FF45DAFFEF728FF5CE70549CF
:10C73000054B0D4A08681B680021116099E700BF8E
:10C7400000700240300100103401001000E100E0F0
:10C75000DBE5B151000100400400004000ED00E0C5
:10C7600000EC064014EC064014ED06400078024050
:10C7700004780240174A0021116069E704AB0022E7
:10C7800003F80C2D1846FEF7FDFE9DF80410002955
:10C790003FF444AF18460192FEF7F2FE019B002BD6
:10C7A0007FF499AE5CE604A8002300F80C3DFEF788
:10C7B000E9FE9DF80430002B3FF4DDAEFEF7DCFE11
:10C7C00089E6044BC0221A60B0E6034B03221A60CC
:10C7D00074E700BF14EC064014ED0640F8B503788A
:10C7E00013F0010405D10678C6F3800626B1204671
:10C7F000F8BD00242046F8BD0F4605464FF0FF3136
:10C80000384609F0D9FD2A7812F001040FD12B78AF
:10C810005B0704D42B7843F004032B70012400231E
:10C8200038461A46194609F0ABF92046F8BD344699
:10C83000F5E700BF70B505460E4608464FF0FF31DC
:10C8400009F0BAFD2878C0F3800444B9002400231D
:10C8500030461A46194609F093F9204670BD2B78E8
:10C8600013F00102F2D12B7862F382032B70EEE712
:10C8700010B4C378848803F00303022BC4F30A04C2
:10C8800026D019D8012B04D0002318465DF8044B9C
:10C890007047022940F2FF3208BF4FF48062A24283
:10C8A000F3D21A4B1B6813F00103EED000BE002335
:10C8B00018465DF8044B7047022914BF40234FF41B
:10C8C0008063A342EDD3012318465DF8044B704703
:10C8D00002290BD012B1B4F5007F11D0A4F10803E6
:10C8E0009BB2182B06D9402CEDD0DAE7B4F5007FC7
:10C8F000D7D1E8E7064A22FA03F3DB07D1D5E2E70E
:10C9000000244021134644710171BEE7F0ED00E0C0
:10C91000010100010A44914216D230B44C78052C32
:10C9200005D00C7821448A42F8D830BC70478C7806
:10C9300004F07F0500EB4505E4092B550C782144F4
:10C940008A42EBD830BC7047704700BF2DE9F041F8
:10C9500082B00678089DBDF82470009361F300064C
:10C960000446294600F8086B012316463A46BDF8EE
:10C970002C80FCF76DFE05B13FB90A9B6360012076
:10C98000A4F8028002B0BDE8F08104F11C0101208E
:10C9900009F0D0FA26B903463046C4E90503ECE7AE
:10C9A0000023FAE710B50446406908B109F0BAFE61
:10C9B000A06908B109F0B6FE012010BDF0B50B4624
:10C9C0000D4613F8081B83B011F0020F07461846F6
:10C9D00040F2FF130CBF3F241C461646FCF774FEC2
:10C9E000E8B9E6B126421AD12B786978DA073846D9
:10C9F00018D5FEF707F990B12B78697813F0010389
:10CA000013D000233846CDE900331A46FEF73EF92D
:10CA100030B9084B1B68DB0701D500BE00E00020E1
:10CA200003B0F0BDFDF714FFE5E738461A46FDF701
:10CA30002FFFEDE7F0ED00E070B501F1080582B0E1
:10CA4000064628460C46FCF73FFE38B1237861784D
:10CA5000DB07304605D5FEF7D5F830B9002002B027
:10CA600070BDFDF7F5FE0028F8D0284662886168A1
:10CA7000FCF754FE054690B1237862686178D807C8
:10CA800017D50023CDE9003330462B46FEF7FEF8DC
:10CA9000B0B90C4B1B68DB07E0D500BEDFE72078A0
:10CAA000617810F00104304608D1FDF7E1FE204620
:10CAB000D5E730462B46FDF7EBFEE9E7FEF7C8F871
:10CAC0002846CCE7F0ED00E02DE9F0418A890B78AB
:10CAD00082B00C460646E2B9DD07497857D5FEF725
:10CAE00091F800284FD0227863886178D20751D519
:10CAF000002B5DD0626800253046CDE90055FEF779
:10CB0000C5F800284DD1374B1B68DB073BD500BE6D
:10CB10003AE003F0020301F10808002B40460CBF85
:10CB200040274FF40077304D08BF6FF03F05FCF70A
:10CB3000E3FD874227D823786178DB07304634D578
:10CB4000FEF760F8F8B14046FCF7D6FD874233D8CF
:10CB500005EA000265882378617890B2854228BF93
:10CB60000546DA0732D5002D37D062680023CDE9BB
:10CB7000003330462B46FEF789F80028C3D02846FC
:10CB800002E0FEF765F8002002B0BDE8F081FDF795
:10CB90005FFEA6E773B162683046FDF779FE0028B4
:10CBA000B1D0608802B0BDE8F081FDF751FEC9E761
:10CBB0001A46A0E71A46EFE72078617810F00104E2
:10CBC0003046DED1FDF754FE2046DDE73DB1626818
:10CBD00030462B46FDF75CFECFE72A46C6E72A46DD
:10CBE000F6E700BFF0ED00E000FEFFFF704700BF7A
:10CBF0000020704710B504460BF082F9204610BDA6
:10CC0000044A0369D2E9010150F8102C18469950E2
:10CC10000BF076B93CB605000BF072B938B5446834
:10CC200005461CB16368013B63600BB1284638BD03
:10CC3000236820469B689847A368013BA360002BAC
:10CC4000F4D123682046DB689847284638BD00BFEA
:10CC500070B5046805467CB10F4AA668D2E9013177
:10CC600053F8102C2360A1501EB17368013B736010
:10CC700023B120460BF044F9284670BD3368304696
:10CC80009B689847B368013BB360002BF1D13368D0
:10CC90003046DB689847ECE7B8B8050008B50546AC
:10CCA0000C460B480B4908F011FA2946084808F0D1
:10CCB0000DFA0949064808F009FA21460A220448F3
:10CCC00008F05CFA4FF47A7008F07EFEFAE700BFD5
:10CCD000B864002050B205005CB2050070B54F4842
:10CCE00084B04FF4E1310646F9F758FC08F060FED5
:10CCF00040F6B735044607E008F05AFE001BA8428C
:10CD000007D80A2008F060FE3046F9F765FC0028D5
:10CD1000F2D001210E200BF0B3FF01210E200CF008
:10CD200033F8642008F050FE00210E200CF02CF89F
:10CD3000642008F049FE3A4C01210E200CF024F842
:10CD4000642008F041FE20684FF0FF3101F0E6F862
:10CD500040B93449314808F0F9F94FF47A7008F0D5
:10CD600033FEFAE72068002101F0FEF90028F0D038
:10CD70002D492A4808F0EAF92C4800F005FA072165
:10CD8000102200238DE80E00B0EE081A0C21AB2310
:10CD90000822DFED270A9FED270A274803F096F8BF
:10CDA0000146002830D127212D22234806F0E4F83F
:10CDB0009FED220A204805F003FD014650BB0123E8
:10CDC000009341F60F5241F221031B4805F0F4FF96
:10CDD0000146E0B91A49114808F0B8F919490F4855
:10CDE00008F0B4F918490D4808F0B0F917490B4894
:10CDF00008F0ACF91649094808F0A8F908F0D8FD80
:10CE0000144B186004B070BD1348FFF747FF134878
:10CE1000FFF744FF1248FFF741FF00BFB86400204E
:10CE20000C7B0020ACB20500D0B20500F87A0020DF
:10CE30000000FA4300C064444079002000000C4325
:10CE400038B3050060B3050078B3050090B3050062
:10CE5000A4B3050018790020F8B2050024B305003A
:10CE600008B305002DE9F0416A48DFF8E4816A4D16
:10CE700088B00DF043F8694A694966480CF0D0F86B
:10CE80001C231E22674900934046032300F04AF901
:10CE90000024654B0693012748208DF81C408DF82F
:10CEA0001D700BF029F808AB064613E9030002AB2E
:10CEB00083E803001F231D22304600932E21022306
:10CEC000CDF8048001F072FC3146584802F0EEFFC4
:10CED000C5E9004418200BF00FF8554BDFF874C17A
:10CEE000D3E9011251F8103C5249C25004464FF0A8
:10CEF000FF3328200B264FF6FF726060C4E9026101
:10CF00006361C4F800C0142022820AF0F5FF6E6845
:10CF1000494B2C60C0E9017704610360686026B169
:10CF20007368013B7360002B52D03C4A43493A4836
:10CF30000CF076F8424B6C682E68D3E901730593C8
:10CF4000002C53D063680133636018200AF0D4FFCB
:10CF500063680133636057F8101C076005460322BD
:10CF600005986850C5E90164AA81636013B36368DA
:10CF70003449354A2960013B4FF0FF300021C5E9B3
:10CF80000401156063603BB1244A30492E4808B063
:10CF9000BDE8F0410CF044B8236820469B689847F0
:10CFA000A368013BA360002BEED123682046DB6819
:10CFB0009847E9E7236820469B689847A368013BA8
:10CFC000A360002BD3D123682046DB689847CEE7C7
:10CFD000336830469B689847B368013BB360002BC9
:10CFE000A3D133683046DB6898479EE718200AF0E3
:10CFF00083FF57F8102C0599134B815003251149D5
:10D0000046604FF0FF3284604461858101600261B7
:10D010001860B9E714790020107B00200060002020
:10D0200015A0030000F0024080841E00407900201B
:10D030003CB605002C7B00203CB205001DCC020054
:10D04000B8B80500D8B805000C7B002051CC020010
:10D05000F87A00205CB6050038B508F0A9FC284A2B
:10D060001368C31A002B44DB264900F6B830106061
:10D070000D4601F120000B46552204E012F0010F8D
:10D080000CBF5522AA2203F8012B8342A3EB010215
:10D09000F4D11D4C1D4922680023100E60F30703D4
:10D0A000100C60F30F23100A60F3174362F31F6341
:10D0B0002B60174808F00AF80A222168144808F083
:10D0C00017F81449124808F001F8002320220D49EE
:10D0D000114804F009FA054660B110490C4807F000
:10D0E000F5FF29460A220A4808F048F82368013368
:10D0F000236038BD0A49064808F028F8F6E700BF63
:10D1000018790020207900201C7900206CB20500DD
:10D11000B86400208CB20500407900209CB2050064
:10D1200094B2050070B5002444749DF81050C9B144
:10D130000F4E0160B142846012D00E4CA14204BF78
:10D14000012101710C4951F82220027351F823305A
:10D15000837351F8253043730023C373037470BD88
:10D160000471EFE7054B064A0648242125F0C2FC6E
:10D170000030024000F0024088BF0500C0B3050047
:10D1800028B40500D0B30500437C03B1704730B527
:10D19000012285B042740321FF22019304468DF8D9
:10D1A00003208DF806208DF80510827B417B8DF8D9
:10D1B00000204FF080451A4602958DF80110057B3E
:10D1C000C3736946037403938DF802500AF070FF2D
:10D1D000A37B1F2B86BF03F01F030C4A4FF0A04216
:10D1E00003F5E07340F2013142F82310637B1F2BFB
:10D1F00086BF03F01F0305494FF0A04103F5E0731C
:10D2000040F2033241F8232005B030BD0003005046
:10D2100010B504460BF094F80023637410BD00BFF2
:10D2200010B483B002AB03E906009DF805309DF809
:10D230000410026813F1FF3318BF012300240229F0
:10D24000C2F800451C460374C17332D003292DD0A7
:10D25000012925D0224B0099B3FBF1F3B3F5007FF0
:10D26000C2F854451FD2FF2B0FD87F2B24D83F2B59
:10D2700025D81F2B26D80F2B27D8072B02D81949C2
:10D280008A4225D04FF0004101E04FF08061072332
:10D29000C2F82415C2F8003503B05DF8044B70479E
:10D2A00043F00204D6E74FF00071F0E743F00604C4
:10D2B000D0E743F00404CDE74FF00061E7E74FF01B
:10D2C0008051E4E74FF00051E1E74FF08041DEE7A5
:10D2D000042B34BF4FF0A0514FF02061D7E700BFBF
:10D2E0000090D00300F0024003680022C3F800253C
:10D2F000704700BF002B3AD02DE9F047814684B03B
:10D300000D4617461E464FF6FF784FF0000A464579
:10D31000344628BF4446002D14BF23460023009501
:10D320000297361B01938FB1002269464846039449
:10D330000BF068F805B125442744002EE7D104B06E
:10D34000BDE8F087CDE900550295361B00226946FD
:10D350004846CDF80CA00BF055F84DB9464534467B
:10D3600028BF4446002EEDD104B0BDE8F0877047D9
:10D370002544002ECBD1E2E710B586B006AB0124E0
:10D3800003F8111D002202A90293CDE9034305947D
:10D390000BF038F89DF8070006B010BD30B40B4A0A
:10D3A0000B4BD2F8B840D2F8BC00D2F8B4101C73C2
:10D3B00000220124074D1C7198735973DA731A7493
:10D3C0001D605A749A6030BC704700BF88BF05006A
:10D3D000187B002000F00240704700BF203007F0AB
:10D3E0006FBF00BF203007F05DBF00BF203007F0E7
:10D3F0006DBF00BF38B5437F0BB9002038BD00F1C9
:10D40000680420460D4607F069FF0028F5D1204644
:10D41000294607F035FF012038BD00BF2DE9F04750
:10D420005AB30646DFF8588033681B684D1E4345E3
:10D4300017464FF0000400F1680915F801AF16D146
:10D44000737F13B92046BDE8F087484607F046FFD2
:10D450000028F7D15146484607F012FF0134A74291
:10D46000F0D0336815F801AF1B684345E8D051464A
:10D47000304698470028F1D1E4E71446E2E700BFC0
:10D48000F5D3020010B4837E1F2B4FF0010288BF3A
:10D4900003F01F03C27603F5E0738CBF284A4FF0F8
:10D4A000A04240F20C6142F82310437E1F2B86BF3E
:10D4B00003F01F03224A4FF0A04203F5E07340F24D
:10D4C0000C6142F8231003694FF0CC72C3F8242595
:10D4D00003690622C3F800250369827EC3F8082584
:10D4E0000369427EC3F80C2590F91830002B14DA3A
:10D4F000144A03F00F031A446023137690F918308E
:10D50000002B07DB104903F01F0001225B0982405A
:10D5100041F823205DF8044B70475909603103F04E
:10D520001F030124084A04FA03F342F8213090F95A
:10D530001830002BDCDB1344602283F80023DDE786
:10D5400000030050FCEC00E000E100E0C37EE3B12A
:10D550000E4B026910B499424FF00004C2F8004526
:10D5600010D90B4B994294BF4FF080614FF0C861C6
:10D5700003695DF8044BC3F8241503690622C3F858
:10D58000002570474FF0CC71F2E77047A08601008C
:10D5900090D00300034B53F82110417653F822300A
:10D5A0008376704788BF0500C37E1BB94269C2F805
:10D5B0000035704703690022C3F80025704700BF9B
:10D5C0000AB910467047F8B5054600F120073846FD
:10D5D00014460E4607F062FE2B69C3F888652A6977
:10D5E000012313622A69C2F834752A69C2F83845E2
:10D5F0002A6913602B6902E0D3F824211AB9D3F801
:10D600004C21002AF8D00022C3F84C212B6902E0FB
:10D61000D3F824211AB9D3F85C21002AF8D00022CB
:10D62000C3F85C212B6901225A612A69D2F80431BE
:10D63000002BFBD00021C2F804112B69D3F8242160
:10D6400012B1C3F824112B69D3F83C052866C0B287
:10D65000F8BD00BF10B50446683084F8B01007F07C
:10D660001DFE0123637710BD70B5026990F8B010FC
:10D6700000234377C2F888150269C2F804310369B0
:10D6800001261E62036900F168050446C3F844558B
:10D69000284607F015FE2369C3F8480523699E60F4
:10D6A000236902E0D3F824211AB9D3F85021002AC3
:10D6B000F8D00022C3F85021284607F001FE236964
:10D6C00018BB0022C3F86021236901225A61226934
:10D6D000D2F80431002BFBD00021C2F804112369D9
:10D6E000D3F8240160B1C3F824112369D3F8C4042A
:10D6F000C3F8C404022803D0042814BF0420032064
:10D7000070BDD3F82421002ADBD1D3F86021002A90
:10D71000F7D0D6E770B5294C6369D3F86421002AA5
:10D720003AD1D3F86821E2B9D3F8042162B1227F5B
:10D730000021C3F804113AB1D4F8B820D3F83C055D
:10D7400020660AB190476369D3F8242142B10022D0
:10D75000C3F82421D3F8D024C3F8D02401225A617D
:10D7600070BD0022C3F86821154822770123637732
:10D7700007F094FDD4F8B43003B1984763691048BA
:10D78000C3F844050023637707F09AFD636901221B
:10D79000C3F848055A63C7E7002204F12006C3F81E
:10D7A000642101253046257707F078FD6369402222
:10D7B000C3F83465C3F838251D63B2E72C7B00201D
:10D7C000947B002070B5294C6369D3F86421002A4A
:10D7D0003AD1D3F86821E2B9D3F8042162B1227FAB
:10D7E0000021C3F804113AB1D4F8B820D3F83C05AD
:10D7F00020660AB190476369D3F8242142B1002220
:10D80000C3F82421D3F8D024C3F8D02401225A61CC
:10D8100070BD0022C3F86821154822770123637781
:10D8200007F03CFDD4F8B43003B198476369104861
:10D83000C3F844050023637707F042FD63690122C2
:10D84000C3F848055A63C7E7002204F12006C3F86D
:10D85000642101253046257707F020FD63694022C9
:10D86000C3F83465C3F838251D63B2E7E87B0020B0
:10D87000507C00202DE9F8431A4DDFF878901A4CBF
:10D880001A4F284600264FF47A7840F8209BC5E9C5
:10D89000016807F0EBFC05F1680007F0E7FC0323E3
:10D8A0002B76BB6E6B76C4E901682046104BFA6E8E
:10D8B00040F8209BAA76C5E904336E7707F0D6FCC2
:10D8C00004F1680007F0D2FCD7E91A1204204FF0E7
:10D8D0004023667720766176A276C4E90433BDE8FA
:10D8E000F88300BF2C7B0020E87B002088BF050068
:10D8F0000030004070B40500704700BF036853F863
:10D900000C3C1844704700BFF0B51646026883B05F
:10D910004B1C044652F8100C08BF2C4F2C4B2D4AC0
:10D92000009318BF0D4620444FF010034FF0010143
:10D9300001960CBF3D462F4600F0B6FCD4E90032FC
:10D9400053F8100C244B019220440093214A1623D3
:10D95000012100F0A9FC2368A26853F8100C1F4BAA
:10D960000192204400931B4A1823012100F09CFCE3
:10D9700022681B4B52F8100C0093164A01951A238B
:10D980002044012100F090FC4FF6FF739E4210D01E
:10D99000227A2179E068FFF7FDFD2946E068FFF76C
:10D9A000D5FDE068FFF76EFD01206761268203B0B8
:10D9B000F0BD22680B4B52F8100C0093054A20442E
:10D9C0001E23022100F070FCE2E700BFA0860100E8
:10D9D000C4B405008CB40500E8B4050008B5050022
:10D9E00028B505004CB5050008B5C068FFF7DCFD9B
:10D9F000012008BD70B504460D4684B0C068217C86
:10DA00001646FFF727FEE068036829465B68324642
:10DA100098470546D8B186420FD022682E4B52F85F
:10DA2000100C02962044CDE900352C4A9B2303219B
:10DA300000F03AFC002004B070BDE068FFF714FE6F
:10DA40000138032845D8DFE800F0372A1D10226886
:10DA5000234B52F8100C00932044204A98230321B2
:10DA600000F022FC284604B070BD22681D4B52F81D
:10DA7000100C00932044194AAF23032100F014FC3A
:10DA80000020D8E72268184B52F8100C009320446D
:10DA9000124AAC23032100F007FC0020CBE72268E8
:10DAA000124B52F8100C009320440C4AA823032177
:10DAB00000F0FAFB0020BEE722680D4B52F8100C74
:10DAC00000932044054AA423032100F0EDFB00202D
:10DAD000B1E70120AFE700BF70B505008CB40500C9
:10DAE00060B50500E8B50500CCB50500ACB505008E
:10DAF0009CB50500F0B504460D4685B0C068217C94
:10DB000016461F46FFF7A6FDE068036829465B68D6
:10DB100032469847054628B386420FD02268304BDC
:10DB200052F8100C02962044CDE900352D4AD3233B
:10DB3000032100F0B9FB002005B0F0BDE068FFF75D
:10DB400093FD01281CD0022827D12268264B52F8C9
:10DB5000100C00932044234AE123032100F0A4FB8E
:10DB60000020E9E72268214B52F8100C0093204472
:10DB70001C4AD023032100F097FB284605B0F0BDD6
:10DB800022681B4B52F8100C00932044154ADD23E9
:10DB9000032100F089FB0020CEE70A9A217CE0688F
:10DBA000FFF70EFD0A9B83420DD153B1FD18013DD5
:10DBB000013FE06803685B69984707F8010FAF42CF
:10DBC000F7D10120B8E722680A4B52F8100C0093F5
:10DBD0002044044AEC23032100F066FB0020ABE75D
:10DBE00070B505008CB40500ACB5050060B5050046
:10DBF0009CB50500F8B5050010B50446C9B2C0686B
:10DC0000FFF728FDE068FFF72FFD0138032894BFD8
:10DC10000020012010BD00BF10B504460AF070F9C5
:10DC2000204610BD036810B553F80C4C0444204640
:10DC30000AF066F9204610BD70B5064682B00C4663
:10DC4000C068317C1546FFF7BBFC85420ED155B14B
:10DC50002544013D013CF06803685B69984704F87E
:10DC6000010FAC42F7D1012002B070BD3268064B03
:10DC700052F8100C00933044044A7A23032100F038
:10DC800013FB002002B070BDF8B505008CB4050090
:10DC900010B5054C20460CF031F92046034A0449E2
:10DCA000BDE810400BF0BCB9A47C0020006000204F
:10DCB00015A00300704700BF03685B68184700BFEA
:10DCC00030B583B0054600F051FC044678B12969AF
:10DCD0004B1C07D02B6853F8100C284400F0A0FB15
:10DCE0000440E4B2002320466B6103B030BD2A68D3
:10DCF000054B52F8100C0093044A28447123032169
:10DD000000F0D2FAE3E700BF88B8050050B805007C
:10DD100038B58568124B036004461DB16B68013B42
:10DD20006B6023B120460AF0EBF8204638BD2B6823
:10DD30000C4A9B6893420DD1AB68013BAB60002B52
:10DD4000F0D12B680849DA688A4206D15B68284618
:10DD50009847E7E728469847EEE728469047E1E7E7
:10DD6000A8B80500B5DC0200B9DC020038B50368CC
:10DD7000144A53F80C3CC518C250AC681CB1636817
:10DD8000013B636023B128460AF0BAF8284638BD43
:10DD900023680D4A9B6893420DD1A368013BA360A1
:10DDA000002BF0D123680949DA688A4206D15B6802
:10DDB00020469847E7E720469847EEE720469047F9
:10DDC000E1E700BFA8B80500B5DC0200B9DC02003D
:10DDD00038B58468114B036005461CB16368013B8C
:10DDE00063600BB1284638BD23680D4A9B68934297
:10DDF0000DD1A368013BA360002BF3D1236809492F
:10DE0000DA688A4206D15B6820469847EAE72046EE
:10DE10009847EEE720469047E4E700BFA8B8050022
:10DE2000B5DC0200B9DC020038B50368124A53F8C9
:10DE30000C3CC518C250AC681CB16368013B636000
:10DE40000BB1284638BD23680C4A9B6893420DD11C
:10DE5000A368013BA360002BF3D123680849DA686B
:10DE60008A4206D15B6820469847EAE720469847F1
:10DE7000EEE720469047E4E7A8B80500B5DC0200CD
:10DE8000B9DC020030B587B00025044601234068A4
:10DE90008DF816500DF1160204218DF8175000F080
:10DEA00011FB08B301230DF117020721606800F090
:10DEB00009FBC8B19DF816309DF81720A32B21D07F
:10DEC0008D2B01D1732A21D02068114950F8100CF4
:10DED0000292CDE900132044C1230E4A022100F032
:10DEE000E3F9002007B030BD22680B4B52F8100C4C
:10DEF00000932044074AB223032100F0D5F9002003
:10DF000007B030BD372ADFD10320F9E70520F7E756
:10DF1000E0B6050050B80500C4B60500F0B50369C9
:10DF200000265A1C87B0044646610F462CD0026872
:10DF300052F8100C194602220123204400F0E4F9A3
:10DF400023682169054653F8100C3246204400F03E
:10DF500049FA236853F8103C05400A21E01800F004
:10DF600085FA2368216953F8100C0122204400F03F
:10DF700039FA236853F8103CEDB205400A21E01845
:10DF800000F074FA002D4DD03946204600F01CFBFD
:10DF90000546002838D006AE002306F8013D0B21C7
:10DFA00001233246606800F08DFA0546002847D00C
:10DFB0009DF81770092F61D840F21525FD40ED43FB
:10DFC00015F001055AD132460123022160688DF80F
:10DFD000175000F077FA48B19DF81720606842F0BA
:10DFE0008002022100F090FA002837D12268514BBC
:10DFF00052F8100C009320444F4ACD23032100F027
:10E0000053F9284607B0F0BD22684C4B52F8100C6B
:10E010000093494A20443B23032100F045F9284658
:10E0200007B0F0BD2268464B52F8100C0093204414
:10E03000414A3523032100F037F9284607B0F0BDE7
:10E040002268404B52F8100C009320443A4A802337
:10E05000032100F029F9284607B0F0BD236853F8E2
:10E06000100C0A21204400F001FA092F49D8DFE8FA
:10E0700007F0334813484648484848412268324B25
:10E0800052F8100C00932C4A019720444823032196
:10E0900000F00AF90025C2E702232C49636111222E
:10E0A000204600F0DDFA22680546002836D0636974
:10E0B00052F8100C013B042B96BF254A254A52F812
:10E0C0002320254B0093CDE90127204467231A4ADA
:10E0D000012100F0E9F8A2E72046FFF7D3FE80B166
:10E0E000021F1A4B1D496061022A2ABF19461422D9
:10E0F0001122D5E70423636118491422D0E70123D4
:10E10000CBE72268164B52F8100C0093019720447D
:10E110005323094A032100F0C7F880E752F8100C96
:10E12000104B0093044A20446223032100F0BCF802
:10E13000656174E7D8B7050050B80500A8B70500B9
:10E140009CB7050090B60500B8B705002CB70500D0
:10E150007CB6050040B7050030B8050018B70500CB
:10E16000F0B7050018B8050070B5446984B00646DC
:10E17000002C37D0CDB2032D24D804AA002302F8F6
:10E18000013D09210123406800F09CF90446002864
:10E1900036D09DF80F20706802F03F0242EA8512E7
:10E1A000D2B2092100F0B0F90446C0B932681B4B65
:10E1B00052F8100C00931A4A3044E123032100F076
:10E1C00073F80CE00268174B52F8100C0093144AD5
:10E1D00030444FF4FD73022100F066F8002420461D
:10E1E00004B070BD0268104B52F8100C009330441C
:10E1F0000B4AFA23032100F057F8204604B070BD03
:10E2000032680A4B52F8100C00933044044ADA2367
:10E21000032100F049F8204604B070BD60B7050046
:10E2200050B8050078B70500A8B6050048B7050046
:10E2300010B5054C20460BF061FE2046034A044908
:10E24000BDE810400AF0ECBEA87C00200060002071
:10E2500015A00300F0B587B00CAA4FF4806052F807
:10E26000046B05921F46054609F048FE2A46002128
:10E27000044625F088FA094A094B00922946094AC2
:10E28000CDE90176204626F02DFA0599204628F0A2
:10E29000D9FA204609F036FE07B0F0BD68B905008E
:10E2A00034B905003CB90500481E022800D9704762
:10E2B000F0B587B01F464FF480600DAB15460C4695
:10E2C000059309F01BFE4FF480620021064625F0FD
:10E2D0005AFA0B4B0C9A53F824300292CDE90057AE
:10E2E000084A30464FF4806126F0FCF90599304623
:10E2F00028F0A8FA304609F005FE07B0F0BD00BFCF
:10E3000024B905003CB9050030B50D1E85B047DBCA
:10E31000012A2C462FD0022A17D0EAB12D4B0093A8
:10E320002D4A40F249130221FFF794FF1F2DC6BF6B
:10E3300005F01F04294B4FF0A04304F5E0740222BE
:10E3400043F82420002005B030BD284601210AF002
:10E3500097FC012005B030BD1F2DC6BF05F01F047E
:10E360001E4B4FF0A04304F5E0740222012043F855
:10E37000242005B030BD012B0AD0022B039221D0FE
:10E38000CBB1284600210AF07BFC039A1046DAE75D
:10E390002846022103930AF073FC039B1846D2E738
:10E3A0000F4B0D4ACDE900350221E823FFF752FF5C
:10E3B000002005B030BD284619460AF061FC039ADA
:10E3C0001046C0E7284603210AF05AFC039A10467B
:10E3D000B9E700BFC8B9050068B9050000030050DF
:10E3E00090B9050000B50B1E83B007DB1846114637
:10E3F0000AF0CAFC012003B05DF804FB064A0221C2
:10E40000CDE9002340F25713044AFFF723FF002011
:10E4100003B05DF804FB00BF90B9050068B90500C2
:10E4200000290DDB1F29C6BF01F01F010C4A4FF068
:10E43000A04201F5E071022342F82130012070472B
:10E4400000B5084B084A83B0CDE900314FF4C673DC
:10E450000221FFF7FFFE002003B05DF804FB00BFC0
:10E460000003005090B9050068B90500084607F0A0
:10E47000ABBA00BF10B5054C20460BF03FFD20465F
:10E48000034A0449BDE810400AF0CABDAC7C002034
:10E490000060002015A0030000B50368074953F889
:10E4A000103C074A83B0184400913B230321FFF737
:10E4B000FBFE002003B05DF804FB00BF88B8050038
:10E4C00004BA050070B584B004AC066804F8011DF8
:10E4D000009321461346766901220546B04704465B
:10E4E00050B92A68064B52F8100C0093054A28448C
:10E4F00042230321FFF7D8FE204604B070BD00BFC1
:10E50000F4B9050004BA050030B5036885B01B698D
:10E510008DF80C108DF80D2003A9022205469847AE
:10E52000044650B92A68064B52F8100C0093054A6D
:10E5300028446B230321FFF7B7FE204605B030BD0A
:10E5400060B5050004BA050010B5054C20460BF077
:10E55000D5FC2046034A0449BDE810400AF060BDDE
:10E56000B07C00200060002015A0030030B5446896
:10E5700083B005469CB123682046DB699847044672
:10E5800050B92A680D4B52F8100C00930C4A2844DD
:10E590003E230321FFF788FE204603B030BD02680A
:10E5A000084B52F8100C00932844054A39230221E5
:10E5B000FFF77AFE204603B030BD00BF88B80500E3
:10E5C00000BB0500B4B9050030B5446883B005460A
:10E5D000002C2FD0236882899B68204698470446E8
:10E5E000D0B16868A98903689B699847044610B14F
:10E5F000204603B030BD2B68B5F90C2053F8100C41
:10E60000134B019228440093124A30230321FFF751
:10E610004BFE204603B030BD2A680F4B52F8100C59
:10E62000009328440B4A2B230321FFF73DFE20468D
:10E6300003B030BD0268094B52F8100C0093284417
:10E64000044A26230221FFF72FFE204603B030BDE7
:10E65000D8BA050000BB0500A8B70500B4B905008D
:10E660002DE9F043D0E90036054653F8100C83B08D
:10E670002844002E4DD00F46F1B19046E2B100245F
:10E6800017F80490B9F1000F33D0611CB9F1030FF2
:10E690004FF002023944A8EB040319D1022B43D9ED
:10E6A000686803681B6998470646002854D00334FD
:10E6B0004445E5D3012607E02E4B00932E4A4B2319
:10E6C0000221FFF7F1FD0026304603B0BDE8F083DC
:10E6D0002A682A4B52F8100C00932844264A0194C9
:10E6E0006C230321FFF7E0FD0026304603B0BDE8B0
:10E6F000F0832B6853F8103CA8EB04022B44012A4A
:10E7000007EB040118461DD04978FFF7AFFE02342D
:10E71000CEE7184B0093184A46230221FFF7C4FDA9
:10E72000304603B0BDE8F0832A68154B52F8100C50
:10E7300000930194494628445E230F4AFFF7B4FD35
:10E740000026C1E70E4A5423CDE9002403210A4ADA
:10E750004E46FFF7A9FDB7E72A680A4B52F8100C9E
:10E7600000930194494628446423034AFFF79CFD23
:10E77000AAE700BFB4B9050000BB0500A0BA0500B8
:10E7800034BA050070BA050010B5054C20460BF0F0
:10E79000B5FB2046034A0449BDE810400AF040BCDE
:10E7A000B47C00200060002015A003002DE9F04794
:10E7B0001A4DAC4607468A4691469846BCE80F007B
:10E7C0003C464FF0000E44F804EB0FC49CE80700F1
:10E7D0001C3584E807000FCD82B007F130040A9E93
:10E7E000C7F82880C7E908A9FE620FC42B68236018
:10E7F0000CABC7F844E093E803006C4684E80300E0
:10E800002C2009F079FB94E80C000B99054601F0E7
:10E81000B7F938463D6002B0BDE8F08734BB05006B
:10E8200010B5044600680368DB6B98472068216ACE
:10E83000036882681B6898472068216A0368026938
:10E840005B68BDE810401847006803681B6C1847F8
:10E850002DE9F04F057C83B00446407C0D9F0C9E53
:10E860000196ED0805EBD0053D44284689469046C3
:10E870009B4609F043FB0646284609F03FFB8246CB
:10E88000207C08285FFA89F35FFA88F132D843EADE
:10E890000102638932704B4506F1010034D03A46DB
:10E8A000A18924F070FF20680368DB6A984720681C
:10E8B000216A0368C2685B689847206803682A4633
:10E8C00031461D6B5346A8472068216A03680269D8
:10E8D0005B689847206803685B6B984723894B45C2
:10E8E00017D0304609F00EFB504603B0BDE8F04F9C
:10E8F00009F008BB43EA182263897170D2B24B4514
:10E9000006F102003270CAD159463A4624F017FF88
:10E91000C9E7217C01983A460AEBD10124F00FFFA8
:10E92000DFE700BF2DE9F04790F804C084B004464B
:10E930000F4616461D46BCF1000F00F0B480427C25
:10E9400053B2002BB8BF0733DB10013B5BB2002B87
:10E950000DF10808C0F2BB80B0F80AE04146D800CB
:10E96000013B5BB24EFA00FCB3F1FF3F01F801CB73
:10E97000A0F10800F4D194F810C04FEADC0C0CF1BF
:10E98000FF335BB2581C09D00139D800013B27FA8C
:10E9900000F05BB201F8010F581CF6D10CEBD20766
:10E9A00007EB050A504609F0A9FA814647B1013F35
:10E9B000FFB2013741463A4624F0C1FE09EB070099
:10E9C00031462A4624F0BBFEE36A2068013303681F
:10E9D00065D0DB69984706460BE020680368DB6C6E
:10E9E000984720680368DB699847E369801B984271
:10E9F00063D22068E16A03689B6898470028ECD1DD
:10EA0000504609F07BFA064620680368DB6A98479F
:10EA10002068216A0368C2685B68984720680368B9
:10EA200052461F6B49463346B8472068216A03683F
:10EA300002695B689847206803685B6B9847E36AE4
:10EA40002068013303683ED09B6901219847206804
:10EA50000368DB69984707460BE020680368DB6CB6
:10EA6000984720680368DB699847E369C01B9842B0
:10EA70000CD22068E16A03689B6898470028ECD1B3
:10EA800063691BB115B1E27CB05C9847484609F058
:10EA900039FA304604B0BDE8F04709F033BA5B6993
:10EAA00032219847ACE74189CDE900C313463A4685
:10EAB000FFF7CEFE04B0BDE8F087484604B0BDE8DD
:10EAC000F04709F01FBA5B6901219847D8E7414632
:10EAD00051E700BF2DE9F04F457C044668B200289D
:10EAE000B8BF07309846C310013B85B05BB2002B1E
:10EAF0009DF838A09DF83CB001920BDBDA0003A82A
:10EB0000013B41FA02F65BB200F8016B5E1CA2F118
:10EB10000802F5D1A77CED0805EBD7074744384636
:10EB200009F0ECF9064645B103AA12F8013B00F8DA
:10EB3000013B831BDBB29D42F7D8A27CA18908EB85
:10EB4000D20224F020FEBAF1000F1ED0E26A206843
:10EB50000132036800F08180DB69984781460DE04F
:10EB600020680368DB6C984720680368DB69984776
:10EB7000E369A0EB0900984280F089802068E16A8F
:10EB800003689B6898470028EAD1384609F0B6F92F
:10EB9000814620680368DB6A98472068216A036819
:10EBA000C2685B689847206803683A4631461F6B25
:10EBB0004B46B8472068216A036802695B6898473A
:10EBC000206803685B6B9847BAF1000F20D0E26AB7
:10EBD00020680132036863D09B690121984720684F
:10EBE0000368DB69984707460BE020680368DB6C25
:10EBF000984720680368DB699847E369C01B98421F
:10EC000055D22068E16A03689B6898470028ECD1D8
:10EC1000636933B3B8F1000F23D0E27C19F8020026
:10EC20009847A17C05EBD10107464246494401982B
:10EC300024F085FD304609F065F9484609F062F98F
:10EC40003FB9BBF1000F1DD0A76917B12046B847E7
:10EC50000746384605B0BDE8F08F5B69322198471A
:10EC600093E7A17C019805EBD1014246494424F089
:10EC700066FD304609F046F9484609F043F9BBF114
:10EC8000000FE1D15F46384605B0BDE8F08F304651
:10EC900009F038F96FF43077384605B0BDE8F08FE9
:10ECA0005B69012198476369002BB3D1D9E73046EE
:10ECB00009F028F9484609F025F96FF4307738460D
:10ECC00005B0BDE8F08F00BF2DE9F04F83B00446DA
:10ECD0000C9F807C9DF834A09DF838B0D51905EBC9
:10ECE000D00528461646CDE9001309F007F98046FD
:10ECF0005EB106F1FF395FFA89F909F1010900995E
:10ED00004A4624F01CFD08EB0900A27CA18907EB10
:10ED1000D20224F038FDBAF1000F1DD0E26A20685B
:10ED2000013203687DD0DB69984781460DE0206899
:10ED30000368DB6C984720680368DB699847E369E0
:10ED4000A0EB0900984280F086802068E16A0368A1
:10ED50009B6898470028EAD1284609F0CFF88146F9
:10ED600020680368DB6A98472068216A0368C268E4
:10ED70005B689847206803682A4641461D6B4B46EE
:10ED8000A8472068216A036802695B689847206881
:10ED900003685B6B9847BAF1000F20D0E26A2068E5
:10EDA0000132036860D09B6901219847206803689D
:10EDB000DB69984705460BE020680368DB6C9847E1
:10EDC00020680368DB699847E369401B984252D288
:10EDD0002068E16A03689B6898470028ECD1636962
:10EDE0001BB317B3E27C19F802009847A17C06EB2D
:10EDF000D10105463A464944019824F0A0FC40461A
:10EE000009F080F8484609F07DF805BBBBF1000F1A
:10EE10001CD0A569DDB120462B4603B0BDE8F04FFC
:10EE200018475B693221984796E7A17C019806EB69
:10EE3000D1013A46494424F082FC404609F062F888
:10EE4000484609F05FF8BBF1000FE2D15D46284665
:10EE500003B0BDE8F08F404609F054F86FF4307508
:10EE6000284603B0BDE8F08F5B69012198476369CC
:10EE7000002BB6D1D9E7404609F044F8484609F0DE
:10EE800041F86FF43075284603B0BDE8F08F00BF3D
:10EE900090F811C02DE9F04F04464FFA8CF000288D
:10EEA000B8BF07301D46C310013B83B05BB2002BD7
:10EEB0009DF830609DF8347090460CDBDA0001A8B4
:10EEC000013B5BB241FA02FEB3F1FF3F00F801EBF8
:10EED000A2F10802F4D14FEADC0B0BEB050A504615
:10EEE00009F00CF88146BBF1000F09D001AA12F815
:10EEF000013B00F8013BA0EB0903DBB29B45F6D8D0
:10EF000041462A4624F01BFCE6B1E26A2068013241
:10EF1000036871D0DB69984780460CE0206803687D
:10EF2000DB6C984720680368DB699847E369A0EBCE
:10EF30000800984271D22068E16A03689B6898478C
:10EF40000028EBD1504608F0D9FF804620680368BE
:10EF5000DB6A98472068216A0368C2685B68984743
:10EF60002068036852464946D3F830A04346D0474C
:10EF70002068216A036802695B6898472068036813
:10EF80005B6B984706B3E26A2068013203684DD094
:10EF90009B690121984720680368DB69984706460A
:10EFA0000BE020680368DB6C984720680368DB6926
:10EFB0009847E369801B98423FD22068E16A036862
:10EFC0009B6898470028ECD16369CBB1C5B1E27C5E
:10EFD00018F8020098470546484608F093FF404657
:10EFE00008F090FFADB99FB1A56995B120462B46B9
:10EFF00003B0BDE8F04F18475B6932219847A1E79D
:10F00000484608F07FFF404608F07CFF002FEBD118
:10F010003D46284603B0BDE8F08F484608F072FF31
:10F020006FF43075284603B0BDE8F08F5B690121AD
:10F0300098476369002BC9D1E2E7484608F062FFB0
:10F04000404608F05FFF6FF43075284603B0BDE816
:10F05000F08F00BF2DE9F04F83B00446DDF830801B
:10F060009DF834909DF838B0019102EB08073846BE
:10F0700015469A4608F042FF06463DB1013DEDB205
:10F08000013501992A4624F05AFB7019514642462F
:10F0900024F055FBB9F1000F1BD0E26A2068013261
:10F0A000036874D0DB69984705460BE02068036865
:10F0B000DB6C984720680368DB699847E369401B6D
:10F0C000984276D22068E16A03689B6898470028D6
:10F0D000ECD1384608F012FF054620680368DB6A69
:10F0E00098472068216A0368C2685B68984720686F
:10F0F00003683A4631461F6B2B46B8472068216AA1
:10F10000036802695B689847206803685B6B9847EF
:10F11000B9F1000F20D0E26A20680132036851D0B3
:10F120009B690121984720680368DB699847074677
:10F130000BE020680368DB6C984720680368DB6994
:10F140009847E369C01B984243D22068E16A03688C
:10F150009B6898470028ECD16369E3B1B8F1000FD0
:10F1600019D0E27CA85C98470746304608F0CAFEF2
:10F17000284608F0C7FEC7B9BBF1000F14D0A76935
:10F180009FB120463B4603B0BDE8F04F18475B698E
:10F19000322198479DE7304608F0B4FE284608F033
:10F1A000B1FEBBF1000FEAD15F46384603B0BDE8BF
:10F1B000F08F304608F0A6FE6FF43077384603B083
:10F1C000BDE8F08F5B69012198476369002BC5D1C9
:10F1D000E1E7304608F096FE284608F093FE6FF40B
:10F1E0003077384603B0BDE8F08F00BF2DE9F0411D
:10F1F000457C6BB2002BB8BF0733DB10013B5BB221
:10F20000002B82B004460CDBC689DA0001A9013B61
:10F2100046FA02F05BB201F8010B581CA2F1080299
:10F22000F5D1A77CED0805EBD7070137384608F084
:10F2300065FE064645B101AA12F8013B00F8013B04
:10F24000831BDBB29D42F7D8A27CA189D208013290
:10F2500024F099FAE36A20680133036800F085809E
:10F26000DB69984780460CE020680368DB6C9847B0
:10F2700020680368DB699847E369A0EB08009842BF
:10F2800077D22068E16A03689B6898470028EBD131
:10F29000384608F033FE804620680368DB6A9847EA
:10F2A0002068216A0368C2685B6898472068036821
:10F2B0003A4631461F6B4346B8472068216A0368C7
:10F2C00002695B689847206803685B6B9847E36A4C
:10F2D00020680133036837D09B6901219847206873
:10F2E0000368DB69984707460BE020680368DB6C1E
:10F2F000984720680368DB699847E369C01B984218
:10F3000040D22068E16A03689B6898470028ECD1E6
:10F310006369FBB1E27C18F802009847A37C08EB14
:10F32000D303074630465D5D08F0ECFD404608F02B
:10F33000E9FD2FB967691FB12846B8470027E0806B
:10F34000384602B0BDE8F0815B69012198476369E6
:10F35000002BDFD1A37C08EBD30330465D5D08F0C2
:10F36000D1FD404608F0CEFDE4E75B6932219847C5
:10F370008EE7304608F0C6FD6FF43077384602B0AD
:10F38000BDE8F081304608F0BDFD404608F0BAFD0A
:10F390006FF43077384602B0BDE8F0812DE9F04FC8
:10F3A00085B01546109A9DF8444001948A4604465B
:10F3B000AF180293002B40F0FB80837C07EBD30750
:10F3C000384608F09BFD0646002D00F0C98046EA4D
:10F3D0000A035A0740F00B810B2D40F20881002DE3
:10F3E00014BF2B46012303934FEAD30B721CAAF1DF
:10F3F000080C31460023FCE9028901335FFA83FEE1
:10F400001046F345E1E8028900F1070002F1080225
:10F41000F1D8039901F0F8038B4206EB03023BD0CD
:10F4200003F1010C5FFA8CFC1AF80310F154AC459F
:10F4300002F1010030D2991CC9B21AF80C005070C8
:10F440008D4202F1020027D9D81C1AF801109170E0
:10F45000C1B28D4202F103001ED9181D1AF8011025
:10F46000D170C1B28D4202F1040015D9581D1AF8AD
:10F4700001101171C1B28D4202F105000CD90633A1
:10F48000DBB21AF8011051719D4202F1060003D956
:10F490001AF803309371D01D029B002B60D0109A94
:10F4A0000E9924F04CF9019B002B63D1384608F0EB
:10F4B00025FD804620680368DB6A98472068216A3A
:10F4C0000368C2685B689847206803683A4631461B
:10F4D0001F6B4346B8472068216A036802695B686E
:10F4E0009847206803685B6B9847019B0BB3E26AFF
:10F4F00020680132036800F086809B6901219847EB
:10F5000020680368DB69984707460BE020680368BA
:10F51000DB6C984720680368DB699847E369C01B88
:10F52000984277D22068E16A03689B689847002870
:10F53000ECD167693FB1109B002B77D0E37C18F8C2
:10F540000300B8470746029B002B3ED0304608F028
:10F55000D9FC404608F0D6FC384605B0BDE8F08F2F
:10F56000109BA27CA18903EBD20224F00CF9019B31
:10F57000002B9BD0E26A20680132036821D0DB694E
:10F58000984780460CE020680368DB6C9847206849
:10F590000368DB699847E369A0EB080098421DD235
:10F5A0002068E16A03689B6898470028EBD17DE7F3
:10F5B000384608F0A3FC0646002D7FF408AF30461D
:10F5C0006DE75B693221984770E7A17C05EBD101BB
:10F5D0004144DDE90F0224F0B2F8B7E7304608F005
:10F5E00091FC6FF43077384605B0BDE8F08F0AF132
:10F5F000FF3A30461AF8013F00F8013B831BDBB2AB
:10F600009D42F7D848E75B69012198476769002F59
:10F6100091D198E7304608F075FC404608F072FC3E
:10F620006FF43077384605B0BDE8F08F1F468AE7A3
:10F630002DE9F041067986B005460C46002E3FD0F4
:10F64000477C78B20028B8BF0730C010013840B2FC
:10F65000002804A93EDBB5F808800E464FEAC00C2E
:10F66000013840B248FA0CFEB0F1FF3F06F801EB5A
:10F67000ACF1080CF4D195F810E04FEADE0E0EF173
:10F68000FF3040B2B0F1FF3F0BD0013E4FEAC00C5B
:10F69000013840B224FA0CFCB0F1FF3F06F801CF6C
:10F6A000F4D100240126029201930EEBD7022846E2
:10F6B000039600942346FFF771FE06B0BDE8F08183
:10F6C0000189CDE9003233462246FFF7C1F806B082
:10F6D000BDE8F0810E46CEE72DE9F04F8BB0072B49
:10F6E0009DF858509DF850809DF8547005959DF8F0
:10F6F0005CB000F22F81B8F1070F00F22B81434577
:10F70000C0F028811E4603799146002204460D462A
:10F710008DF81F20002B00F00681427C53B2002B95
:10F72000B8BF0733DB10013B5BB2002B08A9C0F266
:10F730000F81B0F808A08E46D800013B5BB24AFAB0
:10F7400000FCB3F1FF3F0EF801CBA0F10800F4D1AB
:10F7500094F810C04FEADC0C0CF1FF335BB2581C7C
:10F760000AD00EF1FF3ED800013B25FA00F05BB253
:10F770000EF8010F581CF6D101200DF11F0A0023CD
:10F78000CDE902000CEBD202CDE9003A2046FFF7AA
:10F7900005FEFF22731CC8F1080802FA03F342FABF
:10F7A00008F843EA08039DF81F60DB43DBB289EAEF
:10F7B0000602134203D1BBF1000F00F0A18026EA3C
:10F7C000030603EA0909237946EA09068DF81E6053
:10F7D000002B00F0B280627C53B2002BB8BF07331D
:10F7E000DB10013B5BB2002B08A9C0F2B680B4F875
:10F7F0000A8008464FEAC30C013B5BB248FA0CFE94
:10F80000B3F1FF3F00F801EBACF1080CF4D194F830
:10F8100010C04FEADC0C0CF1FF335BB2B3F1FF3FD9
:10F820000BD001384FEAC30E013B5BB225FA0EFE46
:10F83000B3F1FF3F00F801EFF4D1002001230CEBFE
:10F84000D2020DF11E0CCDE900C0CDE902332046F5
:10F85000FFF7A4FD206803681B6A98474FF47A7984
:10F8600009FB07F983464FF0000801272068036869
:10F870001B6A9847A0EB0B0048454FD223798DF8BF
:10F880001F80002B40D0617C4BB2002BB8BF0733E8
:10F89000DB10013B5BB2002B3EDBB4F808C0DA00A2
:10F8A00008A8013B5BB24CFA02FEB3F1FF3F00F83F
:10F8B00001EBA2F10802F4D1227CD208531E5BB204
:10F8C000B3F1FF3F0BD001384FEAC30C013B5BB2F1
:10F8D00025FA0CFCB3F1FF3F00F801CFF4D102EBA5
:10F8E000D102CDE90277CDE9008A002308A920469C
:10F8F000FFF754FD9DF81F30059A73401A42B5D1A9
:10F9000000200BB0BDE8F08F21892A46CDE900A781
:10F910002046FEF79DFFEDE708A8CDE76FF00F004A
:10F920000BB0BDE8F08F01220DF11F0A0189CDE96E
:10F9300000A22A46FEF78CFF2BE761890093012382
:10F9400001932A460DF11E032046FEF781FF81E751
:10F950008E46FDE66FF00A00D3E7084657E700BF82
:10F96000F0B51A4D0468DFF868C087B04FF0FF3378
:10F97000019129680593CDE90333CB07064602922E
:10F980000BD4D4E90332CCE90723CCE90D320121B1
:10F99000CCF80430CCF80830296001AD0FCD3063CD
:10F9A0002868306401AD7163B263F36306AFC6F8D3
:10F9B00044C0236855F8041B1B68A268204698477A
:10F9C000BD4201D03468F4E707B0F0BDB87C002038
:10F9D0001C610020F8B5446C24B906E0914205D0C2
:10F9E000183402D02278002AF8D1F8BD0646043433
:10F9F00000F1300500F1440755F8041B002904DB31
:10FA00003068226803685B689847AF4204F10404D9
:10FA1000F2D1F8BD21B1034B880143F0010318472F
:10FA2000704700BFC0BB050008467047C069FDF7BE
:10FA3000ABBB00BFC069FDF7EBBB00BF72B1F8B54F
:10FA40004C1E0746A6185D1E14F8011FF869FDF745
:10FA500093FCB44205F8010FF6D1F8BD704700BF22
:10FA600008F05EBF4B1C02D0C8B205F041BC704725
:10FA700008461146421C03D01A46C0B205F0FEBC2F
:10FA8000704700BFC069FDF72FBC00BF00F1200325
:10FA900093E80600C069FDF7C3BB00BF08461146E6
:10FAA000421C02D01A4608F0DDBE0020704700BF9D
:10FAB00008B50A4BDB68D90103D5094B1A68D20790
:10FAC00008D407F0A7F9074BA0FB0323900A40EAEC
:10FAD000835008BD5868800908BD00BFF0ED00E004
:10FAE000001000E040420F0005F062BF084605F03C
:10FAF0006BBF00BF4B1C02D0084605F0BBBE704771
:10FB000008461146421C02D01A4605F0A9BD7047AE
:10FB10004B1C02D0084609F053B90020704700BFC3
:10FB20004B1C084602D0114609F02EB9704700BFA1
:10FB30004B1C084602D0114609F0A2B8704700BF1E
:10FB400090F8282002B9704702680449926B8A42F3
:10FB500002D1C069FDF75CBB104700BF35FA020057
:10FB600090F8282002B9704702680449926A8A42D4
:10FB700002D1C069FDF708BB104700BF2DFA020093
:10FB8000F0B587B004AD85E80C00032701220023FF
:10FB900004240E46CDE9014700921946044605F0BB
:10FBA00083FA95E8030004F12003054DE661002285
:10FBB000256083E80300204684F8282007B0F0BDC4
:10FBC0006CBB05004AB116290B466FF00800A8BFB0
:10FBD00016238342B8BF034613700931C9B21F29E7
:10FBE0008CBF6FF00C000020704700BFF0B50368B9
:10FBF0001D4ADB6C934285B005460E4612D101F1D9
:10FC00000903DBB21F2B2CD804AC002304F8013D00
:10FC100040F6E70101232246284603F0D1FD38B122
:10FC200005B0F0BD002298470028EDD005B0F0BD2A
:10FC300001270246009707230421284603F09CFD74
:10FC40000028EDD1F1B20422284603F047FE002837
:10FC5000E6D13B462246284640F6E70103F0A8FDE0
:10FC6000DEE76FF00C00DBE7C5FB02009FED167AC4
:10FC7000B4EEC70AF1EE10FA23D49FED147AB4EE75
:10FC8000C70AF1EE10FA1CDC38B5D0ED557A70EEEB
:10FC9000677AB3EE047AF0EEE77AF4EEC77AF1EE23
:10FCA00010FA054610EE104A06DA00EE104A284611
:10FCB000BDE8384003F070BE03F092FD0028F4D098
:10FCC00038BD6FF00B007047000016430000704411
:10FCD00070B5012984B0044675D064D3022903D0DD
:10FCE0006FF0130004B070BD0022012300929FED5D
:10FCF000670A1A46062104F0F7FA0028F2D12368B1
:10FD0000634A1B6B9FED630A934240F0A680D4EDDB
:10FD1000557A70EE677AB3EE047AF0EEE77AF4EE95
:10FD2000C77AF1EE10FA80F291809FED5A0A2046D0
:10FD300003F032FE0028D5D10121204603F05EFEFB
:10FD40000028CFD1236854499A6C8A4240F08880B9
:10FD5000DB6C524A934240F0878004AD002305F8E3
:10FD6000013D40F6E70101232A46204603F028FD25
:10FD70000028B7D101260246009607230421204619
:10FD800003F0FAFC0028ADD104220A21204603F03A
:10FD9000A5FD0028A6D133462A46204640F6E701B5
:10FDA00003F006FD9EE70022DFED381A9FED3C1AB6
:10FDB0009FED3C0A1021F1EE040A04F0B9F8002886
:10FDC0009DD004B070BD002300939FED300A08233E
:10FDD0001222072103F0CAFF002883D109212046FF
:10FDE00002F09AFC00287FF47DAF9FED2F0A204699
:10FDF00002F052FA00287FF475AF2368244A1B6B87
:10FE00009FED240A93423DD1D4ED557A70EE677A86
:10FE1000B3EE047AF0EEE77AF4EEC77AF1EE10FA78
:10FE20002ADA9FED1C0A204603F0B6FD00287FF475
:10FE300059AF0121204603F0E1FD00287FF452AFC5
:10FE4000236820469B6C0A2198474BE7204603F025
:10FE5000C7FC00283FF469AF44E72046984769E7AC
:10FE600020460A2190473DE702460A21204698474E
:10FE700000287FF437AF70E7204603F0B1FC00287C
:10FE8000CFD02FE720469847D0E700BFCDCCCC3F5E
:10FE90006DFC02000000D943EDFB0200C5FB02002F
:10FEA00033331C439A9999400000FA4210B5044636
:10FEB00001F066FE034A044B2260C4F84C31204630
:10FEC00010BD00BFD8BB0500C8BB050070B52DED47
:10FED000028B82B0B0EE408ABDF824409DF82850D5
:10FEE000009515460E461A4629462346B0EE410AAD
:10FEF000F0EE608A04469DF9205003F037FF18B1F8
:10FF000002B0BDEC028B70BD3146204602F004FC0D
:10FF10000028F5D1B0EE680A204602F0BDF90028AD
:10FF2000EED12368224A1B6B934231D1DFED217A57
:10FF3000B4EEE78AF1EE10FA37D4DFED1F7AB4EEB3
:10FF4000E78AF1EE10FA30DCD4ED557A78EE677A74
:10FF5000B3EE047AF0EEE77AF4EEC77AF1EE10FA37
:10FF60001BDAB0EE480A204603F016FD0028C7D180
:10FF70000121204603F042FD0028C1D123689B6C7B
:10FF80002946204602B0BDEC028BBDE87040184700
:10FF9000B0EE480A20469847E8E7B0EE480A204607
:10FFA00003F01EFC0028DCD0AAE76FF00B00A7E7E7
:10FFB0006DFC0200000016430000704470B5074B52
:10FFC00005460FCB84B02E686C4684E80F00D6F847
:10FFD000903021462846984704B070BDA4BC050067
:10FFE00008B5084622F07AF803A3D3E9002322F0EB
:10FFF000EFF822F087FB08BDFCA9F1D24D62B03FBB
:020000023000CC
:10000000D0F85C01704700BF00F00E03062B0BD048
:10001000082B0CD00A2B0CD00138C0B2FD288CBFA5
:100020006FF00100002070476FF430707047024895
:1000300070470248704700BF3EFDFFFF3DFDFFFFD8
:1000400008B50221D0F85C01FFF7C4FC4FF0FF3087
:1000500008BD00BF30B5022385B001220C460D0A51
:10006000D0F85C018DF80D40CDE90022194603AAB5
:100070008DF80C50FEF70CFF05B030BD00B585B013
:1000800004AA002322F8043D0123D0F85C011221C8
:10009000CDE900330223FEF71DFDBDF80C0040BA88
:1000A00080B205B05DF804FB30B52DED028B89B050
:1000B00008AC03AD85E80E00FF2304F8013D0123E1
:1000C000D0F85C019DED048ACDE900332246112170
:1000D000FEF700FD9DF81F305BBBDDED038A18EED7
:1000E000900A22F01DF82AA3D3E9002322F0E2FAB5
:1000F000002840D1DFED287AF4EEE78AF1EE10FA1D
:1001000039DC18EE100A22F00BF821A3D3E9002302
:1001100022F0D0FAC0BBDFED217AB4EEE78AF1EE2F
:1001200010FACCBF6FF06500002009B0BDEC028B67
:1001300030BD012B1CD19DF80C30053B072B20D87E
:10014000B5EEC08AF1EE10FA18D4DFED157AB4EEF0
:10015000E78AF1EE10FA11DC9DF81430053B032B11
:1001600094BF00206FF0090009B0BDEC028B30BDD8
:100170004FF0FF30D9E76FF06400D6E76FF007006B
:10018000D3E76FF00800D0E76FF06500CDE700BF60
:10019000333333333333E33F0000964300004843A7
:1001A0000000FF43F0B585B004AAFF2302F8013D2B
:1001B000012304460D46D0F85C011121CDE900333E
:1001C000FEF788FC9DF80F30012B1AD053B1032B9A
:1001D00064D194F89931032B00F2A680DFE803F094
:1001E0009A959262D4F87001ED0000FB05F021F0C1
:1001F00075FF00224E4B21F0EBFF22F083FA05B091
:10020000F0BD94F86021D4ED5A6A94F864C142F2CA
:100210001073934007EE103AF2EE047AB8EE477A84
:1002200066EEA76A531FC7EE267ADBB2022B35BFF4
:100230001926112600270827FCEEE77A17EE900A08
:10024000B0F57A5F2ABF02F13E0393009B00D9B25A
:1002500094F8633105EB4305C2EB4502BCF1000F96
:1002600007EB820314BF0022142294F86151B4F802
:1002700066411A4412B24B1E002AA8BF9B180435CF
:1002800093FBF1F304F108029BB205FB032306EB99
:10029000830300FB03F0800805B0F0BD4FF0FF3092
:1002A00005B0F0BD05EB4505ADB2224BA3FB052320
:1002B0005B0903EB830203EB430302EB8202A5EB32
:1002C00003155200ADB292B215B102351544AAB26F
:1002D00094F89B11184B9FED197AC1EBC10001EB0B
:1002E000C00102EB410292B203FB02F307EE903A27
:1002F000F8EE677A67EE877AFCEEE77A17EE900AF7
:1003000005B0F0BD6D00ADB2CFE705EB4505C5F317
:100310004F05CAE705EB45056D00094B0435A3FB06
:100320000535C5F38F05C0E76FF0090067E700BF2B
:100330000000503FABAAAAAA00127A00AD37063BD4
:10034000CDCCCCCC11B310B584B004AAFF2302F8F5
:10035000013D0123D0F85C010C46CDE900331121A9
:10036000FEF7B8FB9DF80F30012B03D006D3032B0B
:1003700008D102230020237004B010BD002020709B
:1003800004B010BD6FF0130004B010BD6FF0020098
:10039000704700BF10B5D0F85C3104461868036898
:1003A0009B689847C1B22046BDE8104004F00CBDE0
:1003B00070B5D0F85C311C68596A236820461A6D04
:1003C0001D6990472B4601462046BDE870401847FE
:1003D00030B5012185B00446D0F85C01FFF7FAFA88
:1003E00004AA042302F8013D0023D4F85C0184210F
:1003F000CDE900330123FEF74BFDD4F85C3105460F
:100400001868036801215B699847284605B030BD2C
:100410002DE9F041D0F85C311C680F46596A236819
:1004200005461A6DDE6820469047D5F85C311B689A
:1004300001463A462046B4465B69BDE8F041604754
:1004400010B5012384B003AA0024D0F85C01ADF8F4
:100450000C40CDE90033142103238DF80E40FEF744
:1004600039FB9DF80E0021F049FE0022044B21F0DB
:10047000AFFE22F067F900EE100A04B010BD00BF15
:100480000000E0BF30B5044685B00121D0F85C0122
:1004900094F84A51FFF79EFA0023D4F85C011A46FB
:1004A000CDE900331946FEF7F3FC04AA0123D4F882
:1004B0005C0102F8045D8021CDE90033FEF7E8FC21
:1004C00005B030BD70B505460C4684B0D0F85C016F
:1004D00095F85811FFF77EFA74B903AE0123D5F8E9
:1004E0005C013246CDE900330024D1218DF80C4067
:1004F000FEF7CEFC04B070BD0123210CD5F85C01E1
:100500008DF80F4003AECDE90033230E8DF80C308B
:10051000240A8DF80D103246042386218DF80E40F2
:10052000FEF7B6FC0028D9D004B070BD30B585B058
:1005300004ACFF2304F8043D012305462246D0F80D
:100540005C011121CDE90033FEF7C4FA9DF80C30AF
:10055000012B03D195F86431012B10D00123D5F87C
:100560005C012246CDE90033002402231321ADF8BB
:100570000C40FEF7AFFA9DF80C0005B030BDD5F881
:10058000940105B030BD00BF30B502680D4DD2F802
:10059000C840AC4285B08AB210D18DF80D1002234C
:1005A0000121140AD0F85C018DF80C40CDE900114E
:1005B00003AA1946FEF76CFC05B030BD1146A047F2
:1005C00005B030BD5500030030B585B00823C1F338
:1005D00007220125CCB28DF808208DF80A20D0F82A
:1005E0005C018DF80940CDE90055194600250DEB59
:1005F00003028DF80B400395FEF74AFC05B030BDB1
:10060000F0B52DED028B85B004ADFF2305F8083D54
:10061000012304462A46D0F85C011121CDE90033BC
:10062000B0EE408AFEF756FA9DF80830002B58D1FC
:10063000B5EEC08AF1EE10FA4AD418EE100A21F095
:100640006FFD2CA3D3E9002306460F4622F032F8B3
:10065000002843D1DFED267AB4EEE78AF1EE10FAF6
:100660003CDC21A3D3E900233046394621F0B0FD1C
:1006700022F048F8C0F30743C0F307265FFA80FC76
:100680008DF80D300123D4F87011C4F87401D4F83A
:100690005C018DF80E60CDE900330F0C0E0A2A467E
:1006A0008DF80A1094F87A5194F879418DF80FC0BA
:1006B00008238B218DF808708DF809608DF80B5098
:1006C0008DF80C40FEF7E4FB05B0BDEC028BF0BDED
:1006D0004FF0750C022640F27520D1E76FF06500EF
:1006E000F2E76FF01300EFE7FCA9F1D24D62904002
:1006F00000004843333333333333E33F000000001B
:10070000F0B52DED028B85B004ADFF2305F8083D53
:10071000012304462A46D0F85C011121CDE90033BB
:10072000B0EE408AFEF7D6F99DF8083043B1032BAE
:100730004DD118EE100A21F0F3FC06460F4612E0E8
:1007400018EE100A21F0ECFC27A3D3E9002306469B
:100750000F4621F0AFFFE8BBDFED217AB4EEE78A68
:10076000F1EE10FA36DC32463B4600201D4921F0FE
:1007700059FE21F0C7FF01260346D4F87411C4F8CE
:100780007031D4F85C018DF80A30CDE900662A4654
:100790001D0A4FEA134C0F0C0E0A8DF809508DF804
:1007A0000F1094F87A5194F879418DF808C0082315
:1007B0008B218DF80D708DF80E608DF80B508DF833
:1007C0000C40FEF765FB05B0BDEC028BF0BD6FF091
:1007D0001300F8E76FF06400F5E700BFAFF30080A7
:1007E0000000964300402F41333333333333E33F2C
:1007F00030B585B004ACFF2304F8043D0123054661
:100800002246D0F85C011121CDE90033FEF762F9F0
:100810009DF80C30012B03D0BBEE040A05B030BDAF
:10082000D5F85C012246CDE90033002403231421CE
:10083000ADF80C408DF80E40FEF74CF99DF80D30E8
:100840009DF80C201B0243EA02431B0AD8B21B0688
:1008500048BFA0F5807021F051FC0022044B21F02C
:10086000B7FC21F06FFF00EE100A05B030BD00BFED
:100870000000D03F2DE9F04784B004ADFF2305F818
:10088000083D01232A4604460F46D0F85C01112199
:10089000CDE90033FEF71EF99DF80820012A44D166
:1008A0000026D4F85C0184F898712B4640F236712A
:1008B0008DF8086094F86381B4F86661D4F8949177
:1008C00094F864A1FEF7B4FED4F85C01FEF78EFC48
:1008D00028BB9DF808C02FBB4CF0040C01232A460E
:1008E00040F23671D4F85C018DF808C0FEF71AF8B2
:1008F0000123D4F85C018DF80960CDE90033360A94
:100900002A4606238C218DF808608DF80AA08DF800
:100910000B908DF80C808DF80D70FEF7B9FA04B0CD
:10092000BDE8F0870CF0FB0CD8E76FF01300F6E79A
:1009300070B584B004AEFF2306F8083D01230546D8
:100940000C46D0F85C013246CDE900331121FEF7A8
:10095000C1F89DF808300BB1032B3FD1042C40D8CF
:10096000DFE804F02C30343803000B2485F87A419A
:10097000D5F87031D5F874118DF80B401C0C8DF83A
:100980000A308DF808401B0A0124D5F85C018DF867
:10099000093095F879518DF80F103246CDE90044B1
:1009A0000E0C0C0A08238B218DF80D608DF80E407B
:1009B0008DF80C50FEF76CFA04B070BD002385F87A
:1009C0007A31D5E7082485F87A41D1E7092485F8FA
:1009D0007A41CDE70A2485F87A41C9E76FF0130020
:1009E000EAE76FF06900E7E730B585B004ACFF23B4
:1009F00004F8043D012305462246D0F85C0111218C
:100A0000CDE90033FEF766F89DF80C30012B03D0DA
:100A10006FF0130005B030BD2A681249526F8A4248
:100A20001DD1D5F85C012246CDE900330024022314
:100A30001221ADF80C40FEF74DF8BDF80C0040BA9D
:100A400080B2C30508D410F0800F0CBF4FF0FF3008
:100A50006FF00E0005B030BD034805B030BD28462C
:100A60009047EEE77D00030042FDFFFF2DE9F043D4
:100A700087B006AE4FF0FF0806F80C8D01252B4617
:100A800004460F46D0F85C013246CDE900551121ED
:100A9000FEF720F89DF80C30002B40F08180D4F850
:100AA0005C018FB102AB2A464FF4D76184F87D51C7
:100AB000FEF7BEFDD4F85C01FEF798FB074678B35D
:100AC000384607B0BDE8F083B4F8803184F87D7112
:100AD000CDE9005594F8781194F87C518DF80D30DB
:100AE0004FEA132C32468DF80E1094F87B6194F87F
:100AF0007E418DF8107009238C218DF814708DF8CB
:100B000012808DF80CC08DF813608DF80F508DF8A1
:100B10001140FEF7BDF90746384607B0BDE8F0833F
:100B20009DF808C0D4F85C018DF809802CF0010C08
:100B300002AA4CF0010C02234FF4D7618DF808C0D3
:100B4000FDF7F0FEB4F88011D4F85C018DF80D10BB
:100B5000CDE90055324694F878E194F87BC194F8D9
:100B60007C6194F87D5194F87E418DF810704FEAC5
:100B7000112909238C218DF812808DF80C908DF8A5
:100B80000EE08DF813C08DF80F608DF814508DF8BD
:100B90001140FEF77DF90746384607B0BDE8F083FF
:100BA0006FF013078CE700BF2DE9F04186B006AE69
:100BB000FF2706F80C7D012304468846D0F85C0127
:100BC0001546CDE9003332461121FDF783FF9DF82C
:100BD0000C30F3B9082D22D82B4642464FF4D86189
:100BE000D4F85C01FDF79EFEED00B4F88031EDB263
:100BF000AB421A46A8BF2A461F2A84F87C5113DC50
:100C0000172AD1B264DC0F296DD8002918BF04213E
:100C10000BE0012B33D0032B60D1042D5AD06FF0A1
:100C2000680006B0BDE8F08107218DF80D301B0A81
:100C30008DF80C30012384F87811D4F85C018DF81C
:100C40000E10CDE9003394F87D3194F87E118DF8C3
:100C50000F5032468DF8143094F87B618DF81110E6
:100C60000025FF2409238C218DF813608DF8105086
:100C70008DF81240FEF70CF906B0BDE8F081012DA9
:100C8000CDD8D4F85C018DF80C70CDE90033324634
:100C9000112198F80050FDF71DFF9DF80C30012B35
:100CA0001CD125F00F032D01D4F85C01324643F02E
:100CB000040445F0040502234FF4E8618DF80C406C
:100CC0008DF80D50FDF72EFE002006B0BDE8F08136
:100CD0000621AAE7D8F80030C4F89C316FF0130061
:100CE00006B0BDE8F08105219FE700BF70B503683D
:100CF000234AD3F8C830934284B0044636D104AABC
:100D00004FF6437322F8043D01210223D0F85C0121
:100D1000CDE900111946FEF7BBF8054615B1284686
:100D200004B070BD2368174A9B68934223D1D4F85E
:100D30005C0194F84A610121FEF74CFED4F85C0195
:100D40002B46CDE900552A462946FEF7A1F804AA0C
:100D50000123D4F85C0102F8046D8021CDE9003351
:100D6000FEF796F80546284604B070BD44F2FF3100
:100D700098470546D2E7204698470546CFE700BF8B
:100D800055000300850403002DE9F043044687B0B5
:100D9000D0F85C0116460F46FEF728FA23684D4A44
:100DA0005B6F9342054640F0878006AA002322F835
:100DB000043D0123D4F85C011221CDE90033022364
:100DC000FDF788FEBDF8140040BA80B26FF43073AE
:100DD0009D4268D0002D5FD1430661D400F0300001
:100DE00020280CBF6FF006094FF000090DF118081C
:100DF000FF2308F8043D0123D4F85C014246CDE905
:100E000000331121FDF766FE9DF81430012B03D14C
:100E100094F86431012B52D00123D4F85C0142468E
:100E2000CDE90033002502231321ADF81450FDF75E
:100E300051FE9DF815209DF8143016B1B34228BF1D
:100E40003346DBB20126D4F85C018DF815200093FF
:100E50001E253B46CDE90166022241468DF814501D
:100E6000FDF732FF0546B8B923681B4AD3F8C830EE
:100E7000934228D10223D4F85C01019600964246A1
:100E800019464FF64374ADF81440FEF701F80546D5
:100E9000B9F1000F18BF4D46284607B0BDE8F083F2
:100EA0006FF00609A2E710F4007F18BF6FF0050588
:100EB000284607B0BDE8F0832046984786E7D4F877
:100EC00094310022B9E7204644F2FF3198470546A5
:100ED000DEE700BF7D000300550003002DE9F0416F
:100EE00086B000240546FF270226D0F85C01039453
:100EF000CDE901672346224640F6E2010094FEF761
:100F0000EBFBD5F85C012346CDE90274CDE9004640
:100F1000224640F6E501FEF7DFFB0123D5F85C0130
:100F200000934FF6FF7605AA032382210194ADF8C2
:100F300014608DF81660FDF7ABFFD5F85C311868CA
:100F400003680A215B6998472646274605AB0122BC
:100F500040F61901D5F85C018DF81470FEF768FBB6
:100F6000D5F85C01FEF742F99DF8140000F001008D
:100F7000A04001343043082CC6B2E7D12B68214A87
:100F80009B6893423AD10121D5F85C0195F84A411A
:100F9000FEF720FD0023D5F85C0101971A4619469B
:100FA0000097FDF775FF0123D5F85C018DF814401B
:100FB00005AACDE900338021FDF76AFF00244FF038
:100FC000FF080227D5F85C01039423460094CDE97D
:100FD0000178012240F6E201FEF77EFBD5F85C01C4
:100FE0002346CDE90284CDE90047012240F6E50120
:100FF000FEF772FB304606B0BDE8F0812846984700
:10100000DCE700BF850403002DE9F04F87B006AD93
:10101000FF2305F80C3D01232A4604460E46D0F86E
:101020005C011121CDE90033FDF754FD9DF80C2042
:10103000012A45D0002A40F08A8094F87C71B2B22F
:10104000BA42A8BF3A46B3B21F2AA4F880312ADDBB
:1010500007211B0A8DF80C30012384F87811D4F88D
:101060005C018DF80D60CDE9003394F87B3194F884
:101070007DC194F87E618DF80E102A46FF2400256C
:101080008DF813308C2109238DF80F708DF814C062
:101090008DF811608DF810508DF81240FDF7F8FEB4
:1010A00007B0BDE8F08F172AD1B205DC0F2905D8AB
:1010B000002918BF0421CCE70621CAE70521C8E7AB
:1010C000B7B24FF0000CD4F85C01A4F866712B465F
:1010D00040F236718DF80CC094F86391D4F894A165
:1010E00094F864B194F89881FEF7A2FAD4F85C0100
:1010F000FEF77CF80028D3D19DF80CC0D4F85C0131
:10110000B8F1010F0CBF0CF0FB0C4CF0040C2A469C
:10111000012340F236718DF80CC0FDF703FC01236A
:10112000D4F85C018DF80D603F0ACDE900332A4602
:1011300006238C218DF80C708DF80EB08DF80FA061
:101140008DF810908DF81180FDF7A2FEA8E74FF002
:10115000FF30A5E72DE9F04786B006AD002325F85E
:101160000C3D012604462A46D0F85C010223CDE955
:1011700000668F21FDF78CFE10B106B0BDE8F08748
:1011800023684E4AD3F8C83093424AD10223D4F898
:101190005C010196009619464FF643762A46ADF853
:1011A0000C60FDF775FE0126D4F85C013346CDE9ED
:1011B0000066FF272A4611218DF80C70FDF78AFC86
:1011C0009DF80C30B34231D0002B74D1B4F88011AB
:1011D000D4F85C018DF81030CDE900662A4694F809
:1011E0007B3194F878518DF80D100E0A94F87C112B
:1011F0008DF80E508DF8133094F87D518DF80F1046
:1012000094F87E418DF8127009238C218DF80C60C2
:101210008DF814508DF81140FDF73AFE06B0BDE888
:10122000F08744F2FF3120469847BCE71A46002673
:10123000D4F85C018DF80C602B4640F23671B4F89E
:10124000666194F86381D4F8949194F864A194F859
:101250009871FEF7EDF9D4F85C01FDF7C7FF00289F
:101260008BD19DF80CC0D4F85C01012F0CBF0CF0A1
:10127000FB0C4CF0040C2A46012340F236718DF829
:101280000CC0FDF74FFB0123D4F85C018DF80D6015
:10129000CDE90033360A2A4606238C218DF80C60EE
:1012A0008DF80EA08DF80F908DF810808DF81170CC
:1012B000FDF7EEFD61E74FF0FF305EE755000300FC
:1012C000F0B503683E4A5D69954285B049D19B6897
:1012D0003C4A934204466ED10121D0F85C0194F857
:1012E0004A51FEF777FB00231A461946D4F85C01F1
:1012F000CDE90033FDF7CCFD04AA012302F8085D17
:10130000D4F85C018021CDE90033FDF7C1FD05462D
:1013100025BB40F27221204603F040FD0221064623
:10132000204603F03BFD02460823C2F307210127B4
:10133000D4F85C018DF809608DF80B208DF80A1047
:10134000C6F30726CDE900770DEB03021946039596
:101350008DF80860FDF79CFD054670B1284605B084
:10136000F0BD0023009340F2722202236FF07F4110
:10137000A8470546284605B0F0BD2046FFF7EAFE1F
:1013800005460028EAD1D4F85C010221FEF722FBD1
:10139000D4F85C0102AACDE900754FF6FF7403236F
:1013A0008221ADF808408DF80A40FDF771FD054631
:1013B000284605B0F0BD98470546002DA9D0CDE7D9
:1013C000C9130300850403002DE9F0410E4690F88F
:1013D0006411012984B0044690461F4650D023680A
:1013E0003F4A9B68934255D10121D4F85C0194F89F
:1013F0004A51FEF7EFFA00231A461946D4F85C0169
:10140000CDE90033FDF744FD04AA012302F8085D8D
:10141000D4F85C018021CDE90033FDF739FD0546A4
:1014200055BB6FF07F439E424146204618BF47F4AC
:10143000007703F0B3FC39460546204603F0AEFCC6
:101440000127844608238DF80950C5F30725D4F8F1
:101450005C018DF80850CCF3072E0025CDE900770C
:101460000DEB0302194603958DF80BC08DF80AE0C9
:10147000FDF70EFD054688B1284604B0BDE8F081B1
:101480000A9B002BABD0C0F894312368144A9B68A8
:101490009342A9D0204698470546C1E72046FFF76A
:1014A00059FE05460028E7D1D4F85C010221FEF779
:1014B00091FAD4F85C018DF80A60CDE9007502AAB2
:1014C000350C340A032382218DF808508DF8094029
:1014D000FDF7DEFC0546284604B0BDE8F08100BFFC
:1014E00085040300000000002DE9F04F0568DFF8D7
:1014F000A482AD68454587B004460F461646994616
:1015000032D10121D0F85C0194F84A51FEF762FA19
:1015100000231A461946D4F85C01CDE90033FDF7E3
:10152000B7FC06AA012302F8045DD4F85C0180210F
:10153000CDE90033FDF7ACFC05468DB9FF2E00F276
:10154000108123683146DB6E204698472268834627
:10155000D5694B46394632462046A847054630B144
:10156000284607B0BDE8F08FA8470546E5E70DF12E
:101570001809FF2309F8043D0123D4F85C014A4609
:10158000CDE900331121FDF7A5FAD4F85C319DF8BF
:1015900014A018680368DB699847794B03950BEB37
:1015A0008B0BA3FB0B3B4FEA9B1B07460BF105057F
:1015B00007E0D4F85C311868596A03689B6898475B
:1015C00068BBD4F85C3118680368DB6C9847D4F8C2
:1015D0005C3118680368DB699847C01B8542E8D214
:1015E000236868491A6A8A4279D1D3F8C830664AB2
:1015F000934240F0828001220223D4F85C014FF62E
:101600004375CDE9002219464A46ADF81450FDF75E
:101610003FFC0546002D40D06FF00405A0E7BAF16D
:10162000030F4FF0010C4FF002034A464FF0120136
:1016300069D12068D0F874B05448834554D1D4F8A7
:101640005C01CDE900CCBDF80CC0ADF814C0FDF7CD
:1016500041FABDF814305BBA9BB2DB07204652D486
:10166000D4F8B41101F00F0103F068FA2368464A78
:10167000D3F8C8B0022393454FF001004FF6437CE6
:101680004A46194634D1D4F85CE1ADF814C0CDE92E
:1016900000007046FDF7FCFB93E723689B68434519
:1016A00062D10121D4F85C0194F84A61FEF792F905
:1016B0002B462A462946D4F85C01CDE90055FDF7B2
:1016C000E7FB0123D4F85C018DF814604A46CDE9AC
:1016D00000338021FDF7DCFB6FF0040540E7204676
:1016E00090476FF004053BE72046D8470346B4E730
:1016F00044F2FF312046D84763E744F2FF312046E9
:101700009847054686E7D4F85C3118680368DB69BA
:1017100098470546304620F0E1FC00221C4B20F0A3
:1017200057FD8046E81B07EE900AF8EE677A894677
:1017300017EE900A20F0F4FC0FA3D3E9002320F069
:1017400047FD02460B464046494620F06BFE20F01E
:10175000F9FF2368C4F888011B6A204698470546AC
:10176000FEE66FF00305FBE6204698476FF00405A0
:10177000F6E600BFAFF30080FCA9F1D24D62503F06
:10178000D34D6210ED0C0300550003007D000300F3
:1017900000002040850403002DE9F04FFF2AC9B066
:1017A00000F2BD810125FF27884604461646D0F881
:1017B0005C018DF8207008AACDE900552B46112157
:1017C000FDF788F99DF82070AF4200F0E980002F06
:1017D00000F0A980032F40F02E810823D14AD4F8CD
:1017E0005C010892019500951946002508AA099503
:1017F000FDF74EFB05461DB1284649B0BDE8F08F08
:101800004FF00109D4F85C01ADF82050CDE9009902
:10181000022308AA8F21FDF73BFB05460028EBD1E8
:10182000032F00F00B81D4F85C0100960E25CDE962
:1018300001994346022208A9ADF82050FDF70AFCA1
:1018400005460028D8D12368B74AD3F8C830934258
:1018500040F0708101220223D4F85C014FF64375F9
:10186000CDE90022194608AAADF82050FDF710FB7B
:101870000546002DC0D107AB012240F68901D4F8FE
:101880005C018DF81C50FDF7D3FED4F85C01FDF728
:10189000ADFC05460028AFD10123D4F85C01FF253B
:1018A000CDE9003308AA11218DF82050FDF712F977
:1018B0009DF82030012B00F043819DF81C5045F02D
:1018C000040507AA012340F68901D4F85C018DF8CC
:1018D0001C50FDF727F894F85811D4F85C01FEF776
:1018E00079F801230025D4F85C01ADF82050CDE94A
:1018F000003308AA032383218DF82250FDF7C8FA8C
:10190000054630B178E7D4F85C3118680368DB6CC1
:101910009847D4F85C311868D96A03689B6898477F
:101920000028F0D168E7B4F88031D4F85C018DF874
:101930002130CDE90055190A94F8785194F87C21AA
:101940008DF8201094F87D1194F87BC18DF8225009
:101950008DF8232094F87E518DF82810092308AAC9
:101960008C218DF825508DF824708DF826608DF827
:1019700027C0FDF78DFA0546002D7FF43DAF01220B
:101980000823D4F85C01DFF8A4C10995CDE9002251
:10199000194608AACDF820C0FDF77AFA05462AE7CD
:1019A000002508AB3A4640F23671D4F85C018DF858
:1019B000205094F863510595B4F8669194F864B199
:1019C00094F898A1FDF734FED4F85C01FDF70EFC05
:1019D000054600287FF410AF9DF82050D4F85C0134
:1019E000BAF1010F0CBF05F0FB0545F0040501231A
:1019F00008AA40F236718DF82050FCF793FF0123BE
:101A00009DF81450D4F85C018DF82190CDE9003395
:101A10004FEA1929062308AA8C218DF824508DF845
:101A200020908DF822B08DF823608DF825A0FDF769
:101A30002FFA0546A0E74FF0FF35DDE6204602F01D
:101A4000ABFF054600287FF4D7AE94F89B31C3F175
:101A50000403002B09DD204603F04AF894F89B317B
:101A60000135C3F10403AB42F5DCFF22002108A8D5
:101A700021F089FE002504F5D87004F5D67307AF70
:101A800000973246C4F8AC51C4F8B051C4F8B45110
:101A90004146CDE9013008AB2046079502F0D2FC63
:101AA000054600287FF4A8AE3B68D4F85C01DBB2A1
:101AB000012600930E2506A9CDE9016608AB022296
:101AC000ADF81850FDF7C6FA054600287FF494AE2D
:101AD0003B68D4F8B0118DF819308DF81A10032333
:101AE000D4F85C018DF8186006AA40F28531FCF745
:101AF00019FF94F8B031102B1F4628BF1027002B78
:101B00003FF4A1AE2E46F1B2204603F017F801369D
:101B1000054600287FF470AEBE42F4D193E66FF024
:101B2000030569E640014001550003000201000180
:101B30000000FA4344F2FF3120469847054698E6F4
:101B40001FED057AD4ED5A7A9DF81C5077EEC77ACE
:101B5000F0EEE77A17EE900A20F0E2FA06A3D3E956
:101B6000002320F0B1FD00283FF4A9AE05F0FB05ED
:101B7000A7E600BFAFF30080FCA9F1D24D62503F51
:101B800070B59FED350A0D46FF21044603F0DAF8E3
:101B90003249334B0869236000223249C4F8981156
:101BA000032384F8583101210023C4F89C01C4F8B0
:101BB0005421C4F86821C4F88421C4F88821022083
:101BC0000822C4F84C3184F85031C4F8603184F8EC
:101BD0006431A4F86631C4F87031C4F87431C4F8C3
:101BE0007831A4F87C3184F87E31A4F88031C4F8CF
:101BF0008C3184F89031C4F8943184F8A031A4F881
:101C0000A231A4F8A431A4F8A631A4F8A831A4F80C
:101C1000AA31C4F8AC31C4F8B03184F86C11C4F8FE
:101C2000B431C4F85C5161602025A060802140205F
:101C300022614FF4807284F8493184F84A31C4E952
:101C400006501023C4E90812042663614FF40073A0
:101C5000E660A362204670BD0024743FA4BC05006A
:101C6000C8BC0500000106032DE9F043D0F85C3143
:101C7000044618680D46996A036882681B6885B037
:101C80009847D4F85C311868996A0368C2685B6841
:101C90009847D4F85C311868036801215B6998475C
:101CA000D4F85C311868996A036802695B689847E0
:101CB00025B90025284605B0BDE8F083D4F85C318D
:101CC000DFF8948018680368DB69984723689B688D
:101CD000434581464FF001074FF000064FF00101E8
:101CE00035D1D4F85C0194F84A51FDF773FE002316
:101CF000D4F85C0101961A4619460096FDF7C8F81B
:101D0000D4F85C018DF80C50CDE90077012303AACB
:101D10008021FDF7BDF80546002DCAD0D4F85C310E
:101D200018680368DB699847A0EB0900B0F57A7F73
:101D30004FF00A01BED2D4F85C31186803685B69C1
:101D4000984723689B6843454FF00101C9D020465E
:101D500098470546E0E700BF850403002DE9F04100
:101D60000568DFF8B8C0D5F80880E04584B00446BF
:101D70000F4615461E4648D10121D0F85C0194F863
:101D80004A81FDF727FE00231A461946D4F85C0164
:101D9000CDE90033FDF77CF804AA0123D4F85C01F7
:101DA00002F8088D8021CDE90033FDF771F848BBBA
:101DB0006FF07F439F422946204618BF46F40076C5
:101DC00002F0ECFF31460546204602F0E7FF012114
:101DD000024608238DF80950C5F30725C2F30726EC
:101DE000D4F85C018DF80850CDE900118DF80B2076
:101DF000002519460DEB03028DF80A600395FDF7E7
:101E000047F820B104B0BDE8F081C047CFE72046D5
:101E1000FFF7A0F904B0BDE8F08100BF850403001E
:101E20002DE9F04F0368D44E9B68B34285B0044659
:101E30008B46924640F012810121D0F85C0194F863
:101E40004A51FDF7C7FD00231A461946D4F85C0134
:101E5000CDE90033FDF71CF804AA012302F8045D64
:101E6000D4F85C018021CDE90033FDF711F8054677
:101E70001DB1284605B0BDE8F08F04AFFF2307F879
:101E8000043D0123D4F85C013A46CDE90033112129
:101E9000FCF720FE9DF80C30012B00F0E780002BB2
:101EA00040F05D81BAF1000F00F0DB80504620F079
:101EB00015F90022B14B20F08BF980468946D4ED0C
:101EC0005C7AF8EE677A17EE900A20F029F902465C
:101ED0000B46A5A1D1E9000120F0A4FA20F032FCC4
:101EE00020F01EF902460B464046494620F09AFA79
:101EF0009FA3D3E9002320F06BF920F003FC804678
:101F000007EE908AF8EE677A17EE900A20F008F94B
:101F100000229B4B20F05CF920F0F4FB2268994BE7
:101F200055699D42814640F0BB800146022340F244
:101F300072222046FFF712FF0546002899D10221A0
:101F4000D4F85C01FDF746FD01234FEA1941D4F8AE
:101F50005C018DF80C10019500934FEA19250323BD
:101F60003A4682218DF80D508DF80E90FCF790FFC7
:101F70000546002D7FF47DAFD4F85C311868036806
:101F8000DB69984705460EE0D4F85C3118680368B1
:101F9000DB6C9847D4F85C3118680368DB699847B4
:101FA000401B804579D3D4F85C311868596A0368BE
:101FB0009B6898470028E7D04FF0000823689B688B
:101FC000B34277D10121D4F85C0194F84A51FDF76E
:101FD00001FD00231A461946D4F85C01CDE900330F
:101FE000FCF756FF0123D4F85C018DF80C50CDE9C5
:101FF00000333A468021FCF74BFF054625B16FF4CC
:1020000030739D427FF435AF23685F4A5B6F934224
:1020100040F0A2800123D4F85C010025CDE9003313
:102020003A4602231221ADF80C50FCF753FDBDF8DF
:102030000C0040BA80B2830500F1AC80B8F1000F0B
:1020400040F0A88094F86431012B37D023685246C1
:1020500059465B6A2046984705460AE79847054671
:1020600006E74FF00008DFF8289128E794F8602190
:1020700094ED5A7A934007EE903AF8EE677AC7EEFD
:10208000877A17EE900A20F04BF800223F4B20F0A1
:102090009FF820F037FB804632E74FF001088DE7CC
:1020A00000230146009340F2722202232046A847F3
:1020B00005465EE72046984705469FE7D4F85C0151
:1020C000FF25CDE900333A4611218DF80C50FCF77D
:1020D00001FD9DF80C30012BB8D194F86431012B2F
:1020E00040F0C980D4F85C018DF80C50CDE9003384
:1020F0003A461121FCF7EEFC9DF80C60012E40F0F1
:10210000BA8004AA334602F8058D40F60211D4F8CD
:102110005C01FCF707FC3B46324640F64411D4F81C
:102120005C018DF80C80FDF783FAD4F85C01FDF7B3
:102130005DF8054600287FF49CAE9DF80C50D4F85D
:102140005C0145F0020533463A4640F644118DF8ED
:102150000C50FCF7E7FB79E7204698476BE74FF018
:10216000FF3586E6AFF30080000000008084CE419A
:10217000000000000088B3408504030000002040F8
:1021800000005040C91303007D00030000005940C7
:1021900000E09F4023689B68B3426FD10121D4F8CF
:1021A0005C0194F84A51FDF715FC00231A461946C4
:1021B000D4F85C01CDE90033FCF76AFE0123D4F8C2
:1021C0005C018DF80C50CDE900333A468021FCF7D4
:1021D0005FFE94F86431012B36D1D4F85C01FF2501
:1021E000CDE900333A4611218DF80C50FCF772FC12
:1021F0009DF80C50012D27D104AA002602F8056D88
:102200002B4640F60211D4F85C01FCF78BFBD4F8A6
:102210005C018DF80C603B462A4640F64411FDF700
:1022200007FAD4F85C01FCF7E1FF68B99DF80C20CF
:10223000D4F85C012B4640F6441142F002053A46C0
:102240008DF80C50FCF76EFB2368114AD3F8C830A8
:10225000934216D101210223D4F85C013A46CDE91C
:1022600000114FF643741946ADF80C406FF00505A8
:10227000FCF70EFEFDE56FF01305FAE520469847E2
:10228000A7E7204644F2FF3198476FF00505F0E5D7
:102290005500030000000000F0B52DED028B85B065
:1022A00004AEFF2306F8043D012304463246D0F86D
:1022B0005C011121CDE90033B0EE408AFCF70AFC45
:1022C0009DF80C70012F40F09980B5EEC08AF1EEB8
:1022D00010FA75D4DFED4E7AB4EEE78AF1EE10FA1B
:1022E0006EDCF6EE007A68EE277A17EE900A1FF0A1
:1022F00017FF45A3D3E900231FF0B4FD20F002FA35
:10230000C0B20F2866D00AD93E286FD034D97D28B4
:102310005CD0FA2854D1062384F8503109E005280E
:102320005CD031D907285DD00A2849D1092384F827
:10233000503194F86C0184ED5A8A94F8602194F835
:10234000611138BB94F86271D4F85C01002562F326
:10235000070563F30F2561F31745012367F31F6535
:10236000CDE90033324604238B210395FCF790FD21
:1023700005B0BDEC028BF0BD14283BD01F281FD147
:10238000032384F85031D4E7032819D1002384F8BB
:102390005031CEE7012000FA02F507EE905AF8EE30
:1023A000677AB3EE007AC7EE886AF4EEC76AF1EE98
:1023B00010FAB6BF002784F8620184F86271C3E79F
:1023C0006FF0070005B0BDEC028BF0BD052384F86B
:1023D0005031AEE7022384F85031AAE7082384F88D
:1023E0005031A6E784F850713B46A2E7042384F8F5
:1023F00050319EE70A2384F850319AE76FF01300BA
:10240000B6E700BFAFF300807B14AE47E17A843FAC
:102410000000FF4300000000F0B52DED028B89B0F5
:10242000044608AD03A880E80E00FF2705F8087DE4
:102430000126D4F85C019DED048A33462A46CDE995
:1024400000661121FCF746FB9DF8183013B3012BF1
:1024500000F09180032B40F027819DF80D209DF81E
:102460000C10032A00F22381092984F8992100F233
:1024700021814FF480709DF80E20A4F8AA0184F801
:102480009A1184F89B3184F8A021002009B0BDEC9A
:10249000028BF0BD23689DED030A5B6B20469847D5
:1024A0000028F3D123689A4A9B6B934240F0F7804F
:1024B000D4F85C018DF818703346CDE900662A46E1
:1024C0001121FCF707FB9DF81830002B40F0F88035
:1024D000B5EEC08AF1EE10FA00F1DB8018EE100ABA
:1024E0001FF01EFE86A3D3E9002306460F4620F008
:1024F000E1F8002840F0E180DFED867AB4EEE78A6B
:10250000F1EE10FA00F3D9807FA3D3E9002330461F
:1025100039461FF05DFE20F0F5F8C0F30743C0F325
:1025200007265FFA80FC8DF81D300123D4F8701166
:10253000C4F87401D4F85C018DF81E60CDE9003355
:102540002A460F0C94F87A518DF81A100E0A94F856
:1025500079418DF81FC008238B218DF818708DF8F4
:1025600019608DF81B508DF81C40FCF791FC09B0E8
:10257000BDEC028BF0BDD4F85C018DF81870CDE98C
:1025800000332A4611219DF80C70FCF7A3FA9DF840
:102590001830012B40F094807A1F072A00F2AA809D
:1025A00094F86C0184F8607194F8501194F86121EA
:1025B000002859D194F86231D4F85C01002667F301
:1025C000070661F30F2662F31746012763F31F66C0
:1025D000CDE9007704232A468B210696FCF758FCA8
:1025E00000287FF453AFB0EE480A2046FFF754FEB0
:1025F000064600287FF44AAFD4F85C013B46CDE99B
:1026000000771121FF272A468DF818709DF8147065
:10261000FCF760FA9DF81810012951D17B1F032B9C
:1026200045D83B1F94F86C0194F8602194F85071E0
:10263000DBB284F86131002845D194F86211D4F8F6
:102640005C01002662F3070667F30F2663F3174663
:10265000012361F31F66CDE900332A4604238B2151
:102660000696FCF715FC11E703FA07F007EE900A4F
:10267000D4ED5A6AF8EEE77A87EEA67AF3EE007A9E
:10268000B4EEE77AF1EE10FAB8BF002384F86231B5
:1026900092E74FF0750C022640F2752043E7B0EE4A
:1026A000480A20469847F1E64FF0FF30EEE66FF01B
:1026B0000900EBE66FF00700E8E66FF06500E5E67D
:1026C0006FF01300E2E601FA02F007EE900AD4ED93
:1026D0005A6AF8EE677A87EEA67AF3EE007AB4EEDD
:1026E000E77AF1EE10FAAEBF84F8621184F8626105
:1026F0003146A4E76FF00800C8E600BFAFF30080E2
:10270000333333333333E33FFCA9F1D24D6290408E
:102710000106030000004843F0B585B004AEFF2376
:1027200006F8043D012304460F46D0F85C0132460A
:10273000CDE900331121FCF7CDF99DF80C30012BC8
:102740003BD17A1F072A35D894F86C0184F8607160
:1027500094F8501194F86121B8B994F86231D4F822
:102760005C01002567F3070561F30F2562F3174548
:10277000012163F31F65CDE90011324604238B214B
:102780000395FCF785FB05B0F0BD03FA07F007EEF3
:10279000900AD4ED5A6AF8EEE77A87EEA67AF3EE5D
:1027A000007AB4EEE77AF1EE10FAB8BF002384F8AD
:1027B0006231D4E76FF00800E5E76FF01300E2E75D
:1027C000B5EEC00AF1EE10FA21D4DFED157AB4EEC1
:1027D000E70AF1EE10FA1ADC10B5044682B010EEEA
:1027E000100A1FF09DFC0CA3D3E900231FF0F0FC9E
:1027F0001FF088FF02AA012302F8010D40F6E7014D
:10280000D4F85C01FCF78EF8002002B010BD6FF028
:1028100010007047AFF300809A9999999999D93F20
:1028200000000C4300000000F0B52DED028B85B0D8
:1028300004ADFF2305F8083D012304462A46D0F8DD
:102840005C011121CDE90033B0EE408AFCF742F97A
:102850009DF80830002B40F0D88084ED618A18EE96
:10286000100A1FF05DFC0FF2E443D3E90023064693
:102870000F461FF0F5FA1FF065FF07EE900AF0EE25
:10288000E77A17EE900A1FF04BFC0FF25443D3E99E
:1028900000231FF019FF002845D10FF2B843D3E9F8
:1028A0000023304639461FF0DBFA1FF04BFF07EEDE
:1028B000900AF0EEE77A17EE900A1FF031FC0FF263
:1028C0002043D3E900231FF0FFFE80B3172384F8D1
:1028D0007931D4F870218DF80C300021130C63F39A
:1028E0000701130A94F87A61D4F85C0163F30F21AD
:1028F00062F31741D4F874318DF80F30012466F378
:102900001F612A46CDE900441D0C1C0A02910823D0
:102910008B218DF80D508DF80E40FCF7B9FA05B0FB
:10292000BDEC028BF0BD1F2384F87931D1E70FF2A3
:102930002C43D3E90023304639461FF091FA1FF0AB
:1029400001FF07EE900AF0EEE77A17EE900A1FF00B
:10295000E7FBE3A3D3E900231FF0B6FED8B90FF2DB
:102960000443D3E90023304639461FF079FA1FF0BB
:10297000E9FE07EE900AF0EEE77A17EE900A1FF0F4
:10298000CFFBD7A3D3E900231FF09EFE38B11E234F
:1029900084F879319DE70F2384F8793199E7F3A31F
:1029A000D3E90023304639461FF05AFA1FF0CAFE19
:1029B00007EE900AF0EEE77A17EE900A1FF0B0FBF0
:1029C000C7A3D3E900231FF07FFED0B9E9A3D3E961
:1029D0000023304639461FF043FA1FF0B3FE07EEDE
:1029E000900AF0EEE77A17EE900A1FF099FBBCA36D
:1029F000D3E900231FF068FE50B10E2384F879312B
:102A000067E7162384F8793163E76FF0130086E7F0
:102A1000DFEDCB7A78EE677AF0EEE77A17EE900A80
:102A20001FF07EFBAEA3D3E900231FF04DFE18B1CB
:102A30001D2384F879314CE7ABA3D3E9002330465A
:102A400039461FF00DFA1FF07DFE07EE900AF0EEFA
:102A5000E77A17EE900A1FF063FBA1A3D3E90023E6
:102A60001FF032FE18B1152384F8793131E7A0A3A5
:102A7000D3E90023304639461FF0F2F91FF062FE19
:102A800007EE900AF0EEE77A17EE900A1FF048FB87
:102A900093A3D3E900231FF017FE18B10D2384F888
:102AA000793116E7DFEDA77A78EE677AF0EEE77A0C
:102AB00017EE900A1FF034FB89A3D3E900231FF01F
:102AC00003FE18B11C2384F8793102E78AA3D3E905
:102AD0000023304639461FF0C3F91FF033FE07EEDE
:102AE000900AF0EEE77A17EE900A1FF019FB7CA32C
:102AF000D3E900231FF0E8FD18B1142384F87931DD
:102B0000E7E67FA3D3E90023304639461FF0A8F952
:102B10001FF018FE07EE900AF0EEE77A17EE900A23
:102B20001FF0FEFA6EA3D3E900231FF0CDFD18B10C
:102B30000C2384F87931CCE673A3D3E90023304623
:102B400039461FF08DF91FF0FDFD07EE900AF0EEFB
:102B5000E77A17EE900A1FF0E3FA61A3D3E90023A6
:102B60001FF0B2FD18B11B2384F87931B1E668A3D8
:102B7000D3E90023304639461FF072F91FF0E2FD19
:102B800007EE900AF0EEE77A17EE900A1FF0C8FA07
:102B900053A3D3E900231FF097FD18B1132384F842
:102BA000793196E65CA3D3E90023304639461FF01D
:102BB00057F91FF0C7FD07EE900AF0EEE77A17EE1F
:102BC000900A1FF0ADFA46A3D3E900231FF07CFD65
:102BD00018B10B2384F879317BE651A3D3E90023A4
:102BE000304639461FF03CF91FF0ACFD07EE900A65
:102BF000F0EEE77A17EE900A1FF092FA38A3D3E9C5
:102C000000231FF061FD18B11A2384F8793160E6C2
:102C100045A3D3E90023304639461FF021F91FF0C0
:102C200091FD07EE900AF0EEE77A17EE900A1FF09A
:102C300077FA2BA3D3E900231FF046FD18B1122326
:102C400084F8793145E63AA3D3E900233046394682
:102C50001FF006F91FF076FD07EE900AF0EEE77A16
:102C600017EE900A1FF05CFA1DA3D3E900231FF0B2
:102C70002BFD18B10A2384F879312AE6DFED327A88
:102C800078EE677AF0EEE77A17EE900A1FF048FACE
:102C900013A3D3E900231FF017FD18B1192384F8FB
:102CA000793116E624A3D3E90023304639461FF0D4
:102CB000D7F81FF047FD07EE900AF0EEE77A17EE1F
:102CC000900A1FF02DFA06A3D3E900231FF0FCFCA5
:102CD000002855D0112384F87931FAE5AFF300804C
:102CE000FCA9F1D24D62503F666666666666374063
:102CF000CDCCCCCCCC4C3D40333333333373474015
:102D0000CDCCCCCCCC4C4D40CDCCCCCCCC8C5340D1
:102D100033333333337357403333333333535D40BB
:102D20006666666666866340666666666666674071
:102D30009A99999999496D409A9999999959774091
:102D400000009C4100001C4200009C43333333339D
:102D50003333134033333333333317403333333365
:102D600033331D4066666666666623406666666641
:102D7000666627403333333333332D400080E943D5
:102D80005FED027A38EE678AF0EEC87A17EE900AA5
:102D90001FF0C6F906A3D3E900231FF095FC18B174
:102DA000092384F8793194E56FF06700B7E500BF37
:102DB000FCA9F1D24D62503F2DE9F04F87B006AD2E
:102DC000FF2605F80C6D012604468946D0F85C0103
:102DD0009DF840A090461F462A46CDE9006633463E
:102DE0001121FBF777FE9DF80C20002A5AD1B1453E
:102DF00000F0AE80C0F0B480B9F1020F40F0A280C4
:102E0000BAF1000F00F0B080062284F87B218DF823
:102E100013200122B4F8803194F8781194F87C6181
:102E2000D4F85C018DF80D30CDE900221A0A8DF836
:102E30000C2094F87D3194F87E218DF80E1000213D
:102E40008DF80F608DF81430FF268DF811208DF865
:102E5000101009232A468C218DF81260FCF718F80F
:102E6000064600286AD14FEA182C2A46D4F85C019D
:102E70008DF80CC0022340F2BC618DF80D80FBF789
:102E800051FDD4F85C018DF80D702A463F0A0223EB
:102E900040F2BE618DF80C70FBF744FD304607B080
:102EA000BDE8F08F012A63D119F1000918BF4FF076
:102EB000010900262B4640F23671D4F85C0184F8F3
:102EC00063918DF80C60B4F86671D4F894A194F80D
:102ED00064B194F89881FCF7ABFBD4F85C01FCF783
:102EE00085F9064650BB9DF80C60D4F85C01B8F13A
:102EF000010F0CBF06F0FB0646F0040601232A462C
:102F000040F236718DF80C60FBF70CFD0123D4F80C
:102F10005C018DF80D70CDE900332A463F0A062387
:102F20008C218DF80C708DF80EB08DF80FA08DF8F7
:102F300010908DF81180FBF7ABFF0646304607B0C6
:102F4000BDE8F08F6FF42F76304607B0BDE8F08F04
:102F5000BAF1000F3FF459AF042284F87B2156E701
:102F600084F87B61324652E784F87B914A464EE70B
:102F70004FF0FF36E2E700BFD0F85C01FCF7F0BC91
:102F80002DE9F04790F8495184B0002D40F01081B0
:102F90000368C14A9B68934204460F4610EE106ACC
:102FA00040F0CD800121D0F85C0194F84A81FCF713
:102FB00011FD2B462A462946D4F85C01CDE900557F
:102FC00004ADFBF765FF05F8048D0123D4F85C011F
:102FD0002A46CDE900338021FBF75AFF4FF0010864
:102FE000D4F85C010223CDE900884FF000092A469D
:102FF0001721ADF80C90FBF76DFD9DF80D309B0689
:1030000000F1868007EE906AF0EEE77A17EE900AFC
:103010001FF086F88EA3D3E900231FF055FB8246EC
:10302000002840F0818030461FF07AF88AA3D3E967
:103030000023804689461EF013FF1FF083FB07EE36
:10304000900AF0EEE77A17EE900A1FF069F880A375
:10305000D3E900231FF038FB40B38DF80CA007EE36
:10306000907AF8EE677A17EE900A1FF059F87CA371
:10307000D3E900231FF0ACF81FF044FB0123064600
:10308000C4F88C71D4F85C018DF80F602A46340ABC
:10309000350CCDE90033972104238DF80D508DF8C0
:1030A0000E40FBF7F5FE04B0BDE8F0876EA3D3E950
:1030B0000023404649461EF0D3FE1FF043FB07EEB7
:1030C000900AF0EEE77A17EE900A1FF029F860A355
:1030D000D3E900231FF0F8FA68BB65A3D3E9002306
:1030E000404649461EF0BCFE1FF02CFB07EE900A3E
:1030F000F0EEE77A17EE900A1FF012F854A3D3E926
:1031000000231FF0E1FAE8B102238DF80C30A6E7A6
:10311000D4F85C01ADF80C90CDE9008802232A4672
:103120000721FBF7B5FE6DE720460121FEF79CFD68
:1031300004B0BDE8F08701238DF80C308FE7984785
:1031400003AD4BE74CA3D3E90023404649461EF0AC
:1031500087FE1FF0F7FA07EE900AF0EEE77A17EE17
:10316000900A1EF0DDFF3AA3D3E900231FF0ACFA6A
:10317000D0B943A3D3E90023404649461EF070FE70
:103180001FF0E0FA07EE900AF0EEE77A17EE900AE9
:103190001EF0C6FF2EA3D3E900231FF095FA48B115
:1031A00004238DF80C305AE703238DF80C3056E7D2
:1031B0003A4878E734A3D3E90023404649461EF055
:1031C0004FFE1FF0BFFA07EE900AF0EEE77A17EE17
:1031D000900A1EF0A5FF1EA3D3E900231FF074FA86
:1031E00018B105238DF80C3039E707EE106AF0EEC0
:1031F000087A77EE677AF0EEE77A17EE900A1EF01B
:103200008FFF13A3D3E900231FF05EFA18B1062342
:103210008DF80C3023E71EA3D3E90023404649462E
:103220001EF01EFE1FF08EFA07EE900AF0EEE77A0F
:1032300017EE900A1EF074FF05A3D3E900231FF0D8
:1032400043FA0028B4D007238DF80C3007E700BFFD
:10325000FCA9F1D24D62503F9A9999999999F93FF9
:10326000FCA9F1D24D62B03F333333333333FB3FEC
:10327000CDCCCCCCCCCCFC3F9A9999999999014072
:1032800033333333333303409A99999999990540ED
:103290006666666666660A408504030041FDFFFFB8
:1032A000F0B5044687B090F86001304D02950628CD
:1032B00041F61A65ADF80C509DF830504AD80720F9
:1032C00084F860011620DDED0D7A9FED297A8DF8E6
:1032D0001100F8EE677AFF2967EE877A4FF0010652
:1032E000FCEEE77A8DF8106017EE900A18BF8DF8A3
:1032F0001010FF2A18BF8DF81120070CFF2B4FEA82
:1033000010268DF816004FF00A00ADF8120018BF15
:103310008DF81230FF2D18BF8DF813500125D4F809
:103320005C018DF814700723CDE9005504AA8821AB
:103330008DF81560FBF7ACFD034640B9D4F85C018D
:103340001A46CDE90055C521FBF7A2FD03461846F4
:1033500007B0F0BD0C2804D90C2084F860011E20B1
:10336000B1E706AE304410F8170CACE71616181982
:103370006F12833DF0B50E4685B004460221D0F8A9
:103380005C01FCF727FBB168204601F007FDF168FE
:103390000546204601F002FD0127844608238DF8EA
:1033A0000950C5F30725D4F85C018DF80850CCF31B
:1033B000072E0025CDE900770DEB030219468DF8A5
:1033C0000BC08DF80AE00395FBF762FD08B105B06C
:1033D000F0BD2368134AD3F8C83093421AD10223B0
:1033E000D4F85C0101974FF64375009702AA19467D
:1033F000ADF80850FBF74CFD0028E8D17068F5786F
:10340000B37872783178019000952046FFF748FF35
:1034100005B0F0BD44F2FF31204698470028D6D1D0
:10342000ECE700BF550003002DE9F04103684F4A67
:10343000D3F88430934284B0044666D104AEFF23AF
:1034400006F8043D0123D0F85C010F463246CDE971
:1034500000331121FBF73EFB9DF80C50012D4FD19D
:103460002368434A9B68934251D12946D4F85C01B2
:1034700094F84A81FCF7AEFA00231A461946D4F8AC
:103480005C01CDE90033FBF703FDD4F85C018DF856
:103490000C80CDE900552B4632468021FBF7F8FC25
:1034A00010B104B0BDE8F08139462046FFF762FF55
:1034B00030B1F6E7D4F85C3118680368DB6C9847E4
:1034C000D4F85C311868596A03689B6898470028EB
:1034D000F0D02368274AD3F8883093423BD104AD1B
:1034E000FF2305F8043D0123D4F85C012A46CDE909
:1034F00000331121FBF7EEFA9DF80C30012B0BD0B5
:103500006FF0130004B0BDE8F0819847D0E7204683
:1035100098470028C5D1C7E722681749526F8A42E9
:1035200020D1D4F85C012A46CDE9003300240223DF
:103530001221ADF80C40FBF7CDFABDF80C0040BAF3
:1035400080B2C3050CD410F0800F0CBF4FF0FF30D9
:103550006FF00E00A5E72046984704B0BDE8F08163
:1035600006489EE720469047EBE700BF4136030040
:1035700085040300E90903007D00030042FDFFFF0D
:103580002DE9F0412B4B2C4F04460FCB2568D5F885
:10359000846088B004ADBE4285E80F003BD108AF1F
:1035A000FF2307F8143D0123D4F85C013A46CDE926
:1035B00000331121FBF78EFA9DF80C60012E35D1F6
:1035C00023681E4A9B6893422BD13146D4F85C0194
:1035D00094F84A81FCF7FEF900231A461946D4F8FC
:1035E0005C01CDE90033FBF753FCD4F85C018DF8A6
:1035F0000C80CDE9006633463A468021FBF748FC53
:1036000010B108B0BDE8F08129462046FFF7B2FEB0
:1036100008B0BDE8F08129462046B04708B0BDE8B3
:10362000F081204698470028EBD1EDE76FF01300BA
:10363000E7E700BFA4BC0500413603008504030092
:103640002DE9F04385B004ADFF2305F8083D0123C3
:1036500004460F46D0F85C012A46CDE9003311211B
:10366000FBF738FA9DF80860012E77D12368404AAD
:103670009B6893426ED13146D4F85C0194F84A813C
:10368000FCF7A8F900231A461946D4F85C01CDE9E5
:103690000033FBF7FDFBD4F85C018DF80880CDE921
:1036A000006633462A468021FBF7F2FB06461EB130
:1036B000304605B0BDE8F0830221D4F85C01FCF788
:1036C00089F9B968204601F069FBF968804620460F
:1036D00001F064FB4FF0010902460823C2F3072CF6
:1036E000D4F85C018DF809808DF80B20C8F3072809
:1036F000CDE9009919462A4603968DF808808DF881
:103700000AC0FBF7C5FB06460028D1D12368194A39
:10371000D3F8C830934224D10223D4F85C01CDF809
:1037200004902A46CDF8009019464FF64375ADF83F
:103730000850FBF7ADFB0646002EB9D17868FD783E
:10374000BB787A783978019000952046FFF7A8FD7C
:103750000646ADE7204698470646A8E76FF01306F1
:10376000A6E744F2FF31204698470646E4E700BF4B
:10377000850403005500030010B5002484B061F3F4
:10378000070463F30F249DF81830D0F85C0162F34E
:10379000174404AA63F31F64012342F8044D9521E2
:1037A000CDE900330423FBF773FB04B010BD00BF69
:1037B00008B5D0F85C01FBF7B5F8002008BD00BFE4
:1037C00038B504461D46D0F85C0113462A46FBF77F
:1037D0002FFFD4F85C01BDE83840FBF707BD00BF00
:1037E00030B5FDEEC07A2DED048B17EE903A87B020
:1037F000A3F2863200211A2A0546ADF8101011D81E
:103800004EF6E113ADF810300123D5F85C0104AA9F
:10381000CDE9003398210223FBF73AFB07B0BDEC5A
:10382000048B30BDA3F25F32072A04D84DF6D7339C
:10383000ADF81030E8E7A3F20B32082A08D9A3F557
:10384000EB72282A09D848F27513ADF81030DBE77F
:103850004CF2C153ADF81030D6E7A3F5D7730A2B5D
:1038600037D9B1EE049AB0EE408A30EE490AF5EE4F
:10387000008A20EE280A1EF0A9FA38EE098AFCEE2A
:10388000C07A28EE280ACDED037A1EF059FA9DF889
:103890000C40FCEEC07AE207CDED037A9DF80C30C7
:1038A00001D4013CE4B2D9075CBF0133DBB28DF82F
:1038B00015300123D5F85C018DF81440CDE90033B3
:1038C00005AA02239821FBF7E3FA07B0BDEC048BAD
:1038D00030BD46F66B73ADF8103095E730B585B066
:1038E00001230D4604468DF80D20D0F85C018DF8BB
:1038F0000C50CDE9003303AA02238E21FBF7C8FA4E
:1039000008B984F8905105B030BD00BF2DE9F041F1
:1039100086B006AEFF2306F80C3D01252B46044673
:103920000F46D0F85C019046CDE900553246112192
:10393000FBF7D0F89DF80C305BBBB4F88011D4F8DD
:103940005C018DF81030CDE90055324694F878517D
:1039500094F87B318DF80D100E0A94F87C118DF8D7
:103960000E508DF8133094F87D518DF80F10092307
:103970008C218DF811708DF812808DF80C608DF807
:103980001450FBF785FA08B984F87E7106B0BDE8DB
:10399000F0816FF01300F9E710B5DFED167A80EDD6
:1039A000550A60EE277A84B0044617EE900A1EF09E
:1039B000B7FB0022104B1EF00BFC1EF0A3FE0023F1
:1039C000020E62F30703020C62F30F23020A62F392
:1039D000174304AA60F31F6342F8043D0123D4F89F
:1039E0005C018621CDE900330423FBF751FA04B0D2
:1039F00010BD00BF0000004C0000A03FF0B583B038
:103A000002AC002304F8013D05462346D0F85C01D2
:103A100001220F4640F6D801FBF70AFED5F85C01FB
:103A2000FBF7E4FB064680B99DF8073087B923F021
:103A30001E0343F008038DF807302246D5F85C01D9
:103A4000012340F6D801FAF76DFF304603B0F0BD10
:103A500043F01E03EFE700BF2DE9F04186B006AD4D
:103A6000002325F8083D012406468846D0F85C016D
:103A70002A46CDE9004402238F21FBF709FA10B151
:103A800006B0BDE8F08106AFD6F85C0107F8108DEE
:103A90002346CDE900443A468A21FBF7F9F900288C
:103AA000EED196F84A31D6F85C010194002B14BF90
:103AB0004FF0300C4FF0200C234600943A469321EF
:103AC0008DF808C0FBF7E4F903460028D8D196F832
:103AD0006021D6F85C01ADF80C300D3203214FF0B7
:103AE0000A0C8DF80E308DF809208DF80810CDE9FC
:103AF000004407233A468821ADF80AC0FBF7C8F90D
:103B00000028BDD133682B4AD3F8C83093424AD13C
:103B10000223D6F85C010194009419464FF64374D1
:103B20002A46ADF81040FBF7B3F9044608234FF0DE
:103B30000108D6F85C012A46CDE90088194600251F
:103B4000CDE90455FBF7A4F9204300B2002897D132
:103B5000D6F85C117F24CDE90080434608463A46FA
:103B600089218DF80840FBF793F9002888D1D6F811
:103B70005C311868036805215B69984705E0D6F851
:103B80005C3118680368DB6C9847D6F85C311868BC
:103B9000D96A03689B6898470028F0D1D6F85C0181
:103BA000FBF724FB6CE744F2FF31304698470446AC
:103BB000BCE700BF550003002DE9F0412DED028B5D
:103BC000044686B0D0F85C01B0EE408A88461746BD
:103BD000FAF726FED4F85C311868596AD0E9003249
:103BE0001B689847D4F85C311868D96AD0E900326C
:103BF0001B689847D4F85C315A4A10211974D4F8DC
:103C00005C3108215974D4F85C110123CB74D4F8C9
:103C10005C111D200881D4F85C110D204881D4F876
:103C20005C1100208881D4F85C11C020C881D4F8D0
:103C30005C110B71D4F85C315A61D4F84C610A25DF
:103C400001212046FEF710F802AB10224FF4487114
:103C5000D4F85C01FBF7ECFC02A90622304621F007
:103C600077FB0A2158B901212046FDF7FDFF0546E3
:103C7000D8B1284606B0BDEC028BBDE8F081D4F87F
:103C80005C31186803685B6998476B1E13F0FF0589
:103C9000D6D1D4F85C01FAF7D7FD6FF001052846BC
:103CA00006B0BDEC028BBDE8F08123682E4A9B680C
:103CB000934247D10121D4F85C0194F84A61FBF7A3
:103CC00089FE2B462A462946D4F85C01CDE90055E9
:103CD000FBF7DEF80123D4F85C018DF80860CDE92C
:103CE000003302AA8021FBF7D3F80546002DC0D18E
:103CF00094F8493173B9B5EEC08AF1EE10FA09DDD6
:103D0000B0EE480A41F288312046FFF739F90546FE
:103D10000028AED139462046FFF79EFE0546002812
:103D2000A7D1D4F85C01B8F1000F0FD1012402AA89
:103D3000CDE90044234696218DF80840FBF7A8F80A
:103D4000054696E7204698470546CFE7012302AA95
:103D5000CDE9003396218DF80850FBF799F8054618
:103D600087E700BF09000300850403002DE9F04741
:103D700084B06C4E9DF83050DFF8ACC1C0F868617B
:103D80001F464FF0060E00234FF0FF0A0E469046E6
:103D90002946A0F8667180F850E1C0F860C1C0F80B
:103DA0008C3180F86431C0F894A101220446FFF7F9
:103DB00003FF054618B1284604B0BDE8F0870DF1B1
:103DC0001009012309F804ADD4F85C014A46CDE995
:103DD00000331121FAF77EFE9DF80C30012B40F0E4
:103DE0009A80721F032A00F29980043E94F86C01B5
:103DF00094F8602194F85011F6B284F861610028BB
:103E000072D194F86231D4F85C01002562F30705A1
:103E100061F30F2566F31745012663F31F65CDE9AE
:103E2000006604234A468B210395FBF731F80546CB
:103E30000028C0D1D4F85C013346CDE90066FF25E7
:103E40004A4611218DF80C50FAF744FE9DF80C609B
:103E5000012E60D128F00F0040F004004FEA08184E
:103E600002234A464FF4E8618DF80C0048F004083C
:103E7000D4F85C018DF80D80FAF754FD23683946BB
:103E80005B6D204698470546002894D11825334697
:103E90004A4640F6E701D4F85C018DF80C50FAF779
:103EA00041FDD4F85C018DF80C60CDE900664A460E
:103EB00033469D21FAF7ECFF054600287FF47BAFDF
:103EC000009641F2210341F60F5202212046FEF7EF
:103ED00073FF054600287FF46EAF236801465B6CD4
:103EE00020469847054666E703FA02F007EE900A77
:103EF000D4ED5A6AF8EE677A87EEA67AF3EE007A86
:103F0000B4EEE77AF1EE10FAAEBF84F8623184F8CD
:103F100062512B4677E76FF013054CE76FF0090508
:103F200049E700BF0000FA43090300010000000058
:103F30002DE9F0430F462DED048B11464CF6CC4293
:103F4000DD4BC0F874211A2245F2553580F87921ED
:103F5000C0F8843109220623C0F8705180F87A2114
:103F600087B0B0EE408AA0F88071B0EE610A80F8A8
:103F70007B3100220446F0EE608AB0EE419AFFF7F2
:103F80001BFE054628B1284607B0BDEC048BBDE8F2
:103F9000F0832368C94A5B6B934240F06B8106AEA5
:103FA000FF2306F8083D0123D4F85C013246CDE931
:103FB00000331121FAF78EFD9DF81030002B40F0F0
:103FC000508118EE100A1EF0ABF8B7A3D3E9002316
:103FD000804689461EF06EFB002840F05E81DFEDD2
:103FE000B87AB4EEE78AF1EE10FA00F35681424651
:103FF0004B460020B3491EF015FA1EF083FB012545
:104000000346D4F87411C4F87031D4F85C018DF80B
:104010001230CDE9005532461D0A1E0C0B0C4FEA3A
:10402000112C8DF810608DF8115094F87A6194F885
:1040300079518DF817108DF815308B2108238DF8E4
:1040400014508DF816C08DF81360FAF721FF05465D
:10405000002D98D123689C4A9B6B934240F01781B6
:1040600006AEFF2306F8083D0123D4F85C01324672
:10407000CDE900331121FAF72DFD9DF81030002B0A
:1040800040F00E81F5EEC08AF1EE10FA00F1F880F2
:1040900018EE900A1EF044F883A3D3E9002380466B
:1040A00089461EF007FB002840F01681DFED877A75
:1040B000F4EEE78AF1EE10FA00F30E8140467CA39D
:1040C000D3E9002349461EF083F81EF01BFBC0F322
:1040D0000745C0F307285FFA80FE0121D4F870314C
:1040E000C4F87401D4F85C018DF81550CDE90011C5
:1040F000190A4FEA134C94F879518DF81230324670
:104100008DF8111094F87A618DF8145008238B21E2
:104110008DF816808DF817E08DF810C08DF81360BB
:10412000FAF7B6FE0546002D7FF42DAFB0EE490A32
:104130002046FEF779FB054600287FF424AF06AE43
:10414000182306F8083D40F6E70101233246D4F86B
:104150005C01FAF7E7FB236839465B6D2046984718
:10416000054600287FF40FAF594A2368108B1B6D5A
:1041700006A9022221F80C0D204698470546002882
:104180007FF401AF2368534ADB6B934240F0A78072
:104190000123D4F85C01FF25CDE90033324611211B
:1041A0008DF81050FAF796FC9DF810300BB1032BE8
:1041B00076D1D4F87021D4F874318DF81220110C16
:1041C000120A8DF810108DF8112000211A0A1F0C08
:1041D0008DF81730012394F8795184F87A11D4F8C6
:1041E0005C018DF81620CDE900338DF813100823FB
:1041F00032468B218DF814508DF81570FAF748FE71
:104200000546002D7FF4BFAE236829461B6C20466F
:104210009847054600287FF4B6AEFF2201212046CC
:10422000FFF774FB054600287FF4ADAE0127009729
:1042300041F2210341F60F5202212046FEF7BCFD58
:10424000054600287FF49FAECDE900773246D4F8CA
:104250005C018DF810703B469D21FAF719FE05466A
:1042600091E6032B1CD118EE100A1DF059FF804671
:104270008946BCE6B0EE480A204698470546E7E680
:104280004FF0750E4FF0020840F2752025E7B0EEB2
:10429000680A20469847054645E76FF0640572E6D0
:1042A0006FF013056FE600BF333333333333E33F2F
:1042B000FCA9F1D24D62904033331C430107030047
:1042C0000000964300402F410106030000004843D0
:1042D000A4BC0500310903006FF0650553E60146F3
:1042E0002046984705468CE72DE9F04786B080F8D0
:1042F000A0319DF838408946904621460322054664
:10430000FFF75AFC044618B1204606B0BDE8F08716
:1043100006AF182307F80C3D012601233A4640F664
:10432000E701D5F85C01FAF7FDFAD5F85C018DF8E4
:104330000C603A46CDE9006633469D21FAF7A8FDA8
:1043400004460028E0D1D5F85C018DF81440CDE991
:10435000006609233A468C21CDE90344FAF798FD1B
:10436000A24604460028CFD10B222B6885F87A217B
:1043700085F87901C5F874015B6B304A93424AD1E4
:10438000D5F85C013346CDE90066FF243A46112199
:104390008DF80C40FAF79EFB9DF80C30002B40D0B6
:1043A000032B41D1D5F87431D5F85C018DF8133069
:1043B000CDE900664FF40011C5F87011190C1C0A04
:1043C0008DF8111095F87A3195F879118DF8124021
:1043D0008DF80F3020248DF810103A4608238B21D9
:1043E000ADF80C408DF80EA0FAF752FD0446002CF3
:1043F0008AD1B8F1030F1AD8B9F1090F85F899815C
:1044000018D803224FF4807385F89A9185F89B2180
:10441000A5F8AA3178E79FED0A0A2846984704468E
:10442000E5E76FF064046FE76FF013046CE76FF07B
:10443000090469E76FF0070466E700BF010703009E
:104440000000FA3E2DE9F04FADF52B7D1C4607909C
:104450000892D2B18D18013D0139601EFF231A1157
:1044600011F8016F82EA531282EAD3025E4002F031
:10447000010282EAD312370942EA430347EA0616E9
:104480008D42DBB200F8016FE9D1DDF820C0C848E9
:1044900062464FF6FF7E0025102747F25B56214605
:1044A000C0E9016E0770961C6746C56000F0D0FC3D
:1044B000E319C0F30722E255294658704FF41872E9
:1044C000F300A55512A81E4609931FF05CF90321BD
:1044D000B8480B9500F016FD0BAB0093B21D12AB64
:1044E0002146B44800F012FD2946FF2220461FF065
:1044F0004AF9079B93F899C1BCF1030F00F0408281
:10450000AD4BDDF82C800FCB0EAF3E4607C626F82C
:10451000023BBCF1020F4FEA134333709CBFA74B21
:1045200013F80C50B8F1000F00F02D8200218A46DC
:1045300008464FF001096FEA0A0303F0070317F872
:1045400000C0CA4309FA03F34FEAD10E4FEADA0674
:1045500002F007025BB2BCF1000F12D00DF1480C63
:104560000AF1010A1CF80EC014F906E04CFA02F236
:1045700012F0010F43EA0E020ABF2EEA0303A2550E
:10458000A3550130A84200F0A78101318845D2D15E
:104590000AF10702D208214612A8CDF82CA01FF07C
:1045A000CEF8079B93F89B31C3EBC30203EBC20227
:1045B000520092B20592BAF1000F7AD00022013275
:1045C00092B202FB02F15145F9D30FFA8AF14FEA98
:1045D000420C00294FEA520206911FFA8CFC03920A
:1045E00067DD0023CDF810A0984618464FF001096A
:1045F0009A46059D069FEA08EB43A15C03F007037A
:1046000009FA03F321EA03016B1CA154DA10DB431E
:10461000A15C03F0070309FA03F321EA03036FF037
:10462000020E302FA354AEEB050EA8BF3027002694
:1046300005F1020BC20812A9AEEB06038D5C0BEB71
:104640000601C910C24303F0070302F0070245FA4E
:1046500002F209FA03F365565BB212F0010F25EA84
:1046600003020CBF62542B436044049A18BF635486
:1046700080B2039B9042434409D398B284450AF127
:1046800001039DBF1FFA83FA5046D046804601368B
:1046900033B2BB42CEDB069B059A0237303B1BB2DE
:1046A0003A4492B2002B06930592A2DC079B93F842
:1046B0009B31079A9DF8207092F8995192F8A06169
:1046C00092F89A11B2F8AA018DF83070EA0042EA25
:1046D000860242EAD10242F0020206118DF8312030
:1046E0000201059846EA41166FF0710101FB0301D2
:1046F0008DF832602E4E0B9108202F274FF0FF0CC3
:104700000021D2B23070C6E9017CF160002B00F0CC
:10471000ED80DFF8B09003910E4609F1280AA9F167
:1047200027080EAF0125013B5B1A22F00C0242EA7A
:1047300083030CA904221E488DF8333000F088FB57
:104740004FF0000B8DF8340002211A48A7F808B08A
:10475000C7E900BB00F0D6FB3B4628220CA9CDF8E8
:1047600000B0144800F0D2FB3B4628220CA9CDF83B
:1047700000B0104800F0CAFBF208F343A15C1048F7
:1047800003F0070305FA03F321EA0301731CA154A4
:10479000DA10DB43A15C03F0070305FA03F321EA17
:1047A000030306F1020CA3546FEA0C0C0CE000BFEB
:1047B000BC7C0020E87C002094BD0500B8BD05004D
:1047C000BBBD0500E3BD05004378C21CD908A2EBC0
:1047D0000802324417F801E0D208DB430CF007016D
:1047E00003F007034EFA03F305FA01F114F902E0AE
:1047F00013F0010F49B24EEA010300F101000ABFB4
:104800002EEA0101A354A15448450CF1FF3CDBD131
:1048100006F14A0C5D486FEA0C0C437800F1230264
:10482000D908A2EB0802324417F801E0D208DB43B2
:104830000CF0070103F007034EFA03F305FA01F148
:1048400014F902E013F0010F49B24EEA010300F13E
:1048500001000ABF2EEA0101A354A15450450CF1F6
:10486000FF3CDAD16FF02A0EDDF81CC00496AEEBE7
:10487000060E06F12A0B00200CEBD00200EB0B0118
:1048800092F89C61C908AEEB0003C24303F0070332
:1048900002F0070246FA02F205FA03F3665612F036
:1048A000010F5BB246EA030200F101000ABF26EAEB
:1048B0000303625463542028DED1079B039A049EAD
:1048C00093F89B310132723693420392B6B20AD901
:1048D0009DF83320039926E7013141454FF0000050
:1048E0007FF429AE54E6079A92F89951099A063254
:1048F00092B2032D06D8DFE805F03934310202EB1D
:10490000420292B2224DA5FB0210400902F12F048F
:1049100000EB800100EB4000A2EB0012A5FB045469
:1049200001EB8101B69803EB5413490092B2036086
:104930008BB212B102321A4493B2079A92F89B11C9
:10494000722212FB0133B599DA1D0B60B49BD208B9
:1049500000201A600DF52B7DBDE8F08F520092B259
:10496000D0E702EB4202C2F34F02CBE702EB420276
:10497000520008490432A1FB0212C2F38F02C1E7C0
:10498000DDF82CA00EE6C246424604E6E3BD050073
:10499000ABAAAAAACDCCCCCC70B4524D524B8BB0A2
:1049A000064603930FCD05AC0FC42A6896F89A31DA
:1049B00096F8A01122600AAA02EB430300294FF0E7
:1049C000060243F63611ADF810104848A6F8A421A7
:1049D00014BF0821342149F28E5233F8143CB3FB42
:1049E000F1F33C2B0290ADF80420A6F8A23109D0D7
:1049F0002ED9B92B68D01DD8562B48D0632B46D062
:104A00003E2B20D1B6F8AA310AAA02EB931203F08A
:104A10003F0112F81C2CA6F8A621B3F5C07F4FF079
:104A20003802A6F8A811A6F8A4210CD200200BB0D9
:104A300070BC7047B3F5C37F3AD040F293129342F3
:104A400036D0C62B40D06FF069000BB070BC7047F9
:104A50001C2B06D016D9232B03D02F2B01D01E2BB5
:104A6000F1D1B6F8AA310AAA02EB9311B3F5C07FCF
:104A700003F03F0211F81C1CA6F8A611A6F8A82105
:104A8000D4D3E0E70A2BECD0162BDCD1E9E7B6F85B
:104A9000AA310AAA02EBD312002012F8202CA6F8A1
:104AA000A62103F07F03A6F8A8310BB070BC7047B5
:104AB000B6F8AA31A6F8A8314FF484720020A6F8FF
:104AC000A6210BB070BC7047B6F8AA310AAA02EB57
:104AD0001322DBB212F8242CA6F8A621A6F8A831DE
:104AE000A4E700BFA4BD0500212D30334144474851
:104AF00010B4B0F8A431B0F8A821B0F8A24103F086
:104B000001015B0819B1B0F8A6114B409BB29A4263
:104B100082EA030107D08C42F1D3A0F8A4315DF8FA
:104B2000044B084670479C4201D21346E7E7A0F8C1
:104B3000A431194608465DF8044B7047D0F8B031EF
:104B4000002B00F08D802DE9F041B0F8A431B0F8D1
:104B5000A841B0F8A25182B003F001025B081AB17B
:104B6000B0F8A62153409BB29C4284EA03026FD066
:104B7000AA42F1D8013A92B214B2B4EB550FA0F8A0
:104B8000A43190F8A031A8BF521B05F00105A8BFC1
:104B900014B20135002B5FD11A2303FB05F54FF446
:104BA000D04690ED557ADFED397A67EE277A804668
:104BB00017EE900A0F461DF0B3FA354B00221DF098
:104BC00007FB1DF09FFDD8F8B41198F89B3106FB48
:104BD00014009942A0EB452504D25B1ADB0758BFAD
:104BE00005F5807507EB47042A0E280C64000423A2
:104BF0002E0A8DF804208DF8050004F28A310DEBA1
:104C0000030240468DF807508DF80660FEF7D0FD90
:104C1000D8B93FBB7320054604F562718DF80100D9
:104C2000002402236A4640468DF80040FEF7C0FD8E
:104C300058B908F5D6710EC94D1B013A0133C8F8B1
:104C4000AC51C8F8B021C8F8B43102B0BDE8F08169
:104C5000AB4212D923467FE7AD004FF48056A0E760
:104C60001846704798F89B31BB4208D8D8F8AC0179
:104C7000312807D885B2C0B2CEE71A467AE772204B
:104C80000546C9E732200546C6E700BF0000004CD4
:104C90000000A03F6FF01800704700BF6FF01800D1
:104CA000704700BF6FF01800704700BF6FF018002A
:104CB000704700BF6FF01800704700BF6FF018001A
:104CC000704700BF6FF01800704700BF6FF018000A
:104CD000704700BF6FF01800704700BF6FF01800FA
:104CE000704700BF84B004A800E90E006FF0180000
:104CF00004B0704700207047BBEE090A704700BF40
:104D0000002070476FF01800704700BF6FF0180068
:104D1000704700BF00207047704700BF704700BF5A
:104D20006FF01800704700BF704700BF0368044A67
:104D3000DB68934202D16FF01800704700211847DA
:104D4000AD4C030070B5144B04460E4600210D46D1
:104D50002DED028B282240F8043BB0EE408A1EF075
:104D600012FDA58684F83650294604F137004FF429
:104D700080721EF008FD84ED0B8AC4F83851C4F827
:104D80003C5184F84051C4F8445184F8485126639A
:104D9000BDEC028B204670BD14BE0500002370B42C
:104DA0001E46012505FA03F20A4200EB830403F1D3
:104DB000010303D062681F2A18BF1643202BF1D1CC
:104DC000304670BC704700BF38B590F848316BB9B9
:104DD000D0F83851D0F84421D0F83C4141EA45019F
:104DE0000A40A242C0F838112BD038BD90F8355097
:104DF00090F83430054401249C4095F9372064B282
:104E0000D1B922EA0402D2B285F83720591CC9B2BE
:104E1000082980F83410E8D10446104600F024F93F
:104E200094F83530E1180022013381F8370084F816
:104E3000353084F8342038BD2243D2B285F837208B
:104E4000E4E70122838680F8363080F8482138BDB7
:104E50002DE9F8435FEAC2090646846820D00025A0
:104E600088462F460FE031784B1E24FA03F313F0E7
:104E7000010F18BF736805F101054FEA440418BF1C
:104E80005C404D450DD06B07EDD1337C18F8070021
:104E90000137B3B93178A1F1080398404440E3E702
:104EA0000178F068737C604013B100F0DDF8317870
:104EB0004FF0FF33C1F1200123FA01F10840BDE8B2
:104EC000F883082100F0D0F8E4E700BF044B00228B
:104ED00008211970C3E90122DA601A745A74704704
:104EE000BC7C002010B50446C06808B103F00AF885
:104EF000206908B103F006F8606908B103F002F810
:104F0000204610BD0023417003707047002900F057
:104F10008980002B00F086802DE9F04F83B0002AB5
:104F20007ED04FF0000B90F801A0D946D846CDE9CD
:104F300000210AE0072C057050D0009A08F1010802
:104F4000D14442451FFA89F950D04FEAD805019A59
:104F50000678575D3549364A6FEA080404F00704BD
:104F60002741BAF1020F08BF964607F001074FEA42
:104F7000960518BF8E46C7F1010C5EF825504FEA22
:104F80008C0C6FEA060E5FFA8CFC0EF0030E0CEB35
:104F9000CE0C25FA0CF54FF0020204FB0AFC05F0DA
:104FA0000F0404FA0CF412FB06764BEA040B06F02D
:104FB0003F0508F00704BDD106F00F06072C067068
:104FC000BBD11C464FEA1B2504F8025B83F801B0F5
:104FD00090F801A023464FF0000BAEE7BAF1030FA3
:104FE000EFD14FEA1B441C700133EAE752070BD0A4
:104FF000BAF1030F03D14FEA1B421A7001334FEA93
:105000001B2283F801B01A700C9B2BB10020C3F84F
:10501000009003B0BDE8F08F184603B0BDE8F08FF4
:105020009146F1E74FF0FF30704700BFECBE05003E
:10503000DCBE0500084B094A094910B50024184692
:105040001C805C601C72C3E903445C6103F0E8FFF0
:10505000044B1C8010BD00BFD07C002000600020ED
:10506000E54E0300E87C002099B10022F0B405462B
:105070004F1E1046012606FA02F32B40BC1AD340FD
:105080000132A340D4B2A14240EA0300F3D8F0BCFD
:1050900070470846704700BF704700BF704700BFA9
:1050A000704700BF0846704730B441608260029983
:1050B000039A044DC360049B0560C0E90412836138
:1050C00030BC704734BF0500704700BF69B170B590
:1050D000054608460C4620F033F92B680246214667
:1050E00028465B68BDE8704018470846704700BF17
:1050F000F0B506688BB022B93368C9B298470BB0D7
:10510000F0BD0AACD2B20023022A04F8043D0546E1
:105110002CBF10460A20B1FBF0F200FB1217FBB2C5
:10512000092F03F130078ABF3733FBB2DBB21146D8
:1051300004F8013D002AEED1204620F001F9736801
:1051400002462146284698470BB0F0BD036870B56B
:1051500005460C465E6849B1084620F0F1F8214644
:1051600002462846B0472B685E680446284602225D
:105170000149B047204470BD48C00500F0B5044661
:105180008BB00F460568002A44D00A2A26D1002990
:1051900045DB0AAE0023334806F8043D0B46A0FB6E
:1051A0000312D20802EB8201A3EB4103303306F86D
:1051B000013D1346002AF2D1304620F0C1F83146B5
:1051C00002466B68204698470646236826495B6876
:1051D00020460222984730440BB0F0BD0AAED2B24E
:1051E0000023022A06F8043D2CBF10460A200A4676
:1051F000B2FBF0F100FB1127FBB2092F03F13007DE
:105200008ABF3733FBB2DBB20A4606F8013D0029FC
:10521000EED1D1E72B68C9B298470646D5E72B688F
:105220002D2198470AAD002306460E4805F8043D97
:105230007B42A0FB0321C90801EB8102A3EB4203DF
:10524000303305F8013D0B460029F2D1284620F005
:1052500077F82368024629465B682046984706444B
:10526000B3E700BFCDCCCCCC48C0050008B5402288
:1052700000211EF088FA0022C0E9102208BD00BFFC
:1052800010B4D0E91024531C03F03F039C4218BF14
:1052900081545DF8044B18BF036470470023C0E9D4
:1052A00010337047D0E91023934206D05A1CC35CD8
:1052B00002F03F024264184670474FF0FF307047DB
:1052C000D0E91030181A48BF40307047D0E9102399
:1052D000934214BFC05C4FF0FF307047D0E91030EC
:1052E000013303F03F03181AB0FA80F04009704709
:1052F000114B124A1968BFF35B8F4968BFF35B8F8C
:10530000914200D070470E4AD2F80015C9070FD558
:1053100030B40C4C012500204FF0FF312560C2F85D
:10532000000530BCC2F860151868044903F0C4BD1C
:105330001868024903F0C0BDEC7C0020546F6E6514
:1053400000200240042002402F2901D9002070478C
:1053500070B5434E3368BFF35B8F0C465B684149C1
:10536000BFF35B8F8B4288B0054606D0306803F0F0
:105370005DFD10B9002008B070BD3268394BBFF335
:105380005B8F5268BFF35B8F9A4259D0364A374BD6
:1053900052F82420698AEC7DC3F860254FF0FF3273
:1053A000C3F864250120C3F86825C3F86C250722DB
:1053B000C3F80005C3F80C250022C3F80425C3F880
:1053C000081505F11401C3F81025C3F80042C3F80D
:1053D0000023C3F82015C3F84015C3F82405C3F80B
:1053E0004405A968C3F828152149EE682C8AC3F83A
:1053F0004865C3F82C25C3F84C25C3F814450A604A
:105400000B680193019B4A6004311A4B09680291B1
:1054100002991A601968039103995A6059680491B6
:1054200004999A60996805910599DA60D96806919E
:1054300006991A6110331B680793079B08B070BD6B
:105440000A4BD3F80025D207A0D50B4A01201060E3
:1054500000214FF0FF32C3F80015C3F8602595E72F
:10546000EC7C0020546F6E6588BF05000020024070
:10547000042102400C210240042002402DE9F8439F
:10548000A1F1140446F294139C4215D81446064622
:105490000D469AB94FF000084FF00009634C64497B
:1054A0002368BFF35B8F5B68BFF35B8F8B421CD0BD
:1054B000206803F0BBFCC0B9BDE8F883B2F57A7F81
:1054C00009D202FB01F3B3F57A7F04D24FF0010851
:1054D0004FF00009E2E74FF47A720023A4FB0501C4
:1054E0001DF080F980468946D8E72268504BBFF30B
:1054F0005B8F5268BFF35B8F9A42DDD14D4BD3F87F
:105500000025D20709D54C4A0120106000214FF038
:10551000FF32C3F80015C3F8602558EA090347496C
:10552000B1FBF5F189B230D1454F464B7982C7E9DD
:1055300000896FF07F486FF07F4943EA5103C7E964
:1055400002894FF6FF70BB82082204233882BA75A5
:10555000FB7531463A48FFF7F7FE0028ACD02368C8
:105560003349BFF35B8F5B68BFF35B8F8B4204D023
:10557000206803F05BFC00289ED0BB7D03F18043D4
:1055800003F5083301221A6096E742464B46002095
:105590005B084FEA320252EA030500F10100F7D13D
:1055A000252889DC2748264FB9F1000F40EA510031
:1055B00008BFB8F1010FB882C7E9008979822CD001
:1055C00040464946002349084FEA300050EA0102AC
:1055D00003F10103F7D11C4A5B00A2FB03235B0824
:1055E00001259D4018F1FF3049F1FF312A46002383
:1055F0001DF0F8F872B96A084FF00C0C6B1E9B1A7C
:105600000130013A1021FB603882BA6087F816C079
:10561000F9759EE74FF0080CF0E7C7E90223012176
:105620000C2210233982BA75FB7592E7EC7C0020BE
:10563000546F6E65002002400420024048E80100DB
:10564000F07C00200080FFFFABAAAAAA024A034B0D
:1056500092681A60704700BF84610020EC7C0020D3
:105660002DE9F0477C4F3D6806460C46904675B1E3
:105670002F2E09D828F48073032BC8F3002224D0DE
:10568000042B59D0022B3BD00020BDE8F0872946DF
:10569000202272481EF077F8714A7249724B0D60F1
:1056A0004FF0FF30C2E9000040224D60C3F8802077
:1056B000BFF34F8FBFF36F8F6021C3F8802183F852
:1056C00006131A6001233B60D2E74FF40037674BA3
:1056D000634853F8265090F900102B0203F47C53D2
:1056E00043F001038D4243EA07030CD090F90160B7
:1056F000B54224D090F90270BD4222D1022603E0C7
:105700004FF44037E3E70026B10001F1804101F595
:10571000C0418555D1F81005504F524D47F82640ED
:1057200020F0031020F47C5003430120AA55C1F857
:105730001035B040BDE8F0874FF48037C7E7012649
:10574000E2E790F903C0654549D090F904E075455A
:105750005BD090F9058045456DD090F906904D4598
:1057600077D090F907A0AA4501D10726CCE70131EF
:1057700023D13F49D1F8101589071ED10026B10069
:1057800001F1804101F5C0418555D1F81005334F35
:10579000344D47F8264020F0031020F47C5003439A
:1057A000C1F810350023C1F800310120304BAA5553
:1057B000B040C3F80403BDE8F087013606D12C4998
:1057C000D1F81415890701D10126D8E7013708D18E
:1057D0002749D1F818158F0703D10226CFE70326F2
:1057E00092E7BCF1FF3F06D12149D1F81C158E0785
:1057F00001D10326C3E7BEF1FF3F08D11C49D1F810
:105800002015890703D10426B9E704267CE7B8F1FF
:10581000FF3F06D11649D1F824158F0701D105267F
:10582000ADE7B9F1FF3F08D11149D1F828158E072E
:1058300003D10626A3E7052666E7BAF1FF3F7FF40A
:1058400023AF0B49D1F82C1589077FF41DAF07262C
:1058500095E7062658E700BF387D0020107D002020
:10586000307D0020087D002000E100E088BF0500B9
:10587000006000402F2825D8264A274B52F82020C8
:1058800093F900108A4238D093F901108A4236D039
:1058900093F902108A4234D093F903108A4232D02D
:1058A00093F904108A4230D093F905108A422ED021
:1058B00093F906108A4206D093F90710914208BF67
:1058C000072101D07047062170B40120134E144CFB
:1058D000144D8840C6F808038A00002002F1804277
:1058E00044F82100FF2402F5C0425C546854C2F819
:1058F000100570BCC2F8000170470021E4E70121E7
:10590000E2E70221E0E70321DEE70421DCE70521ED
:10591000DAE700BF88BF0500307D0020006000404E
:10592000107D0020087D00202DE9F0431B4B1C4F0B
:10593000D3F80463DFF86C80DFF86C9085B0002446
:105940000123A200A34002F18045334205F5C04582
:105950000FD0D5F8003163B1E357013306D052F8C8
:1059600008201AB114F809307BB990470023C5F814
:1059700000310134082CE3D1BFF34F8F00BF00BFCB
:1059800000BF00BF05B0BDE8F08304AB002143F8C1
:10599000041D0846009103F09DF8E7E70060004011
:1059A000307D0020107D0020087D0020FEE700BF34
:1059B00008B501F02FFA4FF47A72A0FB0223900A87
:1059C00040EA835008BD00BF014638B54FF47A72F3
:1059D00000238002890D1CF005FF054601F01AFA2C
:1059E0000446F0F775FC01F015FA001B854200D85B
:1059F00038BD281ABDE8384001F030BB10B5044668
:105A000001F086FD022804D02046BDE810401DF0BC
:105A1000D9BD01F0F7F920461DF0D4FD044601F090
:105A200097FA0CB1204610BD02F08CFFFAE700BFD8
:105A300010B5044601F06CFD02280AD144B101F012
:105A4000E1F920461DF0C6FDBDE8104001F080BA26
:105A500010BD2046BDE810401DF0BCBD10B5044689
:105A600001F0D0F920461DF0ADFD044601F070FABA
:105A70000CB1204610BD02F065FF204610BD00BFEE
:105A800050B110B5044601F0BDF920461DF0A2FD4D
:105A9000BDE8104001F05CBA704700BF38B51C4645
:105AA0009DF8105043B3002908BF1A460123C4E9EA
:105AB0000F01226084F8463001F0F4FFD4E90F139F
:105AC0002268A26001FB03F1CB1A134400200A44B0
:105AD000FF21A063E36084F84410626084F84510FD
:105AE00004F1100003F04EFA04F1240003F04AFA26
:105AF00001F0E2FF84F84C50204638BDF8B5074667
:105B000015460E4669B100FB01F05030FFF7A6FFC5
:105B1000044690B3002200F1500380F84620036051
:105B200007E05020FFF79AFF044630B384F8466040
:105B30002460C4E90F7601F0B5FFD4E90F132268A1
:105B4000A26001FB03F1CB1A134400200A44FF2199
:105B5000A063E36084F84410626084F8451004F1A7
:105B6000100003F00FFA04F1240003F00BFA01F027
:105B7000A3FF84F84C502046F8BD00242046F8BD11
:105B80002DE9F04F044685B01D460192884601F08C
:105B900089FFA26BE36BA84F4FF000099A424E4673
:105BA000C0F08B80022D00F006810198002800F0E3
:105BB0003081B9F1000F00F0958001F07DFF01F018
:105BC00021F901F06FFF94F84430FF2B08BF84F8EF
:105BD000446094F84530FF2B08BF84F8456001F01D
:105BE0006BFF01A902A801F03BFC002840F01881DE
:105BF00001F058FFA26BE36B9A4277D001F05CFF93
:105C000001F050FF94F845304FFA83FABAF1000FD3
:105C10001ADD636AC3B104F1240907E00AF1FF3316
:105C2000DBB24FFA83FA7BB1636A6BB1484601F08D
:105C3000BDFB0028F2D001F04BFC0AF1FF33DBB2D0
:105C40004FFA83FA002BEFD1FF2384F8453001F09F
:105C500033FF01F027FF94F844304FFA83FABAF18A
:105C6000000F1ADD2369C3B104F1100907E00AF13E
:105C7000FF33DBB24FFA83FA7BB123696BB148463D
:105C800001F094FB0028F2D001F022FC0AF1FF336E
:105C9000DBB24FFA83FA002BEFD1FF2384F84430B4
:105CA00001F00AFF01F054F901F0FCFEA26BE36B76
:105CB0009A424FF00109BFF475AF226CA66B002A1F
:105CC00040F0FC8025680136002D00F01881A663A5
:105CD000636A002B40F08C8001F0EEFE012005B0DD
:105CE000BDE8F08F02A801F0AFFB66E704F11009F0
:105CF00001F0E2FE4846019901F0DCFA01F0D2FE23
:105D000094F845A04FFA8AFABAF1000F1CDD636AD5
:105D1000D3B104F1240B08E00AF1FF3A5FFA8AF3E9
:105D20004FFA83FA83B1636A73B1584601F03EFBC0
:105D30000028F1D00AF1FF3A01F0CAFB5FFA8AF3BA
:105D40004FFA83FA002BEED1FF2384F8453001F09F
:105D5000B3FE01F0A7FE94F844304FFA83FABAF18B
:105D6000000F06DC15E00AF1FF33DBB24FFA83FACD
:105D70007BB123696BB1484601F018FB0028F2D0D3
:105D800001F0A6FB0AF1FF33DBB24FFA83FA002BD6
:105D9000EFD1FF2384F8443001F08EFE01F0D8F8F3
:105DA000002881D14FF080537B6040BFBFF34F8FFD
:105DB000BFF36F8F78E7226CA66B002A82D0414632
:105DC000E0681DF0BCFC236CE26821685B421A4469
:105DD0008A42E26080F0898062681344E360022DA9
:105DE00000F083800136A663636A002B3FF474AF32
:105DF00004F1240001F0DAFA00283FF46DAF0E4BF5
:105E00004FF080525A6040BFBFF34F8FBFF36F8F88
:105E100062E7009001F050FE009805B0BDE8F08FF9
:105E200001F040FE94F845506DB2002D18DD636A14
:105E3000B3B104F1240607E000ED00E0013DEBB250
:105E40005DB26BB1636A5BB1304601F0AFFA002816
:105E5000F4D0013D01F03CFBEBB25DB2002BF1D17F
:105E6000FF2384F8453001F027FE01F01BFE94F873
:105E700044506DB2002D16DD2369A3B104F1100664
:105E800005E0013DEBB25DB26BB123695BB1304619
:105E900001F08CFA0028F4D0013D01F019FBEBB2BF
:105EA0005DB2002BF1D1FF2384F8443001F004FEF1
:105EB00001F04EF8002005B0BDE8F08F41465DBB13
:105EC000A0681DF03CFCA368216C62680B449342FF
:105ED00006F10106A360FFF4FAAEA663636A2268C6
:105EE000A260002B3FF4F8AE82E7002E7FF4EFAE05
:105EF0000123A363636A002B3FF4EEAE78E760688A
:105F000001F058FBA663636A6560002B7FF470AFF5
:105F100000287FF474AFDFE6E0681DF010FC236C0E
:105F2000E26821685B421A448A42E260BFF457AFDC
:105F300052E700BFF8B50C4679B300250123216074
:105F400081F84630C1E90F35064601F0ABFDD4E9D2
:105F50000F322168A56303FB02F39A1A0A440B442B
:105F6000FF27C4E90131E26084F8447004F11000B5
:105F700084F8457003F006F804F1240003F002F8F9
:105F800001F09AFDC4E90055E56084F84C602B46A9
:105F90002A4629462046FFF7F3FD2046F8BD00BFFC
:105FA0002DE9F0418C4682B004461746EFF3118686
:105FB000402282F31188806BE26B904221D3022B46
:105FC00005D0002086F3118802B0BDE8F08194F876
:105FD0004550226CD4F838806DB252BB236808F16A
:105FE0000108002B4FD06B1CC4F8388037D0013526
:105FF0006DB284F84550012086F3118802B0BDE8E7
:10600000F08194F84550226CD4F838806DB2002AA3
:10601000E4D073B9A0681DF092FBA368216C62689C
:106020000B44934208F10108A360DCD32368A3600A
:10603000D9E76146E06801931DF081FB206CE268BE
:106040002168019B404202448A42E26002D26268B7
:106050001044E060022B10D008F10108C3E7636A26
:10606000002BC8D004F1240001F0A0F90028C2D010
:10607000002FC0D001203860A4E7B8F1000F08BF9E
:106080004FF00108AFE76068019301F093FA019BBC
:106090006360A8E72DE9F047044684B08846019282
:1060A00001F000FDD4F83890B9F1000F40F0938072
:1060B000019B002B00F00A8102A801F0C5F9B34F43
:1060C0004E4604F1240501F0F7FC00F09BFE01F0C0
:1060D000E9FC94F84430FF2B08BF84F8446094F83E
:1060E0004530FF2B08BF84F8456001F0E5FC01A9AD
:1060F00002A801F0B5F9002840F0878001F0D2FC39
:10610000A36B002B40F0E88001F0D6FC01992846F3
:1061100001F0D0F801F0C6FC94F845304FFA83F94D
:10612000B9F1000F06DC15E009F1FF33DBB24FFADD
:1061300083F97BB1636A6BB1284601F037F9002817
:10614000F2D001F0C5F909F1FF33DBB24FFA83F960
:10615000002BEFD1FF2384F8453001F0ADFC01F0B6
:10616000A1FC94F844304FFA83FABAF1000F1ADD1B
:106170002369C3B104F1100907E00AF1FF33DBB270
:106180004FFA83FA7BB123696BB1484601F00EF9EF
:106190000028F2D001F09CF90AF1FF33DBB24FFA8C
:1061A00083FA002BEFD1FF2384F8443001F084FC04
:1061B00000F0CEFE00287ED14FF080537B6040BFC0
:1061C000BFF34F8FBFF36F8F01F06CFCD4F83890A2
:1061D000B9F1000F76D0226C52B1E16863681144C6
:1061E0009942E16024BF2168E16040461DF0A7FAB2
:1061F00009F1FF33A3632369002B40F0C98001F04C
:106200005BFC012004B0BDE8F08701F04BFC94F882
:1062100045304FFA83F9B9F1000F06DC15E009F1BA
:10622000FF33DBB24FFA83F97BB1636A6BB1284667
:1062300001F0BCF80028F2D001F04AF909F1FF336F
:10624000DBB24FFA83F9002BEFD1FF2384F84530FE
:1062500001F032FC01F026FC94F844304FFA83FA46
:10626000BAF1000F1ADD2369C3B104F1100907E088
:106270000AF1FF33DBB24FFA83FA7BB123696BB1CA
:10628000484601F093F80028F2D001F021F90AF114
:10629000FF33DBB24FFA83FA002BEFD1FF2384F8F0
:1062A000443001F009FC00F053FE01F0FBFBA36B4E
:1062B00063B101F001FC01F0F5FBD4F83890B9F1BD
:1062C000000F88D1019B002B7FF4FDAE01F0F4FBA1
:1062D000002004B0BDE8F08701F0EEFB01F0E2FB26
:1062E00094F845304FFA83F9B9F1000F06DC15E058
:1062F00009F1FF33DBB24FFA83F97BB1636A6BB10B
:10630000284601F053F80028F2D001F0E1F809F135
:10631000FF33DBB24FFA83F9002BEFD1FF2384F870
:10632000453001F0C9FB01F0BDFB94F844304FFA51
:1063300083FABAF1000F1ADD2369C3B104F1100921
:1063400007E00AF1FF33DBB24FFA83FA7BB123692E
:106350006BB1484601F02AF80028F2D001F0B8F8F5
:106360000AF1FF33DBB24FFA83FA002BEFD1FF23A0
:1063700084F8443001F0A0FB00F0EAFD01F092FB4C
:10638000D4F83890B9F1000F9CD024E700ED00E07C
:1063900004F1100001F00AF800283FF430AF054B7B
:1063A0004FF080525A6040BFBFF34F8FBFF36F8FE3
:1063B00025E700BF00ED00E02DE9F043044685B07D
:1063C0000026019101F06EFBA36BB24FB04635463B
:1063D000002B40F0F380019B002B00F05D81B8F1B1
:1063E000000F00F0FC8001F067FB00F00BFD01F0F6
:1063F00059FB94F84430FF2B08BF84F8445094F8BC
:106400004530FF2B08BF84F8455001F055FB01A92A
:1064100002A801F025F800286CD101F043FBA36B22
:10642000002B40F0E08001F047FB2368002B00F0D8
:106430003C8104F124094846019900F03BFF01F03A
:1064400031FB94F845304FFA83F8B8F1000F06DCC1
:1064500015E008F1FF33DBB24FFA83F87BB1636AD2
:106460006BB1484600F0A2FF0028F2D001F030F8EE
:1064700008F1FF33DBB24FFA83F8002BEFD1FF2393
:1064800084F8453001F018FB01F00CFB94F844301F
:106490004FFA83F8B8F1000F1ADD2369C3B104F194
:1064A000100907E008F1FF33DBB24FFA83F87BB144
:1064B00023696BB1484600F079FF0028F2D001F063
:1064C00007F808F1FF33DBB24FFA83F8002BEFD166
:1064D000FF2384F8443001F0EFFA00F039FD002882
:1064E00064D14FF080537B6040BFBFF34F8FBFF349
:1064F0006F8F5BE001F0D6FA94F845304FFA83F8DD
:10650000B8F1000F1ADD636AC3B104F1240907E092
:1065100008F1FF33DBB24FFA83F87BB1636A6BB1EA
:10652000484600F043FF0028F2D000F0D1FF08F108
:10653000FF33DBB24FFA83F8002BEFD1FF2384F84F
:10654000453001F0B9FA01F0ADFA94F844304FFA51
:1065500083F8B8F1000F1ADD2369C3B104F1100903
:1065600007E008F1FF33DBB24FFA83F87BB1236910
:106570006BB1484600F01AFF0028F2D000F0A8FFE7
:1065800008F1FF33DBB24FFA83F8002BEFD1FF2382
:1065900084F8443001F090FA00F0DAFC01F082FA5D
:1065A000A36B002B00F08A8001F086FA01F07AFAE2
:1065B000A36B4FF00108002B3FF40DAF2268013BA5
:1065C000A363002A00F09E802369002B40F089809D
:1065D00001F072FA0126304605B0BDE8F08302A84A
:1065E00000F032FFFFE601F067FA01F05BFA94F881
:1065F00045304FFA83F8B8F1000F1ADD636AC3B172
:1066000004F1240907E008F1FF33DBB24FFA83F805
:106610007BB1636A6BB1484600F0C8FE0028F2D037
:1066200000F056FF08F1FF33DBB24FFA83F8002B7E
:10663000EFD1FF2384F8453001F03EFA01F032FA41
:1066400094F844304FFA83F8B8F1000F1ADD23694B
:10665000C3B104F1100907E008F1FF33DBB24FFAD0
:1066600083F87BB123696BB1484600F09FFE002898
:10667000F2D000F02DFF08F1FF33DBB24FFA83F8C0
:10668000002BEFD1FF2384F8443001F015FA00F01D
:106690005FFC8BE700ED00E0009301F00DFA009B3A
:1066A0001E46304605B0BDE8F08301F0FBF9606896
:1066B00000F03EFF064601F0FFF9BAE601F0FCF9F2
:1066C000002E88D001F0EEF9616A19B1236B1968C8
:1066D000C1F10501606800F099FF002601F0ECF9B6
:1066E00079E704F1100000F061FE00283FF470AF7C
:1066F000064B4FF080525A6040BFBFF34F8FBFF33D
:106700006F8F65E700F0B8FF60605DE700ED00E0C7
:1067100010B5044601F0C6F9A46B01F0CDF920468E
:1067200010BD00BF104B5A68904208D0DA68904202
:1067300008BF012204D090F8463093B17047002280
:10674000002110B403EBC20443F8321090F8463035
:10675000616013B15DF8044B70475DF8044BFFF7BF
:106760008FB9FFF78DB900BF049E0020074B1A6850
:106770001AB19A6802B17047012210B403EBC20447
:1067800043F8321060605DF8044B7047049E0020AF
:1067900070B505460C46164601F084F995F844306C
:1067A000FF2B04BF002385F8443095F84530FF2BBC
:1067B00004BF002385F8453001F07EF9AB6B2BB99F
:1067C0003246214605F1240000F0B0FD01F06AF9DF
:1067D00095F8454064B2002C16DD6B6AA3B105F153
:1067E000240605E0013CE3B25CB26BB16B6A5BB1BD
:1067F000304600F0DBFD0028F4D0013C00F068FEDC
:10680000E3B25CB2002BF1D1FF2385F8453001F0F3
:1068100053F901F047F995F8444064B2002C16DDB5
:106820002B69A3B105F1100605E0013CE3B25CB2AF
:106830006BB12B695BB1304600F0B8FD0028F4D095
:10684000013C00F045FEE3B25CB2002BF1D1FF2326
:1068500085F84430BDE8704001F02EB92DE9F041D3
:10686000044601F01FF9344A344D136801331360B4
:106870002B68002B2FD0324EE36A32682AB331489E
:10688000314907680A689F4238BF03602F480132C8
:1068900003EB83030A6000EB8300E263211D02F037
:1068A00081FB01F009F933686BB12A68E36AD26AA7
:1068B0009A4208D2264B4FF080525A6040BFBFF335
:1068C0004F8FBFF36F8FBDE8F0812A68D26A9A427A
:1068D00098BF2C60D3E72C601368012B02D0E36AC9
:1068E000174ECCE71948DFF894801A4F144E02F087
:1068F00049FB194802F046FB184802F043FB1848D0
:1069000002F040FB174802F03DFB404602F03AFB24
:10691000384602F037FB144802F034FB134802F00B
:1069200031FB134802F02EFB124B134AC2F80080D1
:106930001F60E36AA3E700BFAC7D00203C7D002020
:106940000C7E0020C07D0020BC7D0020487D002002
:1069500000ED00E0D87D00205C7D0020707D0020EF
:10696000847D0020987D0020F87D0020247E00207A
:10697000107E0020447D0020407D0020C47D00204A
:106980002DE9F843DDE90964002C60D016B93046E2
:10699000BDE8F8830D469700984602233A4684F8EE
:1069A0005130814626633046A5211CF0ECFE2A7842
:1069B000236B84F83420043F2A781F4427F007070C
:1069C00002B36B7884F835306B78DBB1AB7884F840
:1069D0003630AB78B3B1EB7884F83730EB788BB1E5
:1069E0002B7984F838302B7963B16B7984F839309E
:1069F0006B793BB1AB7984F83A30AB7913B1EB7971
:106A000084F83B30089D042D28BF04250026E5624C
:106A10006564201D84F83B60A66402F0BFFAC5F1EE
:106A2000050504F1180002F0B9FAE6644246494649
:106A3000A561246184F850606462384600F0F6FF76
:106A400020602046FFF70AFF2046BDE8F883204675
:106A5000BDE8F8832DE9F0479600804630460D46A4
:106A60009946099FFEF7FAFF002869D08246542014
:106A7000FEF7F4FF044600285BD00023C0F830A0E6
:106A80003246504684F85130A5211CF07CFE2A780D
:106A9000236B84F83420043E2A781E4426F0070A2B
:106AA00002B36B7884F835306B78DBB1AB7884F85F
:106AB0003630AB78B3B1EB7884F83730EB788BB104
:106AC0002B7984F838302B7963B16B7984F83930BD
:106AD0006B793BB1AB7984F83A30AB7913B1EB7990
:106AE00084F83B30089D042D28BF04250026E5626C
:106AF0006564201D84F83B60A66402F04FFAC5F17E
:106B0000050504F1180002F049FAE664A561246164
:106B100084F8506064624A464146504600F086FF61
:106B2000206007B13C602046FFF798FE0120BDE8D9
:106B3000F0875046FEF7A4FF4FF0FF30BDE8F08726
:106B40004FF0FF30F3E700BF70B504464C4E00F045
:106B5000A9FF002C39D0251D284602F04DFAA36A62
:106B60001BB104F1180002F047FA29464548464D8A
:106B700002F018FA94F85030012B04BF002384F877
:106B8000503000F099FF2B6893B93368A34200D0CE
:106B900070BD2B68DBB93B493C4A096812689142D9
:106BA00026D03B4B1B682BB33A4B01221A6070BDB9
:106BB00000F078FF384B1A68126892B9374B4FF0E3
:106BC000FF321A6000F078FFDFE73468C3E7344B28
:106BD0004FF080525A6040BFBFF34F8FBFF36F8FAB
:106BE00070BD1A682D4BD268D26852681A60E9E706
:106BF000336070BD274A13603268336812681B6BBC
:106C00009A4236D9274C2849226893009818800068
:106C10000858E0B9551EAB0058198000085830BB21
:106C2000951EAB0058198000085800BBD51EAB005C
:106C3000581980000858D0B9151FAB0058198000AA
:106C40000858A0B9053A93009818800008581344D2
:106C50009B00CD1808336868406868600B44984210
:106C600004BF40686860C3683360226070BD2A4614
:106C7000EDE730683168343101F062FEC2E700BFF1
:106C80003C7D0020107E00200C7E0020AC7D00208A
:106C9000B87D00203C7E0020407D0020F07D00205B
:106CA00000ED00E0C07D0020487D002080B170B57F
:106CB0001B4D2B6883420AD0044600F0F3FE194BAB
:106CC00062699A4205D0BDE8704000F0F5BE70BD23
:106CD0007047A36A144A9342F5D0002BF3D1261DC6
:106CE000304602F089F9114AE36A116810488B4274
:106CF00088BF136003EB830300EB8300314602F08F
:106D000051F92B68E26ADB6A9A42DCD3094B4FF0F7
:106D100080525A6040BFBFF34F8FBFF36F8FD2E7EF
:106D20003C7D0020107E0020F87D0020C07D0020EA
:106D3000487D002000ED00E070B584B0002503AA76
:106D400002A901A8CDE9015501F0FEFD019C002C2E
:106D500046D00298002843D0039E20630223B60049
:106D6000A521324684F851301CF00DFD236B1F4ADB
:106D70006263201D84F83850043E84F83B50E5627D
:106D8000C4E911551E4402F009F904F1180002F09B
:106D900005F926F007060523A3612A461449E56490
:106DA00030462461646284F8505000F03FFE206059
:106DB0002046FFF753FD0F4B1C6000F0DBFD012860
:106DC00011D1402383F311880B490C4A0C4B4FF02F
:106DD000FF340C6010601D6000F03EFE04B070BD1A
:106DE000044B00221A6004B070BD00BF49444C45FA
:106DF000E1700300EC7D0020F07D00200C7E00207F
:106E0000387E0020024A136801331360704700BFC8
:106E1000B87D0020014B1868704700BF387E002005
:106E2000024A136818441060704700BF387E002083
:106E30002DE9F04F3B4B1B6883B0002B42D13A4BFE
:106E40001F6801371F60002F4AD0384B01931B6821
:106E5000BB423BD8364EDFF8EC80DFF8ECA0DFF821
:106E6000EC90002525E03368DB68DC68636804F19A
:106E7000040B9F42584651D302F0BEF8A36A04F1B6
:106E800018000BB102F0B8F8E36AD8F8002003EB61
:106E90008300934259460AEB800088BFC8F800304F
:106EA00002F080F8D9F80030E26ADB6A9A4228BF23
:106EB000012533681B68002BD5D1019A4FF0FF33B1
:106EC000136004E01B4A13680133136000251A4B5A
:106ED0001B68002B0CBF2846012003B0BDE8F08FD3
:106EE000134E164B3168164A1868306019601368E3
:106EF0000133136033681B683BB90C4B01931A468E
:106F00004FF0FF3313601346A1E73368074ADB688D
:106F10000192DB685B681360134698E7019A13607F
:106F2000D5E700BFB87D0020387E0020F07D00202E
:106F3000407D0020B47D00203C7E0020447D002068
:106F4000F47D0020C07D0020487D00203C7D002095
:106F50002DE9F04700F0A6FD354B1A68013A1A609A
:106F60001C68002C57D1334B1B68002B53D0DFF823
:106F7000E0A0314E314FDFF8DC90DFF8DC80336881
:106F800013B3F368DC68251D04F1180002F034F82F
:106F9000284602F031F8E36A3A6803EB8300934233
:106FA000294609EB800088BF3B6001F0FBFFD8F861
:106FB0000030E26ADB6A9A424FF00103DFD3CAF87D
:106FC00000303368002BDCD13CB11D4B1A681268CD
:106FD0003ABB1C4B4FF0FF321A601B4D2C6844B17A
:106FE0000126FFF725FF08B1CAF80060013CF8D17F
:106FF0002C60DAF8003073B1144B4FF080525A60B5
:1070000040BFBFF34F8FBFF36F8F012400F054FDDB
:107010002046BDE8F087002400F04EFD2046BDE884
:10702000F0871A68074BD268D26852681A60D4E7B2
:10703000B87D0020AC7D0020F87D0020C07D0020C0
:10704000407D0020F07D0020B47D002000ED00E0B8
:107050003C7E0020487D00203C7D002070B548B972
:10706000184B4FF080525A6040BFBFF34F8FBFF3B1
:107070006F8F70BD144A15491368154E01331360A4
:107080000D6804463068043001F0B6FF33686419B7
:107090005C600FD20F4B18683168043101F092FF29
:1070A0000D4B1A68944238BF1C60FFF751FF00284F
:1070B000D6D070BD094B18683168043101F082FFE9
:1070C000F3E700BF00ED00E0B87D0020387E00202F
:1070D0003C7D0020407D0020F07D0020447D00208C
:1070E0002DE9F84F3C4E3D4D3D4CDFF80891DFF85F
:1070F0000881DFF808B14FF0805A2368D3B100F05F
:10710000D1FCF368DF68381D01F076FF2B68013B86
:107110002B602368013B236000F0CEFC97F85130D0
:10712000002B37D0012BE8D13846FEF7A9FC2368A5
:10713000002BE4D12B4B1B68012B06D9CBF804A004
:1071400040BFBFF34F8FBFF36F8F00F041FED9F800
:10715000003033BBD8F80030DB6A002BCDD1214B97
:107160001B68012BC9D8204B204A1B6812689B1A48
:10717000012BC2D91E4A136801331360D9F80030BD
:10718000BBB1D8F80030DB6A0BB9164B1B68FFF7B0
:10719000DFFEB2E7386BFEF773FC3846FEF770FC93
:1071A000ABE7D8F80030DB6A002BA6D10D4B1B688B
:1071B000A3E7D8F80030DB6A002BE8D1094B1B6845
:1071C000012BE4D8084B1868084B1B68C01A01282B
:1071D000DDD900F0DDFCDAE7247E0020AC7D002064
:1071E000B07D0020487D0020F07D0020387E00200A
:1071F000B87D0020C07D00203C7D002000ED00E037
:10720000274B1B68002B40D1264A70B5264C1360D3
:107210002268236812681B6B9A423AD9234D24498D
:107220002A689300981880000858E0B9561EB300E9
:1072300098198000085830BB961EB300981980003A
:10724000085800BBD61EB300981980000858D0B962
:10725000161FB300981980000858A0B9053A93008A
:1072600098188000085813449B00CE1808337068A3
:10727000406870600B44984204BF40687060C36807
:1072800023602A6070BD3246EDE7064B01221A608A
:10729000704720682168343101F052FBBEE700BF1F
:1072A000B87D00203C7E00203C7D0020C07D002079
:1072B000487D002070B5174D2B680C4603F118016E
:1072C00001F080FE144B1E682868043001F094FE23
:1072D000631C17D02B68A4195C600BD20F4B186885
:1072E0002968043101F06EFE0D4B1A68944238BFD4
:1072F0001C6070BD0B4B18682968BDE870400431F4
:1073000001F060BE296808480431BDE8704001F012
:1073100049BE00BF3C7D0020387E0020407D00201B
:10732000F07D0020447D0020107E002070B5194DB6
:107330002B680C46164603F1180101F033FE164B7C
:107340005EB11B682868043001F056FE29681348B6
:107350000431BDE8704001F025BE1E682868043085
:1073600001F04AFE2B68A4195C600BD20C4B186824
:107370002968043101F026FE0A4B1A68944238BF8E
:107380001C6070BD084B18682968BDE87040043166
:1073900001F018BE3C7D0020387E0020107E0020C9
:1073A000407D0020F07D0020447D002038B5C3687A
:1073B000DC6804F11805284601F01EFE1A4B1B6814
:1073C0002BBB251D284601F017FE184AE36A1168F9
:1073D00017488B4288BF136003EB8303294600EBF9
:1073E000830001F0DFFD134BE26A1B68DB6A9A42FF
:1073F00082BF114B01201860104B1A68126898BFA9
:1074000000204AB90E4B4FF0FF321A6038BD2946B2
:107410000C4801F0C7FDE6E71A68094BD268D2684C
:1074200052681A6038BD00BFB87D0020C07D0020C2
:10743000487D00203C7D00203C7E0020407D0020D7
:10744000F07D0020F87D0020034A044B12681B6881
:10745000C0E90023704700BFF47D0020387E002083
:10746000F8B50D46044600F01DFB2B681649581C64
:107470000A6813D0DFF854C0D4E90060DCF800706B
:10748000BE4201D090421AD9121A93420BD800235F
:107490002B60012500F010FB2846F8BD002500F008
:1074A0000BFB2846F8BDDCF800009B1A0A682B602D
:1074B000C4E90002002500F0FFFA2846F8BD0125C6
:1074C00000F0FAFA2846F8BD387E0020F47D00204E
:1074D000014B01221A6070473C7E0020084B18685F
:1074E00060B9084B1B6853B9074A084B10681B6802
:1074F000013B984214BF01200220704700207047D2
:10750000F87D00203C7E0020107E0020AC7D002015
:10751000054B1B6833B1054B1B68002B0CBF0220C9
:1075200000207047012070470C7E0020B87D0020AD
:1075300018B3F8B51C4CC36A2268D26A934214D2BD
:107540008269002A04DB2268D26AC2F105028261E4
:10755000164D426903EB830305EB83039A420DD07A
:107560002368DB6AC3620120F8BD2368406CDB6AD4
:1075700098422CBF00200120F8BD7047061D074629
:10758000304601F039FD2268094BD06A1A68F8626A
:10759000904200D9186000EB800005EB8000314676
:1075A00001F000FD0120F8BD3C7D0020487D002059
:1075B000C07D002050B138B5C16A836C426C013B7C
:1075C0009142836400D01BB1002038BD0020704779
:1075D000051D0446284601F00FFD0A4A636C116838
:1075E000E362C3F105008B42A061074888BF1360C6
:1075F00003EB830300EB8300294601F0D3FC012059
:1076000038BD00BFC07D0020487D002048B1426CDD
:10761000C36A914238BF11468B4202D0826C012A64
:1076200000D07047826970B5114DC162002A03EB2A
:1076300083034269A8BFC1F1050105EB8303A8BF1D
:1076400081619A4200D070BD061D0446304601F0AB
:10765000D3FC084BE06A1A68904288BF186000EBC0
:10766000800005EB80003146BDE8704001F09ABC17
:10767000487D0020C07D0020044B1A681AB11968AB
:107680008A6C01328A641868704700BF3C7D002014
:107690002DE9F04FAD4EDFF8C482AD4D89B03368AF
:1076A0001C68002C00F08E80DB681C68FFF7AAFBCA
:1076B000FFF7B0FBD8F80030984207465DD384420C
:1076C000C8F8000040F20B810022E11B2868FFF798
:1076D0005FF8FFF73DFC88B99E4A4FF08053536036
:1076E00040BFBFF34F8FBFF36F8F07E0019B03993C
:1076F00020469847009B002B80F2388128680022A2
:107700006946FEF7C7FC0028C9D0009B029C002BED
:10771000ECDB636913B1201D01F06EFCFFF77AFB0F
:10772000D8F800309842814643D3009BC8F80090B7
:10773000092BE3D8012202FA03F313F4047F69D181
:1077400013F0C70F40F0A1809B06D7D594F82C30DA
:10775000002BD3D12046FEF793F9CFE7DB68DC6836
:10776000D3F800A004F10409484601F045FC636A1F
:1077700020469847E369012B36D033681A68002AFF
:10778000ECD17549C8F800700A6832600B60FFF7E9
:10779000DFFBB3E7DB68DF68D3F800B007F1040A6A
:1077A000504601F029FC7B6A38469847FB69012B5B
:1077B00025D033681A68002AECD167490A6832601C
:1077C0000B60B2E7FFF71EFBFFF724FBD8F8003091
:1077D00083420746D1D8604BC8F800701B681A680E
:1077E000B2FA82F2520970E7A36953449A454946B6
:1077F00022D263602461306801F0E4FBBDE7BB691D
:107800005B449B45514627D27B603F61306801F065
:10781000D9FBCEE7019B246103EB09024A45A36132
:1078200062602CD8002B3FF469AF4B4B211D1868C8
:1078300001F0C8FB286862E72B68002B9DD000236D
:10784000CDE9043A0694FFF763FE00231A4604A923
:107850002868FEF795F990E72B68002BA9D0002344
:10786000CDE9043B0697FFF753FE00231A4604A90F
:107870002868FEF785F99CE74B4500D998B1306838
:10788000211D01F09FFB286839E7019BA269246153
:1078900099182CBF0120002049456160ECD8A9EB64
:1078A00003039A42C1D8636A20469847E369012BD3
:1078B0007FF424AF019BA2692868134400283FF499
:1078C0001EAF0022CDE904230694FFF721FE00231A
:1078D0001A4604A92868FEF753F928680FE7FFF74E
:1078E00037FB3368DB68D3F80C9009F1040A504683
:1078F00001F082FBD9F81C30012B04D0D9F82430D8
:1079000048469847FAE6D9F81830C9F81090E218B6
:10791000BA42C9F8042004D95146306801F052FB3C
:10792000ECE73F1BBB421BD82B68002BE6D00023A3
:10793000CDE90434CDF81890FFF7EAFD00231A468C
:1079400004A92868FEF71CF9D8E700BF407E002094
:10795000C480002000ED00E0447E00207080002004
:10796000034B5146186801F02DFBC7E7029CD0E697
:10797000447E0020F0B5204C89B000F093F82568D3
:10798000FDB100F099F82068C8B1002407AA06A943
:1079900005A8CDE9054400F0E5FFDDE90530022149
:1079A000CDE90010079A0293144915482346FEF7C3
:1079B000E7FF144A0346001B18BF0120136009B0FB
:1079C000F0BD114F114E384601F0DCFA304601F09F
:1079D000D9FA0F4A0F4900950F4B17600E600F4AF6
:1079E00010212020FEF75AF820600028C9D00C4949
:1079F000FEF7BCFEC5E700BFC480002054C00500F0
:107A000091760300C8800020488000205C80002020
:107A1000407E0020447E002074800020487E0020AC
:107A20004CC00500402383F31188FEE730B46FF0AB
:107A300002034FF08075074C40F8045C40F80C4C92
:107A400040F8081C40F8202C40F8243C30BC443856
:107A5000704700BF257A03000F4C08B5E02384F877
:107A6000223000F077F80D4B0D4A00211960D4F850
:107A7000883043F47003C4F88830536843F04043BF
:107A80005360236943F01003236100F04FF9402352
:107A900083F31188FEE700BF00ED00E0CC800020FA
:107AA00030EF00E0402383F31188024A136801336A
:107AB00013607047CC800020034A1368013B1360B9
:107AC0000BB983F311887047CC80002041DF7047E9
:107AD00012DF704770B51B4B00251D6082B01B681C
:107AE0000193019BEFF31186402383F31188164A1B
:107AF000164BD2F804451D601B680093009BFFF7EE
:107B000089F9241A24F07F44012C0DD844B1FFF7E1
:107B10008FF9054625B10E4B4FF080525A6040BF99
:107B200086F3118802B070BDFFF7F2FC0228EED197
:107B3000013CFFF77DF9013C631C45EA0005F8D1E3
:107B4000E8E700BF40110140001001400011014072
:107B500000ED00E00B4B0C4930B41F200B4DC3F877
:107B6000080501220224E020C3F804232A601A60D9
:107B7000C3F8444381F811034FF400330B6030BC69
:107B8000704700BF0010014000E100E00810014014
:107B90002DE9F041804684B0EFF3108272B6584C64
:107BA000A36883B9574B58480121A160D3F88010CE
:107BB00001402160C3F88000D3F8841061604FF069
:107BC000FF31C3F8841002B962B6504ED6F804757E
:107BD000FFF784FC00283DD04D4A4E49424528BF5E
:107BE0004246BB1823F07F4301200025C6F8080356
:107BF000C6F840350D600B6801934FF4803301994E
:107C0000C6F80433BFF34F8FB8F1000F54D13F4B88
:107C1000404D41494FF48030C3F8080300202860EC
:107C20002D680395039D086009680291012102985F
:107C3000C3F80413D3F804353249DB1B23F07F4526
:107C4000954228BF15464FF40033012DC1F880310D
:107C500011D827D0A3685BB1EFF3108372B6294A1D
:107C600021681160616851600022A26003B962B6A8
:107C700004B0BDE8F081681EFFF7D2F8274BDB683F
:107C8000DA010FD5264A1368DB070BD5254B51685F
:107C900003FB05F5A5F57425A5F51075AD0A01EBF7
:107CA00085155560FFF7C4F80028D3D01E4B4FF060
:107CB00080525A6040BFCDE7F1EE103A23F09F03A7
:107CC000E1EE103AF1EE103A0E4B04A84FF4806149
:107CD0004026C3F88461C3F8841100F8045DFFF7FF
:107CE000F7FE9DF80C1039B920BFD3F80001D3F886
:107CF00004110143F8D08AE7FFF7E8FE87E700BFE9
:107D0000189E002000E100E0FC06FFBD00100140CD
:107D1000FDFFFF004011014000110140F0ED00E0C7
:107D2000001000E040420F0000ED00E0074800684E
:107D300080F3088862B661B6BFF34F8FBFF36F8FD1
:107D40004FF0E00080F3118800DF00BF0060020008
:107D5000064B19680868B0E8F04F80F30988BFF354
:107D60006F8F4FF0000080F3118870473C7D00203A
:107D7000EFF30980BFF36F8F144B1A681EF0100FDA
:107D800008BF20ED108A20E9F04F10604DF8043D47
:107D90004FF0400080F31188BFF34F8FBFF36F8F18
:107DA000FFF72EFA4FF0000080F3118808BC196825
:107DB0000868B0E8F04F1EF0100F08BFB0EC108A52
:107DC00080F30988BFF36F8F704700BF3C7D0020B0
:107DD000704700BF0A490B4A0B4B9B1A03DD043B5B
:107DE000C858D050FBDC094809494FF0AD32026059
:107DF00004300439FBD100F057FCEEF729FA0000FB
:107E0000A8FC0500006000209C64002000F803200E
:107E100000080000FEE7FEE7FEE7FEE7FEE7FEE7FC
:107E2000FEE7FEE7FEE7FEE708B50020EEF74AFAB8
:107E3000F4F754FF0E4B43B10E4B7BB1F5F70CF941
:107E400000F06EFDAFF30080F8E7F5F705F900F0FC
:107E500067FDF5F701F900F063FDF6E7F5F7FCF8CB
:107E600000F05EFDF5F7F8F800F05AFDF6E700BF08
:107E7000000000000000000000B583B000F0BCFE70
:107E8000FDF722F90E4B019301234FF480620D4957
:107E900000930D480023FEF7DDFD4FF4407000F025
:107EA0005FFEFEF749FFBFF34F8F0849084BCA68D2
:107EB00002F4E0621343CB60BFF34F8F00BFFDE7D6
:107EC000D08000205CC00500297E030000ED00E0AA
:107ED0000400FA0538B507480C461546EEF77CFB5A
:107EE00000B938BD2A4621460248BDE83840EEF7C1
:107EF0004BBA00BFB8640020FDF780BDFDF77EBD22
:107F0000FDF796BDFDF794BDFDF792BD084A0949FE
:107F100008B513681844884202D81060184608BD96
:107F20001AF058FE0C2303604FF0FF33184608BDCB
:107F30007C61002000F80320114B1A78EAB901781F
:107F4000104810B40A464FF0804402F00102C1F319
:107F50004001C4F88015C4F878250268D20706D419
:107F6000E021012280F80013C0F880210260012284
:107F700005481A705DF8044B70470448704700BF0D
:107F8000149E002000E100E00000AD0B0C00AD0BE2
:107F90000268074B4FF0804010B400214FF460742A
:107FA000C0F80843196002B11A605DF8044B7047CD
:107FB000DC8000204FF080434FF46072C3F804234C
:107FC000704700BF10B54FF0804386B0D3F804432C
:107FD000620705D5D3F8082103F58473002A4ED132
:107FE000A30603D52A4B1A68002A3FD1600603D5A1
:107FF000284B1A68002A2FD1210602D5264B1A6871
:108000000ABBE20502D5254B1A6892B9A3050ED525
:10801000234B1A685AB100221A601A68214B059244
:10802000059A1B68022006B0BDE81040184706B04C
:1080300010BD00221A601B4A1B68049301201368BC
:10804000049A9847E2E700201860164A1B680393D9
:108050001368039A9847D4E700221A60124A1B68F3
:10806000029301201368029A9847C5E70020186020
:108070000D4A1B6801931368019A9847B6E70022DE
:108080001A600A4A1B6800931368009A9847A7E78A
:1080900014010040180100401C0100402001004074
:1080A00024010040DC800020D8800020D480002003
:1080B0002DE9F04F04799D4DE6003719BF0005EB1F
:1080C000070E83B09EF81CC0BCF1000F40F0E580A5
:1080D00091F80CC00068EA51CEF80430BCF1010FF1
:1080E0000B7840F2DE801F2B87BF03F01F08DFF8FC
:1080F00040E298464FF0A04E012707FA08F7CEF865
:1081000008751F2B8BBF03F01F071F46DFF820E207
:108110004FF0A04E07F5E0774FF001084EF82780AA
:108120004F78FF2F00F0E9801F2F8ABF07F01F094B
:10813000B946DFF8FC81009798BF4FF0A04809F5D9
:10814000E07A4FF0010E0EFA09FE4FF00309C8F86D
:108150000CE548F82A9091F802E0BEF1FF0F00F01C
:10816000D580BEF11F0F91F80EA088BFDFF8C0B117
:10817000CDF804E08EBF0EF01F08F0464FF0A04B84
:1081800008F5E0784FEA8A0A4BF828A006EB0408C5
:1081900005EB880888F820E091F803E088F81FE0F4
:1081A000BEF1FF0F2AD091F80490F046B9F1000F0C
:1081B00040F08680BEF11F0F87BF0EF01F0B5C4F93
:1081C000F3464FF0A0474FF0010A0AFA0BFAC7F83E
:1081D00008A5BEF11F0F86BF0EF01F08DFF850A1E3
:1081E0004FF0A04A08F5E07806EB040E4FF0030BC1
:1081F00005EB8E0E4AF828B08EF81E9091F80DE02F
:10820000C0F80835009BD1F80880C0F80C351EF185
:10821000000318BF0123019FC0F81075BCF1020FC5
:10822000C0F824857FD0BCF1030F79D0BCF1010FD9
:1082300056D0C0F854358B79C0F8C035002A58D0D4
:1082400040220723C0F80423C0F800354A79000B08
:1082500043B25201002BD1B2C0B25BDB5A0992008B
:1082600002F1604203F16043012702F5614203F528
:10827000614300F01F0007FA00F083F80013C2F812
:1082800080011060344405EB84052A480022012354
:108290006A772B7703B0BDE8F08F274803B0BDE8BD
:1082A000F08F1F2B87BF03F01F08DFF884E098468C
:1082B0004FF0A04E012707FA08F7CEF80C7520E71B
:1082C000BEF11F0F87BF0EF01F0B194FF3464FF083
:1082D000A0474FF0010A0AFA0BFAC7F80CA578E795
:1082E00043F00203C0F854358B79C0F8C035002A3A
:1082F000A6D10723C0F80035C4E791F802E04FF09B
:10830000FF37BEF1FF0F00977FF42BAF4FF0FF3721
:1083100001973BE7094B00F00F0003441976B1E7E2
:1083200043F0060385E743F0040382E7E080002082
:10833000000300500000AD0B0500AD0BFCEC00E0AD
:10834000F0B40479294A0368E1000D19AD005659CB
:10835000EEB11F0B7EB2002E11DB76092036012311
:10836000DFF89CC007F01F0703FA07F74CF82670E8
:10837000BFF34F8FBFF36F8F555903683DB1081995
:1083800002EB80001A4DC3F80853407F10BB081958
:1083900002EB800090F82000FF280BD01F288ABF36
:1083A00000F01F004FF0A045124D00F5E0700226CE
:1083B00045F82060104800258342C3F8005502D1DB
:1083C0000E4B01201860214402EB81020023137739
:1083D000F0BC704701205861D3F804010028FBD09D
:1083E000081902EB800000254577D0E7E0800020E7
:1083F000520108000003005000F0024004F0024067
:1084000000E100E02DE9F04F0479644F4FEAC40C1D
:108410000CEB04039B008646F8180E46417F83B0A0
:10842000002940F0918057F803909046B9F1000F71
:1084300004D012F0140F04BF012343770CEB0405A2
:1084400007EB850596E80F0095F81FA005F10C0BCA
:10845000BAF1FF0F8BE80F0010D0AA7F5346002A15
:1084600076D0BAF11F0F86BF0AF01F034C494FF0B8
:10847000A041012202FA03F3C1F8083532686AB15B
:1084800002F06043B3F1005F08D0644407EB840757
:10849000002344487B7703B0BDE8F08FB16821B179
:1084A00001F06043B3F1005FEFD1DEF80030756892
:1084B000F068C3F844250022C3F84855C3F83415C2
:1084C000C3F83805C3F81821D3F818210192019A8E
:1084D00018F0010218BF0122C3F8502518F002025B
:1084E00018BF012218F0080FC3F8402504BF01226D
:1084F0001A61B9F1000F0BD02B48402218F0040F7D
:1085000014BFC3F80823C3F8042303B0BDE8F08FF9
:10851000D3F81821002AFBD0BAF1FF0F2CD0644405
:1085200007EB8407BB7F4BB3BAF11F0F84BF0AF080
:108530001F0A1B4A1C4898BF4FF0A042012303FAB0
:108540000AF3C2F80C35A6E7184803B0BDE8F08F6F
:10855000BAF11F0F4FF0010288BF0AF01F0302FAA1
:1085600003F388BF0E49326898BF4FF0A041C1F8AD
:108570000C35002A84D191E70B488CE7BAF11F0F24
:1085800084BF0AF01F0A064A074898BF4FF0A0426E
:10859000012303FA0AF3C2F808357CE7E0800020E3
:1085A000000300500A00AD0B0000AD0B0B00AD0B3B
:1085B000194BD3F8182102B970470021174AC3F8A4
:1085C0001811D3F81811D37F82B0FF2B01910199B4
:1085D0000DD0917F99B11F2B86BF03F01F03104868
:1085E0004FF0A040012101FA03F3C0F80C3500233D
:1085F00053771372D2E900310A4802B018471F2B93
:1086000086BF03F01F0306484FF0A040012101FA86
:1086100003F3C0F80835EAE700300240E0800020AC
:1086200000030050E88000201B4BD3F8182102B94A
:1086300070470021194AC3F81811D3F8181192F89D
:10864000433082B0FF2B019101990ED092F8421075
:10865000A9B11F2B86BF03F01F0311484FF0A040A4
:10866000012101FA03F3C0F80C35002382F84130F0
:1086700082F82C30D2E909310A4802B018471F2B82
:1086800086BF03F01F0306484FF0A040012101FA06
:1086900003F3C0F80835E8E700F00240E08000206E
:1086A000000300500C810020604B1B6830B45C1C40
:1086B00037D05F4A082B126800F08F805B4B5C4A12
:1086C0001B681268082B15D0591C23D0584A126811
:1086D000082B12D0574AD2F8883043F47003C2F8FE
:1086E0008830BFF34F8FBFF36F8F534B534A1A60DD
:1086F00030BC7047002A00F08280032AEAD84FF08D
:108700008043D3F80024D20744BF6FF00102C3F8BE
:108710000024DFE74A4A4B4B12681B78C2F303126E
:10872000D6E7484A464B12781B68082AC3F303135E
:1087300001D1032B53D9424A424B12681B78C2F332
:108740000312082BBAD1032AB8D84FF080523E4BFF
:10875000D2F80414C3F82015D2F80814C3F824156D
:10876000D2F80C14C3F82815D2F81014C3F82C153D
:10877000D2F81414C3F83015D2F81814C3F834150D
:10878000D2F81C14C3F84015D2F82014C3F84415CD
:10879000D2F82414C3F84815D2F82814C3F84C159D
:1087A000D2F82C14C3F85015D2F83014C3F854156D
:1087B000D2F83414C3F86015D2F83814C3F864152D
:1087C000D2F83C14C3F86815D2F84014C3F86C15FD
:1087D000D2F84424C3F8702570E7032A0CD8134B51
:1087E0001B684FF080420021581CC2F80C11C2F8DF
:1087F0001011C2F838159ED00D4A1268A1E7134C2B
:108800001349144D25601448144AFB24C1F8184537
:1088100001681268124C21F00F0102F00F020A43A6
:108820004FF400710260216050E700BF300100107A
:108830003401001000ED00E0806100200090D003C2
:10884000E80F00F0E00F00F000C000408C56004040
:1088500000F0004048810300E40E00405802001080
:108860004096024070B4284C284B2568284CA3FB46
:1088700005639B0C02FB03F254F82000254B1F28D4
:10888000A3FB02324FEA920234D80123002903FAF3
:1088900000F114BF084600204FF0A04401E0013A67
:1088A00025D0D4F810350B408342F8D001E0013ACE
:1088B0001DD0D4F810350B408342F8D1002002E0DF
:1088C0000130824213D0D4F810650E40B342F7D085
:1088D00070B1114A43F2C823A2FB052503FB00F047
:1088E000AD0900F57A50B0FBF5F070BC7047002080
:1088F00070BC704720380123002903FA00F114BF2F
:1089000008460020054CCCE78061002083DE1B4335
:1089100088BF05004FECC44ED34D621000030050D9
:1089200008B5EDF7D5FC054B4FF080525A6040BFBB
:10893000BFF34F8FBFF36F8F08BD00BF00ED00E0A6
:10894000704700BF704700BF044B036010B464233E
:10895000034C0C6013605DF8044B704728810020C5
:108960007C810020054B036010B44FF48073044CED
:108970000C6013605DF8044B704700BF0C8300204F
:108980006083002070B51F4C84B04FF0FF3203A904
:108990002068FDF77FFB0028F7D00398037A45682D
:1089A000052B0DD8DFE803F0272A221C1503D0E998
:1089B0000361D0E90523C06900903046A8470398B9
:1089C00003681BB11846FDF733F80398FDF730F83C
:1089D000DBE7D0E90523D0E90301A8470398EFE7D7
:1089E000D0E90412C068A8470398E9E7D0E9030179
:1089F000A8470398E4E7A8470398E1E7C068A847B9
:108A00000398DDE7648700202DE9F0432D4B2E4CC1
:108A10005B6885B0C3F30803019001AF2068002BA9
:108A200044D0002339461A46FDF7BAFA01283AD055
:108A3000DFF89880D8F80000002240000421FDF7FC
:108A40005DF8064678B3DFF88890D9F80000FEF7A5
:108A50007BF8FFF727F802E03046FDF791F8002297
:108A600003A92068FDF716FB00230546642203A92D
:108A70000028F1D12068FDF755FE2660FFF71CF8AD
:108A8000D9F80000FEF712F9D8F800300D4A206836
:108A90005B00C8F800305368C3F30803394653B984
:108AA0006422FDF76DF805B0BDE8F0833946642215
:108AB000FDF766F8BAE72B462A46FDF771FA05B0CE
:108AC000BDE8F08300ED00E06487002060870020AF
:108AD000688700202DE9F8439DF8205006460F4690
:108AE00091469846CDB1A8000C30FCF787FF0446AC
:108AF00088B10023C0F804900572036006B177B90D
:108B00002DB1AA00414604F10C001AF018FE2046CF
:108B1000FFF77AFF0120BDE8F8831020E5E738462B
:108B2000FCF76CFF81462060A0B13A4631461AF04E
:108B300006FE002DEBD0691EC9B208EB8101A8F139
:108B4000040353F8042FB24208BFC3F800909942BF
:108B5000F7D1D6E72046FCF76BFF4846DBE700BFBE
:108B600030B540230B4D83B0044600221846042143
:108B70002B60FCF7C3FF084B084918600223CDE9BE
:108B80000031A2B2002306490648FDF763FF03B097
:108B900030BD00BF60870020648700206887002008
:108BA00064C005008589030011DF704708B50446DD
:108BB000FFF7FAFF0D4B4FF080414FF0FF32C3F843
:108BC0008020C3F88021C3F88420C3F88421C1F831
:108BD0001C45BFF34F8F0649064BCA6802F4E0629A
:108BE0001343CB60BFF34F8F00BFFDE700E100E010
:108BF00000ED00E00400FA054FF08043194AD3F875
:108C00000014194830B41160D3F80054D3F800248C
:108C1000164C17492A43C3F80024D4F840250260B3
:108C200001224FF40030C3F818259A60C1F8800083
:108C3000BFF34F8FBFF36F8F0E4C03F588334FF0A8
:108C4000A0454FF480304FF0FF31C3F84803C3F81C
:108C500008035A609A60C5F80815C4F8081530BCB6
:108C6000704700BF6C8700207087002000A0004084
:108C700000E100E00003005008B54E20FFF796FF2A
:108C80002F281BD83C4B53F820301F2B86BF03F0F6
:108C90001F033A4A4FF0A0420E290FD8DFE801F037
:108CA000655F59534D474039322B241D160F08007C
:108CB00003F5E07340F2037142F82310704703F5A7
:108CC000E07340F2036142F82310704703F5E0734C
:108CD00040F2035142F82310704703F5E07340F26D
:108CE000034142F82310704703F5E07340F203316B
:108CF00042F82310704703F5E07340F2032142F875
:108D00002310704703F5E07340F2031142F823107B
:108D1000704703F5E0734FF4403142F82310704779
:108D200003F5E0734FF4003142F82310704703F568
:108D3000E073134942F82310704703F5E0731149BB
:108D400042F82310704703F5E073042142F8231022
:108D5000704703F5E0730C2142F82310704703F5C8
:108D6000E073032142F82310704703F5E0730021FC
:108D700042F82310704700BF88BF05000003005071
:108D8000040002000C0003002F2811D80A4B53F8EE
:108D900020301F2B88BF03F01F034FF001028CBF50
:108DA00006484FF0A04002FA03F311B1C0F80835AD
:108DB0007047C0F80C35704788BF050000030050AD
:108DC0002F2818D80D4B53F820201F2A8ABF0C4992
:108DD0004FF0A04102F01F02D1F814050123934087
:108DE000034214BFD1F80425D1F81025134214BF53
:108DF0000120002070470020704700BF88BF050099
:108E00000003005030B401600022BFF35B8F42606A
:108E1000BFF35B8F01688260FF254FF0FF3405824E
:108E2000C2608274C1F8644530BC7047214B5B68F6
:108E300009B90020704710B4BFF35B8F4368BFF3DC
:108E40005B8F994200F1040416D0BFF35B8F436837
:108E5000BFF35B8F83B90368D3F86025D3F864054B
:108E6000D2430028D3F868054FEAD272A8BF013276
:108E7000002805DBD3F86C3500205DF8044B704703
:108E8000D3F86C050028F7DA002AF5D1D3F80035BD
:108E9000002BF1D1BFF35B8F54E8003F002B03D1CF
:108EA00044E80012002AF7D1BFF35B8F0CBF01200A
:108EB0000020E2E700ED00E01F4B5B6809B90020ED
:108EC000704710B4BFF35B8F4368BFF35B8F8B4277
:108ED00000F1040403D000205DF8044B70470368E0
:108EE000D3F86025D3F86405D2430028D3F8680589
:108EF0004FEAD272A8BF0132002802DBD3F86C35EA
:108F0000E9E7D3F86C050028E5DA002AE3D1D3F8C5
:108F10000035002BDFD1BFF35B8F54E8003F8B425D
:108F200003D144E800200028F7D1BFF35B8F0CBFCA
:108F300001200020D0E700BF00ED00E008B509499E
:108F40000948FFF75FFF09490948FFF75BFF094937
:108F50000948FFF757FF09490948BDE80840FFF7EE
:108F600051BF00BF00C001407487002000100240C4
:108F700088870020002002409C87002000D002400B
:108F8000B087002000F108034FF0FF31002281601C
:108F900002604360C0E90333704700BF00230361F0
:108FA000704700BF4368026810B49C688C609C687E
:108FB0004B600132616099605DF8044B08610260AA
:108FC000704700BF30B40D686B1C11D000F108026F
:108FD00000E01A4653681C68AC42FAD904684B603A
:108FE000013499608A6051600861046030BC704748
:108FF00002695368F2E700BF42688168036910B4F0
:10900000916081685C684A601A68844208BF596050
:10901000013A002101611A6018685DF8044B70473D
:109020000B460146184619F0C7BD000010B5074CA5
:109030002378BFF35B8FDB0706D4204617F032FCA2
:1090400010B1204617F03AFC014810BDC48700203B
:10905000289600202DE9F04F2E238360C84A016036
:10906000002389B00746194642F8231001332E2BFE
:10907000FAD17A600023C34A1C4642F823400133E8
:109080002E2BFAD1C04BC14DFA60C3E90144C3E9AC
:1090900003445C611D603B6101F00AF80022038813
:1090A0002B8011460123BA48DFF8DCB3B94EDFF854
:1090B000DCA3DFF8DC93B84D02F038FAB44AB749C4
:1090C000384601F061F80121B54801F0C5FA38468B
:1090D000B34AB44901F058F8B34AB44B13604FF0A7
:1090E0000108C2F80480C2E902441474C2E90544CC
:1090F000C2E90744948482F86440AB49AC484246D4
:109100000AF04EFC3846AA4AAA4901F03DF8AA4A9C
:10911000AA4BC2F8048013603846A94901F034F81C
:10912000A84AA94B1360C2F804803846A74901F049
:109130002BF84146A6480AF00FFD3846A44AA54937
:1091400001F022F8A44BA54AC3F804801A60C3E9D1
:1091500002441C745C749C74C3E90544C3E907446D
:10916000C3E90944C3E90B445C6383F843401946EF
:1091700042469B4801930AF023FB3846984A994996
:1091800001F002F8984ACBF8002059464246974829
:109190008BF81040CBE902448BF811408BF8124059
:1091A000CBE90544CBE90744CBE90944CBE90B44BF
:1091B000CBF834408BF84340CBF804800AF042FBF4
:1091C00038468A4A8A4900F0DFFF8A4A8A49C2F84B
:1091D000048011603846894900F0D6FF884A8949E1
:1091E000C2F8048011603846874900F0CDFF874AF5
:1091F0003260314642468648C6F80480C6E90244D9
:10920000C6E90444C6E90644C6E90844C6E90A4476
:10921000C6E90C44C6E90E44C6E91044C6E9124446
:10922000C6E91444C6E91644C6E91844C6E91A4416
:10923000C6E91C44C6E91E44C6E92044C6E92244E6
:10924000C6E92444C6E92644C6E92844C6E92A44B6
:10925000C6E92C44C6E92E44C6F8C04086F8C4408E
:1092600012F020FB38466A4A6A4900F08DFF6A4ACC
:109270006A49C2F8048011603846694900F084FFE9
:10928000684A6949C2F8048011603846674900F0AD
:109290007BFF414666480AF03DFC654A6549384611
:1092A00000F072FF414664480FF0EEFA624A6349EB
:1092B000384600F069FF4146614801F0DDF9384663
:1092C0005F4A604900F060FF5F4B604AC3F804806A
:1092D0001A60C3E902441C74C3E90544C3E90744A6
:1092E000C3E9094483F824411946424658480CF022
:1092F00061FE3846564A574900F046FF564A5749DC
:10930000C2F8048011603846554900F03DFF554AC7
:109310005549C2F8048011603846544900F034FFC2
:10932000414653480CF022FF3846514A514900F05B
:109330002BFF514ACAF80020514642464F488AF84E
:109340001040CAE90244CAE90544CAE90744CAE927
:109350000944CAE90B44CAE90D44CAF83C408AF8FA
:109360006C40CAF804800CF037FD3846434A444943
:1093700000F00AFF434AC9F800204946424689E006
:10938000509500206894002050940020448D0020C7
:10939000508D00204C8A0020148B0020F89700206C
:1093A0002095002040960020BC88002040C1050088
:1093B000E88700209497002008960020ECE805003C
:1093C000549800201896002028E9050050980020A5
:1093D0003895002088970020DC8B002010C1050004
:1093E0008C880020A497002000C1050098880020E8
:1093F000A097002030880020FCD705009C97002013
:109400004088002014D805009897002058E90500EE
:10941000508800204C980020008800202CD805009F
:10942000909700201088002058EA050048980020F6
:10943000C88700208C970020708F0020FC970020A8
:109440002C950020449600202489002050C105005E
:10945000F4870020D49700201096002064C70500F0
:109460004097002020960020A0C705003C970020D0
:1094700044950020C897002030C10500A488002032
:10948000E497002020C10500208C0020648C00207F
:10949000D48C00206F4889F81040C9E90244C9E91A
:1094A0000544C9E90744C9E90944C9E90B44C9E9C4
:1094B0000D44C9F83C4089F86C40C9F804800CF0B0
:1094C000CDFC3846634A644900F05EFE634A644955
:1094D000C2F8048011603846624900F055FE624AC5
:1094E0006249C2F8048011603846614900F04CFEC0
:1094F000604A2A60C5E90244C5E90444C5E9064456
:10950000C5E90844C5E90A44C5E90C44C5E90E4467
:10951000C5E91044C5E91244C5E91444C5E9164437
:10952000C5E91844C5E91A44C5E91C44C5E91E4407
:1095300042462946C5F804804F48C5E92044C5E99C
:109540002244C5E92444C5E92644C5E92844C5E9BF
:109550002A44C5E92C44C5E92E44C5F8C04085F825
:10956000C44002F05DFC3846434A444900F00CFE1A
:10957000434A4449C2F8048011603846424900F029
:1095800003FE424A4249C2F804801160384641490C
:1095900000F0FAFD414640480CF0C6FD38463E4A10
:1095A0003E4900F0F1FD3E4A3E49C2F80480116098
:1095B00038463D4900F0E8FD3C4A3D49C2F8048088
:1095C000116038463B4900F0DFFD019B3A4A0292A8
:1095D000CDE9033B394BCDF81C9002A93846CDE9C3
:1095E000053A01F031FE3648FC6800F0C1FD324A10
:1095F00044F820203348FC6800F0BAFD019B44F891
:1096000020303148FC6800F0B3FD44F820B02F480A
:10961000FC6800F0ADFD44F820602D48FC6800F0C7
:10962000A7FD264B44F820302A48FC6800F0A0FD36
:1096300044F820A00848FC6800F09AFD44F8209007
:109640000E48FC6800F094FD44F82050384609B0FC
:10965000BDE8F08FB0880020E09700203888002017
:1096600028DB0500DC9700204888002040DB05004F
:10967000D8970020D0C705006488002038970020C4
:109680000888002058DB0500D097002018880020AB
:10969000D0C8050034970020D8870020CC97002040
:1096A000208800205CE8050004980020288800201D
:1096B00030E8050000980020BC88002024890020A4
:1096C00094970020A4970020A09700204C98002099
:1096D000D4970020E497002010B5054C02212046C5
:1096E000FFF7B8FC034B1C60034B1C6010BD00BFB0
:1096F00078880020309600203C960020024B1B68A2
:109700000BB9FFF7E9BF70473096002038B500234A
:109710000B4D03600446FFF7F1FF2B68094A2360F5
:109720001268934204D11A6801321A60204638BD8B
:10973000FFF77CFC2B681A6801321A602360F5E79A
:109740003C9600203096002010B50D4B036090F839
:10975000433004467BB1806808B1FEF7D3FB6069F3
:1097600008B1FEF7CFFBE06908B1FEF7CBFB606AFA
:1097700008B1FEF7C7FB204600F076FC204610BD7E
:1097800000C1050010B50446FFF7DEFF2046FEF7D6
:10979000B7FB204610BD000010B50D4B036090F8DC
:1097A000433004467BB1806808B1FEF7ABFB6069CB
:1097B00008B1FEF7A7FBE06908B1FEF7A3FB606AFA
:1097C00008B1FEF79FFB204600F04EFC204610BD7E
:1097D00010C1050010B50446FFF7DEFF2046FEF776
:1097E0008FFB204610BD000010B50D4B036090F8B4
:1097F0006C3004467BB1806808B1FEF783FBE069FA
:1098000008B1FEF77FFB606A08B1FEF77BFBE06AF8
:1098100008B1FEF777FB204600F026FC204610BD7D
:1098200020C1050010B50446FFF7DEFF2046FEF715
:1098300067FB204610BD000010B50D4B036090F88B
:109840006C3004467BB1806808B1FEF75BFBE069D1
:1098500008B1FEF757FB606A08B1FEF753FBE06AF8
:1098600008B1FEF74FFB204600F0FEFB204610BD7E
:1098700030C1050010B50446FFF7DEFF2046FEF7B5
:109880003FFB204610BD000038B584680546B4B9DA
:109890004420FEF731FBC0E90244C0E90544C0E9B9
:1098A0000744C0E90944C0E90B441A4B4460036013
:1098B000047444748474446380F84340A860AB68C3
:1098C0002E225A74AB682C229A74AB68124A9A60A2
:1098D000A9680023CB60A9684A61A9688B61A9685F
:1098E000CA61A9680B62A9684A62AA680B499362B7
:1098F000AA680868D362AA681063AA685063084A15
:109900001068AA68C15C1A4401330B2B82F8381026
:10991000F7D138BD00C1050098F4050090C10500DD
:109920009C61002038B584680546B4B94420FEF730
:10993000E3FAC0E90244C0E90544C0E90744C0E9CC
:109940000944C0E90B441A4B446003600474447436
:109950008474446380F84340A860AB682E225A7434
:10996000AB682C229A74AB68124A9A60A9680023EB
:10997000CB60A9684A61A9688B61A968CA61A968B6
:109980000B62A9684A62AA680B499362AA680868D0
:10999000D362AA681063AA685063084A1068AA686C
:1099A000C15C1A4401330B2B82F83810F7D138BD53
:1099B00010C1050098F4050090C105009C610020CD
:1099C000064B10B504460360806810B103685B68FD
:1099D0009847204600F048FB204610BD78E9050076
:1099E00010B50446FFF7ECFF2046FEF789FA204643
:1099F00010BD0000064B10B504460360806810B12E
:109A000003685B689847204600F02EFB204610BD97
:109A1000ACE9050010B50446FFF7ECFF2046FEF761
:109A20006FFA204610BD000038B584680546B4B909
:109A30007020FEF761FAC0E90244C0E90544C0E9BC
:109A40000744C0E90944C0E90B44C0E90D441A4B7E
:109A5000446003600474C46380F86C40A860AB6821
:109A60002E225A61AB682C229A61AB68134A9A6025
:109A7000AA680023D360A968114ACA61A9680B6269
:109A8000A9684A62A9688B62A968CA62AA680D4976
:109A90001363AA6808685363AA689063AA68D063CE
:109AA000094A1468E05CAA6803F1100101330B2B2A
:109AB00042F82100F6D138BD20C1050098F4050018
:109AC00018FC050090C105009C61002038B5846831
:109AD0000546B4B97020FEF70FFAC0E90244C0E9A8
:109AE0000544C0E90744C0E90944C0E90B44C0E9A2
:109AF0000D441A4B446003600474C46380F86C40E6
:109B0000A860AB682E225A61AB682C229A61AB68C0
:109B1000134A9A60AA680023D360A968114ACA61EF
:109B2000A9680B62A9684A62A9688B62A968CA62BF
:109B3000AA680D491363AA6808685363AA6890630A
:109B4000AA68D063094A1468E05CAA6803F11001AE
:109B500001330B2B42F82100F6D138BD30C105008E
:109B600098F4050018FC050090C105009C610020D8
:109B7000064B10B504460360806810B103685B684B
:109B80009847204600F070FA204610BDF0C7050047
:109B900010B50446FFF7ECFF2046FEF7B1F920466A
:109BA00010BD0000064B10B504460360806810B17C
:109BB00003685B689847204600F056FA204610BDBF
:109BC00024C8050010B50446FFF7ECFF2046FEF759
:109BD00097F9204610BD000010B50B4B036090F8BC
:109BE000643004465BB1806808B1FEF78BF96069A8
:109BF00008B1FEF787F9E06908B1FEF783F920465E
:109C000000F032FA204610BD40C1050010B50446F0
:109C1000FFF7E2FF2046FEF773F9204610BD000073
:109C20000B4B10B5036090F8243104465BB180689B
:109C300008B1FEF767F9606908B1FEF763F9E069FA
:109C400008B1FEF75FF9204600F00EFA204610BD7D
:109C500050C1050010B50446FFF7E2FF2046FEF7AD
:109C60004FF9204610BD000038B58568044685B917
:109C70006820FEF741F9C0E90255C0E90555C0E981
:109C800007551D4B456003600574858480F864505A
:109C9000A060A368194A9A60A2680023D360A268F2
:109CA0001374A2682E2182F82410A2682C2182F855
:109CB0002510134A1068A268C15C1A440133242B92
:109CC00082F82610F7D10F4B18680023A268C15CF8
:109CD0001A4401331A2B82F84A10F7D1A3680A4AB2
:109CE0005A61A36804229A61A368084ADA61A368EA
:109CF00005221A6238BD00BF40C1050098F4050076
:109D0000986100209461002058C105005DC10500E4
:109D1000064B10B504460360806810B103685B68A9
:109D20009847204600F0A0F9204610BDC8E805007D
:109D300010B50446FFF7ECFF2046FEF7E1F8204699
:109D400010BD000038B58468054694B94FF494708E
:109D5000FEF7D2F8C0E90244C0E90544C0E907446F
:109D6000C0E90944184B44600360047480F824413E
:109D7000A860AB68154A9A6000222E21DA601A7436
:109D80002C22C3E90912124A126803F12C00511E59
:109D9000233211F8014F40F8044B9142F9D10D4A9A
:109DA000126803F1BC00511E193211F8014F40F83E
:109DB000044B9142F9D1084A5A6104229A61074A38
:109DC000DA6105221A6238BD50C1050098F4050019
:109DD000986100209461002064C1050078C10500ED
:109DE000064B10B504460360806810B103685B68D9
:109DF0009847204600F038F9204610BD40C70500BE
:109E000010B50446FFF7ECFF2046FEF779F8204630
:109E100010BD30B5C468252320050B7043BF2B232C
:109E2000881C4B70481C630548BF232304F48271CF
:109E300044BF03700130B1F5827F034629D02E253F
:109E400003F8025B2A2545700AB11A700133042910
:109E500003F1010204D1662119700023137030BD93
:109E6000B1F5807F04F4804004D100280CBF652147
:109E70004521F1E7B1F5827F06D114F4804F0CBF84
:109E8000612141215A1CE7E700280CBF67214721C7
:109E9000E2E7002AD9D1F0E7013B0139994270B5D8
:109EA00028BF19460646002501208D420BD050B12F
:109EB000705DD45CA4EB000CDCF1000040EB0C0006
:109EC000013B0135F1E7715C1344934206D028B1A0
:109ED00013F80109441A60426041F6E74BB2002BC7
:109EE00005DD13788B428CBF002000F0010070BDAF
:109EF000126852F80C3CFFF7CFBF00002DE9F84381
:109F0000334D2B685A1C07462A60002B5CD1314C1C
:109F1000314B3248DFF8F080DFF8F090304E01220C
:109F20001A702368996807F079FC23682D485968EE
:109F300007F074FC23682C48D96807F06FFC2749A8
:109F4000404607F0E7FC274948460FF0CBF8264982
:109F5000304607F0DFFC2449244807F0DBFC336976
:109F6000C6F8748043F4005333612368204899682D
:109F7000C9F8788007F062FC23681E4859681E4EB5
:109F8000DFF88C8007F05AFC23681C48D9681C4C09
:109F900007F054FC1649304607F012FD15494046BB
:109FA0000FF0EAF81549204607F00AFD1349154855
:109FB00007F006FD2369C8F8786043F40053236175
:109FC0002B68666701332B603846BDE8F88300BF15
:109FD000089800201462002010620020BC98002025
:109FE000EC9900206C98002094980020789A00202A
:109FF00034990020E4980020449D00200C99002012
:10A00000249C0020B49C0020049B00205C9900202C
:10A01000909B00200D4A1368591E022B10B5044670
:10A02000116011D10A4807F0A7FC0A4807F0A4FC08
:10A03000094807F0A1FC094807F0F4FC084807F0BC
:10A04000F1FC084807F0EEFC204610BD08980020FF
:10A05000049B0020EC990020789A0020449D002069
:10A06000249C0020B49C002070474268511E012AA5
:10A07000416002D103685B68184770470B68036052
:10A080001A6801321A60704700220249024800F043
:10A090007FBA00BFECC205003896002010B5034C13
:10A0A00022680AB9FFF7F0FF206810BD389600203B
:10A0B00000487047ECC2050038B5436804465BB100
:10A0C0000025D4E90132AA4206D953F8250008B187
:10A0D000FFF7CBFF0135F4E7606808B1FDF712FF29
:10A0E000E3685BB10025D4E90223AA4206D953F8FC
:10A0F000250008B1FFF7B9FF0135F4E7E06808B1C2
:10A10000FDF700FF236943B100252369585908B1C1
:10A11000FDF7F8FE0435182DF7D1206908B1FDF7D9
:10A12000F1FE204638BD03685A1E012B10B50446C7
:10A13000026006D1FFF7C0FF2046BDE81040FDF7E2
:10A14000DFBE10BD10B504460068FFF7ECFF2046E7
:10A1500010BD0A6838B513680D4601330446136014
:10A160000068FFF7E0FF2B682360204638BD000041
:10A17000036823B9034A136801331360036000685E
:10A1800001387047349600202DE9F84F04461646F2
:10A19000002A00F0A4800846FFF7EAFFA368013B0D
:10A1A000984205464AD94F4BD4F804A000F1040860
:10A1B000984594BF4FEA880B4FF0FF3B5846FDF798
:10A1C0009DFEA368074600EB830C0146614506D15E
:10A1D0000022984509D947F823200133F9E7C81B25
:10A1E0006268125841F8042BF0E75846D4F80C90F6
:10A1F000FDF784FEA268014600EB820E8E4506D173
:10A20000002390450BD940F822300132F9E7A1EB49
:10A21000000CE36853F80C3041F8043BEEE7C4E966
:10A220000178E060BAF1000F02D05046FDF76AFEF7
:10A23000B9F1000F02D04846FDF764FE7368676805
:10A240000133736057F825300BB327490868D0B144
:10A25000FFF78EFF85422CD14868D4F80480FFF7C1
:10A2600087FF58F8203081466BB1496830460FF0BF
:10A27000FFFE436801338246436058F82900FFF728
:10A28000F4FE48F829A057F82500FFF7EEFE47F83E
:10A29000256000252E46A368AB4220D9E36853F819
:10A2A000250020B1FFF7E1FEE36843F825600135A2
:10A2B000F1E74868FFF75CFF85420ED10868D4F8E3
:10A2C0000480FFF755FF58F820308146002BDAD084
:10A2D0000968304608F0C6FACBE70831B6E7BDE8B2
:10A2E000F88F00BFFEFFFF1F70C005002DE9F04191
:10A2F000214D2B78BFF35B8F0746D8070C461646D7
:10A3000006D4284616F0CEFA10B1284616F0D6FA32
:10A310001A490868F0B1FFF72BFFB04248680DD129
:10A32000FFF726FF0546FA6852F82630ABB104B3B2
:10A33000236820465B68BDE8F0411847FFF718FF27
:10A34000B042054604D10868FFF712FF0646EAE767
:10A350000831DEE74FF0FF35E5E76368591C6160BF
:10A36000691C18BF023342F826401CBF636042F8E4
:10A370002540BDE8F08100BF2C96002070C005008C
:10A380002DE9F7430C46002107460846164619F00A
:10A39000ADF881461AF0D4FF00F101084046FDF700
:10A3A000ADFD42464946054619F0C9F91A49002053
:10A3B00019F09CF801A938461BF002FE019B84EDC0
:10A3C000000ABB4201D01B7813B10023236014E0C4
:10A3D000DFED127AB4EEE70AF1EE10FA06DC9FED3B
:10A3E000107AB4EEC70AF1EE10FA08D5B5EEC00A3D
:10A3F000F1EE10FA0DDDC4ED007A04233360294636
:10A40000002019F073F82846FDF77CFD03B0BDE885
:10A41000F0836FF40003D9E73FC30500FFFF7F7FA0
:10A42000FFFF7FFF2DE9F7430C46002181460846D8
:10A43000904619F05BF807461AF082FF461C30463A
:10A44000FDF75CFD32463946054619F078F9214999
:10A45000002019F04BF801A948461BF09DFD019B17
:10A460004B4557EC106B84ED000B01D01B7883B18A
:10A4700000220023C4E900230423C8F80030294641
:10A48000002019F033F82846FDF73CFD03B0BDE885
:10A49000F0834FF0FF32104B10EE100A394618F0DF
:10A4A00027F948B94FF0FF326FF480133046394630
:10A4B00018F000F90028E2D0002200233046394687
:10A4C00018F016F94FF0FF3208B1034BD2E76FF4E2
:10A4D0008013CFE73FC30500FFFFEF7F2DE9F8436F
:10A4E0000C46002107460846904618F0FFFF8146BB
:10A4F0001AF026FF461C3046FDF700FD324649465D
:10A50000054619F01CF91F49002018F0EFFF2246FC
:10A510001D4938461AF01AF9013001280FD80022D7
:10A520000023C4E900230423C8F800302946002092
:10A5300018F0DCFF2846BDE8F843FDF7E3BCD4E99A
:10A5400000674FF0FF32114B3046394618F0D0F813
:10A5500048B94FF0FF326FF480133046394618F097
:10A56000A9F80028E2D0002200233046394618F02E
:10A57000BFF84FF0FF3208B1044BD2E76FF48013FD
:10A58000CFE700BF3FC305003BC30500FFFFEF7FE0
:10A5900008B500220B460260044918461AF045F936
:10A5A00010B1034810F093FA08BD00BF3FC3050087
:10A5B0000AC30500002303607047009B1A60039BD9
:10A5C000019A1A6003207047009B03201A607047AD
:10A5D00001207047012070470099981A884228BFCF
:10A5E000084670470020704710B5064B044640F8F7
:10A5F000083BFFF7DFFF044B23602046FFF734FDE5
:10A60000204610BD9CC30500FCE9050010B50446BA
:10A61000FFF7EAFF2046FDF773FC204610BD00005F
:10A6200010B5064B044640F8083BFFF7C3FF044B48
:10A6300023602046FFF718FD204610BDC8C3050063
:10A6400074C8050010B50446FFF7EAFF2046FDF781
:10A6500057FC204610BD0000003110B518BF012185
:10A66000044B416003600446FFF718FDA0602046DC
:10A6700010BD00BF9CC30500003110B518BF0121FB
:10A68000044B416003600446FFF708FDA0602046CC
:10A6900010BD00BFC8C3050010B5034B03600446DE
:10A6A00010F000FD204610BDF4C3050010B5034BAB
:10A6B0000360044610F0F6FC204610BD04C40500FB
:10A6C00010B50446FFF7E8FF2046FDF719FC2046C9
:10A6D00010BD10B50446FFF7E9FF2046FDF710FC5A
:10A6E000204610BD08B5836F3BB14161D0E904231A
:10A6F0001A4205D0034810F091FC41F00101F4E743
:10A7000008BD00BF0CC4050008B543691943FFF735
:10A71000E9FF08BD10B5044610F084FC064B236029
:10A720000023236784F8743084F87530C4E91E333D
:10A73000C4E92033204610BDF4C3050038B50446F3
:10A7400008460D4611F0DEFC10B1284611F004FA5F
:10A75000E067284611F0F4FC10B1284611F0D8FA51
:10A76000C4F88000284611F009FD10B1284611F008
:10A77000EDFAC4F8840038BD38B504460D4616F02D
:10A7800083FC04F16C012046FFF7D8FFA567B5FAFA
:10A7900085F500236D0984F8743084F875302367DB
:10A7A0002361656138BD000008B5C36F3BB14161ED
:10A7B000D0E904231A4205D0034810F02FFC41F0E1
:10A7C0000101F4E708BD00BF0CC4050008B54369EA
:10A7D0001943FFF7E9FF08BD10B5044610F022FC4D
:10A7E000064B23600023C4E91C3384F87830C4E9A5
:10A7F0001F33C4E92133204610BD00BF04C4050047
:10A8000038B5044608460D4601F036FD10B128461D
:10A8100001F060FCC4F88000284601F04BFD10B147
:10A82000284601F093FCC4F88400284601F060FD3E
:10A8300010B1284601F0A8FCC4F8880038BD38B52E
:10A8400004460D4616F020FC04F16C012046FFF78B
:10A85000D7FFE567B5FA85F500236D09636784F8CE
:10A86000783023672361656138BD13460A4611B10C
:10A8700019681CF0CFBF084670470AB11CF0D9BF59
:10A88000704703684160002243F8212070470000B0
:10A8900008B50B68B3F1005F02D30D4810F0F9F86A
:10A8A000934209D95200934206D2B2F1005F2ABF07
:10A8B0006FF060430A600B6008680130B0F1804FB0
:10A8C00001D310F0DDF88000BDE80840FDF714BBAF
:10A8D00064C50500034653F8080B984201D0FDF704
:10A8E0000FBB70474368994210B5144604D90A4615
:10A8F0000248214610F0D0F8084610BD8FC405006C
:10A9000001F1005140680139091A914208B502D29B
:10A91000184610F0BEF808BD03688B4207D840689F
:10A9200003EB8000814294BF00200120704701208A
:10A930007047012A10B502D10A68026010BDFFF706
:10A940009CFFFBE7012A30B403D10B68036030BCE5
:10A950007047002AFBD030BC1CF06EBF0B46012BA9
:10A9600010B41146044603D122605DF8044B7047D1
:10A97000002BFAD01A465DF8044B1CF060BF37B5C7
:10A98000032904460191154606D9002201A9FFF7C3
:10A990007FFF019B2060A360019919B12A462068BE
:10A9A000FFF7DCFF01992046FFF76BFF03B030BDD6
:10A9B00008B5521A9210FFF7BCFF08BD08B5521A2D
:10A9C0009210FFF7B6FF08BD8842F7B504460E4661
:10A9D0001FD002684D6800F108039A4214BF8268D4
:10A9E0000322AA420BD202A941F8045DFFF750FFEF
:10A9F00007462046FFF76EFF019B2760A36025B145
:10AA00002A4631682068FFF794FF29462046FFF761
:10AA100038FF03B0F0BD2DE9F347DDF82880164676
:10AA200042689A46A8EB0603571A1344026801933A
:10AA300000F108039A420D4614BF8268032201A95F
:10AA40000446FFF725FFBF1B81461DB12A4621683A
:10AA5000FFF76FFFBAF1000F08D0B8F1000F05D073
:10AA60004246514609EB8500FFF763FF57B1216865
:10AA70002E4405EB08003A4601EB860109EB800005
:10AA8000FFF757FF2046FFF725FF019BC4F8009012
:10AA9000A36002B0BDE8F08738B514464268521A88
:10AAA000121B05460B4608D03CB10068214400EB60
:10AAB000810100EB8300FFF745FF69682846091B09
:10AAC000FFF7DFFE38BDF8B50B46064653F8087BA6
:10AAD00056F8082BBB4205460C4616D04968416023
:10AAE0009642A16818BFD0F808C0076008BF0022CE
:10AAF000816042B12260C4F808C02268002363600C
:10AB000028461360F8BD2360F7E7FFF75DFFF4E721
:10AB100037B5436801910546994255F8081B38BF7F
:10AB200001938D4218BF82680446019808BF032232
:10AB3000904212D001D8032811D901A92046FFF76D
:10AB4000A7FE6268216801320546FFF7F2FE204643
:10AB5000FFF7C0FE019B2560A36003B030BD8D42AE
:10AB6000FBD05A1C2846FFF7E4FE2068FDF7C8F921
:10AB70002560F2E7F7B50268456800F108039A42DC
:10AB800018BF836805F1010608BF03239E420446EF
:10AB90000F4606D90123009300231A462946FFF7E2
:10ABA0003AFF2368314643F825702046FFF769FED7
:10ABB00003B0F0BD70B516460C4A04460D46FFF7CB
:10ABC00091FE731C05D129462046FFF75AFE204608
:10ABD00070BD002EFBD06268521BB24228BF3246C5
:10ABE00029462046FFF758FFF1E700BF26C50500BC
:10ABF0002DE9F34116461D4604461D4B2A4688465C
:10AC00003146FFF77DFE2346626853F8080B9842F1
:10AC1000A5EB060718BFA368174408BF0323BB4270
:10AC20001DD3A2EB0802921B09D0AE4207D000EB65
:10AC3000880000EB860100EB8500FFF783FE35B14D
:10AC40002068089A294600EB8800FFF787FE204617
:10AC50003946FFF716FE204602B0BDE8F0810095A8
:10AC60000023324641462046FFF7D5FEE7E700BF06
:10AC700009C5050007B500920B4600224168FFF7A1
:10AC8000B7FF03B05DF804FB43688B4210B503D2F5
:10AC9000C91AFFF7EFFF10BDFDD9FFF7F2FDFAE784
:10ACA00008B50022FFF7F0FF08BD07B500920B467C
:10ACB00042680021FFF79CFF03B05DF804FB000031
:10ACC00073B51546064A1E460446FFF70BFE00966E
:10ACD00001462B4600222046FFF78AFF02B070BDD6
:10ACE0004FC505002DE9F74F0C9D144681462A46B5
:10ACF0000F46984621463A4BFFF702FE4A46D9F8DE
:10AD0000043052F8086B9642A5EB040B18BFD9F833
:10AD100008200BEB030A08BF0322524555D306EB6C
:10AD200087064146DF1B48463F1BFFF7F5FD80B114
:10AD300047B1AC4206D03A4606EB840106EB8500EB
:10AD4000FFF700FE2DB32A4641463046FFF7F1FDDE
:10AD50001FE035B1AC4240D32A4641463046FFF7AA
:10AD6000F1FDB7B1AC4214D03A4606EB840106EBD4
:10AD70008500FFF7E7FDAC420BD2AF0006EB840481
:10AD800008EB07039C420CD32A4641463046FFF7A6
:10AD9000D9FD48465146FFF774FD484603B0BDE86B
:10ADA000F08F444503D82A4608EB8B01CDE7A4EB8E
:10ADB00008044FEAA40B5A4641463046FFF7C2FD4D
:10ADC000A5EB0B02F1193019C0E700954346224666
:10ADD00039464846FFF71FFEDBE7002FCDD0C3E71B
:10ADE000C6C4050007B500920B4642680021FFF774
:10ADF00079FF03B05DF804FB73B50446254640684F
:10AE000055F8083BAB4218BFA56800EB020608BF27
:10AE10000325AE420BD81AB103EB8000FFF789FD82
:10AE200020463146FFF72DFD204602B070BD00924E
:10AE30000B46002201462046FFF7EDFDF0E708B57E
:10AE4000D1E90012FFF7D8FF08BD08B5FFF7F7FFFB
:10AE500008BD000070B5064B04460D46164600219D
:10AE6000FFF74EFD324629462046FFF7C5FF70BD6D
:10AE70003AC505002DE9F041064690460F460A4ABC
:10AE800019461D46FFF72EFD7268541B444528BF26
:10AE9000444634B13168224601EB85013846FFF75C
:10AEA00048FD2046BDE8F0817CC4050073B504462A
:10AEB00016460D4619B912B10D480FF0E7FD731B88
:10AEC0009B10032B019307D9002201A92046FFF70D
:10AED000DFFC019B2060A360324629462068FFF713
:10AEE00067FD01992046FFF7CCFC02B070BD00BFA2
:10AEF000DFC4050000F1080210B50260D1E90012BC
:10AF000004464FF0000301EB8202FFF7CFFF20461B
:10AF100010BD7047704730B500224FF0FF344FF03E
:10AF2000FF35C0E90045C0E9022230BD82B08DE89E
:10AF30000C004FF0FF334FF0FF32C0E90023002335
:10AF4000C0E9023302B0704700207047002070470C
:10AF50004FF0FF307047036810B55B6A04469847AE
:10AF6000431C1EBFA36813F8010BA36010BD4FF074
:10AF7000FF3070474FF0FF3070477047704730B573
:10AF800000224FF0FF344FF0FF35C0E90045C0E923
:10AF9000022230BD82B08DE80C004FF0FF334FF03D
:10AFA000FF32C0E900230023C0E9023302B070473A
:10AFB00000207047002070474FF0FF307047036853
:10AFC00010B55B6A04469847431C1EBFA36853F83C
:10AFD000040BA36010BD4FF0FF3070474FF0FF30FF
:10AFE0007047000010B5044B044640F81C3BFFF7C7
:10AFF000A9F8204610BD00BF84C5050010B5044B5C
:10B00000044640F81C3BFFF79DF8204610BD00BFEA
:10B01000C4C5050010B50446FFF7E4FF2046FCF761
:10B020006FFF204610BD10B50446FFF7E7FF20462E
:10B03000FCF766FF204610BD2DE9F04106460D469F
:10B040009046002444451DDAD6E905073B1A0FD087
:10B05000A8EB04079F42A8BF1F463A46294618F0AE
:10B060006EFB73693C443D44A0451F447761E9DDB4
:10B07000336829785B6B30469847013002D0013441
:10B080000135DFE72046BDE8F0812DE9F0410746B4
:10B090000E4690460025454521DAD7E9050484424D
:10B0A00013D0241AA410A8EB05039C42A8BF1C4689
:10B0B0001CB1224631461CF0BCFB7B692544A40030
:10B0C0002644A8451C447C61E5DD3B6831685B6B28
:10B0D00038469847013002D001350436DBE7284670
:10B0E000BDE8F0812DE9F04106460D46904600246A
:10B0F00044451DDAD6E902177B1A0FD0A8EB0407E6
:10B100009F42A8BF1F463A46284618F018FBB3686E
:10B110003C443D44A0451F44B760E9DD33683046F8
:10B120009B6A9847431C03D0287001340135DFE740
:10B130002046BDE8F0812DE9F04107460E469046D5
:10B140000025454521DAD7E902148C4213D0641A50
:10B15000A410A8EB05039C42A8BF1C461CB12246C4
:10B1600030461CF066FBBB682544A4002644A84575
:10B170001C44BC60E5DD3B6838469B6A9847431C2D
:10B1800003D0306001350436DBE72846BDE8F081A6
:10B1900003689B691847D0E902318B42024602D30B
:10B1A00003689B6A184713F8010B93607047D0E956
:10B1B00002218A4202D303685B6A184710787047FD
:10B1C00003681B6B1847000010B5074B0360002392
:10B1D0000446C0E90133C0E90333C0E905331C303C
:10B1E000FEF794FA204610BD84C5050003689B69EC
:10B1F0001847D0E902318B42024602D303689B6AAA
:10B20000184753F8040B93607047D0E902218A4233
:10B2100002D303685B6A18471068704703681B6BAA
:10B220001847000010B5074B036000230446C0E92F
:10B230000133C0E90333C0E905331C30FEF766FA79
:10B24000204610BDC4C505002DE9F04FD1E900B37B
:10B2500089B0904D009304460E468B6801930122FD
:10B260005946284610F0F2FA6B686768DFF8B0A21A
:10B27000DFF8B09201336B60874B07931846FEF7F7
:10B2800077FF47F82050854D0121284610F046FCF5
:10B290006A686768824801326A60FEF769FF47F8AA
:10B2A0002050804D00990122284610F0CBF96A68A1
:10B2B000676801326A605046FEF75AFF47F820502F
:10B2C000794D01990122284610F0FEF96A686768F5
:10B2D00001326A604846FEF74BFF47F82050734F33
:10B2E000734AD4F804803A6002257D607148FEF705
:10B2F0003FFF48F82070704F704AD4F804803A60DD
:10B300007D606F48FEF734FF48F820706D4F6E4A3D
:10B31000D4F804803A607D606C48FEF729FF48F855
:10B3200020706B4F0121384610F0D6FB7A68D4F8B4
:10B330000480684801327A60FEF71AFF48F82070EE
:10B34000F3680293336903937369634E029904931C
:10B350000122304600F038FD7268DFF8CC81676862
:10B36000013272604046FEF703FF47F820605B4EF3
:10B370000121304600F090FE72686768584801323B
:10B380007260FEF7F5FE47F82060564E0399564F5F
:10B390000122304600F014FC7268616805910132A8
:10B3A00072603846FEF7E4FE059941F820604F4E82
:10B3B00004990122304600F045FC726861680591ED
:10B3C000013272604A4A06921046FEF7D1FE059994
:10B3D00041F82060474E48493160484861687560CF
:10B3E0000591FEF7C5FE059941F82060444E454998
:10B3F00031604548616875600591FEF7B9FE0599B1
:10B4000041F82060414E42493160424861687560B0
:10B410000591FEF7ADFE404D059941F820600121F0
:10B42000284600F017FE696866683C48013169608B
:10B43000FEF79EFE079B46F820501846E568FEF78B
:10B4400097FE45F820B05046E568FEF791FE009B58
:10B4500045F820304846E568FEF78AFE019B45F82E
:10B4600020304046E568FEF783FE029B45F8203019
:10B470003846E568FEF77CFE069A039B45F82030C7
:10B480001046E468FEF774FE049B44F8203009B0CF
:10B49000BDE8F08F6896002058980020E0960020C4
:10B4A0003C980020B0960020BC960020909600208A
:10B4B00028EA050060980020A096002040EA0500D8
:10B4C0005C980020809600206CEA050044980020DB
:10B4D000489600204098002074960020EC960020AA
:10B4E00028970020C896002054970020D49600206A
:10B4F0005097002098960020A0C805004C97002087
:10B50000A8960020B8C8050048970020889600201B
:10B51000E4C8050030970020589600202C970020A2
:10B5200068980020649800204497002038B50033C4
:10B5300018BF01234360104B0360104B00294FF0EC
:10B540000005044604BF2A4619460273C0E90455A3
:10B5500081614FF4807229461D3018F014F9257767
:10B560004FF48072294604F21D1018F00CF984F88B
:10B570001D52204638BD00BF10DE05009AF40500BC
:10B5800083695B5C9B0744BF2039C9B2084670479A
:10B5900070B506460C461546AC4207D23368217892
:10B5A0009B683046984704F8010BF5E7284670BDC4
:10B5B00083695B5CDB0744BF2031C9B20846704732
:10B5C00070B506460C461546AC4207D23368217862
:10B5D0001B693046984704F8010BF5E7284670BD13
:10B5E0008368586970478368986970478368586BA7
:10B5F000704783689B6B0020DAB262F30700C3F3E5
:10B60000072262F30F20C3F3074262F317401B0EB9
:10B6100082B063F31F6002B070478368DB6B002069
:10B62000DAB262F30700C3F3072262F30F20C3F319
:10B63000074262F317401B0E82B063F31F6002B033
:10B640007047836858697047836898697047836852
:10B65000586B704783689B6B0020DAB262F3070077
:10B66000C3F3072262F30F20C3F3074262F31740CC
:10B670001B0E82B063F31F6002B070478368DB6B00
:10B680000020DAB262F30700C3F3072262F30F204F
:10B69000C3F3074262F317401B0E82B063F31F60CF
:10B6A00002B070478368586A70478368986A704729
:10B6B000002070470020704770470020914204D25C
:10B6C00051F8043B03EB7060F8E7704710B5034B8B
:10B6D00003600446FEF7C8FC204610BDA0C8050064
:10B6E00010B5034B03600446FEF7BEFC204610BDB8
:10B6F000B8C8050010B5034B03600446FEF7B4FC60
:10B70000204610BD64C7050010B5034B0360044616
:10B71000FEF7AAFC204610BDA0C7050010B5034BDC
:10B7200003600446FEF7A0FC204610BDD0C705000C
:10B7300010B5034B03600446FEF796FC204610BD8F
:10B74000D0C8050010B5034B03600446FEF78CFC1F
:10B75000204610BDE4C8050010B50446FFF7B6FF4B
:10B760002046FCF7CDFB204610BD10B50446FFF780
:10B77000B7FF2046FCF7C4FB204610BD10B50446B9
:10B78000FFF7B8FF2046FCF7BBFB204610BD10B505
:10B790000446FFF7B9FF2046FCF7B2FB204610BD78
:10B7A00010B50446FFF7BAFF2046FCF7A9FB204678
:10B7B00010BD10B50446FFF7BBFF2046FCF7A0FB09
:10B7C000204610BD10B50446FFF7BCFF2046FCF72D
:10B7D00097FB204610BD13B58B6801AA99680446F3
:10B7E00005F0AEFE204602B010BD13B58B6801AA6D
:10B7F0009968044605F0A4FE204602B010BD13B5BA
:10B800008B6801AA9968044605F09AFE204602B0AA
:10B8100010BD13B58B6801AAD96904460CF03AFE35
:10B82000204602B010BD13B58B6801AA596A0446C0
:10B830000CF030FE204602B010BD13B58B6801AA93
:10B84000D96A04460CF026FE204602B010BD13B59E
:10B850008B6801AAD96904460CF01CFE204602B090
:10B8600010BD13B58B6801AA596A04460CF012FE8C
:10B87000204602B010BD13B58B6801AAD96A0446F0
:10B880000CF008FE204602B010BD13B58B6801AA6B
:10B89000596904460CF0FEFD204602B010BD13B5F8
:10B8A0008B6801AAD96904460CF0F4FD204602B069
:10B8B00010BD000010B5054B044640F8083BFEF7EC
:10B8C00079FE2046FEF7D0FB204610BD58C8050083
:10B8D00010B50446FFF7EEFF2046FCF711FB2046AB
:10B8E00010BD000010B5054B044640F8083BFEF7BC
:10B8F00061FE2046FEF7B8FB204610BDE4C60500F9
:10B9000010B50446FFF7EEFF2046FCF7F9FA204693
:10B9100010BD000038B50D4B036005690446FEF705
:10B92000C7FB854203D015B12846FCF7EBFAA068A7
:10B9300010B103685B68984704F10C00FEF73AFE0B
:10B940002046FEF791FB204638BD00BFE0C705004A
:10B9500010B50446FFF7DEFF2046FCF7D1FA20467B
:10B9600010BD2DE9F04385B01C46814603AB02A80B
:10B970000CF0A6FD01AB21460C9A03A80CF0A0FD2B
:10B98000029D039C55F80C3C54F80C7C05EB830895
:10B9900004EB870722462946484615F061FB064618
:10B9A00078B928461BF0BAFD05EB800520461BF050
:10B9B000B5FDA84504EB80040DD13E1B18BF4FF028
:10B9C000FF3603A80CF0FAFA02A80CF0F7FA30469A
:10B9D00005B0BDE8F083A74202D004350434D9E7AE
:10B9E0000126EEE72DE9F34715461C46284B036078
:10B9F00022466B460746894601A829460CF060FDA1
:10BA0000019EDFF890A056F80C3C641B06EB8308FF
:10BA1000204B64109C4294BFA0004FF0FF30FCF715
:10BA20006DFA0546234632462946484615F023FB63
:10BA3000844211D8441C2846FCF764FA544594BF4C
:10BA4000A0004FF0FF30FCF759FA234605460146A7
:10BA50003246484615F00FFB0246294638460CF0A0
:10BA600035FC30461BF05AFD06EB8006B04505D08C
:10BA70000021384604360CF0B2FCD3E72846FCF728
:10BA800041FA01A80CF09AFA384602B0BDE8F087F6
:10BA9000F4970020FEFFFF1F0A2807D82F2917D987
:10BAA0003030814214D2A1F130007047A1F1300052
:10BAB00009280FD9A1F16103052B02D8A1F1570084
:10BAC0007047A1F14103052B02D8A1F1370070475F
:10BAD0004FF0FF307047000008B42DE9F7410F46E2
:10BAE00004200021904617F001FD1649054618F084
:10BAF0009CFE28B3284619F023FC461C3046FCF770
:10BB0000FDF929463246044617F019FE0D49042076
:10BB100017F0ECFC0AAB099A0193414638461AF03B
:10BB2000D3FE054634B12146042017F0DFFC204641
:10BB3000FCF7E8F9284603B0BDE8F04101B07047D2
:10BB40000446E7E73FC3050013460A4611B119460C
:10BB50001BF075BE7047000000310B4A026018BF31
:10BB6000012100224160C0E902220274C0E90522DD
:10BB7000C0E90722C0E90922C0E90B22C0E90D2271
:10BB8000C26380F86C20704730C1050000310B4A59
:10BB9000026018BF012100224160C0E90222027444
:10BBA000C0E90522C0E90722C0E90922C0E90B2249
:10BBB000C0E90D22C26380F86C20704720C10500E7
:10BBC00010B5003218BF01224260054B036000220D
:10BBD000044681601146FDF779FF204610BD00BF85
:10BBE00024C8050003689B6818470368DB6818478A
:10BBF00010B50B6804461B699847204610BD10B568
:10BC00000B6804465B699847204610BD10B50B6869
:10BC100004469B699847204610BD10B50B68044642
:10BC2000DB699847204610BD03681B6A1847036804
:10BC30005B6A82B002B0184703689B6A82B002B0A8
:10BC40001847000010B5003218BF01224260054BB2
:10BC500003600022044681601146FDF7E5FE2046A0
:10BC600010BD00BFF0C7050003689B681847036854
:10BC7000DB68184710B50B6804461B6998472046D7
:10BC800010BD10B50B6804465B699847204610BD8F
:10BC900010B50B6804469B699847204610BD10B547
:10BCA0000B680446DB699847204610BD03681B6A91
:10BCB000184703685B6A82B002B0184703689B6A42
:10BCC00082B002B01847F0B589B006AC84E80C0029
:10BCD000139A0B680592129A0492119A03929DF896
:10BCE000402002920EAA05460E4692E803008DE817
:10BCF000030028469F68314694E80C00B847284660
:10BD000009B0F0BDF0B589B006AC84E80C00139A18
:10BD10000B680592129A0492119A03929DF84020A2
:10BD200002920EAA05460E4692E803008DE8030033
:10BD30002846DF68314694E80C00B847284609B029
:10BD4000F0BD70B586B004AC84E80C000C9A029289
:10BD50000B9A01920B689DF8282000929E6894E847
:10BD60000C000546B047284606B070BD70B586B0D9
:10BD700004AC84E80C000D9A03920C9A02920B9A80
:10BD800001920B689DF828200092DE6894E80C0070
:10BD90000546B047284606B070BD00000031094A8C
:10BDA000026018BF012100224160C0E90222027432
:10BDB000C0E90522C0E90722C0E9092280F8242150
:10BDC000704700BF50C1050010B5003218BF0122F6
:10BDD000044B42600446036081600021FDF7B2FF1E
:10BDE000204610BD40C7050003689B6818470368DC
:10BDF000DB68184710B50B6804461B699847204656
:10BE000010BD10B50B6804465B699847204610BD0D
:10BE100010B50B6804469B699847204610BD00008A
:10BE2000003218BF0122074B10B5426003608160E9
:10BE30000446FEF73DF900212061204615F0D8FDAB
:10BE4000204610BDE0C7050083689A680A60DB6879
:10BE50004B60704783681A690A605B694B60704782
:10BE600083689A690A60DB694B6070478368DA6AA5
:10BE70000A601A6B4A605A6B8A609A6BCA60DA6B06
:10BE80000A611A6C4A615B6C8B61704783689A6CBB
:10BE90000A60DA6C4A601A6D8A605A6DCA609A6DDF
:10BEA0000A61DA6D4A611B6E8B61704783685A6E56
:10BEB0000A609A6E4A60DA6E8A601A6FCA605A6FB8
:10BEC0000A619A6F4A61DA6F8A61D3F88020CA6189
:10BED000D3F884200A62D3F888204A62D3F88C20F1
:10BEE0008A62D3F89030CB6270478368D3F894208D
:10BEF0000A60D3F898204A60D3F89C208A60D3F86F
:10BF0000A020CA60D3F8A4200A61D3F8A8204A610F
:10BF1000D3F8AC208A61D3F8B020CA61D3F8B4203A
:10BF20000A62D3F8B8204A62D3F8BC208A62D3F8F8
:10BF3000C030CB62704703689B681847F0B589B082
:10BF400006AC84E80C00129A0B680492119A0392D2
:10BF5000109A02920EAA05460E4692E803008DE85A
:10BF600003002846DF68314694E80C00B8472846AD
:10BF700009B0F0BDF0B589B006AC84E80C00129AA7
:10BF80000B680492119A0392109A02920EAA054627
:10BF90000E4692E803008DE8030028461F693146EB
:10BFA00094E80C00B847284609B0F0BDF0B589B058
:10BFB00006AC84E80C00129A0B680492119A039262
:10BFC000109A02920EAA05460E4692E803008DE8EA
:10BFD000030028465F69314694E80C00B8472846BC
:10BFE00009B0F0BDF0B589B006AC84E80C00129A37
:10BFF0000B680492119A0392109A02920EAA0546B7
:10C000000E4692E803008DE8030028469F693146FA
:10C0100094E80C00B847284609B0F0BDF0B589B0E7
:10C0200006AC84E80C00129A0B680492119A0392F1
:10C03000109A02920EAA05460E4692E803008DE879
:10C0400003002846DF69314694E80C00B8472846CB
:10C0500009B0F0BD003110B518BF0121044B41609B
:10C0600003600446FEF71AF8A060204610BD00BF2A
:10C0700058C8050003689B68184773B5079E01966A
:10C080000D68069E0096ED680446A847204602B05B
:10C0900070BD03681B691847003110B518BF012136
:10C0A000044B416003600446FDF7F8FFA0602046A2
:10C0B00010BD00BFE4C6050010B40468A468A4461F
:10C0C0005DF8044B604738B50D680446ED68A84735
:10C0D000204638BD10B504460A48FEF749F82368E3
:10C0E000D3E90123834202D952F8200008B90EF0A7
:10C0F000CAFC0023044A054914F0E3FB08B914F014
:10C1000041FC10BDFC970020E4DD0500F0C20500F5
:10C1100010B504460A48FEF72BF82368D3E901233B
:10C12000834202D952F8200008B90EF0ACFC00237B
:10C13000044A054914F0C5FB08B914F023FC10BDEE
:10C140004497002024CA0500F0C2050010B504463B
:10C150000A48FEF70DF82368D3E90123834202D988
:10C1600052F8200008B90EF08EFC0023044A05495D
:10C1700014F0A7FB08B914F005FC10BD3C97002093
:10C18000F8C90500F0C2050010B504460A48FDF7DD
:10C19000EFFF2368D3E90123834202D952F820003C
:10C1A00008B90EF070FC0023044A054914F089FB1D
:10C1B00008B914F0E7FB10BD40970020ECC905005A
:10C1C000F0C2050010B504460A48FDF7D1FF236808
:10C1D000D3E90123834202D952F8200008B90EF0B6
:10C1E00052FC0023044A054914F06BFB08B914F013
:10C1F000C9FB10BD5097002044C90500F0C20500DE
:10C2000010B504460A48FDF7B3FF2368D3E90123BC
:10C21000834202D952F8200008B90EF034FC002302
:10C22000044A054914F04DFB08B914F0ABFB10BDEE
:10C230005497002024C90500F0C2050010B504463B
:10C240000A48FDF795FF2368D3E90123834202D909
:10C2500052F8200008B90EF016FC0023044A0549E4
:10C2600014F02FFB08B914F08DFB10BD3897002097
:10C2700064C90500F0C2050010B504460A48FDF780
:10C2800077FF23689A6882420CD95B6853F82000D4
:10C2900038B10023054A064914F013FB003018BFDB
:10C2A000012010BD0020FCE7FC970020E4DD050024
:10C2B000F0C2050010B504460A48FDF759FF23688F
:10C2C0009A6882420CD95B6853F8200038B1002389
:10C2D000054A064914F0F5FA003018BF012010BDD8
:10C2E0000020FCE73C970020F8C90500F0C20500DB
:10C2F00010B504460A48FDF73BFF23689A6882425E
:10C300000CD95B6853F8200038B10023054A064970
:10C3100014F0D7FA003018BF012010BD0020FCE750
:10C3200040970020ECC90500F0C205002DE9F0435C
:10C33000DDE907740026B446013B12F80CE0A4EBDB
:10C340000708BEEBA80F02EB0C0509DBA0F1040CFB
:10C350003B46A34211D053F8047B4CF8047FF8E726
:10C360004FFA8EF9B9F1000FF0DD6345A4EB8E04AE
:10C370008CBF0CF1010C0136DFE7404416F1FF36AB
:10C380000FD301602B789B00074604EB030E744526
:10C3900002D104331844F1E754F804CB47F804CF32
:10C3A000F5E7954210D0016015F8013D9B00064667
:10C3B00004EB030C644502D104331844F1E754F84C
:10C3C000047B46F8047FF5E7BDE8F083F7B5DDE9C7
:10C3D000087408461946DDE90A36C7B1FD1AAD10E2
:10C3E00003EB850CCDE9003C134602462046FFF7DF
:10C3F0009DFF041BA4103FB132683946521BFEF763
:10C400003CFA33685D1B2C44346003B0F0BD3568E2
:10C41000E6E773B5099DDDE907401E462B6800EB92
:10C420008303CDE90003134620460A463146FFF751
:10C430007DFF001B8010286002B070BD30B59DF8F4
:10C440000C4084B103460A25B1FBF5F405FB141139
:10C45000043152F8211043F8041D2146002CF3D179
:10C46000C01A801030BD03F04A04402C0AD10346A4
:10C4700001F007040434C90852F8244043F8044D7D
:10C48000F6D1EDE713F4804F14BF142504250346BD
:10C4900001F00F042C44090952F8244043F8044DDC
:10C4A000F6D1DDE72DE9F04114469DF820201D4628
:10C4B0000746DDE90683D2B10646204629460A2210
:10C4C000002316F08FF90432204658F8223046F83F
:10C4D000043D294600230A2216F084F904460D463D
:10C4E00054EA0503E9D1B81B8010BDE8F08103F0E0
:10C4F0004A02402A11D1064604F007030433EA0831
:10C5000058F8233046F8043DE30843EA45731C46D7
:10C51000154654EA0503EFD1E5E713F4804F14BF45
:10C5200014210421064604F00F030B442A0958F88D
:10C53000233046F8043D230943EA05731C4615469B
:10C5400054EA0503EFD1CEE710B40468E46AA446C8
:10C550005DF8044B604700002DE9FF47044608469C
:10C560000F46FFF74DFE0546FFF73CFB606128468E
:10C57000FFF73BFBA0612846FFF756FB29466063A7
:10C580006846FFF735FB009B53F80C0CE060FBF7A7
:10C59000B5FC002301460646E268684604F094FCB8
:10C5A000E3682BB196F90030002BD4BF00230123A0
:10C5B0002946237401A8FFF722FB019B53F80C0CBA
:10C5C000344B2062984294BF80004FF0FF30FBF75D
:10C5D00095FC226A80460023014601A80BF04EFC20
:10C5E000294602A8FFF712FB029B53F80C0C294BBB
:10C5F000A062984294BF80004FF0FF30FBF77EFCB2
:10C60000A26A81460023014602A80BF037FC2946A6
:10C6100003A8FFF702FB039B53F80C0C1D4B206390
:10C62000984294BF80004FF0FF30FBF767FC226B0D
:10C6300001460023824603A80BF020FC2846FFF7A2
:10C64000F6FAA0632846FFF7F7FAE0633846FFF7EB
:10C6500041FD114B196804F1400301F10B02FFF792
:10C6600073FF012384F86C30A660C4F81C80C4F802
:10C670002490C4F82CA003A80BF0A0FC02A80BF097
:10C680009DFC01A80BF09AFC684604F0C7FC04B0BE
:10C69000BDE8F087FEFFFF1F9C6100202DE9F041FF
:10C6A00005460F48FDF764FD2B68DE6856F82080CC
:10C6B0000446B8F1000F0FD17020FBF71DFC414676
:10C6C0000746FFF749FA29463846FFF745FF224655
:10C6D00039462868FDF70AFE56F82400BDE8F081C7
:10C6E000549700202DE9FF47044608460F46FFF700
:10C6F00069FD0546FFF7B8FA60612846FFF7B7FA0B
:10C70000A0612846FFF7D2FA294660636846FFF722
:10C71000B1FA009B53F80C0CE060FBF7EFFB002331
:10C7200001460646E268684604F0CEFBE3682BB19A
:10C7300096F90030002BD4BF00230123294623742F
:10C7400001A8FFF79EFA019B53F80C0C344B2062B2
:10C75000984294BF80004FF0FF30FBF7CFFB226A76
:10C7600080460023014601A80BF088FB294602A859
:10C77000FFF78EFA029B53F80C0C294BA0629842EB
:10C7800094BF80004FF0FF30FBF7B8FBA26A8146F0
:10C790000023014602A80BF071FB294603A8FFF70E
:10C7A0007EFA039B53F80C0C1D4B2063984294BFF8
:10C7B00080004FF0FF30FBF7A1FB226B0146002306
:10C7C000824603A80BF05AFB2846FFF772FAA063D3
:10C7D0002846FFF773FAE0633846FFF77BFC114BFE
:10C7E000196804F1400301F10B02FFF7ADFE0123CC
:10C7F00084F86C30A660C4F81C80C4F82490C4F897
:10C800002CA003A80BF0DAFB02A80BF0D7FB01A8C1
:10C810000BF0D4FB684604F001FC04B0BDE8F087DF
:10C82000FEFFFF1F9C6100202DE9F04105460F48E7
:10C83000FDF79EFC2B68DE6856F820800446B8F1B0
:10C84000000F0FD17020FBF757FB41460746FFF75B
:10C850009DF929463846FFF745FF224639462868A4
:10C86000FDF744FD56F82400BDE8F0815097002004
:10C870002DE9F043044685B008460F46FFF748FC13
:10C880000146054601A8FFF7B5FA019B53F80C0CC9
:10C89000E060FBF733FB002301460646E26801A88F
:10C8A00004F012FBE3682BB196F90030002BD4BFE3
:10C8B000002301232946237402A8FFF7A2FA029B52
:10C8C00053F80C0C2B4BA061984294BF80004FF0A2
:10C8D000FF30FBF713FBA26981460023014602A843
:10C8E0000BF0CCFA294603A8FFF792FA039B53F802
:10C8F0000C0C204B2062984294BF80004FF0FF3018
:10C90000FBF7FCFA226A01460023804603A80BF0DD
:10C91000B5FA2846FFF768FA60622846FFF767FA1B
:10C92000A0623846FFF7D6FB134B196804F12C03BD
:10C9300001F124020546FFF707FE104B196828464F
:10C9400001F11A0204F1BC03FFF7FEFD012384F894
:10C950002431A660C4F81490C4F81C8003A80BF01E
:10C960002DFB02A80BF02AFB01A804F057FB05B031
:10C97000BDE8F083FEFFFF1F986100209461002056
:10C980002DE9F04105461048FDF7F2FB2B68DE6803
:10C9900056F820800446B8F1000F10D14FF494707F
:10C9A000FBF7AAFA41460746FFF7F8F92946384649
:10C9B000FFF75EFF224639462868FDF797FC56F8D8
:10C9C0002400BDE8F08100BF4497002010B5044664
:10C9D000006820B1FEF70DFC4FF0FF336360204686
:10C9E00010BD03689B681847F7B56C4684E80600DD
:10C9F0009DF80450089F06463DB93A4619460098EE
:10CA0000FEF70CFC874218BF01258DF8045094E80E
:10CA1000030086E80300304603B0F0BD2DE9F04F77
:10CA20008FB00DF1180ADDF86080049008F16C04F5
:10CA300020468AE80C00FFF74DFB06462046FFF72C
:10CA4000F3FE1A9B1D68036C2A689A42044655F847
:10CA50000C3C00F08480826B0992D0F82890426AE6
:10CA6000029232683046576905EB83032A46042157
:10CA7000B847401B8610B346002E00F0C6800EAFAC
:10CA80007A4B47F8103D710038460BF0D5FB626BCE
:10CA9000B31A002B74DD16EA220638BF1E46E3687F
:10CAA000002B67D00022710038460BF039FB384666
:10CAB0000BF0F8FA05EB8603CDE900530A98A1695B
:10CAC000D4E90223FFF732FC039038460BF0EAFA70
:10CAD0000A9B0399C91A4FF0FF32891038460BF0B0
:10CAE000EBFA636B002B0BDD61690AA80BF077FC96
:10CAF000002E47DB626B05EB86010AA80BF0E6FB14
:10CB0000D8F80C2002F0B00303930A9B12F40072D1
:10CB100053F80C3C18BF226A0EAD4B441344534AE1
:10CB200045F80C2D5900284605930BF085FB039B17
:10CB3000D8F80860102B059B2CD1B3422CBF4FF0C6
:10CB4000000B4FF0010BF31A0027059309ABDB5DD7
:10CB5000042B2BD8DFE803F07E7321656E00C26BD7
:10CB60000992C26A0292D0F83090002B3FF479AF5C
:10CB7000043576E73246294638460BF001FBB0E72C
:10CB80001E46AEE7626C71420AA80BF0D9FB5A460A
:10CB90002946B2E74FF0000BD5E7D8F80C309B05DB
:10CBA00004D5D4E907120BA80BF090FB0137042F32
:10CBB000CCD1B9F1010F06D9029909F1FF32043144
:10CBC00028460BF083FB0B9B53F80C1C8E4209D9B3
:10CBD000039B202BA6EB010140D1199A28460BF0AC
:10CBE000AFFB31460CAC00919AE806000B9B204647
:10CBF000FFF7FAFE94E80300069028468DF81C1013
:10CC00000BF0DCF90AA80BF0D9F99AE8030000232D
:10CC1000C8F80830049B83E8030018460FB0BDE84D
:10CC2000F08FB9F1000FC1D0029B196828460BF0B4
:10CC3000D6FBBBE70AA928460BF044FBB6E7BBF1DD
:10CC4000000F05D0199A05990BA80BF079FBADE7F9
:10CC50001999EBE7BBF1000FA8D0F3E70A46199B3F
:10CC6000002128460BF068FABBE700BFF4970020CC
:10CC70002DE9F04F8FB00DF1180ADDF860800490B7
:10CC800008F16C0420468AE80C00FFF723FA0646F8
:10CC90002046FFF703FD1A9B1D68036C2A689A4221
:10CCA000044655F80C3C00F08480826B0992D0F861
:10CCB0002890426A029232683046576905EB830336
:10CCC0002A460421B847401B8610B346002E00F0C8
:10CCD000C6800EAF7A4B47F8103D710038460BF016
:10CCE000ABFA626BB31A002B74DD16EA220638BF6A
:10CCF0001E46E368002B67D00022710038460BF017
:10CD00000FFA38460BF0CEF905EB8603CDE9005358
:10CD10000A98A169D4E90223FFF708FB039038467B
:10CD20000BF0C0F90A9B0399C91A4FF0FF32891022
:10CD300038460BF0C1F9636B002B0BDD61690AA863
:10CD40000BF04DFB002E47DB626B05EB86010AA85A
:10CD50000BF0BCFAD8F80C2002F0B00303930A9B46
:10CD600012F4007253F80C3C18BF226A0EAD4B440B
:10CD70001344534A45F80C2D5900284605930BF0EF
:10CD80005BFA039BD8F80860102B059B2CD1B342AB
:10CD90002CBF4FF0000B4FF0010BF31A0027059347
:10CDA00009ABDB5D042B2BD8DFE803F07E73216534
:10CDB0006E00C26B0992C26A0292D0F83090002BCA
:10CDC0003FF479AF043576E73246294638460BF012
:10CDD000D7F9B0E71E46AEE7626C71420AA80BF0C5
:10CDE000AFFA5A462946B2E74FF0000BD5E7D8F81C
:10CDF0000C309B0504D5D4E907120BA80BF066FA9A
:10CE00000137042FCCD1B9F1010F06D9029909F1EC
:10CE1000FF32043128460BF059FA0B9B53F80C1CD7
:10CE20008E4209D9039B202BA6EB010140D1199A10
:10CE300028460BF085FA31460CAC00919AE80600C2
:10CE40000B9B2046FFF7D0FD94E803000690284690
:10CE50008DF81C100BF0B2F80AA80BF0AFF89AE8A6
:10CE600003000023C8F80830049B83E80300184639
:10CE70000FB0BDE8F08FB9F1000FC1D0029B196867
:10CE800028460BF0ACFABBE70AA928460BF01AFAC1
:10CE9000B6E7BBF1000F05D0199A05990BA80BF066
:10CEA0004FFAADE71999EBE7BBF1000FA8D0F3E714
:10CEB0000A46199B002128460BF03EF9BBE700BF4C
:10CEC000F49700202DE9F04F2DED028BB0EE408A53
:10CED000F0EE608A8FB004AF07F1100686E80C0010
:10CEE00097F85830BB60FB6D81468A4607F12000F9
:10CEF00003F16C01FDF7C2F807F12000FFF7EAF833
:10CF000092B0F860FDF7CAF807F128050DF1100896
:10CF100045F8040D4FF0000B8DED028BCDF800B0FD
:10CF20002B4B402241462846FEF7D6FD3F280446BB
:10CF300016DD0F3424F00704ADEB040D421C7A60BB
:10CF4000FDF7ACF80DF1100878628DED028BCDF88D
:10CF500000B01F4B7A6841462846FEF7BDFD0446E7
:10CF6000214607F11C03002228460BF00DF844442B
:10CF700028460BF097F87B6AF86822464146FFF78F
:10CF8000E3FABB680295C3B13B6E0193FB6D00935E
:10CF9000514696E80C004846FFF740FD07F1240093
:10CFA0000BF00CF807F12000FDF7CCF848462C37C1
:10CFB000BD46BDEC028BBDE8F08F3B6E0193FB6D6F
:10CFC0000093514696E80C004846FFF751FEE5E70E
:10CFD0001CC90500F0B587B004AC84E80C00DDE99D
:10CFE0000D320F9D9DF830700093CDE90125064666
:10CFF00094E80C0027B1FFF711FD304607B0F0BDF3
:10D00000FFF736FEF9E703681B6B184703689B6A56
:10D0100018472DE9F8431D46C368DDE9086703F0AA
:10D02000B003202B89461446A6EB07060CD13A46DE
:10D0300029462046FDF721FC4A46314604EB87008D
:10D04000FEF782FDBDE8F883102B0FD04FF00008EB
:10D050004A4631462046FEF777FDA7EB080205EB6E
:10D06000880104EB8600FDF708FCEBE76C30FFF766
:10D0700031F82D218046FFF7C9FF2B68984205D172
:10D080002B6844F8043B4FF00108E1E72B214046B0
:10D09000FFF7BCFF2B689842F2D030214046FFF7E3
:10D0A000B5FF2B689842D1D1012FCFDD78214046C2
:10D0B000FFF7ACFF6B68984207D12B6823606B6861
:10D0C00063604FF002080834C2E758214046FFF77A
:10D0D0009DFF6B689842B9D1EFE737B5089C1846B9
:10D0E00023681546CDE90023DDE90623FFF791FF0C
:10D0F000256003B030BD2DE9F04F8BB004AFC7E918
:10D1000000103E6C07F1080106F16C0081E80C008C
:10D11000FFF736FCF568B96C05F04A0A96B0BAF12B
:10D12000400F044600F12C090DF1100B02D0BAF1AA
:10D13000080F71D14FF000082B464A46CDF8008009
:10D140000BF15000FFF77AF9227C7861C0F11403EB
:10D150000BEB830392B1C0001030ADEB000D0DF16D
:10D16000180B07F11402CDE90232CDE9006B3868E3
:10D17000A36AD4E90212FFF74CF95B467A69B8F169
:10D18000000F31D0B96C00292CDB280505D5216BA7
:10D1900043F8041C01327A61043BB2687969914218
:10D1A00011DA91000E3121F00701ADEB010D04AC55
:10D1B00007F11401CDE9013100943346796C3868E8
:10D1C000FFF78BFF23460022B2607A69009207F1D5
:10D1D0000802786806CAFFF707FC78681C37BD4666
:10D1E000BDE8F08FE16AD3E7A905D6D5B96C00296F
:10D1F000D3D0BAF1400F01D1E16BC9E7C5F3803557
:10D200000235023259F8251043F8041CE16B43F84B
:10D21000081C7A61083BC0E7BB6C002B01DCBB6CCF
:10D2200059424FF0010887E730B587B004AC84E875
:10D230000C000C9B02930B9B01930A9B009394E8B8
:10D240000C000546FFF757FF284607B030BD2DE913
:10D25000F04F8BB004AF07F10805D7F840A0386055
:10D2600085E80C00DAF80C3097F848607B6013F022
:10D27000010F07F1100416D17B6C0296CDE900A3D3
:10D28000204695E80C00FFF736FF94E80300B860ED
:10D29000397395E803003B681C3783E803001846A0
:10D2A000BD46BDE8F08F0AF16C00FFF769FB86B35D
:10D2B000D0E90598DAF80860B0453CDAA6EB080634
:10D2C000B2000E3222F00702ADEB020D0DF1100B91
:10D2D0007A6C31465846FEF737FC7B6803F0B003A2
:10D2E0000022202BCAF8082016D14B4695E80600EC
:10D2F0002046CDF80080FFF777FB94E803005B46FB
:10D30000B8603973009695E806002046FFF76CFB7D
:10D31000BBE7D0E90798CDE795E8060020460096E0
:10D320005B46FFF761FB94E80300B8603973CDF802
:10D3300000804B46E7E70022CAF80820F7E72DE90E
:10D34000F04F8BB004AFC7E900103E6C07F1080145
:10D3500006F16C0081E80C00FFF712FBF46804F0A2
:10D360004A0896B0B8F1400F054600F12C0A0DF1BD
:10D37000100B5DD0B8F1080918BF4FF00109234622
:10D380005246CDF80090B96C0BF15000FFF756F8FB
:10D390002A7C7861C0F114030BEB830392B1C000C7
:10D3A0001030ADEB000D0DF1180B07F11402CDE9B3
:10D3B0000232CDE9006B3868AB6AD5E90212FFF79B
:10D3C00028F85B46B9F1000F0DD1A2050BD5BA6C58
:10D3D0004AB1B8F1400F7A692DD1E96B43F8041CCA
:10D3E00001327A61043BB2687969914211DA9100A5
:10D3F0000E3121F00701ADEB010D04AC07F1140172
:10D40000CDE9013100943346796C3868FFF765FE49
:10D4100023460022B2607A69009207F10802786818
:10D4200006CAFFF7E1FA78681C37BD46BDE8F08F01
:10D430004FF00009A3E7C4F38034023402325AF8F3
:10D44000241043F8041CE96B43F8081C7A61083B7C
:10D45000C9E730B587B004AC84E80C000C9B02939C
:10D460000B9B01930A9B009394E80C000546FFF781
:10D4700066FF284607B030BD2DE9F04188B004AC06
:10D480000E9DD5F80C8084E80C0028F4804323F02E
:10D490004A0343F40273EB60109B02930F9BCDE9A8
:10D4A000005306AF064694E80C003846FFF747FFE6
:10D4B00097E8030004908DF8141094E8030086E8C0
:10D4C00003003046C5F80C8008B0BDE8F0812DE9B6
:10D4D000F04F8BB004AFC7E900103E6C07F10801B4
:10D4E00006F16C0081E80C00FFF74AFAF56805F0D8
:10D4F0004A09AAB0B9F1400F044600F12C0A0DF117
:10D50000100BD7E9122302D0B9F1080F75D14FF0F3
:10D510000008CDE90158CDF800A00BF1A000FEF7FE
:10D52000C1FF227C7861C0F128030BEB830392B129
:10D53000C0001030ADEB000D0DF1180B07F1140217
:10D54000CDE90232CDE9006B3868A36AD4E9021252
:10D55000FEF75FFF5B467A69B8F1000F34D0D7E978
:10D560001201002871F100012CDB280505D5216B83
:10D5700043F8041C01327A61043BB2687969914234
:10D5800011DA91000E3121F00701ADEB010D04AC71
:10D5900007F11401CDE9013100943346796C386804
:10D5A000FFF79BFD23460022B2607A69009207F1E3
:10D5B0000802786806CAFFF717FA78681C37BD4674
:10D5C000BDE8F08FE16AD3E7A905D6D5D7E9120106
:10D5D0000143D2D0B9F1400F01D1E16BC8E7C5F3E7
:10D5E0008035023502325AF8251043F8041CE16BED
:10D5F00043F8081C7A61083BBFE7D7E9120101280C
:10D6000071F1000104DAD7E91223524263EB4303BC
:10D610004FF001087DE730B587B004AC84E80C001A
:10D62000DDE90C23CDE902230B9B01930A9B0093B8
:10D6300094E80C000546FFF74AFF284607B030BDC6
:10D640002DE9F04F8BB004AFC7E900103E6C07F135
:10D65000080106F16C0081E80C00FFF791F9F4680D
:10D6600004F04A08AAB0B8F1400F054600F12C0AB0
:10D670000DF1100B60D0B8F1080918BF4FF0010987
:10D68000D7E91223CDE90149CDF800A00BF1A000A4
:10D69000FEF708FF2A7C7861C0F128030BEB8303B7
:10D6A00092B1C0001030ADEB000D0DF1180B07F179
:10D6B0001402CDE90232CDE9006B3868AB6AD5E9D6
:10D6C0000212FEF7A6FE5B46B9F1000F0FD1A205CC
:10D6D0000DD5D7E912120A4309D0B8F1400F7A6983
:10D6E0002DD1E96B43F8041C01327A61043BB26826
:10D6F0007969914211DA91000E3121F00701ADEB09
:10D70000010D04AC07F11401CDE901310094334659
:10D71000796C3868FFF7E1FC23460022B2607A6931
:10D72000009207F10802786806CAFFF75DF9786889
:10D730001C37BD46BDE8F08F4FF00009A0E7C4F3E9
:10D740008034023402325AF8241043F8041CE96B86
:10D7500043F8081C7A61083BC9E730B587B004ACD0
:10D7600084E80C00DDE90C23CDE902230B9B019337
:10D770000A9B009394E80C000546FFF761FF2846DA
:10D7800007B030BD2DE9F04F2DED028BB0EE408A91
:10D79000F0EE608A8FB004AF8146BD6D396005F14F
:10D7A0006C0A07F10801504681E80C00FFF7E8F821
:10D7B000D5F8048097F86020B8F1000F064607F10D
:10D7C00018012846B8BF4FF00608FCF722FBEB68AB
:10D7D00003F482738EB0B3F5827F7B6004AC00F0FB
:10D7E000B180FCF75BFC8DED028B7861CDF8008099
:10D7F00007F118032D22214607F11400FEF76CF9FA
:10D8000038613B692C2B1CDD03F1010B0F3323F036
:10D810000703ADEB030D7B68B3F5827F04AC00F02A
:10D820009F80FCF73BFC8DED028B7861CDF800808A
:10D8300007F118035A46214607F11400FEF74CF988
:10D8400038615046FEF746FC3A6993000E3323F0E8
:10D850000703ADEB030D0DF11008434622442146AA
:10D86000FEF772FED7F810B0BBF1000F00F0888011
:10D870005A462E21204615F003FF28B1031B726A79
:10D8800048F8232008EB8300337C9BB350B9BBF1ED
:10D89000020F07DD6378303B092B2BD8A378303B90
:10D8A000092B27D84FEACB030833ADEB030D2378C0
:10D8B0002D2B0DF1100A01D02B2B63D1D8F800309D
:10D8C000CAF800300BF1FF333B610124A30007F1DC
:10D8D0001002039208EB03025344CDE900030292C5
:10D8E000B36A3868D6E90212FEF770FD3B691C4442
:10D8F0003C61D046AA683B69934211DA93000E332B
:10D9000023F00703ADEB030D04AC07F11003CDE9E1
:10D91000018300942B46F96D3868FFF7DEFBA046C3
:10D920000023AB603B69009307F108024846434679
:10D9300006CAFFF759F848462C37BD46BDEC028BA6
:10D94000BDE8F08FFCF7AAFB8DED008B786107F145
:10D9500018032D22214607F11400FEF7BDF84FE70A
:10D96000FCF79CFB07F1280C07F118034CF8140D89
:10D970005A468DED008B21466046FEF7ADF85FE715
:10D98000584681E70024A1E730B587B004AC84E8AD
:10D990000C00002302930B9B01930A9B009394E8D5
:10D9A0000C000546FFF7EEFE284607B030BD2DE916
:10D9B000F04F2DED028BB0EE408AF0EE608A8FB012
:10D9C00004AF8146BD6D396005F16C0A07F10801AD
:10D9D000504681E80C00FEF7D3FFD5F8048097F895
:10D9E0006020B8F1000F064607F118012846B8BFBD
:10D9F0004FF00608FCF70DFAEB6803F482738EB063
:10DA0000B3F5827F7B6004AC00F0B180FCF746FB8D
:10DA10008DED028B7861CDF8008007F118032D227F
:10DA2000214607F11400FEF757F838613B692C2BAB
:10DA30001CDD03F1010B0F3323F00703ADEB030DE6
:10DA40007B68B3F5827F04AC00F09F80FCF726FB77
:10DA50008DED028B7861CDF8008007F118035A46EE
:10DA6000214607F11400FEF737F838615046FEF7FB
:10DA700031FB3A6993000E3323F00703ADEB030D3E
:10DA80000DF11008434622442146FEF75DFDD7F80C
:10DA900010B0BBF1000F00F088805A462E212046BE
:10DAA00015F0EEFD28B1031B726A48F8232008EB3D
:10DAB0008300337C9BB350B9BBF1020F07DD637861
:10DAC000303B092B2BD8A378303B092B27D84FEAC2
:10DAD000CB030833ADEB030D23782D2B0DF1100A8A
:10DAE00001D02B2B63D1D8F80030CAF800300BF1ED
:10DAF000FF333B610124A30007F11002039208EBFE
:10DB000003025344CDE900030292B36A3868D6E9B0
:10DB10000212FEF75BFC3B691C443C61D046AA68DC
:10DB20003B69934211DA93000E3323F00703ADEB08
:10DB3000030D04AC07F11003CDE9018300942B46DB
:10DB4000F96D3868FFF7C9FAA0460023AB603B695E
:10DB5000009307F108024846434606CAFEF744FF11
:10DB600048462C37BD46BDEC028BBDE8F08FFCF774
:10DB700095FA8DED008B786107F118032D2221466F
:10DB800007F11400FDF7A8FF4FE7FCF787FA07F14C
:10DB9000280C07F118034CF8140D5A468DED008B34
:10DBA00021466046FDF798FF5FE7584681E700246D
:10DBB000A1E730B587B004AC84E80C004C23029395
:10DBC0000B9B01930A9B009394E80C000546FFF71A
:10DBD000EEFE284607B030BD2DE9F043ADF5097DD6
:10DBE0000746909D9DF84C829DF850626C35284602
:10DBF00002AC84E80C00FEF76DFA81462846FEF779
:10DC00001DFB252105464846FFF700FA0490C6B9DA
:10DC1000CDE90586929B009308A904AB8022284693
:10DC200013F0B8FE08A819F079FC009008AB38464C
:10DC300094E80600FEF7D8FE38460DF5097DBDE8EC
:10DC4000F0830023CDE905680793E3E703689B6948
:10DC50001847036810B504465BB14068421C07D101
:10DC60001846FDF7D2FA431C0ABF00236060236008
:10DC700010BD4FF0FF30FBE738B50D46FFF7E9FF69
:10DC800004462846FFF7E5FF431C584204F1010211
:10DC9000584154425441011B4842484138BD08B5DF
:10DCA000FFF7EAFF80F00100C0B208BD2DE9F74F91
:10DCB0008146DDE9120602A96C30DDF8448001E9F5
:10DCC0000C00FEF707FAB8F1020F83462ED0B8F128
:10DCD000040F0CBF4FF47A770127002425464FF03C
:10DCE0000A0A0CA96846FFF7DAFF08B3454521D0B8
:10DCF0006846FFF7AEFF2A2201465846FFF783F930
:10DD00003038C2B2092A20D80AFB0404109B04FB55
:10DD100007F29A4219DC0F9B3A449A4215DD97FBB1
:10DD2000FAF76846FEF752FE0135DAE70A27D4E72C
:10DD300045450AD10E9B1C6002AB13E9030089E83C
:10DD40000300484603B0BDE8F08FB8F1040F03D1DB
:10DD5000022D01D1643CEDE7336843F004033360E6
:10DD6000EAE72DE9F04F87B000AF07F11004F86043
:10DD7000786DD7F84C806C3084E80C00FEF7AAF977
:10DD80003B6D9B000E3323F007038346ADEB030D81
:10DD900007F1400120466E46FFF781FF00287ED044
:10DDA0002046FFF756FF4FF0000982464D463B6D77
:10DDB000994510D058F829100968514505D146F801
:10DDC0002590013509F10109F1E75846FFF73EFFBB
:10DDD0005045F7D1F3E74FF0000B012D41D9B14683
:10DDE00059F8042B58F8220019F098FB06EB85012E
:10DDF000824659F8040BB96058F8200019F08EFBE0
:10DE0000B968824528BF82464945F2D120460BF1C8
:10DE1000010BFEF7DBFDD34541D207F1400120465F
:10DE2000FFF73DFF00283AD04FEA8B024FF0000A7F
:10DE300056F82A1058F8211089582046C7E90121C0
:10DE4000FFF707FFB9687A68814217BF05F1FF3510
:10DE50000AF1010A56F8251046F82A10AA45E7D318
:10DE6000BBE71CD12046FEF7B1FD356858F82560A8
:10DE7000304619F053FB0BF1010B8046C3451ED20F
:10DE800007F140012046FFF70AFF40B156F82B305A
:10DE9000BB602046FFF7DDFEBB68834213D0BB6D3D
:10DEA000BA6D1B6843F00403136094E80300FB6839
:10DEB0001C3783E803001846BD46BDE8F08FEED15D
:10DEC000BB6C1D60F1E72046FEF780FD0BF1010BF6
:10DED000D4E72DE9F04F85B000AF8146F86CD7F854
:10DEE00044A007F108086C3088E80C00FEF7F2F84F
:10DEF000BB6CDB0008338346ADEB030D07F1380143
:10DF000040466D46FFF7CBFEB0B34046FFF7A1FE9B
:10DF1000BA6C0026034652003446B24213D05AF877
:10DF200026100968994204D145F82460013401366D
:10DF3000F3E75846C7E90032FFF788FE3B687A6886
:10DF40009842F4D1F0E7BCB14046FEF73FFDA30094
:10DF50000E3323F00703ADEB030DEB46002655F817
:10DF600026305AF8230019F0D9FA4BF8260001366A
:10DF7000B442F4D1012602E00026B34634464FEA0B
:10DF8000860807F1380107F10800FFF788FE68B33B
:10DF900007F10800FFF75DFE0023844619469C4206
:10DFA0001AD95BF823209800B2420BEB000E02D87E
:10DFB00001310133F3E755F823205AF8222052F8B3
:10DFC00008206245F5D0013C55F824202A505BF822
:10DFD0002420CEF80020E2E78C4208F1040805D0A6
:10DFE00007F10800FEF7F2FC0136CAE7012C15D153
:10DFF000DBF80030B3421AD1BA6C2B68934228BFC9
:10E000009B1A3A6C136007F1100313E903001437ED
:10E0100089E803004846BD46BDE8F08F022C06D1D2
:10E02000DBF80030B342E7D0DBF80430E2E73B6DC9
:10E030003A6D1B6843F00403E4E700002DE9F04F5C
:10E040009FB00D462A9C0B9004F16C060EA9304639
:10E0500081E80C00DDF8B0A0FEF7F0F8089030463B
:10E06000FEF738F883462D9819F058FA00260A90E2
:10E0700010960EAF28A93846FFF711FEDDF8409044
:10E08000002867D00A9B9E4264D2B9F1000F61D18B
:10E090002D9B4A4653F82610584603EB8608FEF798
:10E0A000B2FF252840F0BD82731C4A46D8F8041000
:10E0B00009935846FEF7A7FF4528CDF8449001D0B4
:10E0C0004F2807D1B31C0022D8F8081009935846EE
:10E0D000FEF799FF41380EAE382800F29D82DFE846
:10E0E00010F074009F00E90100019B029B029B025B
:10E0F000200145019B029B029B0274019B029B0233
:10E100009B029B02A801AD01DB019B029B029B02CB
:10E11000E401E90113029B029B029B029B029B020A
:10E120009B024E007A00A500AD00C2009B029B023C
:10E130007A009B029B029B029B02500199019B0269
:10E140009B029B029B029B02D1019B029B029B02B2
:10E15000DF01E901B9F1000F02D10A9B9E4205D00F
:10E160002B9B2B9A1B6843F00403136097E8030072
:10E170000B9B83E8030018461FB0BDE8F08F12AE7A
:10E1800031460898FDF782FE10ABCDE90543072321
:10E19000CDE9036311AB029328AB93E803008DE84C
:10E1A00003000CAF0EAE96E80C0029463846FFF788
:10E1B000D8FD97E80300109B86E8030013B9119B74
:10E1C000CAF81830099E013653E712AE3146089856
:10E1D000FDF74CFED8E712AE31460898FDF785FEF4
:10E1E00010ABCDE905430C23CDE9036311AB0293DA
:10E1F00028AB93E803008DE803000CAF0EAE96E861
:10E200000C0029463846FFF7ACFD97E80300109B49
:10E2100086E80300002BD5D1119BCAF81030D1E756
:10E2200012AE31460898FDF741FED9E712A90898C9
:10E23000FDF716FE129B05930CAF5CE010ABCDE929
:10E24000064302211F23CDE904310123039311ABBF
:10E25000029328AB93E803008DE803000CAF0EAEE9
:10E2600096E80C001DE03046FFF7F3FC082102465B
:10E270005846FEF7B6FB0CAF10B33046FEF7A6FBD0
:10E2800010AACDE9064209210122CDE90412039228
:10E2900011AA029228AA034692E803008DE803001F
:10E2A0000CCB29463846FFF701FD97E80300109B89
:10E2B00086E80300002B85D1119BCAF80C3081E75A
:10E2C00010ABCDE9064302221F23CDE904320A2315
:10E2D000039311AB029328AB93E803008DE803008E
:10E2E000BEE712AEC84A3346A2F109015846FEF70E
:10E2F0002BF90CAF059610ABCDE90243CDF810A079
:10E3000028AB93E803008DE803000EAE294638469B
:10E3100096E80C00FFF792FE97E8030086E80300FA
:10E3200050E710ABCDE906434FF002091723CDE9C2
:10E3300004390CAF0023039311AB029328AB93E88D
:10E3400003008DE803000EAE96E80C00294638461F
:10E35000FFF7ACFC97E80300109B86E80300002B56
:10E360007FF430AF119BCAF808302BE710ABCDE932
:10E3700006434FF002080C23CDE904380CAF01230B
:10E38000D9E710ABCDE906434FF0020E0C23CDE9DF
:10E39000043E0123039311AB029328AB93E80300DF
:10E3A0008DE803000CAF0EAE96E80C002946384607
:10E3B000FFF77CFC97E80300109B86E80300002B26
:10E3C0007FF400AF119B013B27E710ABCDE906437B
:10E3D0004FF0020C3B23CDE9043C0023039311AB27
:10E3E000029328AB93E803008DE803000CAF0EAE58
:10E3F00096E80C0029463846FFF758FC97E80300DA
:10E40000109B86E80300002B7FF4DCAE119BCAF85A
:10E410000430D7E63046FFF71CFC00220146584680
:10E42000FEF7F1FD0A2840F0F7803046FEF7CEFAFD
:10E43000C8E6764A12AE3346911F57E710ABCDE9D6
:10E44000064302263D23CDE904360023039311AB96
:10E45000029328AB93E803008DE803000CAF0EAEE7
:10E4600096E80C0029463846FFF720FC97E80300A1
:10E47000109B86E80300002B7FF4A4AE119BCAF822
:10E4800000309FE63046FFF7E4FB00220146584685
:10E49000FEF7B9FD0928C6E712AE33465C4A23E70A
:10E4A00012A90898FDF7D0FCC4E612A90898FDF758
:10E4B000D1FCBFE610ABCDE90643042042F20F7356
:10E4C000CDE904300023039311AB029328AB93E80A
:10E4D00003008DE803000CAF0EAE96E80C00294651
:10E4E0003846FFF7E3FB97E80300109B86E803003C
:10E4F000002B7FF467AE119B002BB4BF6433A3F2F3
:10E500006C73CAF814305DE63046FFF7A2FB0121B8
:10E5100002465846FEF765FA00287DD010ABCDE9DB
:10E5200005430E2304933B4B039312AB029328AB9A
:10E5300093E803008DE803000CAF2946384696E8BF
:10E540000C00FFF70EFC97E8030086E8030028A9FB
:10E550003046FFF7A4FB00283FF434AE109B002B9D
:10E560007FF430AE129B002B7FF42CAE3046FFF7C9
:10E5700070FB2D2107465846FEF748FDB84236D1BC
:10E5800010AF17230222CDE90432CDE9064700235C
:10E5900012AE0393029628AB93E803008DE80300C4
:10E5A0000DF130090DF1380898E80C00294648466D
:10E5B000FFF77CFB99E803003B2388E80300022176
:10E5C000CDE904310023CDE90263CDE9064728AB4C
:10E5D00093E803008DE803002946484698E80C00BC
:10E5E000FFF764FB99E8030088E80300EAE530469A
:10E5F000FFF72FFB2B2106465846FEF707FDB042DA
:10E600007FF4E0ADBCE700BF0DC9050013C90500EC
:10E610001CC90500D8610020109B43F0040310932F
:10E62000D0E52D9B384653F82680FFF712FB804536
:10E6300003D13846FEF7CAF9C5E5109B43F0040341
:10E640001093C0E52DE9F04F89B004AE0290149804
:10E650006C3086E80C00FEF793F90023044612A9FB
:10E6600030460693FFF708FB8246002849D1304622
:10E67000FFF7EFFAD4F8C0100690814203D0D4F827
:10E68000BC30834219D1237C13B1A36A834214D0D6
:10E69000636A834211D0814214BF2D212B21169829
:10E6A00002F0F3FE3046FEF791F912A9FFF7F7FAF0
:10E6B00038B33046FFF7CDFA06900027B846227CE3
:10E6C000069B12B1A26A9A4220D0626A9A421DD079
:10E6D000D4F8CC209A4219D11FB93021169802F0F3
:10E6E000D4FE3046FEF772F912A9FFF7D8FA08F106
:10E6F0000108074600284CD03046FFF7AAFA0690DA
:10E70000DDE74FF0000847464FF0010AA64B07939C
:10E71000237C1BB1202107A802F0E4FD94F824B16A
:10E72000BBF1000F5DD004F1CC0300250193A94695
:10E73000BAF1000F40F0A080227C069B002A00F076
:10E74000BF80A26A9A4240F0BB80B9F1000F40F04E
:10E750009380002D40F09080B8F1000F00F0888089
:10E760005FFA88F107A802F090FEBA464B46C84609
:10E7700030460393FEF72AF912A9FFF790FA039B9C
:10E78000002873D03046FFF764FA00250690039BFB
:10E7900066E04FF0010A5746B8E7AA465D465F4675
:10E7A000BAF1000F68D1069A0A201146FDF774F9F4
:10E7B000431C19D000F13001C9B2169802F065FE71
:10E7C0004FF0010B3046FEF701F912A9FFF767FA87
:10E7D00020B13046FFF73DFA0690E0E74FF0010A1E
:10E7E000DDE75D46D946DBE7636A9A420BD1B9F1B2
:10E7F000000F08D13DB92E21169802F046FEBB4607
:10E800004FF00109DEE7D4F804319A4203D0D4F87E
:10E810001C319A4230D17DBB77B36521169802F046
:10E8200034FE3046FEF7D2F812A9FFF738FA8346D5
:10E83000002800F0B6803046FFF70BFAD4F8C0305D
:10E840000690834209D0D4F8BC308342A5D12D2153
:10E85000169802F01AFE5D46B4E72B21F8E79A46B7
:10E860005746AA461D4663E75346F9E75D46F7E774
:10E87000169802F0DDFBC14608AF57F8043D53F887
:10E880000C3C8BB1B9F1000F05D125B95FFA88F1C5
:10E89000384602F0FAFD3A46D4E90201FBF728FBBC
:10E8A00010B9159B04221A6096E80300029B83E8C6
:10E8B0000300384602F0B2FB029809B0BDE8F08FC1
:10E8C000626A9A4215D1079B53F80C3CB9F1000FCC
:10E8D000D2D1002DD0D123B15FFA88F107A802F080
:10E8E000D4FD2E21169802F0D0FDD9460023BA4659
:10E8F0003EE706AA0A210198FBF7B7FF60B1019B2A
:10E90000C11A89103031C9B2169802F0BEFD08F163
:10E9100001082B46DA462BE7069BD4F804219A42DD
:10E9200003D0D4F81C219342A6D1079B53F80C3C8A
:10E93000002DA1D1002F9FD03BB1B9F1000F04D120
:10E940005FFA88F107A802F0A0FD6521169802F091
:10E950009CFD3046FEF73AF812A9FFF7A0F982466F
:10E96000F8B13046FFF775F9D4F8C010069081422F
:10E9700004D0D4F8BC3083427FF476AF237C1BB143
:10E98000A26A82423FF46BAF636A83423FF46CAF8A
:10E99000814214BF2D212B21169802F076FD53469B
:10E9A000E6E63D4668E700BF649700202DE9F043A6
:10E9B0008DB008AC0CAD84E80C001F4B45F8083D49
:10E9C000179E894607462021284602F08BFCCDE998
:10E9D0000365169B029314AB93E803008DE80300D4
:10E9E0000DF1180894E80C0040464946FFF72AFE4E
:10E9F00098E80300DDF8288084E80300FBF74EFB6D
:10EA00000CAB189943F8040D32464046FBF7B8FCAE
:10EA100014A92046FFF730F918B1336843F0020318
:10EA2000336094E8030087E80300284602F0F6FA12
:10EA300038460DB0BDE8F083649700202DE9F0431F
:10EA40008DB008AC0CAD84E80C001F4B45F8083DB8
:10EA5000179E894607462021284602F043FCCDE94F
:10EA60000365169B029314AB93E803008DE8030043
:10EA70000DF1180894E80C0040464946FFF7E2FD06
:10EA800098E80300DDF8288084E80300FBF706FB24
:10EA90000CAB189943F8040D32464046FBF7C2FC14
:10EAA00014A92046FFF7E8F818B1336843F00203D1
:10EAB000336094E8030087E80300284602F0AEFACA
:10EAC00038460DB0BDE8F083649700202DE9F0438F
:10EAD0008DB008AC0CAD84E80C001F4B45F8083D28
:10EAE000179E894607462021284602F0FBFBCDE908
:10EAF0000365169B029314AB93E803008DE80300B3
:10EB00000DF1180894E80C0040464946FFF79AFDBD
:10EB100098E80300DDF8288084E80300FBF7BEFADC
:10EB20000CAB189943F8040D32464046FBF7D6FC6F
:10EB300014A92046FFF7A0F818B1336843F0020388
:10EB4000336094E8030087E80300284602F066FA81
:10EB500038460DB0BDE8F083649700202DE9F04FF2
:10EB60008BB00DF1180A169C059004F16C008AE830
:10EB70000C00FDF705FFE76807F04A070023402F68
:10EB80000546089348D0082F14BF4FF00A084FF0ED
:10EB9000100814A95046FFF76FF8814600286FD17E
:10EBA0005046FFF756F8D5F8BC30089083420CBFAA
:10EBB0004FF0010B4FF0000B03D0D5F8C03083426B
:10EBC00014D12B7C13B1AB6A83420FD06B6A8342A2
:10EBD0000CD05046FDF7FAFE14A9FFF760F8064680
:10EBE000002857D05046FFF734F8089000263446E6
:10EBF0002A7C089B12B1AA6A9A4245D06A6A9A4254
:10EC000042D0D5F8CC209A4210D146B1B8F10A0FC3
:10EC10000DD147B93C4629E04FF00808B9E71FB3CA
:10EC2000B8F1080F25D0013401260EE0D6B1D5F891
:10EC3000C4209A4203D0D5F8C8209A422ED1D7B129
:10EC4000B8F1100F2FD1002426465046FDF7BEFE26
:10EC500014A9FFF724F818B35046FEF7FAFF0890FE
:10EC6000002EC5D1B1460FE03C4601264FF0080802
:10EC7000EBE73446D8E73E463C464FF01008E4E761
:10EC80004FF0000B5C465E46B8F1100F0CD1162316
:10EC900001930BE04FF001090446F5E70126F3E785
:10ECA0004FF00109F0E70126CDF804806B4B099382
:10ECB0002B7C1BB1202109A802F014FBBBF1000F33
:10ECC0000CBF6FF000434FF000430293B3FBF8F327
:10ECD000039395F824310093002B4AD005F1CC031F
:10ECE00000270493BA46B9F1000F1BD12B7C089A78
:10ECF000002B6AD0A96A8A4267D1A4B1E1B209A8FF
:10ED000002F0C3FB002406A8FDF760FE14A9FEF77D
:10ED1000C6FF002856D006A8FEF79BFF0890E5E73F
:10ED20004FF001090023099A52F80C2C72B1E1B29C
:10ED300009A8009302F0A9FB09AAD5E90201FBF793
:10ED4000D7F8009B10B9179904220A602CB926B98C
:10ED5000099A52F80C2C002A5AD0002B58D1BAF13B
:10ED6000000F71D1BBF1000F00D07F42189B1F60D4
:10ED700054E0DDF800A05746B9F1000FD2D1089950
:10ED80000198FCF789FE431CCCD0039B9F4216D808
:10ED9000029B07FB08F71B1ABB4238BF4AF0010A67
:10EDA0000134074406A8FDF711FE14A9FEF777FF0A
:10EDB0000028B5D006A8FEF74CFF0890DFE74FF01B
:10EDC000010AEFE7DDF800908DE76B6A9A42A9D05F
:10EDD00008AA01990498FBF748FDB8B1049B039A6F
:10EDE000C01A3C284FEAA003C8BF063B97420AD886
:10EDF000029A07FB08F7D21ABA4238BF4AF0010A52
:10EE000001341F447FE7DDF800A07CE703468AE772
:10EE10000023189A1360179A04231360B9F1000FA6
:10EE200005D0179B179A1B6843F00203136006ABCB
:10EE300093E80300059B83E8030009A802F0EEF8BD
:10EE400005980BB0BDE8F08FBBF1000F02D04FF07A
:10EE50000043DEE76FF00043DBE700BF649700206C
:10EE600070B588B006AC84E80C00109B04930F9B2F
:10EE700003930E9B02930CAB05460E4693E80300EA
:10EE80008DE80300284694E80C003146FFF766FE43
:10EE9000284608B070BD2DE9F04F8FB00AAC06903F
:10EEA000DDE91A0984E80C00C368DDF870A0DD070D
:10EEB0000E4639D44FF0FF330D930DABCDE90393DC
:10EEC000029018AB93E803008DE8030008AD94E8C6
:10EED0000C0031462846FFF741FE95E803000D9BE4
:10EEE000012B84E803000CD803F001038AF80030FA
:10EEF00094E80300069B83E8030018460FB0BDE8C2
:10EF0000F08F01238AF800300423C9F8003018A9D3
:10EF10002046FEF7B1FE0028EAD0D9F8003043F0D1
:10EF20000203C9F80030E3E76C30FDF729FD036AFE
:10EF30008169B3FA83F3B1FA81F8012583465B094D
:10EF40004FEA581800272E4613B1B8F1000F45D1EB
:10EF500018A920460793FEF78FFE00283FD12046D0
:10EF6000FEF777FE079B33B9DBF81C1051F82760DA
:10EF7000311A4E424E4156B9B8F1000F0AD0002D59
:10EF800046D18AF8005041E04FF00108DCE7B8F1C3
:10EF9000000F06D1DBF8141051F827502A1A5542F9
:10EFA00055411DB9002B44D1002E40D020460137D9
:10EFB000FDF70CFD86B1DBF82030BB428CBF00238F
:10EFC0000123002DE0D0DBF81810B9428CBF4FF0C0
:10EFD00000084FF00108B7E70123F2E700203EB92F
:10EFE000BDB900238AF8003080B1062399E728468E
:10EFF000DBF82030BB42F3D1002FF1D000238AF898
:10F0000000307DB1DBF81830BB420BD1042388E718
:10F010003046DBF81830BB42E3D1002FE1D00123AA
:10F020008AF80030002814BF0223002379E7304615
:10F03000D7E7002EDBD18AF80060E7E72DE9F04F33
:10F040008BB00DF1180A169C049004F16C008AE84C
:10F050000C00FDF795FCE46804F04A040023402C02
:10F060000646089347D0082C14BF4FF00A084FF00B
:10F07000100814A95046FEF7FFFD814600286ED106
:10F080005046FEF7E6FDD6F8BC30089083420CBF30
:10F0900001230023009303D0D6F8C030834214D15B
:10F0A000337C13B1B36A83420FD0736A83420CD0AE
:10F0B0005046FDF78BFC14A9FEF7F1FD074600282A
:10F0C00057D05046FEF7C5FD089000273D46327CDC
:10F0D000089B12B1B26A9A4245D0726A9A4242D0F3
:10F0E000D6F8CC209A4210D147B1B8F10A0F0DD111
:10F0F00044B9254629E04FF00808BAE71CB3B8F137
:10F10000080F25D0013501270EE0D7B1D6F8C4206D
:10F110009A4203D0D6F8C8209A422ED1D4B1B8F181
:10F12000100F2FD100252F465046FDF74FFC14A994
:10F13000FEF7B5FD18B35046FEF78BFD0890002F83
:10F14000C5D1B9460FE0254601274FF00808EBE787
:10F150003D46D8E7274625464FF01008E4E7002350
:10F1600000931D461F46B8F1100F0CD116230193D2
:10F170000BE04FF001090546F5E70127F3E74FF0F3
:10F180000109F0E70127CDF80480674B0993337C30
:10F190001BB1202109A802F0A5F896F824B14FF67A
:10F1A000FF7393FBF8F20292BBF1000F4BD006F114
:10F1B000CC0200240392A2460593B9F1000F1BD1A3
:10F1C000337C089A002B6BD0B16A8A4268D1A5B112
:10F1D000E9B209A802F059F9002506A8FDF7F6FBE7
:10F1E00014A9FEF75CFD002858D006A8FEF731FDF3
:10F1F0000890E5E74FF001090023099A52F80C2C1A
:10F2000072B1E9B209A8019302F03FF909AAD6E95F
:10F210000201FAF76DFE019B10B9179904220A60EA
:10F220002DB927B9099A52F80C2C002A5CD0002B72
:10F230005AD1BAF1000F73D1009B0BB16442A4B252
:10F24000189B1C8056E0DA465C469B46B9F1000FDD
:10F25000D2D108990198FCF71FFC431CCCD0029B2B
:10F260009C4218D818FB04F4A4B2ABEB00039C42F8
:10F27000C8BF4AF0010A0444A4B2013506A8FDF74C
:10F28000A5FB14A9FEF70BFD0028B3D006A8FEF7D6
:10F29000E0FC0890DDE74FF0010AEFE7D9468CE784
:10F2A000736A9A42A8D008AA01990398FBF7DDFA7D
:10F2B000C0B1039B029AC01A3C284FEAA003C8BF02
:10F2C000063B94420CD8059A18FB04F4A4B2D21A57
:10F2D0009442C8BF4AF0010A1C44A4B201357CE73D
:10F2E000DA467AE7034688E70023189A1380179ACC
:10F2F00004231360B9F1000F05D0179B179A1B6800
:10F3000043F00203136006AB93E80300049B83E819
:10F31000030009A801F082FE04980BB0BDE8F08F4D
:10F320004FF6FF73E1E700BF6497002070B588B027
:10F3300006AC84E80C00109B04930F9B03930E9B78
:10F3400002930CAB05460E4693E803008DE80300DC
:10F35000284694E80C003146FFF770FE284608B0B6
:10F3600070BD00002DE9F04F8BB00DF1180A169C0E
:10F37000059004F16C008AE80C00FDF701FBE768DA
:10F3800007F04A070023402F0546089347D0082F6F
:10F3900014BF4FF00A084FF0100814A95046FEF7AA
:10F3A0006BFC814600286ED15046FEF752FCD5F822
:10F3B000BC30089083420CBF01230023019303D08B
:10F3C000D5F8C030834214D12B7C13B1AB6A834291
:10F3D0000FD06B6A83420CD05046FDF7F7FA14A9A0
:10F3E000FEF75DFC0646002857D05046FEF731FC7C
:10F3F0000890002634462A7C089B12B1AA6A9A42D9
:10F4000045D06A6A9A4242D0D5F8CC209A4210D1AF
:10F4100046B1B8F10A0F0DD147B93C4629E04FF08B
:10F420000808BAE71FB3B8F1080F25D00134012648
:10F430000EE0D6B1D5F8C4209A4203D0D5F8C82042
:10F440009A422ED1D7B1B8F1100F2FD10024264601
:10F450005046FDF7BBFA14A9FEF721FC18B350463D
:10F46000FEF7F7FB0890002EC5D1B1460FE03C46F1
:10F4700001264FF00808EBE73446D8E73E463C4605
:10F480004FF01008E4E7002301931C461E46B8F134
:10F49000100F0CD1162302930BE04FF00109044624
:10F4A000F5E70126F3E74FF00109F0E70126CDF873
:10F4B0000880624B09932B7C1BB1202109A801F025
:10F4C00011FF95F824B14FF0FF33B3FBF8F303932A
:10F4D000BBF1000F49D005F1CC0300270493BA46D5
:10F4E000B9F1000F1BD12B7C089A002B66D0A96ABA
:10F4F0008A4263D1A4B1E1B209A801F0C6FF002499
:10F5000006A8FDF763FA14A9FEF7C9FB002853D03B
:10F5100006A8FEF79EFB0890E5E74FF001090023DF
:10F52000099A52F80C2C72B1E1B209A8029301F0C9
:10F53000ACFF09AAD5E90201FAF7DAFC029B10B97F
:10F54000179904220A602CB926B9099A52F80C2C92
:10F55000002A54D0002B52D1BAF1000F6BD1019B7D
:10F5600003B17F42189B1F604FE0DA465F46B9F156
:10F57000000FD4D108990298FCF78EFA431CCED024
:10F58000039B9F4215D807FB08F7C343BB4238BF14
:10F590004AF0010A0134074406A8FDF717FA14A936
:10F5A000FEF77DFB0028B8D006A8FEF752FB0890B6
:10F5B000E0E74FF0010AEFE7D94691E76B6A9A421C
:10F5C000ADD008AA02990498FBF74FF9A8B1049BA3
:10F5D000039AC01A3C284FEAA003C8BF063B9742D3
:10F5E00009D807FB08F7DA43BA4238BF4AF0010AE4
:10F5F00001341F4484E7DA4682E7034690E700239C
:10F60000189A1360179A04231360B9F1000F05D0FC
:10F61000179B179A1B6843F00203136006AB93E82D
:10F620000300059B83E8030009A801F0F7FC059897
:10F630000BB0BDE8F08F4FF0FF33E1E76497002097
:10F6400070B588B006AC84E80C00109B04930F9B47
:10F6500003930E9B02930CAB05460E4693E8030002
:10F660008DE80300284694E80C003146FFF77AFE47
:10F67000284608B070BD00002DE9F04F8BB00DF1A9
:10F68000180A169C059004F16C008AE80C00FDF73E
:10F6900077F9E76807F04A070023402F05460893EB
:10F6A00047D0082F14BF4FF00A084FF0100814A9D4
:10F6B0005046FEF7E1FA814600286ED15046FEF72B
:10F6C000C8FAD5F8BC30089083420CBF0123002350
:10F6D000019303D0D5F8C030834214D12B7C13B1F1
:10F6E000AB6A83420FD06B6A83420CD05046FDF761
:10F6F0006DF914A9FEF7D3FA0646002857D05046F4
:10F70000FEF7A7FA0890002634462A7C089B12B11F
:10F71000AA6A9A4245D06A6A9A4242D0D5F8CC2069
:10F720009A4210D146B1B8F10A0F0DD147B93C4603
:10F7300029E04FF00808BAE71FB3B8F1080F25D049
:10F74000013401260EE0D6B1D5F8C4209A4203D088
:10F75000D5F8C8209A422ED1D7B1B8F1100F2FD1C9
:10F76000002426465046FDF731F914A9FEF797FA12
:10F7700018B35046FEF76DFA0890002EC5D1B14679
:10F780000FE03C4601264FF00808EBE73446D8E787
:10F790003E463C464FF01008E4E7002301931C4628
:10F7A0001E46B8F1100F0CD1162302930BE04FF058
:10F7B00001090446F5E70126F3E74FF00109F0E7F8
:10F7C0000126CDF80880624B09932B7C1BB12021C8
:10F7D00009A801F087FD95F824B14FF0FF33B3FB82
:10F7E000F8F30393BBF1000F49D005F1CC030027D8
:10F7F0000493BA46B9F1000F1BD12B7C089A002B59
:10F8000066D0A96A8A4263D1A4B1E1B209A801F025
:10F810003CFE002406A8FDF7D9F814A9FEF73FFA2C
:10F82000002853D006A8FEF714FA0890E5E74FF039
:10F8300001090023099A52F80C2C72B1E1B209A80F
:10F84000029301F022FE09AAD5E90201FAF750FB62
:10F85000029B10B9179904220A602CB926B9099A9B
:10F8600052F80C2C002A54D0002B52D1BAF1000FC0
:10F870006BD1019B03B17F42189B1F604FE0DA46BA
:10F880005F46B9F1000FD4D108990298FCF704F94A
:10F89000431CCED0039B9F4215D807FB08F7C343F8
:10F8A000BB4238BF4AF0010A0134074406A8FDF7FD
:10F8B0008DF814A9FEF7F3F90028B8D006A8FEF7D2
:10F8C000C8F90890E0E74FF0010AEFE7D94691E761
:10F8D0006B6A9A42ADD008AA02990498FAF7C5FF5C
:10F8E000A8B1049B039AC01A3C284FEAA003C8BFE2
:10F8F000063B974209D807FB08F7DA43BA4238BFFC
:10F900004AF0010A01341F4484E7DA4682E70346DD
:10F9100090E70023189A1360179A04231360B9F133
:10F92000000F05D0179B179A1B6843F00203136062
:10F9300006AB93E80300059B83E8030009A801F0E8
:10F940006DFB05980BB0BDE8F08F4FF0FF33E1E79A
:10F950006497002070B588B006AC84E80C00109B5A
:10F9600004930F9B03930E9B02930CAB05460E462C
:10F9700093E803008DE80300284694E80C00314624
:10F98000FFF77AFE284608B070BD2DE9F0418CB033
:10F9900008AC149DD5F80C8084E80C0028F04A03CC
:10F9A00043F00803EB600BAB0493159BCDE90253C6
:10F9B00012AB06468C4693E803008DE8030006AFC1
:10F9C00094E80C0061463846FFF756FE97E80300BE
:10F9D000169B0B9AC5F80C8084E8030086E80300A8
:10F9E00030461A600CB0BDE8F08100002DE9F04F00
:10F9F00091B00DF1300A1C9C0B9004F16C008AE868
:10FA00000C00FCF7BDFF00230E93E36803F04A09E6
:10FA1000B9F1400F05464AD0B9F1080F14BF4FF0B5
:10FA20000A084FF010081AA95046FEF725F90746B4
:10FA3000002874D15046FEF70CF9D5F8BC300E9072
:10FA400083420CBF01230023069303D0D5F8C030B6
:10FA5000834214D12B7C13B1AB6A83420FD06B6A03
:10FA600083420CD05046FCF7B1FF1AA9FEF717F9F4
:10FA7000064600285DD05046FEF7EBF80E900026B3
:10FA800034462A7C0E9B12B1AA6A9A424BD06A6A0B
:10FA90009A4248D0D5F8CC209A4214D156B1B8F148
:10FAA0000A0F11D1B9F1000F0AD14C462DE04FF0E9
:10FAB0000808B8E7B9F1000F25D0B8F1080F27D032
:10FAC0000134012610E0E6B1D5F8C4209A4203D0F3
:10FAD000D5F8C8209A422FD1B9F1000F1AD0B8F149
:10FAE000100F2DD1002426465046FCF76FFF1AA9AF
:10FAF000FEF7D5F810B35046FEF7ABF80E90002E87
:10FB0000BFD137460FE04C4601264FF00808EBE71F
:10FB10003446D6E74E464C464FF01008E4E7002343
:10FB200006931C461E46B8F1100F0AD11623079300
:10FB300009E001270446F6E70126F4E70127F2E78A
:10FB40000126CDF81C80924B0F932B7C1BB12021FA
:10FB50000FA801F0C7FB069B002B39D000224FF005
:10FB60000043CDE904234246D317DDE90401CDE982
:10FB7000022312F037FE95F82491CDE90801B9F17E
:10FB8000000F5DD005F1CC030A9300220023CDE9DC
:10FB900000234FF000080FBB2B7C0E9A002B00F0C7
:10FBA0009480A96A8A4240F09080C4B1E1B20FA863
:10FBB00001F06BFC00240CA8FCF708FF1AA9FEF763
:10FBC0006EF800287FD00CA8FEF743F80E90E3E70C
:10FBD0004FF0FF326FF00043C3E7012700230F9A75
:10FBE00052F80C2C72B1E1B20FA8029301F04DFC57
:10FBF0000FAAD5E90201FAF77BF9029B10B91D990A
:10FC000004220A6034B92EB90F9A52F80C2C002A3B
:10FC100000F09680002B40F09380B8F1000F40F088
:10FC2000AB80069B33B1DDE900345B4264EB4404F6
:10FC3000CDE90034DDE900121E9BC3E9001287E024
:10FC400000220023C846CDE90023002FC6D10E991B
:10FC50000798FBF721FF431CC0D0DDE90823DDE94D
:10FC6000009A534508BF4A452AD3DDE9012300998C
:10FC70005343039A01FB0233029AA2FB01AB9B445C
:10FC8000DDE90423C117121A63EB01035B4508BFCA
:10FC9000524538BF48F001081AEB00024BEB010354
:10FCA000CDE9002301340CA8FCF790FE1AA9FDF75A
:10FCB000F6FF002891D00CA8FDF7CBFF0E90C6E709
:10FCC0004FF00108EFE74F4665E76B6A9A4285D02F
:10FCD0000EAA07990A98FAF7C8FD78B30A9BC31AC7
:10FCE0003C2B4FEAA300DDE900ABDDE90823C8BFE8
:10FCF00006385B4508BF52451ED3DDE90123009954
:10FD00005343039A01FB0233029AA2FB01AB9B44CB
:10FD1000DDE90423C117121A63EB01035B4508BF39
:10FD2000524538BF48F001081AEB00024BEB0103C3
:10FD3000CDE9002301343EE7C8463CE703464EE7E1
:10FD4000002200231E99C1E900231D9A0423136099
:10FD50002FB11D9B1D9A1B6843F0020313600CAB6F
:10FD600093E803000B9B83E803000FA801F056F90A
:10FD70000B9811B0BDE8F08F069B1BB100224FF02D
:10FD80000043DFE74FF0FF326FF00043DAE700BFD8
:10FD90006497002070B588B006AC84E80C00109B16
:10FDA00004930F9B03930E9B02930CAB05460E46E8
:10FDB00093E803008DE80300284694E80C003146E0
:10FDC000FFF714FE284608B070BD00002DE9F04F83
:10FDD0008DB00DF1200A189C079004F16C008AE8A0
:10FDE0000C00FCF7CDFD00230A93E36803F04A09F9
:10FDF000B9F1400F05464AD0B9F1080F14BF4FF0D2
:10FE00000A084FF0100816A95046FDF735FF0746BF
:10FE1000002874D15046FDF71CFFD5F8BC300A907D
:10FE200083420CBF01230023029303D0D5F8C030D6
:10FE3000834214D12B7C13B1AB6A83420FD06B6A1F
:10FE400083420CD05046FCF7C1FD16A9FDF727FFF1
:10FE5000064600285DD05046FDF7FBFE0A900026BE
:10FE600034462A7C0A9B12B1AA6A9A424BD06A6A2B
:10FE70009A4248D0D5F8CC209A4214D156B1B8F164
:10FE80000A0F11D1B9F1000F0AD14C462DE04FF005
:10FE90000808B8E7B9F1000F25D0B8F1080F27D04E
:10FEA0000134012610E0E6B1D5F8C4209A4203D00F
:10FEB000D5F8C8209A422FD1B9F1000F1AD0B8F165
:10FEC000100F2DD1002426465046FCF77FFD16A9C1
:10FED000FDF7E5FE10B35046FDF7BBFE0A90002E7D
:10FEE000BFD137460FE04C4601264FF00808EBE73C
:10FEF0003446D6E74E464C464FF01008E4E7002360
:10FF000002931C461E46B8F1100F0AD11623039324
:10FF100009E001270446F6E70126F4E70127F2E7A6
:10FF20000126CDF80C80844B0B932B7C1BB1202138
:10FF30000BA801F0D7F94246D3174FF0FF304FF02E
:10FF4000FF31CDE9002312F04DFC95F824B1CDE945
:10FF50000401BBF1000F57D005F1CC03069300223A
:10FF60000023904699464FF0000AE7B92B7C0A9A85
:10FF7000002B00F08980A96A8A4240F085809CB1FC
:10FF8000E1B20BA801F081FA002408A8FCF71EFDDD
:10FF900016A9FDF784FE002874D008A8FDF759FEC5
:10FFA0000A90E3E7012700230B9A52F80C2C72B158
:10FFB000E1B20BA8009301F068FA0BAAD5E902019F
:10FFC000F9F796FF009B10B9199904220A6034B919
:10FFD0002EB90B9A52F80C2C002A00F08B80002BC3
:10FFE00040F08880BAF1000F40F0A080029B2BB156
:10FFF000D8F1000369EB49049846A1461A9B414693
:020000024000BC
:100000004A46C3E900127DE000220023DA4690460A
:100010009946002FC7D10A990398FBF73DFD431C71
:10002000C1D0DDE904234B4508BF424527D3009BDF
:100030004A465343019A08FB0233009AC117A2FBB8
:1000400008899944CB434B456FEA000208BF4245FB
:1000500038BF4AF0010A18EB000249EB0103904651
:100060009946013408A8FCF7B1FC16A9FDF717FE64
:10007000002897D008A8FDF7ECFD0A90CBE74FF0D9
:10008000010AEFE75F4670E76B6A9A428BD00AAAD3
:1000900003990698FAF7E9FB50B3069BC31A3C2B69
:1000A0004FEAA300DDE90423C8BF06384B4508BF6B
:1000B00042451BD3009B4A465343019A08FB023337
:1000C000009AC117A2FB08899944CB434B456FEABC
:1000D000000208BF424538BF4AF0010A18EB00028F
:1000E00049EB01039046994601344EE7DA464CE766
:1000F000034659E7002200231A99C1E90023199AFF
:10010000042313602FB1199B199A1B6843F0020353
:10011000136008AB93E80300079B83E803000BA878
:1001200000F07CFF07980DB0BDE8F08F4FF0FF3274
:100130004FF0FF33E0E700BF6497002070B588B050
:1001400006AC84E80C00109B04930F9B03930E9B5A
:1001500002930CAB05460E4693E803008DE80300BE
:10016000284694E80C003146FFF730FE284608B0D8
:1001700070BD2DE9F0438DB0DDE9168608AC05466B
:1001800008F16C0084E80C008946FCF757F80AA9CE
:10019000FBF760FE0A9B0593189BCDF80880CDE91C
:1001A000036314AB93E803008DE8030006AF4946F0
:1001B000384694E80C00FDF741FF97E8030084E817
:1001C000030014A92046FDF757FD18B1336843F02A
:1001D0000203336094E8030085E8030028460DB06D
:1001E000BDE8F0832DE9F0438DB0DDE9168608AC5B
:1001F000054608F16C0084E80C008946FCF71EF8FF
:100200000AA9FBF721FE0A9B0593189BCDF80880ED
:10021000CDE9036314AB93E803008DE8030006AF58
:100220004946384694E80C00FDF708FF97E80300BC
:1002300084E8030014A92046FDF71EFD18B13368B9
:1002400043F00203336094E8030085E80300284686
:100250000DB0BDE8F0832DE9F0479CB0DDE92695AF
:1002600009F16C080AAC0646404684E80C008A4650
:10027000FBF7E4FF074640460DF13808FBF72AFF7D
:1002800038464146FBF702FE384615A9FBF7EEFD5E
:1002900000230D930DABCDE905930723CDE903832F
:1002A0000CAB029324AB93E803008DE8030008AF86
:1002B00094E80C0051463846FDF70BFE97E8030022
:1002C0000D9B84E803009BB9289B0C9A9A6124A992
:1002D0002046FDF7D1FC18B12B6843F002032B60D8
:1002E00094E8030086E8030030461CB0BDE8F087C0
:1002F0002B6843F004032B60E9E72DE9F047A6B033
:10030000DDE9309509F16C080AAC0646404684E800
:100310000C008A46FBF792FF074640460DF138086D
:10032000FBF7D8FE38464146FBF7DFFD38461AA9F1
:10033000FBF7BCFD00230D930DABCDE905930C231A
:10034000CDE903830CAB02932EAB93E803008DE859
:10035000030008AF94E80C0051463846FDF7B9FD9C
:1003600097E803000D9B84E803009BB9329B0C9A2D
:100370001A612EA92046FDF77FFC18B12B6843F0C7
:1003800002032B6094E8030086E80300304626B0A1
:10039000BDE8F0872B6843F004032B60E9E72DE903
:1003A000F0438FB0DDE918850AAC064608F16C0011
:1003B000894684E80C00FBF78DFE0DAACDE9068284
:1003C000042142F20F720023CDE9042103930D931F
:1003D0000CAB029316AB93E803008DE8030008AF63
:1003E00094E80C0049463846FDF760FC97E80300A6
:1003F0000D9B84E80300C3B90C9B1A9A002BB4BF71
:100400006433A3F26C73536116A92046FDF734FCE4
:1004100018B12B6843F002032B6094E8030086E8D0
:10042000030030460FB0BDE8F0832B6843F00403AF
:100430002B60E9E72DE9F04F91B00AA981E80C00A3
:10044000DDE91C3803F16C0407902046FBF742FEFF
:1004500005902046FCF7E8F900F140030893836A11
:1004600004461BB1036B003318BF0123227CA34D4C
:1004700002930C951AB120210CA800F033FF10A8AC
:10048000202140F80C5D00F02DFF04F1440310AA78
:100490000993E36B42F8083D002504922F462E464F
:1004A0000395A9460195049BEB5C042B3ED8DFE83D
:1004B00013F05801290129009E00D800BBF1000F5C
:1004C000F1D1D8F8003043F00403C8F800300AAC8A
:1004D0001AA92046FDF7D0FB28B1D8F8003043F028
:1004E0000203C8F8003094E80300079B83E8030088
:1004F0000DA800F093FD0CA800F090FD079811B036
:10050000BDE8F08F1C9BDB689A051ED4B9F1010F82
:100510001BD8D5B1012D0CD1029BB3B99DF8383051
:10052000032B12D09DF83A30012B0ED04FF0010B67
:100530002BE0022DFAD19DF83B30042B05D0029A16
:10054000002AF3D0032B40F00F81236A06934FF06B
:10055000000A1AA90AA8FDF7A2FB069B83460028F9
:100560003CD09A4511D00AA8FDF773FBE36953F814
:100570002A30834235D0BAF1000F40F0F8801C9B3E
:10058000DB6883F40073C3F3402B0135042D95D150
:10059000B9F1010F40F23F81BBF1000F91D0019BF7
:1005A000002B00F0E780E56A4FF0010B1AA90AA8BA
:1005B000FDF775FB002800F0DF80D94500F0DF80F3
:1005C0000AA8FDF746FB55F82B3083427FF479AF3C
:1005D0000AA8FCF7FBF90BF1010BE7E79A45CAD132
:1005E000A4E70AA8FCF7F2F90AF1010AB1E7A36A45
:1005F000B3B9236B43B31AA90AA8FDF750FB83468E
:1006000010B30AA8FDF725FBE26A126882421BD1EB
:100610000AA8D4F83090FCF7D9F9CDF804B0B4E7C3
:100620001AA90AA8FDF73BFB83460028E1D00AA8D7
:10063000FDF70FFB626A12688242DAD10AA8D4F889
:100640002890FCF7C3F9A0E7A36A1BB9029B83F0CB
:10065000010B9AE7236B002BF8D1012301939B46F2
:1006600093E71AA90AA8FDF71AFB8346002841D090
:100670000AA8FDF7EEFA0FAA0F900A210998FAF7D7
:10068000F4F888B1089BC01A1D4B80101B68195CD8
:100690000DA800F0FAFE06F1010B039E0AA8FCF774
:1006A00095F903965E46DCE70F9962698A4206D1A6
:1006B0002FB9626B002A11DD5F468346EEE7227C8C
:1006C00062B1A369994208D187B98EB1F1B20CA881
:1006D00000F0DBFEBB46039EE0E793460D9A52F81E
:1006E0000C2C002A08BF4FF0000B4EE7BB46F5E785
:1006F000B346F3E74FF0010BF0E700BF649700202B
:100700009C6100201AA90AA8FDF7C9FAD0B94FF0D8
:10071000000B032D3FF439AF1AA90AA8FDF7BFFA61
:1007200000283FF432AF0AA8FDF793FA08210246E9
:100730000598FCF756F900283FF427AF0AA8FCF704
:1007400045F9E9E70AA8FDF784FA08210246059869
:10075000FCF747F983460028D9D00AA8FCF736F9F8
:10076000D7E74FF0010BD4E7DDF808B00DE74FF005
:10077000000B0AE7656A17E7D9457FF4A2AE10AD12
:1007800055F80C3D53F80C3C012B13D900223021B5
:10079000284600F0C8FB024660B1431C04BF0D9B15
:1007A00053F80C2C4FF0000108BF02F1FF3228462D
:1007B00000F0C6FC019B73B1284600F0B1FC0D9B14
:1007C0001B78302B07D0284600F0B3FC2D220146C1
:1007D000284600F007FD0C9B53F80C3C8BB1F7B199
:1007E0009DF80C100CA800F050FE0CAAD4E90201F0
:1007F000F9F77EFB28B9D8F8003043F00403C8F8B5
:1008000000301FB1636BB3427FF45BAE29461E9884
:1008100000F074FB5BE6BBF1000FB0D151E6F1B222
:10082000E0E700BF2DE9F04F91B00AA981E80C0084
:10083000DDE91C3803F16C0407902046FBF74AFC05
:1008400005902046FBF72AFF00F140030893836AD6
:1008500004461BB1036B003318BF0123227CA34D58
:1008600002930C951AB120210CA800F03BFD10A8B2
:10087000202140F80C5D00F035FD04F1440310AA7E
:100880000993E36B42F8083D002504922F462E465B
:100890000395A9460195049BEB5C042B3ED8DFE849
:1008A00013F05801290129009E00D800BBF1000F68
:1008B000F1D1D8F8003043F00403C8F800300AAC96
:1008C0001AA92046FDF7D8F928B1D8F8003043F02E
:1008D0000203C8F8003094E80300079B83E8030094
:1008E0000DA800F09BFB0CA800F098FB079811B036
:1008F000BDE8F08F1C9BDB689A051ED4B9F1010F8F
:100900001BD8D5B1012D0CD1029BB3B99DF838305D
:10091000032B12D09DF83A30012B0ED04FF0010B73
:100920002BE0022DFAD19DF83B30042B05D0029A22
:10093000002AF3D0032B40F00F81236A06934FF077
:10094000000A1AA90AA8FDF7AAF9069B83460028FF
:100950003CD09A4511D00AA8FDF77BF9E36953F81A
:100960002A30834235D0BAF1000F40F0F8801C9B4A
:10097000DB6883F40073C3F3402B0135042D95D15C
:10098000B9F1010F40F23F81BBF1000F91D0019B03
:10099000002B00F0E780E56A4FF0010B1AA90AA8C6
:1009A000FDF77DF9002800F0DF80D94500F0DF80F9
:1009B0000AA8FDF74EF955F82B3083427FF479AF42
:1009C0000AA8FCF703F80BF1010BE7E79A45CAD137
:1009D000A4E70AA8FBF7FAFF0AF1010AB1E7A36A44
:1009E000B3B9236B43B31AA90AA8FDF758F9834694
:1009F00010B30AA8FDF72DF9E26A126882421BD1F2
:100A00000AA8D4F83090FBF7E1FFCDF804B0B4E7C2
:100A10001AA90AA8FDF743F983460028E1D00AA8DD
:100A2000FDF717F9626A12688242DAD10AA8D4F88F
:100A30002890FBF7CBFFA0E7A36A1BB9029B83F0CA
:100A4000010B9AE7236B002BF8D1012301939B46FE
:100A500093E71AA90AA8FDF722F98346002841D096
:100A60000AA8FDF7F6F80FAA0F900A210998F9F7DE
:100A7000FCFE88B1089BC01A1D4B80101B68195CD6
:100A80000DA800F002FD06F1010B039E0AA8FBF77A
:100A90009DFF03965E46DCE70F9962698A4206D1A4
:100AA0002FB9626B002A11DD5F468346EEE7227C98
:100AB00062B1A369994208D187B98EB1F1B20CA88D
:100AC00000F0E3FCBB46039EE0E793460D9A52F824
:100AD0000C2C002A08BF4FF0000B4EE7BB46F5E791
:100AE000B346F3E74FF0010BF0E700BF6497002037
:100AF0009C6100201AA90AA8FDF7D1F8D0B94FF0DF
:100B0000000B032D3FF439AF1AA90AA8FDF7C7F867
:100B100000283FF432AF0AA8FDF79BF808210246EF
:100B20000598FBF75EFF00283FF427AF0AA8FBF704
:100B30004DFFE9E70AA8FDF78CF808210246059861
:100B4000FBF74FFF83460028D9D00AA8FBF73EFFEA
:100B5000D7E74FF0010BD4E7DDF808B00DE74FF011
:100B6000000B0AE7656A17E7D9457FF4A2AE10AD1E
:100B700055F80C3D53F80C3C012B13D900223021C1
:100B8000284600F0D0F9024660B1431C04BF0D9B1B
:100B900053F80C2C4FF0000108BF02F1FF32284639
:100BA00000F0CEFA019B73B1284600F0B9FA0D9B14
:100BB0001B78302B07D0284600F0BBFA2D220146C7
:100BC000284600F00FFB0C9B53F80C3C8BB1F7B19F
:100BD0009DF80C100CA800F058FC0CAAD4E90201F6
:100BE000F9F786F928B9D8F8003043F00403C8F8BB
:100BF00000301FB1636BB3427FF45BAE29461E9891
:100C000000F07CF95BE6BBF1000FB0D151E6F1B228
:100C1000E0E700BF2DE9F0418CB008AC84E80C009F
:100C2000DDE915380AAFCDE9038702938C4612AB94
:100C300018490A91064693E803009DF8502006AD36
:100C40008DE80300FAB194E80C0061462846FFF7EE
:100C5000F1FB95E803000A9D84E80300F9F71EFA0A
:100C60000CAB424643F8040D17992846F9F736FCB9
:100C700094E8030086E80300384600F0CFF93046D8
:100C80000CB0BDE8F08194E80C0061462846FFF7FF
:100C9000C9FDDEE7649700202DE9F04F8FB00AAC64
:100CA00084E80C001B9B0793074603F16C008A46FF
:100CB0009DF868B0DDF87480FBF70CFA079B1C9A6E
:100CC0001E490D91CDE902320DAE049618AB814656
:100CD00093E803008DE8030008AD94E80C0051464A
:100CE0002846BBF1000F25D0FFF7A4FB0D9B95E82C
:100CF000030053F80C5C84E8030085B129464046A4
:100D000007F068FBDDF834A04046554407F0CAF907
:100D1000D8F800302A4651464846FBF715FC94E8BF
:100D2000030087E80300304600F078F938460FB03A
:100D3000BDE8F08FFFF776FDD8E700BF649700208D
:100D4000244B1A68D0075CBF01221A60224B1A6834
:100D5000D1075CBF01221A60204B1A68D2075CBF22
:100D600001221A601E4B1A68D0075CBF01221A606C
:100D70001C4B1A68D1075CBF01221A601A4B1A6813
:100D8000D2075CBF01221A60184B1A68D0075CBFFB
:100D900001221A60164B1A68D1075CBF01221A6043
:100DA000144B1A68D2075CBF01221A60124B1A68F2
:100DB000D0075CBF01221A60104B1A68D1075CBFD4
:100DC00001221A600E4B1A68D2075CBF01221A601A
:100DD000704700BF24970020209700201C97002018
:100DE0001897002014970020109700200C970020DF
:100DF000089700200497002000970020FC96002010
:100E0000F896002013460A4611B1197812F038BC42
:100E100008467047036853F80C3C8B4210B51446E3
:100E200004D20A460248214609F036FE084610BDA3
:100E30008FC40500006801F1804150F80C0C0439A2
:100E4000091A914208B502D2184609F022FE08BDDF
:100E50000068884207D850F80C3C1844814294BF7F
:100E600000200120704701207047012A30B403D1CF
:100E70000B78037030BC7047002AFBD030BC12F0F6
:100E80005EBC012A30B403D10B78037030BC7047CC
:100E9000002AFBD030BC12F05DBC0B46012B10B415
:100EA0001146044603D122705DF8044B7047002BB5
:100EB000FAD01A465DF8044B12F065BC08B5521A18
:100EC000FFF7D3FF08BD0000F8B5044617460E46ED
:100ED000094A19461D46FFF79DFF216851F80C2C61
:100EE000541BBC4228BF3C4624B12246294430460C
:100EF000FFF7BBFF2046F8BD7CC40500036853F82C
:100F0000042C002AB8BF002210B5B8BF43F8042C47
:100F10000A6852F8044C002CBCBF002442F8044C70
:100F200002600B6010BD10B5036853F80C0C8242D0
:100F300004D29C5C8C4203D10132F8E74FF0FF32BF
:100F4000104610BD044B984204D00023836001601A
:100F500008440373704700BF58970020134B984212
:100F600010B5044602D9124809F093FD884203D90E
:100F70004B00984238BF1C4604F11D03B3F5805F57
:100F800004F10D000CD98C420AD9C3F30B0304F50C
:100F90008054E41A054B9C4228BF1C4604F10D0006
:100FA000F6F7AAFF00224460826010BDFCFFFF3FFD
:100FB00021CD0500F8B50F46064680B10021FFF7A8
:100FC000CDFF00F10C040546314620463A46FFF7B6
:100FD00064FF31462846FFF7B5FF2046F8BD014CB7
:100FE000FBE700BF6497002010B504460846114691
:100FF0001A46FFF7DFFF2060204610BDF6F780BFDE
:10100000054A904210B506D08268541E002A8460BA
:1010100001DCFFF7F3FF10BD5897002013B504461D
:10102000006801A90C38FFF7EBFF204602B010BDA5
:10103000036813B50446A3F10C0053F8043C002BDD
:1010400006DD01A9FFF7DCFF034B236002B010BDF2
:101050000021FFF777FFF9E7649700202DE9F74FAC
:101060000746006850F80C6CA3EB0208B0440C462D
:10107000761A50F8081C884515469946A6EB0206D4
:1010800003D850F8043C002B1FDD01AA4046FFF7AF
:1010900065FF834600F10C0A24B1224639685046A8
:1010A000FFF7E3FE4EB129193B680C344C4432463D
:1010B00019440BEB0400FFF7D8FE386801A90C387F
:1010C000FFF79EFFC7F800A000E03EB93868414630
:1010D0000C38FFF737FF03B0BDE8F08F9145F5D02E
:1010E00011194C44014432462044FFF7CAFEEDE793
:1010F00003680A4A934210B504460DD053F8043CE5
:10110000002B04DD00231A461946FFF7A7FF2368CA
:101110004FF0FF3243F8042C10BD00BF649700204D
:1011200008B5036853F8043C002B01DBFFF7E0FF30
:1011300008BD10B50446FFF7F3FF206810BD00009E
:1011400070B504461546094A0E46FFF763FE23684C
:1011500053F80C2C921BAA4201464FF00003204684
:1011600028BF2A46FFF77AFF204670BD26C5050036
:10117000F8B51C46174605460E460A4B2246394628
:10118000FFF758FE23463A4631462846FFF766FFEA
:1011900034B128689DF8182021463044FFF77DFEC1
:1011A0002846F8BD09C5050013B5046800920B4632
:1011B00054F80C2C0021FFF7DBFF02B010BD00003B
:1011C00073B51546064A1E460446FFF723FE0096F1
:1011D00001462B4600222046FFF7CAFF02B070BD31
:1011E0004FC5050037B50468009205460C1B012366
:1011F00000222146FFF7BCFF28684FF0FF3340F87C
:10120000043C204403B030BDF8B5069C1F4623467D
:1012100005460E46FFF722FF2CB1286822463946C4
:101220003044FFF722FE2846F8BD00002DE9F341C7
:1012300006681A4B56F80C8C04460F464146154674
:10124000FFF7F8FD39462046FFF702FE18B956F8B9
:10125000043C002B0BDD204600953B464246002116
:10126000FFF7D2FF0446204602B0BDE8F081BB1B69
:101270009D420AD82A4639463046FFF7F6FD2068D7
:1012800029460C38FFF75EFEEDE7002BF7D02A4623
:1012900039463046FFF7F5FDF1E700BF39CD0500CF
:1012A000034B98421EBF8368013383600C30704744
:1012B0005897002070B50446006810440A466168DB
:1012C000FFF74CFE2268064600F10C0522B104F13E
:1012D0000C012846FFF7C9FD30462168FFF732FEB2
:1012E000284670BD37B50446006850F8083C99425E
:1012F00003D150F8043C002B11DD50F80C2D914225
:101300002CBFC2EB0102C2EB020201A9FFF7D2FF20
:101310000546206801A90C38FFF772FE256003B06E
:1013200030BDF8B50B6853F80C6C04460F46E6B1B7
:10133000036853F80C5C53F8082C3544954203D8E5
:1013400053F8043C002B03DD29462046FFF7CAFF73
:101350002368396853F80C0C32461844FFF785FDB2
:10136000206829460C38FFF7EDFD2046F8BD08B58A
:10137000FFF7D7FF08BD00002DE9F04104460E46F7
:1013800090462AB3184B0021FFF754FD276857F801
:101390000C5C57F8083C45449D4203D857F8043C80
:1013A000002B08DD31462046FFF752FD98B1294653
:1013B0002046FFF797FF236853F80C0C314618447A
:1013C0004246FFF752FD206829460C38FFF7BAFD68
:1013D0002046BDE8F08129462046FFF783FF2368B9
:1013E000F61B1E44E7E700BF3AC50500F8B5044602
:1013F00017460E4609B30A46114B0021FFF71AFDA6
:10140000236853F80C5C53F8082C3544954203D8F4
:1014100053F8043C002B03DD29462046FFF762FF0A
:10142000236853F80C0C314618443A46FFF735FD53
:10143000206829460C38FFF785FD2046F8BD00BF1F
:101440003AC50500F8B5036853F80C6C0B4B0C4615
:1014500017460A4631460546FFF7ECFCA64205D280
:101460003A46A11B2846FFF7C1FFF8BDFDD94FF052
:10147000FF3221462846FFF763FEF6E74ECD050012
:1014800008B50022FFF7DEFF08BD036870B553F80A
:101490000C4C53F8082C0134944205460E4603D8F0
:1014A00053F8043C002B03DD21462846FFF71AFFC2
:1014B0002B6853F80C2C9E54286821460C38FFF7F3
:1014C00041FD70BD08B58368002B02DBFFF7E8FE25
:1014D00008BD0022FFF7EEFEFAE713B504460868E0
:1014E00001AA69460C38FFF7EDFF2060204602B0E4
:1014F00010BD000088422DE9F04104460E4618D088
:10150000A0B1A1EB000840460021FFF727FD00F144
:101510000C050746214628463246FFF7CFFC4146D8
:101520003846FFF70FFD2846BDE8F081024809F074
:10153000ADFA024DF7E700BFF7CC05006497002035
:1015400070B5054616460C4661B1084613F0F8FE24
:1015500021184FF0000332462046FFF7CBFF2860EA
:10156000284670BD4FF0FF31F3E710B5044608463A
:1015700011461A464FF00003FFF7BCFF20602046DB
:1015800010BD38B51D4604464FF00003084611440F
:101590002A46FFF7AFFF2060204638BD82B037B53E
:1015A00006AD85E80C000A9A0B68019200220092B1
:1015B0001D69DDE906230446A847204603B0BDE8BF
:1015C000304002B0704782B037B506AD85E80C00F8
:1015D0000A9A0B680192002200921D69DDE9062338
:1015E0000446A847204603B0BDE8304002B070472B
:1015F00010B5034B03600446F9F700FD204610BD0B
:10160000ACCD050010B5034B03600446F9F7EAFCC6
:10161000204610BD6CCD050010B50446FFF7F2FF63
:101620002046F6F76DFC204610BD10B50446FFF7C6
:10163000DFFF2046F6F764FC204610BD10B50446D7
:10164000006A11F043FE606210BD10B50446006AE6
:1016500011F03CFE216ABDE8104015F09BB84A1C11
:1016600010B50446084602D1606A431C02D0216AC4
:1016700015F090F84FF0FF33636210BD006A11F06F
:1016800073BB006A11F070BB08B50B465A1C016AA7
:1016900004D01846BDE8084012F004BF084611F017
:1016A00063FB003018BF0120404208BDF8B50D466D
:1016B0001146069A4FF0FF364FF0FF3700230446DD
:1016C000C0E90067C0E902331AB1012A0CBF012248
:1016D0000222286A11F076FC28B9286A11F00CFD64
:1016E000C117C4E900012046F8BDF8B50D46114602
:1016F000069A4FF0FF364FF0FF3700230446C0E94B
:101700000067C0E902331AB1012A0CBF012202228C
:10171000286A11F057FC28B9286A11F0EDFCC117AE
:10172000C4E900012046F8BD10B50446006A11F076
:10173000FDFD606210BDF8B505460E461746002453
:10174000BC4208D0286A11F0F1FD431C03D046F8D2
:1017500024000134F4E73CB104F18043013B56F826
:1017600023306B622046F8BD4FF0FF33F9E710B528
:101770000446006A11F0DAFD216ABDE8104015F058
:1017800039B84A1C10B50446084602D1606A431CA9
:1017900002D0216A15F02EF84FF0FF33636210BDBE
:1017A00008B50B465A1C016A04D01846BDE808402B
:1017B00012F080BE084611F0D7FA003018BF0120A1
:1017C000404208BDF8B505460E4617460024BC4207
:1017D00008D0296A56F8240012F06CFE013001D0BE
:1017E0000134F4E72046F8BD10B40C46036A012129
:1017F00020465DF8044B11F05BBD38B50C46036A1A
:1018000005460121204611F0CFFB0028CABF24184D
:101810004FF0FF3314F8013C6B6238BD38B5044615
:101820000D46F9F7D1FC044B23604FF0FF332562DE
:101830006362204638BD00BF6CCD050038B5044654
:101840000D46F9F7EFFC044B23604FF0FF332562A0
:101850006362204638BD00BFACCD050010B5054B16
:1018600003601433044640F8043FF8F715FF2046A0
:1018700010BD00BF7CCE0500D0F800C0ACF10C0C50
:10188000DCF800C06044E9E710B5054B0360143391
:10189000044640F8043FF8F709FF204610BD00BF9A
:1018A000ACCE0500D0F800C0ACF10C0CDCF800C0E8
:1018B0006044E9E710B50446FFF7D0FF2046F6F78D
:1018C0001FFB204610BDD0F800C0ACF10C0CDCF8BA
:1018D00000C06044EEE710B50446FFF7D5FF204690
:1018E000F6F70EFB204610BDD0F800C0ACF10C0C92
:1018F000DCF800C06044EEE70B6810B504460360F6
:1019000053F80C0C4968215020441146F8F734FF75
:10191000204610BD70B5051D044628460E46F8F752
:10192000F9FE054B23601433284663603146F8F70F
:1019300023FF204670BD00BF7CCE050010B50446D5
:1019400069B91368236061B9526853F80C3CE250DE
:101950008B0702D5201DF8F79FFE204610BD024BD5
:10196000F0E7024A0423F2E77CCE050090CE0500A2
:101970000A460021FFF7E2BF036853F80C3C03441A
:1019800010B50446986F50B1F9F702FC013006D14A
:10199000236853F80C0C01212044F8F7B5FE2046CB
:1019A00010BD0B6810B50446036053F80C0C496871
:1019B000215020441146F8F742FF204610BD000098
:1019C00070B5051D044628460E46F8F705FF054B81
:1019D00023601433284663603146F8F730FF204611
:1019E00070BD00BFACCE050010B5044669B91368E0
:1019F000236061B9526853F80C3CE2508B0702D562
:101A0000201DF8F753FE204610BD024BF0E7024AB6
:101A10000423F2E7ACCE0500C0CE05000A46002143
:101A2000FFF7E2BF036853F80C3C034410B50446CB
:101A3000D86F50B1F9F7DAFB013006D1236853F8BB
:101A40000C0C01212044F8F7C1FE204610BDFFF721
:101A5000E5BA06F0B3BAF8B50B6853F80C4C074674
:101A6000601C0E46F6F74AFA002305460146224658
:101A70003046FFF729FA00232B553D602046F8BD7C
:101A8000F8B50B6853F80C4C0B4B0746601C98429A
:101A900094BF80004FF0FF300E46F6F72FFA002378
:101AA000054601462246304606F0E8F9002345F88F
:101AB00024303D602046F8BDFEFFFF1F13B5049C97
:101AC000CDE9003413460A46C1684FF0000008F023
:101AD0006AF802B010BD30B58BB00D460AA901E915
:101AE0000C0079230693129B0593119B0493109B82
:101AF00003930EAA044692E8030001AB83E80300B7
:101B0000099B00932046089BAA684FF0000108F04B
:101B1000F2F920460BB030BD30B58BB00D460AA9A6
:101B200001E90C006D230693129B0593119B04930E
:101B3000109B03930EAA044692E8030001AB83E8CE
:101B40000300099B00932046089BAA684FF0000100
:101B500008F0D1F920460BB030BD30B58BB00D4642
:101B60000AA901E90C0077230693129B0593119BA8
:101B70000493109B03930EAA044692E8030001AB62
:101B800083E80300099B00932046089BAA684FF056
:101B9000000108F0B0F920460BB030BD30B58BB075
:101BA0000D460AA901E90C0064230693129B0593D4
:101BB000119B0493109B03930EAA044692E8030022
:101BC00001AB83E80300099B00932046089BAA68A9
:101BD0004FF0000108F08FF920460BB030BD30B552
:101BE0008BB00D460AA901E90C0074230693129BE1
:101BF0000593119B0493109B03930EAA044692E84D
:101C0000030001AB83E80300099B00932046089B77
:101C1000AA684FF0000108F06EF920460BB030BD05
:101C200081684FF0000008F060B9F0B591B00AACDF
:101C300084E80C00002307930D930EAB06930DABC5
:101C40000593199B04939DF86030039316AA0F46E1
:101C5000054692E8030001AB83E803000B9B009369
:101C600008AE0A9BBA684FF00001304608F0F3FC5A
:101C700096E803000D9B84E803005BB9DDE90E01E3
:101C80001B9BC3E9000194E8030085E80300284694
:101C900011B0F0BD1A9A1360F5E710B588B00DF1D8
:101CA000200C0CE90C00002304939DF830300393C2
:101CB0000B9B02939DF828300193079B00938A6841
:101CC000069B4FF00001044608F0FCFB204608B0DC
:101CD00010BD0A4601694FF0000008F0FEB807B5D4
:101CE0000968009251F80C3C0A4601694FF0000067
:101CF00008F0C7F803B05DF804FB13B5049CCDE908
:101D0000003413460A46C1684FF0000007F056FF42
:101D100002B010BD30B58BB00D460AA901E90C0028
:101D200079230693129B0593119B0493109B0393B5
:101D30000EAA044692E8030001AB83E80300099B66
:101D400000932046089BAA684FF0000108F031F983
:101D500020460BB030BD30B58BB00D460AA901E965
:101D60000C006D230693129B0593119B0493109B0B
:101D700003930EAA044692E8030001AB83E8030034
:101D8000099B00932046089BAA684FF0000108F0C9
:101D900010F920460BB030BD30B58BB00D460AA906
:101DA00001E90C0077230693129B0593119B049382
:101DB000109B03930EAA044692E8030001AB83E84C
:101DC0000300099B00932046089BAA684FF000017E
:101DD00008F0EFF820460BB030BD30B58BB00D46A3
:101DE0000AA901E90C0064230693129B0593119B39
:101DF0000493109B03930EAA044692E8030001ABE0
:101E000083E80300099B00932046089BAA684FF0D3
:101E1000000108F0CEF820460BB030BD30B58BB0D5
:101E20000D460AA901E90C0074230693129B059341
:101E3000119B0493109B03930EAA044692E803009F
:101E400001AB83E80300099B00932046089BAA6826
:101E50004FF0000108F0ADF820460BB030BD8168AE
:101E60004FF0000008F044B8F0B591B00AAC84E837
:101E70000C00002307930D930EAB06930DAB059357
:101E8000199B04939DF86030039316AA0F460546EC
:101E900092E8030001AB83E803000B9B009308AEBC
:101EA0000A9BBA684FF00001304608F04CFD96E8F6
:101EB00003000D9B84E803005BB9DDE90E011B9B69
:101EC000C3E9000194E8030085E80300284611B047
:101ED000F0BD1A9A1360F5E710B588B00DF1200C2B
:101EE0000CE90C00002304930C9B03930B9B0293BF
:101EF0009DF828300193079B00938A68069B4FF05A
:101F00000001044608F058FC204608B010BD0A46FF
:101F100001694FF0000007F0E4BF07B509680092BF
:101F200051F80C3C0A4601694FF0000007F0BFFF72
:101F300003B05DF804FB10B50446006843685A1E00
:101F4000012B426002D103685B689847204610BDB0
:101F500010B5074B0360036900220446DA600C30B9
:101F6000FFF7E9FF2046F7F7D3FE204610BD00BF7C
:101F700070D5050010B50446FFF7EAFF2046F5F7D7
:101F8000BFFF204610BD000010B5054B044640F8C9
:101F90000C3BFFF7D0FF204609F02EFA204610BD7B
:101FA00000D5050010B50446FFF7EEFF2046F5F713
:101FB000A7FF204610BD000010B5054B044640F8B1
:101FC000083BFFF7B8FF204609F046F9204610BD50
:101FD000B8D5050010B50446FFF7EEFF2046F5F72B
:101FE0008FFF204610BD000010B5054B044640F899
:101FF000083BFFF7A0FF204609F0F2F8204610BD8D
:1020000008D6050010B50446FFF7EEFF2046F5F7A9
:1020100077FF204610BD000010B5054B044640F880
:10202000083BFFF788FF204609F0E4F8204610BD82
:1020300038D6050010B50446FFF7EEFF2046F5F749
:102040005FFF204610BD000002690A4B10B5036017
:102050000023D36002699361026913620269044636
:1020600093620C30FFF767FF2046F7F7A9FC204684
:1020700010BD00BF9CD6050010B50446FFF7E4FF75
:102080002046F5F73DFF204610BD000002690A4BCF
:1020900010B503600023D360026993610269136283
:1020A0000269044693620C30FFF745FF2046F7F7BC
:1020B000A1FC204610BD00BF68D6050010B504463F
:1020C000FFF7E4FF2046F5F71BFF204610BD000098
:1020D00010B5054B044640F8103BFFF72CFF204697
:1020E00009F072F9204610BD38D5050010B5044638
:1020F000FFF7EEFF2046F5F703FF204610BD000076
:1021000010B5074B0360036900220446DA600C3007
:10211000FFF711FF2046F7F763FE204610BD00BF12
:1021200094D5050010B50446FFF7EAFF2046F5F701
:10213000E7FE204610BD000010B5054B044640F8F0
:102140000C3BFFF7F8FE2046F9F7CCFB204610BD0C
:102150001CD5050010B50446FFF7EEFF2046F5F745
:10216000CFFE204610BD000010B5054B044640F8D8
:10217000083BFFF7E0FE2046F9F7E4FA204610BDE1
:10218000E0D5050010B50446FFF7EEFF2046F5F751
:10219000B7FE204610BD000010B5054B044640F8C0
:1021A000083BFFF7C8FE2046F9F790FA204610BD1D
:1021B00020D6050010B50446FFF7EEFF2046F5F7E0
:1021C0009FFE204610BD000010B5054B044640F8A8
:1021D000083BFFF7B0FE2046F9F782FA204610BD13
:1021E00050D6050010B50446FFF7EEFF2046F5F780
:1021F00087FE204610BD000002690A4B10B503603F
:102200000023D36002691362026993620269044683
:1022100013630C30FFF78FFE2046F7F7A9FC20462A
:1022200010BD00BF04D7050010B50446FFF7E4FF5A
:102230002046F5F765FE204610BD000002690A4BF6
:1022400010B503600023D3600269136202699362D0
:102250000269044613630C30FFF76DFE2046F7F762
:10226000A1FC204610BD00BFD0D6050010B5044625
:10227000FFF7E4FF2046F5F743FE204610BD0000BF
:1022800010B5054B044640F8103BFFF754FE2046BE
:10229000F9F710FB204610BD54D5050010B50446D3
:1022A000FFF7EEFF2046F5F72BFE204610BD10B5D8
:1022B0008369044603B19847204610BD37B50846E8
:1022C00014460D4609F0D2FA84F82400284609F095
:1022D000D0FA0023A3606361E361012384F86430D2
:1022E00084F82500294601A809F0C6FA01A904F1DD
:1022F0000800FFF7B0FBE06001A8FEF78FFE29465B
:1023000001A809F0C0FA01A904F11400FFF7A3FB2A
:10231000A06101A8FEF782FE294601A809F0BAFAD9
:1023200001A904F11C00FFF796FB206201A8FEF74B
:1023300075FE03B030BD37B5084614460D46F9F7B3
:1023400053FD60622846F9F752FD0023A3606361E4
:10235000E361012384F82431A062294601A8F9F73A
:1023600049FD01A904F10800FFF775FBE06001A831
:10237000FEF754FE294601A8F9F743FD01A904F12F
:102380001400FFF77DFBA06101A805F017FE2946A8
:1023900001A8F9F73DFD01A904F11C00FFF770FB4E
:1023A000206201A805F00AFE03B030BD10B4084653
:1023B00011461A46DDE9013401945DF8044B09F039
:1023C000BDBB10B4084611461A46DDE9013401943C
:1023D0005DF8044BF9F770BE37B5084614460D4654
:1023E00009F084F96074284609F083F9A07428463E
:1023F00009F09EF90023A3606361E3616362012336
:1024000084F84330E062294601A809F075F901A972
:1024100004F10800FFF71FFBE06001A8FEF7FEFDD6
:10242000294601A809F06FF901A904F11400FFF78A
:1024300012FBA06101A8FEF7F1FD294601A809F0F1
:1024400069F901A904F11C00FFF705FB206201A84E
:10245000FEF7E4FD294601A809F063F901A904F19A
:102460002400FFF7F8FAA06201A8FEF7D7FD28467E
:1024700009F061F92063284609F062F9606303B04E
:1024800030BD37B5084614460D4609F0EDF86074C6
:10249000284609F0ECF8A074284609F007F9002353
:1024A000A3606361E3616362012384F84330E06207
:1024B000294601A809F0DEF801A904F10800FFF798
:1024C000CAFAE06001A8FEF7A9FD294601A809F0B3
:1024D000D8F801A904F11400FFF7BDFAA06101A822
:1024E000FEF79CFD294601A809F0D2F801A904F1E4
:1024F0001C00FFF7B0FA206201A8FEF78FFD294605
:1025000001A809F0CCF801A904F12400FFF7A3FA0F
:10251000A06201A8FEF782FD284609F0CAF82063F0
:10252000284609F0CBF8606303B030BD37B50846E4
:1025300014460D46F9F798FB60612846F9F797FBBA
:10254000A0612846F9F7B2FB0023A360E361636250
:10255000E362012384F86C306063294601A8F9F72F
:1025600089FB01A904F10800FFF775FAE06001A8F2
:10257000FEF754FD294601A8F9F783FB01A904F1F0
:102580001C00FFF77DFA206201A805F017FD29461F
:1025900001A8F9F77DFB01A904F12400FFF770FA07
:1025A000A06201A805F00AFD294601A8F9F777FB0A
:1025B00001A904F12C00FFF763FA206301A805F0DC
:1025C000FDFC2846F9F775FBA0632846F9F776FB72
:1025D000E06303B030BD37B5084614460D46F9F741
:1025E00001FB60612846F9F700FBA0612846F9F776
:1025F0001BFB0023A360E3616362E362012384F8B1
:102600006C306063294601A8F9F7F2FA01A904F1D8
:102610000800FFF720FAE06001A8FEF7FFFC29465A
:1026200001A8F9F7ECFA01A904F11C00FFF728FA58
:10263000206201A805F0C2FC294601A8F9F7E6FAD4
:1026400001A904F12400FFF71BFAA06201A805F01C
:10265000B5FC294601A8F9F7E0FA01A904F12C001C
:10266000FFF70EFA206301A805F0A8FC2846F9F749
:10267000DEFAA0632846F9F7DFFAE06303B030BD65
:1026800013B50C4601A811461A466B46FEF779FFB2
:10269000049A01A9204609F02FFA044601A8FEF782
:1026A000BDFC204602B010BD13B50C4601A8114672
:1026B0001A466B46FEF765FF049A01A92046F9F712
:1026C000D9FC044601A8FEF7A9FC204602B010BDC3
:1026D0000846114609F01FBA08461146F9F7D9BC59
:1026E000084609F06AB90846F9F725BC82B0F0B58A
:1026F00087B004469DF850700D93742F1546DDE9A0
:102700001110139E0FAA0DAB15D003D8642F24D03F
:102710006D2F3CD0772F2DD0792FFBD1CDE903063B
:10272000029192E803008DE8030029460CCB204675
:1027300009F0B6F90BE0CDE90306029192E8030037
:102740008DE8030029460CCB204609F039F92046D4
:1027500007B0BDE8F04002B07047CDE90306029132
:1027600092E803008DE8030029460CCB204609F0CF
:1027700043F9ECE7CDE90306029192E803008DE806
:10278000030029460CCB204609F052F9DFE7CDE9DA
:102790000306029192E803008DE8030029460CCB62
:1027A000204609F061F9D2E782B0F0B587B004465F
:1027B0009DF850700D93742F1546DDE91110139E8E
:1027C0000FAA0DAB15D003D8642F24D06D2F3CD0A9
:1027D000772F2DD0792FFBD1CDE90306029192E816
:1027E00003008DE8030029460CCB2046F9F716FCC0
:1027F0000BE0CDE90306029192E803008DE80300A7
:1028000029460CCB2046F9F799FB204607B0BDE8D6
:10281000F04002B07047CDE90306029192E8030050
:102820008DE8030029460CCB2046F9F7A3FBECE723
:10283000CDE90306029192E803008DE803002946E2
:102840000CCB2046F9F7B2FBDFE7CDE90306029196
:1028500092E803008DE8030029460CCB2046F9F7E7
:10286000C1FBD2E7F8B5A64A0C466FF00103A549B3
:1028700005460EF026F8064610B104682046F8BD5D
:10288000A14B9C4226D16820F5F736FB9F4B036095
:1028900007464660C0E902660674C0E90566C0E9FD
:1028A0000766868480F864601420F5F725FB3246BD
:1028B0003946044608F0CAFF6B68E56001336B6077
:1028C000934B236027613A4629464FF0000007F0FA
:1028D000F0F8D3E78F4B9C420DD11020F5F70CFB9D
:1028E0003146044609F01AF96B68E56001336B6004
:1028F000894B2360C2E7894B9C420AD10C20F5F733
:10290000FBFA6B6801336B600446C0E90165844BD8
:10291000EFE7844B9C420AD10C20F5F7EDFA6B6887
:1029200001336B600446C0E901657F4BE1E77F4BF3
:102930009C420AD10C20F5F7DFFA6B6801336B601B
:102940000446C0E901657A4BD3E77A4B9C422CD10F
:102950004420F5F7D1FA784B036007464660C0E99A
:102960000266067446748674C0E90566C0E90766A7
:10297000C0E90966C0E90B66466380F8436014202D
:10298000F5F7BAFA32463946044608F09DFE6B6800
:10299000E56001336B60694B236027613A46294645
:1029A0004FF0000007F015F968E7654B9C422CD109
:1029B0004420F5F7A1FA634B036007464660C0E97F
:1029C0000266067446748674C0E90566C0E9076647
:1029D000C0E90966C0E90B66466380F843601420CD
:1029E000F5F78AFA32463946044608F02BFE6B6842
:1029F000E56001336B60544B236027613A462946FA
:102A00004FF0000007F03BF938E7504B9C420CD1E7
:102A10001420F5F771FA3146044609F05DF86B6849
:102A2000256101336B604A4B63E74A4B9C4229D1D5
:102A30004FF49470F5F760FA0027474B03600646A1
:102A40004760C0E902770774C0E90577C0E90777F6
:102A5000C0E9097780F824711420F5F74DFA3A4659
:102A600031460446F9F7B0F96B68E56001336B60F5
:102A70003A4B23602661324629464FF0000007F0AA
:102A800056F8FBE6364B9C420CD11020F5F734FA91
:102A900000210446F9F700FB6B68E56001336B60C9
:102AA000304B26E7304B9C420BD10C20F5F724FA33
:102AB0000023C0E901356B6801336B6004462B4B82
:102AC00017E72B4B9C420BD10C20F5F715FA00238E
:102AD000C0E901356B6801336B600446254B08E79C
:102AE000254B9C424CD10C20F5F706FA0023C0E997
:102AF00001356B6801336B600446204BF9E600BF7B
:102B00003CCF0500F0C205005898002040C10500E8
:102B100070D505003C98002000D5050044980020A1
:102B2000B8D505006098002008D605005C98002004
:102B300038D605006498002000C105009CD6050029
:102B40006898002010C1050068D605004098002054
:102B500038D505004497002050C1050094D50500E4
:102B6000289700201CD5050030970020E0D50500EF
:102B70004C97002020D605004897002050D605002D
:102B80003A4B9C422DD17020F5F7B6F90027384B0F
:102B9000036006464760C0E902770774C0E905771D
:102BA000C0E90777C0E90977C0E90B77C0E90D777D
:102BB000C76380F86C701420F5F79EF93A463146E9
:102BC0000446F9F73FF86B68E56001336B60294B09
:102BD00023602661324629464FF0000007F0A5F831
:102BE0004CE6254B9C422DD17020F5F785F9002746
:102BF000224B036006464760C0E902770774C0E9CC
:102C00000577C0E90777C0E90977C0E90B77C0E924
:102C10000D77C76380F86C701420F5F76DF93A46AC
:102C200031460446F8F7CCFF6B68E56001336B6012
:102C3000134B23602661324629464FF0000007F00F
:102C4000CAF81BE60F4B9C420CD11420F5F754F93F
:102C500000210446F9F7FEF96B68256101336B60CA
:102C6000094B46E6094807F011FF00BF50970020C6
:102C700020C1050004D705005497002030C105008D
:102C8000D0D605002C97002054D505005FCF050055
:102C900013B58B69044613B9054807F0F7FE01AB7D
:102CA000D1E90012FEF76DFC204602B010BD00BF56
:102CB00044CF050010B58AB00446009300201346A7
:102CC000C968099003AA07F0B5FC03A92046FFF7DD
:102CD000DFFF03A8FFF7EBFA20460AB010BD30B5BE
:102CE0008DB0044600200B901198006850F80C5CE1
:102CF000CDE902051098CDE900301346096905AA0F
:102D00004FF0000007F020FD05A92046FFF7C0FFA7
:102D100005A8FFF7CCFA20460DB030BD82B02DE9F2
:102D2000F04786B0064614990F9317469DF84480E5
:102D3000DDF848909DF84CA00FACB1B105AD284628
:102D4000FFF7A6FFCDE902A5CDE90089304694E85A
:102D50000C00394608F04DFD2846FEF75FF9304675
:102D600006B0BDE8F04702B07047CDE9019ACDF852
:102D7000008094E80C00394608F025FDEFE7F0B537
:102D800097B00AAC84E80C000FAE0023CDE90636FC
:102D900015930D930DAB05931F9B04939DF878300D
:102DA00003931CAA8C46054692E8030001AB83E816
:102DB000030008AF0B9B00934FF000010A9BDCF867
:102DC0000820384607F047FC97E803000D9B84E88D
:102DD0000300A3B931460EA8FFF75AFF21980EA9A8
:102DE000FEF78CF80EA8FEF719F994E8030085E8C1
:102DF00003003046FFF75BFA284617B0F0BD209A73
:102E00001360F2E738B5836904460D4603B198476D
:102E100029462046FEF761FB2B6853F80C3C6360A3
:102E2000014BA361204638BD4F1A0400000000008A
:102E300070B590B009AC0E4606A9054681E80C00B5
:102E40002046002317990F93FFF7DCFF9DF85830B9
:102E50000393159B02939DF850300193079B0093B9
:102E60009FED070B069BB26804944FF000012846C3
:102E700007F028FB2046FFF71AFA284610B070BD6D
:102E8000000000000000000013B5144601A81A4617
:102E9000049B08F05AFE01A92046FFF7B3FF01A8E2
:102EA000FEF7BCF802B010BDF0B587B004AC0E461A
:102EB00015461F46DDE90E1203AB2046FEF761FB07
:102EC0000D9B00933A460C9B0194314605A808F0EF
:102ED00016FE05A92846FFF795FF05A8FEF79EF800
:102EE0002046FEF79BF807B0F0BD000082B02DE948
:102EF000F0418AB00546189811939446DDE91617FB
:102F00009DF8542013AB11AC98B1CDE90470CDE914
:102F1000022193E803008DE80300614694E80C0069
:102F2000284608F012FC28460AB0BDE8F04102B07D
:102F3000704709AECDE90476CDE902210F4809902A
:102F400093E803008DE803000DF1180894E80C00E5
:102F50006146404608F018FC98E803003B6884E8A6
:102F600003001BB931461998FFF74CFF94E80300A2
:102F700085E803003046FEF751F8D4E76497002057
:102F800013B58B69044613B9054807F07FFD01AB03
:102F9000D1E9001205F0A0FA204602B010BD00BF32
:102FA00044CF050010B58AB00446009300201346B4
:102FB000C968099003AA07F0B5FC03A92046FFF7EA
:102FC000DFFF03A8FFF773F920460AB010BD30B544
:102FD0008DB0044600200B901198006850F80C5CEE
:102FE000CDE902051098CDE900301346096905AA1C
:102FF0004FF0000007F020FD05A92046FFF7C0FFB5
:1030000005A8FFF754F920460DB030BD82B02DE978
:10301000F04786B0064614990F9317469DF84480F2
:10302000DDE9129A0FACB1B105AD2846FFF7A8FF54
:10303000CDE902A5CDE90089304694E80C00394677
:10304000F8F794FE284604F0B9FF304606B0BDE814
:10305000F04702B07047CDE9019ACDF8008094E8BE
:103060000C003946F8F76DFEEFE7F0B597B00AAC03
:1030700084E80C000FAE0023CDE9063615930D93BE
:103080000DAB05931F9B04939DF8783003931CAA06
:103090008C46054692E8030001AB83E8030008AFC5
:1030A0000B9B00934FF000010A9BDCF80820384688
:1030B00007F049FC97E803000D9B84E80300A3B9DF
:1030C00031460EA8FFF75CFF21980EA904F0F2FE2E
:1030D0000EA804F073FF94E8030085E8030030466F
:1030E000FFF7E5F8284617B0F0BD209A1360F2E725
:1030F00038B5836904460D4603B1984729462046F2
:1031000005F095F92B6853F80C3C6360014BA36103
:10311000204638BD531A040070B590B009AC0E4675
:1031200006A9054681E80C002046002317990F9355
:10313000FFF7DEFF169B0393159B02939DF850301B
:103140000193079B00939FED080B069BB2680494C4
:103150004FF00001284607F02FFB2046FFF7A7F8A5
:10316000284610B070BD00BF000000000000000045
:1031700013B5144601A81A46049BF8F7A4FF01A949
:103180002046FFF7B5FF01A804F018FF02B010BDFC
:10319000F0B587B004AC0E4615461F46DDE90E12A9
:1031A00003AB204605F098F90D9B00933A460C9B23
:1031B0000194314605A8F8F760FF05A92846FFF7F6
:1031C00097FF05A804F0FAFE204604F0F7FE07B0CA
:1031D000F0BD000082B02DE9F0418AB00546189894
:1031E00011939446DDE916179DF8542013AB11ACEA
:1031F00098B1CDE90470CDE9022193E803008DE890
:103200000300614694E80C002846F8F75CFD284668
:103210000AB0BDE8F04102B0704709AECDE90476CE
:10322000CDE902210F48099093E803008DE80300DF
:103230000DF1180894E80C0061464046F8F762FD6D
:1032400098E803003B6884E803001BB931461998ED
:10325000FFF74EFF94E8030085E80300304604F0D2
:10326000ADFED4E7F49700208368587C70478368EC
:10327000987C70478368D86A704783681B6B00200E
:10328000DAB262F30700C3F3072262F30F20C3F33D
:10329000074262F317401B0E82B063F31F6002B057
:1032A000704783685B6B0020DAB262F30700C3F3F8
:1032B000072262F30F20C3F3074262F317401B0E8D
:1032C00082B063F31F6002B070478368587C704718
:1032D0008368987C70478368D86A704783681B6BE3
:1032E0000020DAB262F30700C3F3072262F30F2073
:1032F000C3F3074262F317401B0E82B063F31F60F3
:1033000002B0704783685B6B0020DAB262F307009B
:10331000C3F3072262F30F20C3F3074262F317409F
:103320001B0E82B063F31F6002B07047836893F88E
:1033300024007047836893F8250070470020704789
:103340000020704770470020914204D211F8013BE1
:1033500003EB7060F8E7704710B5034B0360044659
:10336000F6F782FE204610BDFCD7050010B50446D6
:10337000FFF7F2FF2046F4F7C3FD204610BD000022
:1033800010B5034B03600446F6F76EFE204610BDF1
:1033900014D8050010B50446FFF7F2FF2046F4F7F5
:1033A000AFFD204610BD000010B5034B036004467E
:1033B000F6F75AFE204610BD2CD8050010B504467D
:1033C000FFF7F2FF2046F4F79BFD204610BD0000FA
:1033D00010B5054B044640F8083BF7F7EBF82046DC
:1033E000F6F742FE204610BDE0D7050010B50446B2
:1033F000FFF7EEFF2046F4F783FD204610BD0000E6
:1034000010B5054B044640F8083BF7F7D3F82046C3
:10341000F6F72AFE204610BD38D7050010B5044641
:10342000FFF7EEFF2046F4F76BFD204610BD0000CD
:103430002DE9F04107461648F6F79AFE3B68D3F8A7
:103440000C8058F820500646F5B94420F4F754FD96
:10345000104B456004460360C0E90255057445748D
:103460008574C0E90555C0E90755C0E90955C0E9AB
:103470000B55456380F84350394608F0A3FC3246AB
:1034800021463868F6F732FF58F82600BDE8F0818B
:10349000A097002000C105002DE9F041074616481D
:1034A000F6F766FE3B68D3F80C8058F820500646C5
:1034B000F5B94420F4F720FD104B45600446036045
:1034C000C0E90255057445748574C0E90555C0E925
:1034D0000755C0E90955C0E90B55456380F84350CD
:1034E000394608F03FFD324621463868F6F7FEFEC1
:1034F00058F82600BDE8F081A497002010C105000F
:1035000073B5044616460D4619B912B10D4807F0B9
:10351000BDFA731B0F2B019307D9002201A9204686
:1035200005F0CAF9019B2060A36032462946206855
:1035300005F04FFA019B226863600021D15402B06C
:1035400070BD00BFDFC405002DE9F0438DB01C46FF
:10355000814602AB68460093FFF7D2FF08AB2146D5
:10356000149A069306A8FFF7CBFFDDE90053DDE9C7
:10357000064705EB030827442246294648460DF036
:103580003FFD064668B9284611F0DAFE054420469C
:1035900011F0D6FEA84504440DD13E1B18BF4FF0D4
:1035A000FF3606A805F0A2F9684605F09FF93046F7
:1035B0000DB0BDE8F083A74202D001350134DBE74E
:1035C0000126EEE72DE9F0431C4600F1080387B021
:1035D00017460360002343600372224602AB06468F
:1035E0008946684639460093E41BFFF789FFDDE909
:1035F00000536400204605EB0308F4F77FFC074600
:1036000023462A46394648460DF005FD84420DD82A
:10361000441C3846F4F776FC2046F4F76FFC23464A
:10362000074601462A4648460DF0F5FC0246394653
:10363000304605F019FC284611F082FE0544A845E5
:1036400005D000213046013505F09BFAD8E7384611
:10365000F4F758FC684605F049F9304607B0BDE874
:10366000F08338B500F10803044603600D4649B104
:10367000084611F065FE2A1820462946FFF740FF4C
:10368000204638BD4FF0FF32F6E710B58B68044690
:103690009968FFF7E6FF204610BD10B58B68044619
:1036A0005969FFF7DEFF204610BD10B58B68044650
:1036B000D969FFF7D6FF204610BD10B58B680446C8
:1036C000596AFFF7CEFF204610BD10B58B6804463F
:1036D0009968FFF7C6FF204610BD10B58B680446F9
:1036E0005969FFF7BEFF204610BD10B58B68044630
:1036F000D969FFF7B6FF204610BD10B58B680446A8
:10370000596AFFF7AEFF204610BD10B58B6804461E
:103710009968FFF7A6FF204610BD10B58B680446D8
:103720005969FFF79EFF204610BD10B58B6804460F
:10373000D969FFF796FF204610BD03689B681847BC
:1037400070B5037F04460D4643B905F07EF8236843
:10375000294620469B69BDE8704018470C44607FAD
:1037600070BD2DE9F0411F46037F012B05460E4633
:1037700014460DD00BB905F068F82B68D3F81CE09F
:1037800022463B4631462846F446BDE8F0416047B4
:10379000521A38460FF0D3FF2046BDE8F08170B5CD
:1037A0004418164694F81D313BB903681B6A9847C4
:1037B0008642034618BF84F81D01184670BD0000FC
:1037C00010B5003218BF01224260054B0360002291
:1037D0000446816011460DF083FD204610BD00BFF8
:1037E000ACD7050003689B6818470368DB68184777
:1037F00010B50B6804461B699847204610BD10B5EC
:103800000B6804465B699847204610BD10B50B68ED
:1038100004469B699847204610BD10B50B680446C6
:10382000DB699847204610BD03681B6A1847036888
:103830005B6A82B002B0184703689B6A82B002B02C
:103840001847000010B5003218BF01224260054B36
:10385000036000220446816011460DF0F3FC20460F
:1038600010BD00BF78D7050003689B681847036840
:10387000DB68184710B50B6804461B69984720465B
:1038800010BD10B50B6804465B699847204610BD13
:1038900010B50B6804469B699847204610BD10B5CB
:1038A0000B680446DB699847204610BD03681B6A15
:1038B000184703685B6A82B002B0184703689B6AC6
:1038C00082B002B01847F0B589B006AC84E80C00AD
:1038D000139A0B680592129A0492119A03929DF81A
:1038E000402002920EAA05460E4692E803008DE89B
:1038F000030028469F68314694E80C00B8472846E4
:1039000009B0F0BDF0B589B006AC84E80C00139A9C
:103910000B680592129A0492119A03929DF8402026
:1039200002920EAA05460E4692E803008DE80300B7
:103930002846DF68314694E80C00B847284609B0AD
:10394000F0BD70B586B004AC84E80C009DF8302062
:1039500002920B9A01920B689DF8282000929E68B3
:1039600094E80C000546B047284606B070BD70B517
:1039700086B004AC84E80C000D9A03929DF83020C8
:1039800002920B9A01920B689DF828200092DE6843
:1039900094E80C000546B047284606B070BD00000C
:1039A00010B5003218BF0122044B42600446036088
:1039B000816000210DF0EEFD204610BD54D70500BA
:1039C00003689B6818470368DB68184710B50B68E5
:1039D00004461B699847204610BD10B50B68044685
:1039E0005B699847204610BD10B50B6804469B697B
:1039F0009847204610BD03689B681847F0B589B00A
:103A000006AC84E80C00129A0B680492119A039297
:103A1000109A02920EAA05460E4692E803008DE81F
:103A200003002846DF68314694E80C00B847284672
:103A300009B0F0BDF0B589B006AC84E80C00129A6C
:103A40000B680492119A0392109A02920EAA0546EC
:103A50000E4692E803008DE8030028461F693146B0
:103A600094E80C00B847284609B0F0BDF0B589B01D
:103A700006AC84E80C00129A0B680492119A039227
:103A8000109A02920EAA05460E4692E803008DE8AF
:103A9000030028465F69314694E80C00B847284681
:103AA00009B0F0BDF0B589B006AC84E80C00129AFC
:103AB0000B680492119A0392109A02920EAA05467C
:103AC0000E4692E803008DE8030028469F693146C0
:103AD00094E80C00B847284609B0F0BDF0B589B0AD
:103AE00006AC84E80C00129A0B680492119A0392B7
:103AF000109A02920EAA05460E4692E803008DE83F
:103B000003002846DF69314694E80C00B847284690
:103B100009B0F0BD003110B518BF0121044B416060
:103B200003600446F6F7BAFAA060204610BD00BF55
:103B3000E0D7050003689B68184773B5079E019698
:103B40000D68069E0096ED680446A847204602B020
:103B500070BD03681B691847003110B518BF0121FB
:103B6000044B416003600446F6F798FAA0602046D3
:103B700010BD00BF38D7050010B40468A468A4467F
:103B80005DF8044B604738B50D680446ED68A847FA
:103B9000204638BD10B50446006820B1F7F7FBFA9F
:103BA0004FF0FF336360204610BDF7B56C4684E8E4
:103BB00006009DF80450089F06463DB93A4619464E
:103BC0000098F7F7FDFA874218BF01258DF80450D9
:103BD00094E8030086E80300304603B0F0BD2DE909
:103BE000F04F99B006A9229F049007F16C0420467B
:103BF00081E80C00249D9DF88C8007F0ADFF834682
:103C00002046FFF715FC2E6890F8383032789A423B
:103C100004466B687AD0D0E907A9026B0992334455
:103C20003546AB4207D92978DBF81820525C520799
:103C300005F1010072D4AD1BAB46002D00F0B88039
:103C400000220EAB69000CA80C930D928DF8382061
:103C5000039204F064FFE16A6B1A002B66DD15EA3B
:103C6000210538BF1D46E368002B59D0039A69002F
:103C70000CA805F01FF87319A17C0C98CDE900631E
:103C8000D4E9022308F098FA0C994FF0FF32411A58
:103C90000CA804F095FFE36A002B0ADD617C0CA8F8
:103CA00004F06FFF002D43DBE26A71190CA805F0E8
:103CB000DBF8FA6802F0B003039312F400720D9B74
:103CC00018BFA2694B441344002514AA590012A836
:103CD0000593129213958DF8505004F020FF039B2A
:103CE000BE68102B059B03D1B3422CBF00250125D4
:103CF000F31A4FF0000B059309AB13F80B30042BAC
:103D000027D8DFE803F0786F1E616A00426B0992E2
:103D1000D0E909A9002B82D0013680E7054680E76B
:103D20002A4631460CA805F069F8B4E71D46B2E70B
:103D300094F8392069420CA804F09EFF5A46314697
:103D4000B4E7FB689B0504D5D4E9051212A805F079
:103D50008BF80BF1010BBBF1040FCDD1B9F1010FC1
:103D600006D909F1FF320AF1010112A805F07CF829
:103D700013998E4209D9039B202BA6EB01013DD15B
:103D8000424612A804F078FF31460AAC009106AA18
:103D900006CA129B2046FFF708FF94E8030006902E
:103DA00012A88DF81C1004F0A1FD0CA804F09EFDD3
:103DB0000023BB6006AB93E80300049B83E8030089
:103DC000184619B0BDE8F08FB9F1000FC1D09AF8CC
:103DD000001012A804F0D5FEBBE70CA912A805F04C
:103DE0003FF8B6E72DB14246059912A804F044FF0A
:103DF000AFE74146EDE7002DABD0F4E70A46434676
:103E0000002112A804F060FFBEE72DE9F04F99B041
:103E100006A9229F049007F16C04204681E80C005B
:103E2000249D9DF88C8007F097FE83462046FFF77F
:103E300033FB2E6890F8383032789A4204466B682B
:103E40007AD0D0E907A9026B099233443546AB42D8
:103E500007D92978DBF81820525C520705F10100D8
:103E600072D4AD1BAB46002D00F0B88000220EAB23
:103E700069000CA80C930D928DF83820039204F081
:103E80004EFEE16A6B1A002B66DD15EA210538BF8C
:103E90001D46E368002B59D0039A69000CA804F072
:103EA00009FF7319A17C0C98CDE90063D4E90223C2
:103EB00008F082F90C994FF0FF32411A0CA804F077
:103EC0007FFEE36A002B0ADD617C0CA804F059FE3A
:103ED000002D43DBE26A71190CA804F0C5FFFA68F3
:103EE00002F0B003039312F400720D9B18BFA26995
:103EF0004B441344002514AA590012A805931292AA
:103F000013958DF8505004F00AFE039BBE68102BE9
:103F1000059B03D1B3422CBF00250125F31A4FF0B6
:103F2000000B059309AB13F80B30042B27D8DFE8FF
:103F300003F0786F1E616A00426B0992D0E909A90B
:103F4000002B82D0013680E7054680E72A463146BD
:103F50000CA804F053FFB4E71D46B2E794F83920EB
:103F600069420CA804F088FE5A463146B4E7FB6863
:103F70009B0504D5D4E9051212A804F075FF0BF1D6
:103F8000010BBBF1040FCDD1B9F1010F06D909F135
:103F9000FF320AF1010112A804F066FF13998E4264
:103FA00009D9039B202BA6EB01013DD1424612A863
:103FB00004F062FE31460AAC009106AA06CA129BC2
:103FC0002046FFF7F2FD94E80300069012A88DF852
:103FD0001C1004F08BFC0CA804F088FC0023BB60D0
:103FE00006AB93E80300049B83E80300184619B06E
:103FF000BDE8F08FB9F1000FC1D09AF8001012A8F7
:1040000004F0BFFDBBE70CA912A804F029FFB6E736
:104010002DB14246059912A804F02EFEAFE74146A5
:10402000EDE7002DABD0F4E70A464346002112A885
:1040300004F04AFEBEE700002DE9F04F2DED028BA3
:10404000B0EE408AF0EE608A93B004AF07F110063C
:1040500086E80C0097F868307B6097F87030FB605A
:10406000FB6E81468A4607F11C0003F16C01F6F7EE
:1040700005F807F11C0007F06FFD92B0B860F6F785
:104080000DF807F138050DF1100845F8180D4FF03F
:10409000000B8DED028BCDF800B02B4B402241463A
:1040A0002846F7F719FD3F28044616DD0F3424F0A3
:1040B0000704ADEB040D421C3A60F5F7EFFF0DF17C
:1040C000100838628DED028BCDF800B01E4B3A68B7
:1040D00041462846F7F700FD044607F12803002271
:1040E000214628463B6204F055FC3B6AB86808EB61
:1040F00004024146FFF735FB7B680295C3B1FB68BC
:104100000193FB6E0093514696E80C004846FFF77A
:1041100066FD07F1200004F0E9FB07F11C00F6F74B
:1041200011F848463C37BD46BDEC028BBDE8F08F28
:10413000FB680193FB6E0093514696E80C004846DD
:10414000FFF763FEE5E700BF1CC90500F0B587B0C7
:1041500004AC84E80C000F9D9DF838200D9B9DF861
:1041600030700093CDE90125064694E80C0027B194
:10417000FFF735FD304607B0F0BDFFF746FEF9E723
:10418000036810B504465BB14068421C07D118466D
:10419000F7F70DF8431C0ABF00236060236010BDD1
:1041A0004FF0FF30FBE738B50D46FFF7E9FF044657
:1041B0002846FFF7E5FF431C584204F1010258412D
:1041C00054425441011B4842484138BD08B5FFF7ED
:1041D000EAFF80F00100C0B208BD2DE9F74F81462B
:1041E000DDE9120602A96C30DDF8448001E90C001B
:1041F00007F0B2FCB8F1020F83462ED0B8F1040FDD
:104200000CBF4FF47A770127002425464FF00A0AA5
:104210000CA96846FFF7DAFF08B3454521D0684688
:10422000FFF7AEFF2A22C1B25846FFF7B8FA30387E
:10423000C2B2092A20D80AFB0404109B04FB07F22F
:104240009A4219DC0F9B3A449A4215DD97FBFAF724
:104250006846FFF79FFC0135DAE70A27D4E74545B2
:104260000AD10E9B1C6002AB13E9030089E803002E
:10427000484603B0BDE8F08FB8F1040F03D1022D1A
:1042800001D1643CEDE7336843F004033360EAE7AF
:104290002DE9F04F85B000AF07F108047860F86CA5
:1042A000D7F844806C3084E80C0007F055FCBB6CF8
:1042B0009B000E3323F007038346ADEB030D07F19C
:1042C000380120466E46FFF781FF002843D0204684
:1042D000FFF756FF4FF000095FFA80FA4D46BB6CBE
:1042E000994510D058F829100978514505D146F85C
:1042F0002590013509F10109F1E75846FFF71DFA4C
:104300005045F7D1F3E74FF0000B012D4ED9B146E0
:1043100059F8042B58F8220011F012F806EB850129
:10432000824659F8040B396058F8200011F008F85B
:104330003968824528BF82464945F2D120460BF1B3
:10434000010BFFF727FCD34505D207F138012046C2
:10435000FFF73CFF78B93B6D3A6D1B6843F00403EF
:10436000136094E803007B68143783E80300184661
:10437000BD46BDE8F08F4FF0000A56F82A2058F8E5
:104380002220204612F80B203A60FFF7F9FE3A6827
:10439000C0B2824217BF05F1FF350AF1010A56F893
:1043A000252046F82A20AA45E7D3AEE7D3D12046F8
:1043B000FFF7F0FB356858F82560304610F0C0FF75
:1043C0000BF1010B8046C34514D207F1380120469A
:1043D000FFF7FCFE0028BED0204616F80BA0FFF722
:1043E000CFFEC0B28245B6D12046FFF7D3FB0BF11A
:1043F000010BE8E7AFD13B6C1D60B2E72DE9F04F50
:1044000087B000AF8146786DD7E913AB07F110058F
:104410006C3085E80C0007F09FFB4FEACB030833B4
:104420000646ADEB030D07F140012846E846FFF7CD
:10443000CDFEC0B32846FFF7A3FE4FEA4B03FB6057
:104440000023C2B21C46F968994213D05AF82310CF
:104450000978914204D148F8243001340133F2E75D
:104460003046C7E90123FFF768F97A68BB689042D4
:10447000F4D1F0E7BCB12846FFF78CFBA3000E3364
:1044800023F00703ADEB030D6E46002558F82530E9
:104490005AF8230010F054FF46F825000135AC42CD
:1044A000F4D1012502E000252E462C4607F14001FB
:1044B00007F11000FFF78AFE60B307F11000FFF765
:1044C0005FFE0023C0B219469C421BD956F8232038
:1044D0004FEA830CAA4206EB0C0E02D801310133DD
:1044E000F2E758F823205AF82220525D8242F6D093
:1044F000013C58F8242048F80C2056F82420CEF827
:104500000020E1E78C4205D007F11000FFF742FBE5
:104510000135CBE7012C15D13368AB4219D1D8F85E
:104520000030BA6C5B4528BFA3EB0B03136007F1A7
:10453000180313E903001C3789E803004846BD4609
:10454000BDE8F08F022C04D13368AB42E7D073682A
:10455000E3E7BB6DBA6D1B6843F00403E6E70000B8
:104560002DE9F04F9FB00D462A9C0B9004F16C068C
:104570000EA9304681E80C00DDF8B09007F0A4FDEC
:104580008246304607F0E8FA83462D9810F0D8FEB0
:1045900000260A9010960EAF28A93846FFF716FE9F
:1045A000DDF84080002866D00A9B9E4263D2B8F1B5
:1045B000000F60D12D9B4246995D5846FFF7EFF8FA
:1045C000252840F0D582731C0993711C2D9B42460F
:1045D000595C5846FFF7E3F84528CDF8448001D0F0
:1045E0004F2808D1B31C099309992D9B0022595CCF
:1045F0005846FFF7D4F841380EAE382800F2B3829F
:10460000DFE810F08000B500FE011601B102B10232
:10461000B10236015A01B102B102B1028801B10200
:10462000B102B102B102BC01C101F001B102B1029B
:10463000B102F901FE012802B102B102B102B102D8
:10464000B102B1024E009000BB00C100D600B10221
:10465000B1029000B102B102B102B1026401AD0138
:10466000B102B102B102B102B102E601B102B1027E
:10467000B102F401FE01B8F1000F02D10A9B9E4283
:1046800005D02B9B2B9A1B6843F00403136097E81B
:1046900003000B9B83E8030018461FB0BDE8F08FB2
:1046A000DAF808309A6C1292DA6C13921A6D14923E
:1046B0005A6D15929A6D1692DA6D17921B6E1893B9
:1046C00010ABCDE905430723049312AB039311AB61
:1046D000029328AB93E803008DE803000CAF0EAE05
:1046E00096E80C0029463846FFF7D2FD97E803000C
:1046F000109B86E8030013B9119BC9F81830099E76
:10470000013648E7DAF80830DA6A12921A6B139227
:104710005A6B14929A6B1592DA6B16921A6C179266
:104720005B6CCCE712AE3146504607F020F910AB77
:10473000CDE905430C23CDE9036311AB029328AB0C
:1047400093E803008DE803000CAF0EAE96E80C0072
:1047500029463846FFF79CFD97E80300109B86E842
:104760000300002BCBD1119BC9F81030C7E712AE64
:104770003146504607F0DCF8D9E7DAF808309B6993
:104780000CAF05935EE010ABCDE9064302261F2374
:10479000CDE904360123039311AB029328AB93E8D0
:1047A00003008DE803000CAF0EAE96E80C001EE08F
:1047B0003046FFF7E5FCDBF81830C0B20CAF1B5CED
:1047C00013F0080F23D03046FFF7E4F910AACDE923
:1047D000064209210122CDE90412039211AA029294
:1047E00028AA034692E803008DE803000CCB294673
:1047F0003846FFF7F2FC97E80300109B86E80300B9
:10480000002B7FF47CAF119BC9F80C3077E710AB1D
:10481000CDE9064302201F23CDE904300A23039388
:1048200011AB029328AB93E803008DE80300BCE7CB
:1048300012AEC24A3346A2F109015846FEF791FF73
:104840000CAF059610ABCDE90243CDF8109028AB24
:1048500093E803008DE803000EAE2946384696E83B
:104860000C00FFF77DFE97E8030086E8030046E7AB
:1048700010ABCDE9064302211723CDE904310CAF7B
:104880000023039311AB029328AB93E803008DE858
:1048900003000EAE96E80C0029463846FFF79DFC53
:1048A00097E80300109B86E80300002B7FF427AFF6
:1048B000119BC9F8083022E710ABCDE9064302226C
:1048C0000C23CDE904320CAF0123DAE710ABCDE9BC
:1048D00006434FF002080C23CDE90438012303936B
:1048E00011AB029328AB93E803008DE803000CAFF3
:1048F0000EAE96E80C0029463846FFF76EFC97E8A6
:104900000300109B86E80300002B7FF4F8AE119B98
:10491000013B29E710ABCDE906434FF0020E3B23E4
:10492000CDE9043E0023039311AB029328AB93E837
:1049300003008DE803000CAF0EAE96E80C0029468C
:104940003846FFF74AFC97E80300109B86E803000F
:10495000002B7FF4D4AE119BC9F80430CFE630466B
:10496000FFF70EFC0022C1B25846FEF718FF0A28D6
:1049700040F0F9803046FFF70DF9C0E6704A12AEFC
:104980003346911F59E710ABCDE906434FF0020CB7
:104990003D23CDE9043C0023039311AB029328ABE4
:1049A00093E803008DE803000CAF0EAE96E80C0010
:1049B00029463846FFF711FC97E80300109B86E86C
:1049C0000300002B7FF49BAE119BC9F8003096E6E4
:1049D0003046FFF7D5FB0022C1B25846FEF7DFFE96
:1049E0000928C5E712AE3346564A24E7DAF80830FC
:1049F0000CAF9B68C5E6DAF808300CAF1B69C0E65F
:104A000010ABCDE90643042642F20F73CDE904361C
:104A10000023039311AB029328AB93E803008DE8C6
:104A200003000CAF0EAE96E80C0029463846FFF79F
:104A3000D4FB97E80300109B86E80300002B7FF46B
:104A40005EAE119B002BB4BF6433A3F26C73C9F844
:104A5000143054E63046FFF793FBDBF81830C0B251
:104A60001B5CD8077FD510ABCDE905430E2304931B
:104A7000354B039312AB029328AB93E803008DE808
:104A800003000CAF2946384696E80C00FFF700FCFF
:104A900097E8030086E8030028A93046FFF796FB55
:104AA00000283FF42CAE109B002B7FF428AE129B05
:104AB000002B7FF424AE3046FFF762FB2D21074622
:104AC0005846FEF73DFEFFB2B8423FD110AF172364
:104AD0000222CDE90432CDE906470023039312AB4D
:104AE000029328AB93E803008DE803000CAE0DF1B0
:104AF000380898E80C0029463046FFF76EFB96E828
:104B000003003B2388E803000221CDE90431CDE90D
:104B100006470023039312AB029328AB93E80300EC
:104B20008DE803002946304698E80C00FFF755FB56
:104B300096E8030088E80300E1E500BF0DC9050021
:104B400013C905001CC90500A06100203046FFF70D
:104B500017FB2B2106465846FEF7F2FDF6B2B0428F
:104B60007FF4CDADB2E7109B43F004031093C6E58C
:104B70002D9B384613F80680FFF702FBC0B2804534
:104B800003D13846FFF706F8BAE5109B43F004035B
:104B90001093B5E52DE9F0438BB0DDE9148608AC40
:104BA000054608F16C00894684E80C0007F08CFA91
:104BB00083681B690593169BCDF80880CDE90363D4
:104BC00012AB93E803008DE8030006AF4946384670
:104BD00094E80C00FFF7C4FC97E8030084E80300A6
:104BE00012A92046FFF7DFFA18B1336843F0020339
:104BF000336094E8030085E8030028460BB0BDE865
:104C0000F0832DE9F0438BB0DDE9148608AC05464E
:104C100008F16C00894684E80C0007F055FA8368B7
:104C20009B680593169BCDF80880CDE9036312AB12
:104C300093E803008DE8030006AF4946384694E840
:104C40000C00FFF78DFC97E8030084E8030012A92D
:104C50002046FFF7A8FA18B1336843F00203336027
:104C600094E8030085E8030028460BB0BDE8F08314
:104C70002DE9F0479CB0DDE9268508F16C070AAC08
:104C800006463846894684E80C0007F01DFA82463D
:104C9000384606F061FFDAF808309A6C0E92DA6C4A
:104CA0000F921A6D10925A6D11929A6D1292DA6DDE
:104CB00013921A6E1492DA6A15921A6B16925A6B44
:104CC00017929A6B1892DA6B19921A6C5B6C1B93A1
:104CD00000230D930DABCDE9058307231A920493AE
:104CE0000EAB03930CAB029324AB93E803008DE867
:104CF000030008AF94E80C0049463846FFF77EFBF6
:104D000097E803000D9B84E803009BB9289B0C9A4D
:104D10009A6124A92046FFF746FA18B12B6843F0A0
:104D200002032B6094E8030086E8030030461CB0C1
:104D3000BDE8F0872B6843F004032B60E9E72DE919
:104D4000F047A6B0DDE9309509F16C080AAC0646DB
:104D5000404684E80C008A4607F0B6F9074640460C
:104D60000DF1380806F0F8FE3846414606F0FFFD22
:104D700038461AA906F0DCFD00230D930DABCDE9F2
:104D800005930C23CDE903830CAB02932EAB93E880
:104D900003008DE8030008AF94E80C005146384644
:104DA000FFF72CFB97E803000D9B84E803009BB9F9
:104DB000329B0C9A1A612EA92046FFF7F4F918B11C
:104DC0002B6843F002032B6094E8030086E803009D
:104DD000304626B0BDE8F0872B6843F004032B6013
:104DE000E9E72DE9F0438FB0DDE918850AAC064606
:104DF00008F16C00894684E80C0006F0ADFE0DAAAF
:104E0000CDE90682042142F20F720023CDE904218C
:104E100003930D930CAB029316AB93E803008DE85C
:104E2000030008AF94E80C0049463846FFF7D5F96F
:104E300097E803000D9B84E80300C3B90C9B1A9A02
:104E4000002BB4BF6433A3F26C73536116A92046E0
:104E5000FFF7A9F918B12B6843F002032B6094E81F
:104E6000030086E8030030460FB0BDE8F0832B68EE
:104E700043F004032B60E9E72DE9F04F8DB0DDE945
:104E80001895074608AC09F16C0084E80C008A46C6
:104E90009DF86CB09DF8708006F05EFE00232B60DC
:104EA000037F064693B390F842008DF82C00B8F1CA
:104EB000000F33D18DF82DB08DF82E800BAB0593FC
:104EC0001A9BCDF80890CDE9035316AB93E8030085
:104ED0008DE8030006AE5146304694E80C00FFF71B
:104EE0003FFB96E8030084E8030016A92046FFF77D
:104EF0005AF918B12B6843F002032B6094E80300C1
:104F000087E8030038460DB0BDE8F08F03F09DFC44
:104F1000336825219B6930469847C6E700238DF802
:104F20002D808DF82EB08DF82F30C7E72DE9F04F8A
:104F30009BB00AA981E80C00DDE9263803F16C0476
:104F40000790204606F008FE05902046FEF770FA0E
:104F500000F138030893036A04461BB1836A0033E7
:104F600018BF0123029310AB0E9300230F938DF80B
:104F70004030237C1BB120210EA803F0D0FD00257A
:104F800016AB202114A8149315958DF8585003F0F2
:104F9000C6FD04F139031AAA0993636B42F8343D44
:104FA0002F4604922E460395A9460195049BEB5C7F
:104FB000042B3ED8DFE813F0550128012900A0009A
:104FC000DC00BAF1000FF1D1D8F8003043F004034F
:104FD000C8F800300AAC24A92046FFF7E4F828B14D
:104FE000D8F8003043F00203C8F8003094E803001A
:104FF000079B83E8030014A803F078FC0EA803F0D5
:1050000075FC07981BB0BDE8F08F269BDB68980500
:105010001ED4B9F1010F1BD8D5B1012D0CD1029BC3
:10502000B3B99DF83430032B12D09DF83630012BE4
:105030000ED04FF0010A2CE0022DFAD19DF8373046
:10504000042B05D0029A002AF3D0032B40F00C81E8
:10505000A36906934FF0000B24A90AA8FFF7B6F83E
:10506000069B824600283ED09B4512D00AA8FFF737
:1050700087F8636913F80B30C0B2834236D0BBF1B6
:10508000000F40F0F480269BDB6883F40073C3F3C9
:10509000402A0135042D94D1B9F1010F40F22C8141
:1050A000BAF1000F90D0019B002B00F0E380656AFD
:1050B0004FF0010B24A90AA8FFF788F8002800F098
:1050C000DB80D94500F0DB800AA8FFF759F815F816
:1050D0000B30C0B283427FF477AF0AA8FEF75AFDC7
:1050E0000BF1010BE6E79B45C9D1A2E70AA8FEF741
:1050F00051FD0BF1010BAFE7236ABBB9A36A53B3B0
:1051000024A90AA8FFF762F8824620B30AA8FFF78D
:1051100037F8626A1278C0B282421CD10AA8D4F869
:105120002890FEF737FDCDF804A0B2E724A90AA81D
:10513000FFF74CF882460028E0D00AA8FFF720F8D5
:10514000E2691278C0B28242D8D10AA8D4F820907D
:10515000FEF720FD9DE7236A1BB9029B83F0010A3D
:1051600097E7A36A002BF8D1012301939A4690E7B1
:1051700024A90AA8FFF72AF88246002841D00AA8E5
:10518000FEF7FEFF0DF133025FFA80FB0A2109985A
:105190008DF833B0FBF736FE80B1089BC01A594B2F
:1051A0001B68195C14A803F0ECFC06F1010B039ECC
:1051B0000AA8FEF7EFFC03965E46D9E7627C5A45E3
:1051C00006D12FB9E26A002A11DD57468346EFE780
:1051D000227C62B1A37C5B4508D177B97EB1F1B284
:1051E0000EA803F0CEFCBB46039EE1E79246159A5B
:1051F000002A08BF4FF0000A4BE7BA46F7E7B2466D
:10520000F5E74FF0010AF2E724A90AA8FEF7DEFF4E
:105210008246C8B94FF0000A032D3FF43AAF24A9E3
:105220000AA8FEF7D3FF00283FF433AF0AA8FEF721
:10523000A7FF059BC0B29A69125C12077FF529AFE0
:105240000AA8FEF7A7FCEAE70AA8FEF799FF059B64
:10525000C0B29A69125C1107DCD50AA8FEF79AFC65
:10526000DAE74FF0010AD7E7DDF808A011E74FF0C1
:10527000000A0EE7E5691BE7D9457FF4A5AE159B4B
:10528000012B11D90022302114A803F087FE024619
:1052900050B1431C08BF159A4FF0000108BF02F13E
:1052A000FF3214A803F08CFC019B3BB114990B78DE
:1052B000302B03D02D2214A803F018FD0F9B8BB1C7
:1052C000F7B19DF80C100EA803F05BFC0EAAD4E910
:1052D00002010BF0D5FE28B9D8F8003043F00403E2
:1052E000C8F800301FB1E36AB3427FF46DAE14A971
:1052F000289803F0E5FD6DE6BAF1000FBFD163E633
:10530000F1B2E0E79C6100202DE9F04F9BB00AA9C3
:1053100081E80C00DDE9263803F16C040790204693
:1053200006F01AFC05902046FEF7B6F800F13803A7
:105330000893036A04461BB1836A003318BF012334
:10534000029310AB0E9300230F938DF84030237C13
:105350001BB120210EA803F0E2FB002516AB202193
:1053600014A8149315958DF8585003F0D8FB04F148
:1053700039031AAA0993636B42F8343D2F4604920D
:105380002E460395A9460195049BEB5C042B3ED861
:10539000DFE813F0550128012900A000DC00BAF174
:1053A000000FF1D1D8F8003043F00403C8F8003002
:1053B0000AAC24A92046FEF7F6FE28B1D8F8003042
:1053C00043F00203C8F8003094E80300079B83E829
:1053D000030014A803F08AFA0EA803F087FA0798CE
:1053E0001BB0BDE8F08F269BDB6898051ED4B9F191
:1053F000010F1BD8D5B1012D0CD1029BB3B99DF87B
:105400003430032B12D09DF83630012B0ED04FF0E4
:10541000010A2CE0022DFAD19DF83730042B05D07B
:10542000029A002AF3D0032B40F00C81A369069363
:105430004FF0000B24A90AA8FEF7C8FE069B82467F
:1054400000283ED09B4512D00AA8FEF799FE63695A
:1054500013F80B30C0B2834236D0BBF1000F40F0DE
:10546000F480269BDB6883F40073C3F3402A013584
:10547000042D94D1B9F1010F40F22C81BAF1000F43
:1054800090D0019B002B00F0E380656A4FF0010B88
:1054900024A90AA8FEF79AFE002800F0DB80D9456F
:1054A00000F0DB800AA8FEF76BFE15F80B30C0B2E7
:1054B00083427FF477AF0AA8FEF76CFB0BF1010B78
:1054C000E6E79B45C9D1A2E70AA8FEF763FB0BF10B
:1054D000010BAFE7236ABBB9A36A53B324A90AA897
:1054E000FEF774FE824620B30AA8FEF749FE626A00
:1054F0001278C0B282421CD10AA8D4F82890FEF7D4
:1055000049FBCDF804A0B2E724A90AA8FEF75EFE85
:1055100082460028E0D00AA8FEF732FEE26912783F
:10552000C0B28242D8D10AA8D4F82090FEF732FB4C
:105530009DE7236A1BB9029B83F0010A97E7A36AE0
:10554000002BF8D1012301939A4690E724A90AA8D9
:10555000FEF73CFE8246002841D00AA8FEF710FE66
:105560000DF133025FFA80FB0A2109988DF833B000
:10557000FBF748FC80B1089BC01A594B1B68195CAB
:1055800014A803F0FEFA06F1010B039E0AA8FEF729
:1055900001FB03965E46D9E7627C5A4506D12FB9D6
:1055A000E26A002A11DD57468346EFE7227C62B1AA
:1055B000A37C5B4508D177B97EB1F1B20EA803F0A8
:1055C000E0FABB46039EE1E79246159A002A08BF1F
:1055D0004FF0000A4BE7BA46F7E7B246F5E74FF05F
:1055E000010AF2E724A90AA8FEF7F0FD8246C8B92D
:1055F0004FF0000A032D3FF43AAF24A90AA8FEF7A2
:10560000E5FD00283FF433AF0AA8FEF7B9FD059B7E
:10561000C0B29A69125C12077FF529AF0AA8FEF79B
:10562000B9FAEAE70AA8FEF7ABFD059BC0B29A6992
:10563000125C1107DCD50AA8FEF7ACFADAE74FF0E6
:10564000010AD7E7DDF808A011E74FF0000A0EE7DE
:10565000E5691BE7D9457FF4A5AE159B012B11D950
:105660000022302114A803F099FC024650B1431CDB
:1056700008BF159A4FF0000108BF02F1FF3214A8CD
:1056800003F09EFA019B3BB114990B78302B03D0A9
:105690002D2214A803F02AFB0F9B8BB1F7B19DF8C4
:1056A0000C100EA803F06DFA0EAAD4E902010BF05B
:1056B000E7FC28B9D8F8003043F00403C8F80030FC
:1056C0001FB1E36AB3427FF46DAE14A9289803F0CA
:1056D000F7FB6DE6BAF1000FBFD163E6F1B2E0E788
:1056E0009C6100202DE9F04192B008AC84E80C00E8
:1056F000DDE91B380EAA8C469DF868100C920CAFA1
:105700000022029306460D928DF8382006ADCDE9B1
:10571000038718AB19B393E803008DE803006146D3
:1057200094E80C002846FFF701FC95E803000C9D67
:1057300084E80300F4F7B2FC12AB424643F81C0DB8
:105740001D992846F4F7CAFE94E8030086E8030092
:10575000384603F0CBF8304612B0BDE8F08193E84C
:1057600003008DE80300614694E80C002846FFF72B
:10577000CBFDDAE72DE9F04F91B008ACDDF874B05D
:105780009DF8708006460BF16C00894684E80C0099
:1057900006F0E2F91E9BCDE902B30AAF04971AABFB
:1057A000824693E803008DE803000CAA0A9206AD36
:1057B00000220B928DF83020494694E80C002846D0
:1057C000B8F1000F1DD0FFF7B1FB95E803000B9D6A
:1057D00084E8030055B129461F9803F066FA0A9938
:1057E0001F9B4A191B685046FDF7BBFF94E8030056
:1057F00086E80300384603F079F8304611B0BDE87A
:10580000F08FFFF781FDE0E7184B1A68D1075CBF06
:1058100001221A60164B1A68D2075CBF01221A6077
:10582000144B1A68D0075CBF01221A60124B1A6829
:10583000D1075CBF01221A60104B1A68D2075CBF07
:1058400001221A600E4B1A68D0075CBF01221A6051
:105850000C4B1A68D1075CBF01221A600A4B1A6808
:10586000D2075CBF01221A60704700BF84970020F6
:10587000809700207C970020789700207497002064
:10588000709700206C970020689700208368586903
:1058900070478368986970478368586B704783685E
:1058A0009B6B0020DAB262F30700C3F3072262F3B6
:1058B0000F20C3F3074262F317401B0E82B063F35D
:1058C0001F6002B070478368DB6B0020DAB262F3BE
:1058D0000700C3F3072262F30F20C3F3074262F30A
:1058E00017401B0E82B063F31F6002B070478368DD
:1058F000586970478368986970478368586B704728
:1059000083689B6B0020DAB262F30700C3F30722BF
:1059100062F30F20C3F3074262F317401B0E82B0FD
:1059200063F31F6002B070478368DB6B0020DAB25C
:1059300062F30700C3F3072262F30F20C3F30742A9
:1059400062F317401B0E82B063F31F6002B0704712
:105950008368586A70478368986A70470020704768
:105960000020704770470020914204D251F8043B58
:1059700003EB7060F8E7704710B5034B0360044613
:10598000F4F772FB204610BD28DB050010B5044675
:10599000FFF7F2FF2046F2F7B3FA204610BD0000F1
:1059A00010B5034B03600446F4F75EFB204610BDC0
:1059B00040DB050010B50446FFF7F2FF2046F2F782
:1059C0009FFA204610BD000010B5034B036004464B
:1059D000F4F74AFB204610BD58DB050010B504461D
:1059E000FFF7F2FF2046F2F78BFA204610BD0000C9
:1059F00010B5054B044640F8083BF4F7DBFD2046A4
:105A0000F4F732FB204610BD0CDB050010B5044650
:105A1000FFF7EEFF2046F2F773FA204610BD0000B4
:105A200010B5054B044640F8083BF4F7C3FD20468B
:105A3000F4F71AFB204610BD64DA050010B50446E1
:105A4000FFF7EEFF2046F2F75BFA204610BD00009C
:105A50002DE9F04107461648F4F78AFB3B68D3F876
:105A60000C8058F820500646F5B97020F2F744FA39
:105A7000104B456004460360C0E902550574C0E957
:105A80000555C0E90755C0E90955C0E90B55C0E9FE
:105A90000D55C56380F86C503946F6F723FE324643
:105AA00021463868F4F722FC58F82600BDE8F0815A
:105AB000E097002020C105002DE9F0410746164877
:105AC000F4F756FB3B68D3F80C8058F82050064694
:105AD000F5B97020F2F710FA104B456004460360E8
:105AE000C0E902550574C0E90555C0E90755C0E98C
:105AF0000955C0E90B55C0E90D55C56380F86C50D8
:105B00003946F6F729FD324621463868F4F7EEFBB0
:105B100058F82600BDE8F081E497002030C1050068
:105B200000F1080373B5044603600D46E1B1084671
:105B30000FF006FC0F2805EB0006019007D90022A4
:105B400001A9204602F0B8FE019B2060A360324606
:105B50002946206802F03DFF019B22686360002116
:105B60002046D15402B070BD014804F08FFF00BF41
:105B7000DFC4050010B58B6804469968FFF7D0FFB5
:105B8000204610BD10B58B6804469968FFF7C8FF22
:105B9000204610BD10B58B6804469968FFF7C0FF1A
:105BA000204610BD73B5044616460D4619B912B10C
:105BB0000D4804F06BFF731B9B10032B019307D957
:105BC000002201A92046F4F763FE019B2060A36038
:105BD000324629462068F4F7F1FE01992046F4F791
:105BE00050FE02B070BD00BFDFC405002DE9F043D8
:105BF0008DB01C46814602AB68460093FFF7D2FF8A
:105C000008AB2146149A069306A8FFF7CBFFDDE9FF
:105C10000053DDE9064705EB830804EB87072246BE
:105C2000294648460BF0FCF9064678B9284611F09B
:105C300075FC05EB8005204611F070FCA84504EBCF
:105C400080040DD13E1B18BF4FF0FF3606A8F4F7B5
:105C500041FE6846F4F73EFE30460DB0BDE8F083E5
:105C6000A74202D004350434D9E70126EEE700004C
:105C70002DE9F0471C4600F1080386B01546036085
:105C80000023C0E90133224602AB07468946684635
:105C900029460093FFF786FFDDE90063641B06EBEE
:105CA0008308214BDFF880A064109C4294BFA000C1
:105CB0004FF0FF30F2F722F90546234632462946D7
:105CC00048460BF0B8F9844211D8441C2846F2F734
:105CD00019F9544594BFA0004FF0FF30F2F70EF9C8
:105CE000234605460146324648460BF0A4F90246D3
:105CF00029463846F5F7AEF8304611F00FFC06EBB2
:105D00008006B04505D0002138460436F4F732FF4E
:105D1000D3E72846F2F7F6F86846F4F7DBFD384695
:105D200006B0BDE8F08700BFFEFFFF1F38B500F1E9
:105D30000803044603600D4651B1084611F0EEFB1E
:105D400005EB800220462946FFF72CFF204638BD90
:105D50006FF00302F6E710B58B680446D969FFF7C8
:105D6000E5FF204610BD10B58B680446596AFFF761
:105D7000DDFF204610BD10B58B680446D96AFFF7D9
:105D8000D5FF204610BD10B58B680446D969FFF7D2
:105D9000CDFF204610BD10B58B680446596AFFF749
:105DA000C5FF204610BD10B58B680446D96AFFF7C1
:105DB000BDFF204610BD10B58B6804465969FFF73A
:105DC000B5FF204610BD10B58B680446D969FFF7B2
:105DD000ADFF204610BD000010B5003218BF0122F3
:105DE0004260054B036000220446816011460BF0BF
:105DF0004BFB204610BD00BFD8DA050003689B6846
:105E000018470368DB68184710B50B6804461B6920
:105E10009847204610BD10B50B6804465B6998474B
:105E2000204610BD10B50B6804469B699847204674
:105E300010BD10B50B680446DB699847204610BDBD
:105E400003681B6A184703685B6A82B002B0184790
:105E500003689B6A82B002B01847000010B5003298
:105E600018BF01224260054B036000220446816096
:105E700011460BF0B7FA204610BD00BFA4DA0500AA
:105E800003689B6818470368DB68184710B50B6800
:105E900004461B699847204610BD10B50B680446A0
:105EA0005B699847204610BD10B50B6804469B6996
:105EB0009847204610BD10B50B680446DB6998472B
:105EC000204610BD03681B6A184703685B6A82B0EE
:105ED00002B0184703689B6A82B002B01847F0B559
:105EE00089B006AC84E80C00139A0B680592129AEC
:105EF0000492119A03929DF8402002920EAA054640
:105F00000E4692E803008DE8030028469F6831465C
:105F100094E80C00B847284609B0F0BDF0B589B048
:105F200006AC84E80C00139A0B680592129A04924E
:105F3000119A03929DF8402002920EAA05460E4641
:105F400092E803008DE803002846DF68314694E8B4
:105F50000C00B847284609B0F0BD70B586B004AC57
:105F600084E80C000C9A02920B9A01920B689DF83F
:105F7000282000929E6894E80C000546B047284609
:105F800006B070BD70B586B004AC84E80C000D9A04
:105F900003920C9A02920B9A01920B689DF82820AA
:105FA0000092DE6894E80C000546B047284606B02B
:105FB00070BD000010B5003218BF0122044B4260D2
:105FC00004460360816000210BF052FB204610BDA7
:105FD00080DA050003689B6818470368DB68184788
:105FE00010B50B6804461B699847204610BD10B5D4
:105FF0000B6804465B699847204610BD10B50B68D6
:1060000004469B699847204610BD03689B68184763
:10601000F0B589B006AC84E80C00129A0B680492C3
:10602000119A0392109A02920EAA05460E4692E821
:1060300003008DE803002846DF68314694E80C0031
:10604000B847284609B0F0BDF0B589B006AC84E881
:106050000C00129A0B680492119A0392109A029201
:106060000EAA05460E4692E803008DE80300284676
:106070001F69314694E80C00B847284609B0F0BDC6
:10608000F0B589B006AC84E80C00129A0B68049253
:10609000119A0392109A02920EAA05460E4692E8B1
:1060A00003008DE8030028465F69314694E80C0040
:1060B000B847284609B0F0BDF0B589B006AC84E811
:1060C0000C00129A0B680492119A0392109A029291
:1060D0000EAA05460E4692E803008DE80300284606
:1060E0009F69314694E80C00B847284609B0F0BDD6
:1060F000F0B589B006AC84E80C00129A0B680492E3
:10610000119A0392109A02920EAA05460E4692E840
:1061100003008DE803002846DF69314694E80C004F
:10612000B847284609B0F0BD003110B518BF0121AD
:10613000044B416003600446F3F7B0FFA0602046C3
:1061400010BD00BF0CDB050003689B68184773B5E2
:10615000079E01960D68069E0096ED680446A847C6
:10616000204602B070BD03681B691847003110B5A6
:1061700018BF0121044B416003600446F3F78EFF12
:10618000A060204610BD00BF64DA050010B40468AA
:10619000A468A4465DF8044B604738B50D68044612
:1061A000ED68A847204638BD2DE9F04F99B006AFFD
:1061B000DDF88880049008F16C04204687E80C0024
:1061C000DDF89090F5F786FF05462046FFF740FC86
:1061D000D9F80060036C32689A420446D9F804305A
:1061E0007BD0D0E909A9826B09922A682846D2F8A7
:1061F00014B006EB830332460421D847801B851078
:10620000AB46002D00F0B9800EAB002269000CA84F
:106210000C93CDE90D220392F4F77AFC616B6B1AB3
:10622000002B68DD15EA210538BF1D46E368002B09
:106230005BD0039A69000CA8F4F737FD06EB8503E1
:10624000CDE900630C98A169D4E90223F6F76EF852
:106250000C99411A4FF0FF3289100CA8F4F7AAFCF0
:10626000636B002B0BDD61690CA8F4F783FC002D38
:1062700043DB626B06EB85010CA8F4F7EBFDD8F865
:106280000C2002F0B003039312F400720D9B18BFB0
:10629000226A4B441344590014AA002512A80593FE
:1062A0001292CDE91355F4F733FC039BD8F808603C
:1062B000102B059B03D1B3422CBF00250125F31AF7
:1062C0004FF0000B059309AB13F80B30042B25D8C6
:1062D000DFE803F0766D1B5F6800C26B0992D0E9BE
:1062E0000BA9002B81D004367FE72A4631460CA843
:1062F000F4F778FDB4E71D46B2E7626C69420CA87A
:10630000F4F7B8FC5A463146B6E7D8F80C309B058E
:1063100004D5D4E9071212A8F4F79CFD0BF1010B88
:10632000BBF1040FCFD1B9F1010F06D909F1FF324A
:106330000AF1040112A8F4F78DFD13998E4209D9D0
:10634000039B202BA6EB01013DD1239A12A8F4F761
:1063500091FC31460AAC009197E80600129B20465A
:10636000F6F742FB94E80300069012A88DF81C1083
:10637000F4F7B0FA0CA8F4F7ADFA97E8030000239D
:10638000C8F80830049B83E80300184619B0BDE83C
:10639000F08FB9F1000FC1D0DAF8001012A8F4F7AD
:1063A000E9FBBBE70CA912A8F4F74FFDB6E72DB146
:1063B000239A059912A8F4F75DFCAFE72399EDE75E
:1063C000002DABD0F4E70A46239B002112A8F4F776
:1063D00077FCBEE72DE9F04F99B006AFDDF8888075
:1063E000049008F16C04204687E80C00DDF89090DA
:1063F000F5F770FE05462046FFF75EFBD9F8006012
:10640000036C32689A420446D9F804307BD0D0E954
:1064100009A9826B09922A682846D2F814B006EBC3
:10642000830332460421D847801B8510AB46002DDC
:1064300000F0B9800EAB002269000CA80C93CDE9E6
:106440000D220392F4F764FB616B6B1A002B68DD7D
:1064500015EA210538BF1D46E368002B5BD0039A7F
:1064600069000CA8F4F721FC06EB8503CDE9006375
:106470000C98A169D4E90223F5F758FF0C99411A49
:106480004FF0FF3289100CA8F4F794FB636B002BDC
:106490000BDD61690CA8F4F76DFB002D43DB626B2B
:1064A00006EB85010CA8F4F7D5FCD8F80C2002F017
:1064B000B003039312F400720D9B18BF226A4B4481
:1064C0001344590014AA002512A805931292CDE98D
:1064D0001355F4F71DFB039BD8F80860102B059BA0
:1064E00003D1B3422CBF00250125F31A4FF0000B56
:1064F000059309AB13F80B30042B25D8DFE803F024
:10650000766D1B5F6800C26B0992D0E90BA9002B66
:1065100081D004367FE72A4631460CA8F4F762FCA6
:10652000B4E71D46B2E7626C69420CA8F4F7A2FB1F
:106530005A463146B6E7D8F80C309B0504D5D4E965
:10654000071212A8F4F786FC0BF1010BBBF1040F44
:10655000CFD1B9F1010F06D909F1FF320AF10401D7
:1065600012A8F4F777FC13998E4209D9039B202BCC
:10657000A6EB01013DD1239A12A8F4F77BFB31462B
:106580000AAC009197E80600129B2046F6F72CFA19
:1065900094E80300069012A88DF81C10F4F79AF9FD
:1065A0000CA8F4F797F997E803000023C8F808301F
:1065B000049B83E80300184619B0BDE8F08FB9F1D9
:1065C000000FC1D0DAF8001012A8F4F7D3FABBE735
:1065D0000CA912A8F4F739FCB6E72DB1239A059956
:1065E00012A8F4F747FBAFE72399EDE7002DABD0F6
:1065F000F4E70A46239B002112A8F4F761FBBEE7EB
:106600002DE9F04F2DED028BB0EE408AF0EE608A5E
:1066100093B004AF07F1100686E80C0097F86830D5
:10662000BB60FB6E81468A4607F11C0003F16C01DA
:10663000F3F724FD07F11C00F5F74CFD92B0F8606C
:10664000F3F72CFD07F138050DF1100845F8180D8A
:106650004FF0000B8DED028BCDF800B02A4B40229D
:1066600041462846F5F738FA3F28044616DD0F3430
:1066700024F00704ADEB040D421C7A60F3F70EFD25
:106680000DF1100838628DED028BCDF800B01E4B75
:106690007A6841462846F5F71FFA044607F12803B1
:1066A0000022214628463B62F4F769F93B6AF86804
:1066B00008EB04024146F5F747FFBB680295C3B1FA
:1066C0003B6F0193FB6E0093514696E80C004846E1
:1066D000FFF76AFD07F12000F4F7FCF807F11C0052
:1066E000F3F730FD48463C37BD46BDEC028BBDE8B4
:1066F000F08F3B6F0193FB6E0093514696E80C00C0
:106700004846FFF767FEE5E71CC90500F0B587B00E
:1067100004AC84E80C00DDE90D320F9D9DF830706B
:106720000093CDE90125064694E80C0027B1FFF758
:106730003BFD304607B0F0BDFFF74CFEF9E72DE911
:10674000F74F8146DDE9120602A96C30DDF844807E
:1067500001E90C00F5F7BEFCB8F1020F83462ED01C
:10676000B8F1040F0CBF4FF47A77012700242546B7
:106770004FF00A0A0CA96846F7F791FA08B34545A5
:1067800021D06846F7F765FA2A2201465846F6F7FF
:106790003AFC3038C2B2092A20D80AFB0404109B04
:1067A00004FB07F29A4219DC0F9B3A449A4215DD2A
:1067B00097FBFAF76846F6F709F90135DAE70A2791
:1067C000D4E745450AD10E9B1C6002AB13E90300D8
:1067D00089E80300484603B0BDE8F08FB8F1040F24
:1067E00003D1022D01D1643CEDE7336843F004038B
:1067F0003360EAE72DE9F04F87B000AF07F11004EE
:10680000F860786DD7F84C806C3084E80C00F5F7B0
:1068100061FC3B6D9B000E3323F007038346ADEB19
:10682000030D07F1400120466E46F7F738FA0028BD
:106830007ED02046F7F70DFA4FF0000982464D460C
:106840003B6D994510D058F829100968514505D17C
:1068500046F82590013509F10109F1E75846F7F7A7
:10686000F5F95045F7D1F3E74FF0000B012D41D971
:10687000B14659F8042B58F8220010F04FFE06EBF1
:106880008501824659F8040BB96058F8200010F0D1
:1068900045FEB968824528BF82464945F2D1204667
:1068A0000BF1010BF6F792F8D34541D207F1400105
:1068B0002046F7F7F4F900283AD04FEA8B024FF060
:1068C000000A56F82A1058F8211089582046C7E9BE
:1068D0000121F7F7BEF9B9687A68814217BF05F15F
:1068E000FF350AF1010A56F8251046F82A10AA4584
:1068F000E7D3BBE71CD12046F6F768F8356858F8AF
:106900002560304610F00AFE0BF1010B8046C345AE
:106910001ED207F140012046F7F7C1F940B156F801
:106920002B30BB602046F7F794F9BB68834213D045
:10693000BB6DBA6D1B6843F00403136094E8030059
:10694000FB681C3783E803001846BD46BDE8F08F9E
:10695000EED1BB6C1D60F1E72046F6F737F80BF17E
:10696000010BD4E72DE9F04F85B000AF8146F86CFC
:10697000D7F844A007F108086C3088E80C00F5F758
:10698000A9FBBB6CDB0008338346ADEB030D07F1BD
:10699000380140466D46F7F782F9B0B34046F7F745
:1069A00058F9BA6C0026034652003446B24213D05E
:1069B0005AF826100968994204D145F82460013438
:1069C0000136F3E75846C7E90032F7F73FF93B686D
:1069D0007A689842F4D1F0E7BCB14046F5F7F6FF8B
:1069E000A3000E3323F00703ADEB030DEB460026A7
:1069F00055F826305AF8230010F090FD4BF8260089
:106A00000136B442F4D1012602E00026B3463446F2
:106A10004FEA860807F1380107F10800F7F73FF958
:106A200068B307F10800F7F714F900238446194604
:106A30009C421AD95BF823209800B2420BEB000E5F
:106A400002D801310133F3E755F823205AF8222008
:106A500052F808206245F5D0013C55F824202A5010
:106A60005BF82420CEF80020E2E78C4208F104080D
:106A700005D007F10800F5F7A9FF0136CAE7012C98
:106A800015D1DBF80030B3421AD1BA6C2B689342AF
:106A900028BF9B1A3A6C136007F1100313E9030037
:106AA000143789E803004846BD46BDE8F08F022C44
:106AB00006D1DBF80030B342E7D0DBF80430E2E780
:106AC0003B6D3A6D1B6843F00403E4E72DE9F04F9A
:106AD0009FB00D462A9C0B9004F16C060EA930461F
:106AE00081E80C00DDF8B080F5F7A8FB824630465F
:106AF000F5F7F0FA83462D9810F010FD00260A9065
:106B000010960EAF28A93846F7F7C9F8DDF840907F
:106B1000002869D00A9B9E4266D2B9F1000F63D16A
:106B20002D9B03EB860308932D9B4A4653F82610B2
:106B30005846F6F768FA252840F0CF82731C09936F
:106B4000089B4A4659685846F6F75DFA4528CDF83D
:106B5000449001D04F2807D1B31C0993089B002211
:106B600099685846F6F74FFA41380EAE382800F2C9
:106B7000AF82DFE810F08000B500FD011501AD0225
:106B8000AD02AD021B013F01AD02AD02AD026E01CF
:106B9000AD02AD02AD02AD02A201C101EF01AD0235
:106BA000AD02AD02F801FD012702AD02AD02AD025A
:106BB000AD02AD02AD024E009000BB00C100D60098
:106BC000AD02AD029000AD02AD02AD02AD024A01D0
:106BD0009301AD02AD02AD02AD02AD02E501AD0221
:106BE000AD02AD02F301FD01B9F1000F02D10A9B24
:106BF0009E4205D02B9B2B9A1B6843F00403136025
:106C000097E803000B9B83E8030018461FB0BDE81C
:106C1000F08FDAF808309A6C1292DA6C13921A6DCF
:106C200014925A6D15929A6D1692DA6D17921B6E28
:106C3000189310ABCDE905430723049312AB0393DC
:106C400011AB029328AB93E803008DE803000CAF6F
:106C50000EAE96E80C0029463846FFF7CBFD97E8C4
:106C60000300109B86E8030013B9119BC8F8183085
:106C7000099E013645E7DAF80830DA6A12921A6B93
:106C800013925A6B14929A6B1592DA6B16921A6CD5
:106C900017925B6CCCE712AE31465046F5F725F9FA
:106CA00010ABCDE905430C23CDE9036311AB02938F
:106CB00028AB93E803008DE803000CAF0EAE96E816
:106CC0000C0029463846FFF795FD97E80300109B16
:106CD00086E80300002BCBD1119BC8F81030C7E722
:106CE00012AE31465046F5F7E1F8D9E7DAF8083048
:106CF0009B690CAF0593E9E010ABCDE90643022098
:106D00001F23CDE904300123039311AB029328AB79
:106D100093E803008DE803000CAF0EAE96E80C007C
:106D20001DE03046F6F795FF082102465846F5F774
:106D300058FE0CAF18B33046F5F748FE10AACDE95F
:106D4000064209210122CDE90412039211AA0292FE
:106D500028AA034692E803008DE803000CCB2946DD
:106D60003846FFF7ECFC97E80300109B86E8030029
:106D7000002B7FF47DAF119BC8F80C3078E710AB87
:106D8000CDE9064302211F23CDE904310A230393F1
:106D900011AB029328AB93E803008DE80300BDE735
:106DA00012AEC74A3346A2F109018AE010ABCDE921
:106DB000064302221723CDE904320CAF00230393CC
:106DC00011AB029328AB93E803008DE803000EAEED
:106DD00096E80C0029463846FFF7B1FC97E8030017
:106DE000109B86E80300002B7FF442AF119BC8F88C
:106DF00008303DE710ABCDE906434FF002090C2304
:106E0000CDE904390CAF0123D9E710ABCDE9064336
:106E10004FF0020E0C23CDE9043E0123039311AB86
:106E2000029328AB93E803008DE803000CAF0EAE8D
:106E300096E80C0029463846FFF781FC97E80300E6
:106E4000109B86E80300002B7FF412AF119B013BDF
:106E500043E710ABCDE906434FF0020C3B23CDE9ED
:106E6000043C0023039311AB029328AB93E8030087
:106E70008DE803000CAF0EAE96E80C0029463846AC
:106E8000FFF75DFC97E80300109B86E80300002BEA
:106E90007FF4EEAE119BC8F80430E9E63046F6F711
:106EA000D8FE002201465846F6F7ADF80A2840F011
:106EB0000F813046F5F78AFDDAE6824A12AE334694
:106EC000911F5846F5F740FB0CAF059610ABCDE986
:106ED0000243CDF8108028AB93E803008DE803004F
:106EE0000EAE2946384696E80C00FFF7EFFD97E80E
:106EF000030086E80300BBE610ABCDE9064302269B
:106F00003D23CDE904360023039311AB029328AB54
:106F100093E803008DE803000CAF0EAE96E80C007A
:106F200029463846FFF70BFC97E80300109B86E8DC
:106F30000300002B7FF49CAE119BC8F8003097E64D
:106F40003046F6F786FE002201465846F6F75BF813
:106F50000928ACE712AE33465B4A24E7DAF808307A
:106F60000CAF9B68C6E6DAF808300CAF1B69C1E6C7
:106F700010ABCDE90643042042F20F73CDE9043093
:106F80000023039311AB029328AB93E803008DE831
:106F900003000CAF0EAE96E80C0029463846FFF70A
:106FA000CEFB97E80300109B86E80300002B7FF4DC
:106FB0005FAE119B002BB4BF6433A3F26C73C8F8AF
:106FC000143055E63046F6F744FE01210246584695
:106FD000F5F707FD00287BD010ABCDE905430E2364
:106FE00004933A4B039312AB029328AB93E803004C
:106FF0008DE803000CAF2946384696E80C00FFF7F1
:10700000F9FB97E8030086E8030028A93046F6F765
:1070100046FE00283FF42CAE109B002B7FF428AED8
:10702000129B002B7FF424AE3046F6F712FE2D2182
:1070300007465846F5F7EAFFB84234D110AF172398
:107040000222CDE90432CDE906470023039312ABB7
:10705000029328AB93E803008DE803000DF130099B
:107060000EAE96E80C0029464846FFF768FB99E803
:1070700003003B2386E803000221CDE90431CDE97A
:1070800006470023039312AB029328AB93E8030057
:107090008DE803002946484696E80C00FFF74FFBB1
:1070A00099E8030025E73046F6F7D3FD2B21064685
:1070B0005846F5F7ABFFB0427FF4DAADBEE700BF4C
:1070C0000DC9050013C905001CC90500D8610020C1
:1070D000109B43F004031093CAE52D9B384653F8E8
:1070E0002690F6F7B6FD814503D13846F5F76EFCDC
:1070F000BFE5109B43F004031093BAE52DE9F0437C
:107100008BB0DDE9148608AC054608F16C008946B1
:1071100084E80C00F5F792F883681B690593169BC9
:10712000CDF80880CDE9036312AB93E803008DE846
:10713000030006AF4946384694E80C00FFF7C6FC4A
:1071400097E8030084E8030012A92046F6F794FDAF
:1071500018B1336843F00203336094E8030085E814
:10716000030028460BB0BDE8F0832DE9F0438BB057
:10717000DDE9148608AC054608F16C00894684E810
:107180000C00F5F75BF883689B680593169BCDF8B8
:107190000880CDE9036312AB93E803008DE8030098
:1071A00006AF4946384694E80C00FFF78FFC97E895
:1071B000030084E8030012A92046F6F75DFD18B12C
:1071C000336843F00203336094E8030085E803006A
:1071D00028460BB0BDE8F0832DE9F0479CB0DDE90F
:1071E000268508F16C070AAC06463846894684E8CD
:1071F0000C00F5F723F882463846F4F76BFFDAF80F
:1072000008309A6C0E92DA6C0F921A6D10925A6DC9
:1072100011929A6D1292DA6D13921A6E1492DA6AC2
:1072200015921A6B16925A6B17929A6B1892DA6B28
:1072300019921A6C5B6C1B9300230D930DABCDE977
:10724000058307231A9204930EAB03930CAB0293AE
:1072500024AB93E803008DE8030008AF94E80C002A
:1072600049463846FFF77EFB97E803000D9B84E80C
:1072700003009BB9289B0C9A9A6124A92046F6F733
:10728000FBFC18B12B6843F002032B6094E8030069
:1072900086E8030030461CB0BDE8F0872B6843F059
:1072A00004032B60E9E72DE9F047A6B0DDE930954E
:1072B00009F16C080AAC0646404684E80C008A4690
:1072C000F4F7BCFF074640460DF13808F4F702FF1B
:1072D00038464146F4F709FE38461AA9F4F7E6FDA8
:1072E00000230D930DABCDE905930C23CDE903836A
:1072F0000CAB02932EAB93E803008DE8030008AFBC
:1073000094E80C0051463846FFF72CFB97E8030041
:107310000D9B84E803009BB9329B0C9A1A612EA93D
:107320002046F6F7A9FC18B12B6843F002032B6046
:1073300094E8030086E80300304626B0BDE8F087F5
:107340002B6843F004032B60E9E72DE9F0438FB08D
:10735000DDE918850AAC064608F16C00894684E828
:107360000C00F4F7B7FE0DAACDE90682042142F223
:107370000F720023CDE9042103930D930CAB02930C
:1073800016AB93E803008DE8030008AF94E80C0007
:1073900049463846FFF7D3F997E803000D9B84E888
:1073A0000300C3B90C9B1A9A002BB4BF6433A3F239
:1073B0006C73536116A92046F6F75EFC18B12B6872
:1073C00043F002032B6094E8030086E80300304694
:1073D0000FB0BDE8F0832B6843F004032B60E9E7AE
:1073E0002DE9F04F8FB0DDE91A85064608AC08F1AB
:1073F0006C004FF000098A4684E80C009DF874B0D8
:107400009DF87870F4F766FEC5F800902521F5F731
:10741000FDFD0A904FBBCDE90BB70AAB05931C9B52
:10742000CDF80880CDE9035318AB93E803008DE84D
:10743000030006AF5146384694E80C00FFF746FBC0
:1074400097E8030084E8030018A92046F6F714FC27
:1074500018B12B6843F002032B6094E8030086E820
:10746000030030460FB0BDE8F08FCDE90B7BCDF8BF
:107470003490D2E72DE9F04F9BB00AA981E80C00C7
:10748000DDE9263803F16C0407902046F4F722FE6C
:1074900005902046FEF7DCFA00F140030893836A6A
:1074A00004461BB1036B003318BF0123029310ABDA
:1074B0000E9300230F938DF84030237C1BB12021C5
:1074C0000EA801F02CFB002516AB202114A8149364
:1074D00015958DF8585001F022FB04F144031AAAC7
:1074E0000993E36B42F8383D2F4604922E460395EC
:1074F000A9460195049BEB5C042B3ED8DFE813F012
:107500005101220129009E00D800BBF1000FF1D1EA
:10751000D8F8003043F00403C8F800300AAC24A9BE
:107520002046F6F7A9FB28B1D8F8003043F0020353
:10753000C8F8003094E80300079B83E8030014A810
:1075400001F0D4F90EA801F0D1F907981BB0BDE8FD
:10755000F08F269BDB689A051ED4B9F1010F1BD86A
:10756000D5B1012D0CD1029BB3B99DF83030032B5E
:1075700012D09DF83230012B0ED04FF0010B2BE0D2
:10758000022DFAD19DF83330042B05D0029A002A3F
:10759000F3D0032B40F00881236A06934FF0000AD2
:1075A00024A90AA8F6F77BFB069B834600283CD05B
:1075B0009A4511D00AA8F6F74CFBE36953F82A3034
:1075C000834235D0BAF1000F40F0F180269BDB6892
:1075D00083F40073C3F3402B0135042D95D1B9F129
:1075E000010F40F22981BBF1000F91D0019B002BCC
:1075F00000F0E080E56A4FF0010B24A90AA8F6F735
:107600004EFB002800F0D880D94500F0D8800AA8A9
:10761000F6F71FFB55F82B3083427FF479AF0AA8A9
:10762000F5F7D4F90BF1010BE7E79A45CAD1A4E7C6
:107630000AA8F5F7CBF90AF1010AB1E7A36AB3B9D1
:10764000236B43B324A90AA8F6F729FB834610B39A
:107650000AA8F6F7FEFAE26A126882421BD10AA86B
:10766000D4F83090F5F7B2F9CDF804B0B4E724A916
:107670000AA8F6F714FB83460028E1D00AA8F6F71B
:10768000E8FA626A12688242DAD10AA8D4F828902D
:10769000F5F79CF9A0E7A36A1BB9029B83F0010BE5
:1076A0009AE7236B002BF8D1012301939B4693E7C4
:1076B00024A90AA8F6F7F3FA834600283FD00AA8BF
:1076C000F6F7C7FA0DAA0D900A210998F3F7CDF83D
:1076D00088B1089BC01A5B4B80101B68195C14A80A
:1076E00001F04FFA06F1010B039E0AA8F5F76EF9B7
:1076F00003965E46DCE70D9962698A4206D12FB98E
:10770000626B002A11DD5F468346EEE7227C62B1A0
:10771000A369994208D177B97EB1F1B20EA801F000
:1077200030FABB46039EE0E79346159A002A08BF4D
:107730004FF0000B50E7BB46F7E7B346F5E74FF0D5
:10774000010BF2E724A90AA8F6F7A9FAD0B94FF07D
:10775000000B032D3FF440AF24A90AA8F6F79FFAC7
:1077600000283FF439AF0AA8F6F773FA0821024659
:107770000598F5F736F900283FF42EAF0AA8F5F77B
:1077800025F9E9E70AA8F6F764FA08210246059800
:10779000F5F727F983460028D9D00AA8F5F716F996
:1077A000D7E74FF0010BD4E7DDF808B014E74FF04E
:1077B000000B11E7656A1EE7D9457FF4A9AE159B5A
:1077C000012B11D90022302114A801F0E7FB024659
:1077D00050B1431C08BF159A4FF0000108BF02F1D9
:1077E000FF3214A801F0ECF9019B3BB114990B781E
:1077F000302B03D02D2214A801F078FA0F9B8BB107
:10780000F7B19DF80C100EA801F0BBF90EAAD4E94F
:10781000020109F035FC28B9D8F8003043F0040320
:10782000C8F800301FB1636BB3427FF471AE14A986
:10783000289801F045FB71E6BBF1000FBFD167E668
:10784000F1B2E0E79C6100202DE9F04F9BB00AA95E
:1078500081E80C00DDE9263803F16C04079020462E
:10786000F4F738FC05902046FEF726F900F14003B6
:107870000893836A04461BB1036B003318BF0123CE
:10788000029310AB0E9300230F938DF84030237CAE
:107890001BB120210EA801F042F9002516AB2021D2
:1078A00014A8149315958DF8585001F038F904F187
:1078B00044031AAA0993E36B42F8383D2F46049219
:1078C0002E460395A9460195049BEB5C042B3ED8FC
:1078D000DFE813F05101220129009E00D800BBF11E
:1078E000000FF1D1D8F8003043F00403C8F800309D
:1078F0000AAC24A92046F6F7BFF928B1D8F8003021
:1079000043F00203C8F8003094E80300079B83E8C3
:10791000030014A800F0EAFF0EA800F0E7FF0798A4
:107920001BB0BDE8F08F269BDB689A051ED4B9F129
:10793000010F1BD8D5B1012D0CD1029BB3B99DF815
:107940003030032B12D09DF83230012B0ED04FF087
:10795000010B2BE0022DFAD19DF83330042B05D01A
:10796000029A002AF3D0032B40F00881236A069381
:107970004FF0000A24A90AA8F6F791F9069B83465E
:1079800000283CD09A4511D00AA8F6F762F9E369BD
:1079900053F82A30834235D0BAF1000F40F0F1801D
:1079A000269BDB6883F40073C3F3402B0135042D61
:1079B00095D1B9F1010F40F22981BBF1000F91D0AF
:1079C000019B002B00F0E080E56A4FF0010B24A939
:1079D0000AA8F6F764F9002800F0D880D94500F02D
:1079E000D8800AA8F6F735F955F82B3083427FF492
:1079F00079AF0AA8F4F7EAFF0BF1010BE7E79A4524
:107A0000CAD1A4E70AA8F4F7E1FF0AF1010AB1E735
:107A1000A36AB3B9236B43B324A90AA8F6F73FF9C5
:107A2000834610B30AA8F6F714F9E26A1268824294
:107A30001BD10AA8D4F83090F4F7C8FFCDF804B0F1
:107A4000B4E724A90AA8F6F72AF983460028E1D06A
:107A50000AA8F6F7FEF8626A12688242DAD10AA82A
:107A6000D4F82890F4F7B2FFA0E7A36A1BB9029BF1
:107A700083F0010B9AE7236B002BF8D101230193CC
:107A80009B4693E724A90AA8F6F709F9834600283C
:107A90003FD00AA8F6F7DDF80DAA0D900A21099843
:107AA000F2F7E3FE88B1089BC01A5B4B80101B689D
:107AB000195C14A801F065F806F1010B039E0AA8F1
:107AC000F4F784FF03965E46DCE70D9962698A420B
:107AD00006D12FB9626B002A11DD5F468346EEE7BF
:107AE000227C62B1A369994208D177B97EB1F1B223
:107AF0000EA801F046F8BB46039EE0E79346159AB0
:107B0000002A08BF4FF0000B50E7BB46F7E7B3462B
:107B1000F5E74FF0010BF2E724A90AA8F6F7BFF842
:107B2000D0B94FF0000B032D3FF440AF24A90AA8B1
:107B3000F6F7B5F800283FF439AF0AA8F6F789F848
:107B4000082102460598F4F74CFF00283FF42EAFB9
:107B50000AA8F4F73BFFE9E70AA8F6F77AF8082144
:107B600002460598F4F73DFF83460028D9D00AA8BD
:107B7000F4F72CFFD7E74FF0010BD4E7DDF808B09E
:107B800014E74FF0000B11E7656A1EE7D9457FF453
:107B9000A9AE159B012B11D90022302114A801F0A8
:107BA000FDF9024650B1431C08BF159A4FF0000181
:107BB00008BF02F1FF3214A801F002F8019B3BB1AB
:107BC00014990B78302B03D02D2214A801F08EF8D5
:107BD0000F9B8BB1F7B19DF80C100EA800F0D1FFF0
:107BE0000EAAD4E9020109F04BFA28B9D8F80030FE
:107BF00043F00403C8F800301FB1636BB3427FF455
:107C000071AE14A9289801F05BF971E6BBF1000F81
:107C1000BFD167E6F1B2E0E79C6100202DE9F041B9
:107C200092B008AC84E80C00DDE91B380EAA8C4643
:107C30009DF868100C920CAF0022029306460D923C
:107C40008DF8382006ADCDE9038718AB19B393E85A
:107C500003008DE80300614694E80C002846FFF716
:107C600009FC95E803000C9D84E80300F2F716FA7E
:107C700012AB424643F81C0D1D992846F2F72EFC24
:107C800094E8030086E80300384600F02FFE3046F3
:107C900012B0BDE8F08193E803008DE8030061466F
:107CA00094E80C002846FFF7CFFDDAE72DE9F04F06
:107CB00091B008ACDDF874B09DF8708006460BF109
:107CC0006C00894684E80C00F4F704FA1E9BCDE9A9
:107CD00002B30AAF04971AAB824693E803008DE81B
:107CE00003000CAA0A9206AD00220B928DF83020F8
:107CF000494694E80C002846B8F1000F1DD0FFF764
:107D0000B9FB95E803000B9D84E8030055B12946B3
:107D10001F98F2F7C5FF0A991F9B4A191B68504626
:107D2000F4F712FC94E8030086E80300384600F0FC
:107D3000DDFD304611B0BDE8F08FFFF785FDE0E7CF
:107D4000184B1A68D1075CBF01221A60164B1A68DB
:107D5000D2075CBF01221A60144B1A68D0075CBFBF
:107D600001221A60124B1A68D1075CBF01221A6007
:107D7000104B1A68D2075CBF01221A600E4B1A68BA
:107D8000D0075CBF01221A600C4B1A68D1075CBF98
:107D900001221A600A4B1A68D2075CBF01221A60DE
:107DA000704700BFC4970020C0970020BC970020F8
:107DB000B8970020B4970020B0970020AC9700201F
:107DC000A8970020036853F80C3C8B4210B514466A
:107DD00004D20A460248214602F05EFE084610BD63
:107DE0008FC40500006801F1805150F80C0C023975
:107DF000091A914208B502D2184602F04AFE08BD9F
:107E00000068884208D850F80C3C00EB830081429F
:107E100094BF00200120704701207047012A30B430
:107E200003D10B68036030BC7047002AFBD030BC24
:107E30000FF0FFBC012A30B403D10B68036030BCE3
:107E40007047002AFBD030BC0FF0F6BC0B46012B6C
:107E500010B41146044603D122605DF8044B70470C
:107E6000002BFAD01A465DF8044B0FF0E8BC08B5B9
:107E7000521A9210FFF7D2FF08BD0000F8B5044671
:107E800017460E460A4A19461D46FFF79BFF216812
:107E900051F80C2C541BBC4228BF3C462CB1224646
:107EA00001EB85013046FFF7B9FF2046F8BD00BF62
:107EB0007CC40500036853F8042C002AB8BF0022D4
:107EC00010B5B8BF43F8042C0A6852F8044C002CD3
:107ED000BCBF002442F8044C02600B6010BD0000DF
:107EE000044B984205D000238360016000EB8100C1
:107EF000C3607047E8970020144B984210B50446C1
:107F000002D9134802F0C5FD884203D94B009842BC
:107F100038BF1C46201D800000F11003B3F5805FC0
:107F20000DD98C420BD9C3F30B03C3F5805304EB7B
:107F30009304064B9C4228BF1C46201D8000EFF78F
:107F4000DBFF00224460826010BD00BFFEFFFF0F18
:107F500021CD0500F8B50F46064680B10021FFF798
:107F6000CBFF00F10C040546314620463A46FFF7A8
:107F70006DFF31462846FFF7B3FF2046F8BD014CA0
:107F8000FBE700BFF497002010B5044608461146F1
:107F90001A46FFF7DFFF2060204610BDEFF7B0BFA5
:107FA000054A904210B506D08268541E002A8460AB
:107FB00001DCFFF7F3FF10BDE897002013B504467E
:107FC000006801A90C38FFF7EBFF204602B010BD96
:107FD0002DE9F74F8046006850F80C6CA3EB0209BE
:107FE000B1440F46761A50F8081C894514461D46C0
:107FF000A6EB020603D850F8043C002B23DD01AAAF
:108000004846FFF779FF824600F10C0B2FB13A4644
:10801000D8F800105846FFF701FF5EB13D44D8F88C
:108020000030E1190AEB8500324603EB81010C3088
:10803000FFF7F4FED8F8000001A90C38FFF7B0FFF5
:10804000C8F800B000E046B9D8F8000049460C383E
:10805000FFF746FF03B0BDE8F08F9542F4D0D11989
:108060003D4400EB8101324600EB8500FFF7E2FE64
:10807000EAE7000003680A4A934210B504460DD0AF
:1080800053F8043C002B04DD00231A461946FFF781
:108090009FFF23684FF0FF3243F8042C10BD00BF50
:1080A000F497002008B5036853F8043C002B01DB6B
:1080B000FFF7E0FF08BD000070B504461546094A09
:1080C0000E46FFF77FFE236853F80C2C921BAA4242
:1080D00001464FF00003204628BF2A46FFF778FFED
:1080E000204670BD26C50500F8B51C461746054656
:1080F0000E460A4B22463946FFF774FE23463A469F
:1081000031462846FFF764FF34B12868069A2146B5
:1081100000EB8600FFF79AFE2846F8BD09C505006A
:1081200013B5046800920B4654F80C2C0021FFF79D
:10813000DBFF02B010BD000073B51546064A1E46AF
:108140000446FFF73FFE009601462B4600222046DC
:10815000FFF7CAFF02B070BD4FC50500F8B5069C19
:108160001F46234605460E46FFF732FF34B1286806
:108170002246394600EB8600FFF750FE2846F8BD40
:108180002DE9F34106681A4B56F80C8C04460F464D
:1081900041461546FFF726FE39462046FFF730FEDA
:1081A00018B956F8043C002B0BDD204600953B46E1
:1081B00042460021FFF7D2FF0446204602B0BDE848
:1081C000F081BB1B9B109D420AD82A463946304697
:1081D000FFF724FE206829460C38FFF781FEECE704
:1081E000002BF7D02A4639463046FFF723FEF1E749
:1081F00039CD0500034B98421EBF8368013383606D
:108200000C307047E897002070B5044600681044B1
:108210000A466168FFF770FE2268064600F10C0509
:1082200022B104F10C012846FFF7F8FD3046216821
:10823000FFF756FE284670BD37B50446006850F873
:10824000083C994203D150F8043C002B11DD50F852
:108250000C2D91422CBFC2EB0102C2EB020201A91C
:10826000FFF7D2FF0546206801A90C38FFF798FEFA
:10827000256003B030BDF8B50B6853F80C6C0446AC
:108280000F46EEB1036853F80C5C53F8082C3544E4
:10829000954203D853F8043C002B03DD29462046C1
:1082A000FFF7CAFF2368396853F80C0C324603EB1A
:1082B0008000FFF7B3FD206829460C38FFF710FE59
:1082C0002046F8BD08B5FFF7D6FF08BD2DE9F041FF
:1082D00004460E46904632B3184B0021FFF782FD4C
:1082E000276857F80C5C57F8083C45449D4203D872
:1082F00057F8043C002B08DD31462046FFF780FD8F
:10830000A0B129462046FFF797FF236853F80C0CCD
:10831000314603EB80004246FFF780FD2068294686
:108320000C38FFF7DDFD2046BDE8F08129462046E8
:10833000FFF782FF2368F61B1E44E6E73AC50500F7
:10834000F8B5044617460E4611B30A46114B0021F4
:10835000FFF748FD236853F80C5C53F8082C3544AC
:10836000954203D853F8043C002B03DD29462046F0
:10837000FFF762FF236853F80C0C314603EB8000D3
:108380003A46FFF763FD206829460C38FFF7A8FD41
:108390002046F8BD3AC50500F8B5036853F80C6CE3
:1083A0000B4B0C4617460A4631460546FFF71AFDA9
:1083B000A64205D23A46A11B2846FFF7C1FFF8BDE9
:1083C000FDD94FF0FF3221462846FFF775FEF6E74C
:1083D0004ECD050008B50022FFF7DEFF08BD03689B
:1083E00070B553F80C4C53F8082C013494420546F0
:1083F0000E4603D853F8043C002B03DD21462846E3
:10840000FFF71AFF286850F80C3C214640F823601B
:108410000C38FFF765FD70BD08B58368002B02DBE3
:10842000FFF7E8FE08BD0022FFF7EEFEFAE713B5FE
:108430000446086801AA69460C38FFF7EDFF206082
:10844000204602B010BD000088422DE9F0410546EB
:108450000F4618D0A0B10C1AA41000212046FFF737
:108460004BFD00F10C068046294630463A46FFF7A0
:10847000FEFC21464046FFF733FD3046BDE8F08163
:10848000024802F003FB024EF7E700BFF7CC0500FD
:10849000F497002070B5054616460C4669B10846AB
:1084A0000FF03CF804EB80014FF000033246204609
:1084B000FFF7CAFF2860284670BD6FF00301F3E79D
:1084C00010B50446084611461A464FF00003FFF760
:1084D000BBFF2060204610BD38B51D4604464FF056
:1084E0000003084601EB82012A46FFF7ADFF20603A
:1084F000204638BD084670470846704710B50298B8
:108500001446521A0BF01BF9204610BD10B5184640
:108510001446521A0BF013F9204610BD082921D039
:1085200011D8032927D008D8012920D0022920D02A
:1085300011F0440F25D0154815E004291DD0072956
:10854000F6D113480FE020290FD005D8102916D0F6
:108550001729EDD10F4806E04429ECD09729E7D13F
:108560000D4800E00D480FF04DB90D48FBE70D48F0
:10857000F9E70D48F7E70D48F5E70D48F3E70D4833
:10858000F1E711F09700EBD1704700BFB1DD0500B6
:10859000B8DD0500BEDD05008DDD050087DD0500C9
:1085A00093DD050099DD05009FDD0500A5DD0500D3
:1085B000B2DD0500ABDD050008460DF0A9BE38B5FB
:1085C0000C461546AC4205D220680DF0A1FE44F8D9
:1085D000040BF7E7284638BD08460DF08ABE38B5CB
:1085E0000C461546AC4205D220680DF082FE44F8D8
:1085F000040BF7E7284638BD2DE9F04105468846CB
:10860000174600F59266002416F8013B13EA080F9E
:1086100004D10434202CF7D1002008E02B1938466F
:10862000D3F8A0140AF0A8FE0028F2D00120BDE87B
:10863000F0812DE9F04781460D4617469846BD4228
:1086400015D2002409F5946A26465AF8041B2868B6
:108650000AF092FE20B109EB040393F890341E4314
:108660000134082CF1D108F8016B0435E7E73846EE
:10867000BDE8F0872DE9F84306468846994614463A
:108680004C45254608D23268414697682A683046EC
:108690000434B8470028F3D02846BDE8F8832DE914
:1086A000F84306468846994614464C45254608D266
:1086B0003268414697682A6830460434B847002833
:1086C000F3D12846BDE8F883243150F821007047E3
:1086D00010B58A420C4607D924782434013150F869
:1086E000244043F8044BF4E7104610BD7F2910B531
:1086F00003461446084605D81A7B1AB10B445C7B26
:10870000204610BD0EF0A8FF431C18BFC4B2F7E707
:108710002DE9F0411E46037B069D804617460C4618
:108720006BB9A74223461DD918680EF095FF431C6C
:1087300014BFC0B23046043405F8010BF1E7A7427C
:1087400010D954F8040B7F2804D84044437B2B7085
:108750000135F4E70EF080FF421C14BFC0B2304672
:108760002870F5E73846BDE8F0812DE9F041044670
:1087700000F10D06002528460EF06EFF431C28D0A0
:108780000135802D06F8010BF5D10123237304F187
:108790009006002528460AF0CBF90135B5F5807F13
:1087A00046F8040BF6D104F5926704F594660025AB
:1087B0004FF0010808FA05F1C9B207F8011B20467D
:1087C000FFF7ACFE0135082D46F8040BF2D1BDE8E9
:1087D000F0810023DAE7000010B5084B044640F8AA
:1087E000083BF1F7E7FE237B1BB1A06908B1EFF767
:1087F00089FB2046F1F738FC204610BD10DE05004D
:1088000010B50446FFF7E8FF2046EFF779FB204656
:1088100010BD000010B5064B044640F8083BF1F7C8
:10882000C9FE044B23602046F1F71EFC204610BD14
:1088300040DE050000C7050010B50446FFF7EAFF5B
:108840002046EFF75DFB204610BDF0B50546C1B0F0
:1088500000240DF804400134B4F5807FF9D12B6871
:1088600005F11D06DF6940AA334669462846B84728
:1088700001232B772246314668460AF051FF08B1A2
:1088800002232B7741B0F0BD003118BF0121074B07
:1088900010B5416003600446F1F700FC0023A060BE
:1088A00023732046FFF761FF204610BD40DE050020
:1088B0000AB10AF044BF704708B50B68002B02DA12
:1088C000094802F0E6F8934208D95200934205D2D3
:1088D000002AB6BF6FF000430A600B600868BDE86D
:1088E00008400130EFF708BB64C50500034653F8A4
:1088F000080B984201D0EFF703BB704710B54368EF
:108900009942144604D90A460248214602F0C4F8A6
:10891000084610BD8FC4050008B501F1004140684C
:108920000139091A914202D2184602F0B2F808BD84
:1089300003688B4206D840681844814294BF0020E7
:108940000120704701207047012A10B502D10A7832
:10895000027010BDFFF7ACFFFBE7012A30B403D172
:108960000B78037030BC7047002AFBD030BC0AF093
:10897000F1BE0B46012B10B41146044603D1227000
:108980005DF8044B7047002BFAD01A465DF8044B93
:108990000AF0F9BE37B50F2904460191154606D9EC
:1089A000002201A9FFF788FF019B2060A3600199C5
:1089B00019B12A462068FFF7DCFF019B226863603B
:1089C0000021D15403B030BD08B5521AFFF7BCFFE7
:1089D00008BD08B5521AFFF7B7FF08BD8842F7B5C2
:1089E00004460E461FD002684D6800F108039A4203
:1089F00014BF82680F22AA420BD202A941F8045D7B
:108A0000FFF75AFF07462046FFF770FF019B2760DC
:108A1000A36025B12A4631682068FFF795FF2368D7
:108A2000656000225A5503B0F0BD2DE9F347DDF82B
:108A30002880164642689A46A8EB0603571A134444
:108A40000268019300F108039A420D4614BF826840
:108A50000F2201A90446FFF72FFFBF1B81461DB15E
:108A60002A462168FFF770FFBAF1000F08D0B8F16D
:108A7000000F05D04246514609EB0500FFF764FFA1
:108A800047B121682E4405EB08003A46314448447A
:108A9000FFF75AFF2046FFF729FF019BC4F800901B
:108AA000A36002B0BDE8F08738B515464268521A97
:108AB000521B04460B4606D02DB1006829440144E0
:108AC0001844FFF74AFF63685D1B23686560002256
:108AD0005A5538BDF8B50B46064653F8087B56F88C
:108AE000082BBB4205460C4616D00760496841601A
:108AF0009642A16818BFD0F808C0816008BF002264
:108B000042B12260C4F808C0226800236360137079
:108B10002846F8BD2360F7E7FFF760FFF4E737B5B5
:108B2000054643680191994255F8081B38BF0193E7
:108B30008D4218BF82680446019808BF0F229042F8
:108B400012D001D80F2811D901A92046FFF7B4FE91
:108B50006268216801320546FFF7F6FE2046FFF7FE
:108B6000C5FE019B2560A36003B030BD8D42FBD0E4
:108B70005A1C2846FFF7E8FE2068EFF7C1F9256088
:108B8000F2E7F7B50268466800F108039A4218BF99
:108B9000836806F1010508BF0F239D4204460F4676
:108BA00006D90123009300231A463146FFF73DFF03
:108BB00023689F552368656000225A5503B0F0BDB5
:108BC00070B516460C4A04460D46FFF797FE731C17
:108BD00005D12368656000225A55204670BD002EDD
:108BE000FBD06268521BB24228BF3246294620465B
:108BF000FFF75AFFF1E700BF26C505002DE9F34155
:108C000016461D4604461B4B2A4688463146FFF74A
:108C100083FE2346626853F8080B9842A5EB0607CB
:108C200018BFA368174408BF0F23BB421AD3A2EB97
:108C30000802921B06D0AE4204D040448119284459
:108C4000FFF78BFE35B120689DF82020294640446F
:108C5000FFF78FFE2368676000222046DA5502B0D6
:108C6000BDE8F08100950023324641462046FFF7DB
:108C7000DCFEE7E709C5050007B500920B460022B8
:108C80004168FFF7BBFF03B05DF804FB10B5446813
:108C90008C42034603D2091BFFF7EEFF10BD81BFD4
:108CA0000368416000225A54F8E708B50022FFF734
:108CB000EDFF08BD07B500920B4642680021FFF7A3
:108CC0009DFF03B05DF804FB73B51546064A1E46CA
:108CD0000446FFF713FE009601462B46002220466D
:108CE000FFF78CFF02B070BD4FC5050037B50468B3
:108CF000009205460C1B012300222146FFF77EFF50
:108D00002868204403B030BD2DE9F74F0C9D144670
:108D100081462A460F4698462146374BFFF7FCFD11
:108D20004A46D9F8043052F8086B9642A5EB040B7A
:108D300018BFD9F8082003EB0B0A08BF0F225245D1
:108D40004ED33E444146DF1B48463F1BFFF7F0FD34
:108D500070B137B1AC4204D03A4631197019FFF7FF
:108D6000FCFD0DB32A4641463046FFF7EDFD1BE002
:108D700035B1AC423CD32A4641463046FFF7EDFDC3
:108D800097B1AC4210D03A4631197019FFF7E5FDA2
:108D9000AC4209D2344408EB05039C420FD32A4667
:108DA00041463046FFF7D9FDD9F80030C9F804A094
:108DB0000022484603F80A2003B0BDE8F08F44457E
:108DC00003D82A4608EB0B01CEE7A4EB08042246A1
:108DD00041463046FFF7C1FD2A1B71193019C4E71F
:108DE00000954346224639464846FFF71EFEDBE71C
:108DF000002FCFD0C7E700BFC6C4050007B500925B
:108E00000B4642680021FFF77FFF03B05DF804FBCB
:108E100073B504462646406856F8083BB34218BF6F
:108E2000A66800EB020508BF0F26B5420AD812B1AA
:108E30001844FFF789FD23686560002220465A55D3
:108E400002B070BD00920B46002201462046FFF79B
:108E5000ECFDF0E708B5D1E90012FFF7D9FF08BD36
:108E600008B5FFF7F7FF08BD70B5064B04460D4681
:108E700016460021FFF750FD324629462046FFF7EF
:108E8000C7FF70BD3AC505002DE9F0410646904682
:108E90000F460A4A19461D46FFF730FD7268541BFB
:108EA000444528BF44462CB13168224629443846FF
:108EB000FFF74AFD2046BDE8F08100BF7CC40500F5
:108EC0002DE9F043884285B004460D4663D007463D
:108ED0000E4657F8082B56F8083B974238D19E4269
:108EE00029D1D0F80490D1F80480B9F1000F43D013
:108EF0001022B8F1000F12D031466846FFF7D8FCB7
:108F0000102239463046FFF7D3FC10226946384616
:108F1000FFF7CEFC63686A6862606B603BE03946CD
:108F20003046FFF7C5FC63686B602368C4F80480B3
:108F300083F800802FE0D1F80880102239463046AF
:108F4000FFF7B6FC2B6823602E60C4F80880E1E7C9
:108F50009E42D0F808800AD1102231463846FFF7E9
:108F6000A7FC23682B602760C5F80880D2E7036060
:108F70008B680A608360F7E7B8F1000FCAD010224F
:108F800031463846FFF794FC6B6863602B68C5F880
:108F9000049083F8009005B0BDE8F08310B54368F5
:108FA0009A4205D20468A45C8C4203D10132F7E7EF
:108FB0004FF0FF32104610BD73B5044616460D46FD
:108FC00019B912B10D4801F061FD731B0F2B01930C
:108FD00007D9002201A92046FFF76EFC019B206003
:108FE000A360324629462068FFF7EEFC019B226809
:108FF00063600021D15402B070BD00BFDFC4050022
:1090000010B500F108020260D1E9001204464FF0E9
:1090100000030A44FFF7D0FF204610BD10B5064BF1
:109020000360143383600023044643600830F1F783
:1090300033FB204610BD00BF8CDE0500D0F800C019
:10904000ACF10C0CDCF800C06044E7E710B5064B4F
:109050000360143383600023044643600830F1F753
:1090600025FB204610BD00BFBCDE0500D0F800C0C7
:10907000ACF10C0CDCF800C06044E7E710B5044626
:10908000FFF7CCFF2046EEF73BFF204610BDD0F89F
:1090900000C0ACF10C0CDCF800C06044EEE710B589
:1090A0000446FFF7D3FF2046EEF72AFF204610BD07
:1090B000D0F800C0ACF10C0CDCF800C06044EEE766
:1090C0000B6810B503600446486853F80C1C6050E8
:1090D0000021616053F80C0C11462044F1F74CFB61
:1090E000204610BD70B500F10805044628460E461E
:1090F000F1F710FB054B23601433A36000232846CF
:1091000063603146F1F738FB204670BD8CDE050008
:1091100010B5044681B91368236079B9526853F8D1
:109120000C3CE250002363608B0703D504F1080078
:10913000F1F7B2FA204610BD024BEDE7024A0823D0
:10914000EFE700BF8CDE0500A0DE05000A46002127
:10915000FFF7DEBF0B6810B503600446486853F89C
:109160000C1C60500021616053F80C0C1146204427
:10917000F1F765FB204610BD70B500F10805044607
:1091800028460E46F1F728FB054B23601433A360F5
:109190000023284663603146F1F751FB204670BD3D
:1091A000BCDE050010B5044681B91368236079B9A7
:1091B000526853F80C3CE250002363608B0703D5E0
:1091C00004F10800F1F772FA204610BD024BEDE7FA
:1091D000024A0823EFE700BFBCDE0500D0DE050031
:1091E0000A460021FFF7DEBFFFF780BBF1F772BB35
:1091F000F8B54C680746601C0E46EEF77FFE00236C
:109200000546014622463046FFF73EFE00232B5519
:109210003D602046F8BD0000F8B54C680B4B074692
:10922000601C984294BF80004FF0FF300E46EEF76E
:1092300065FE00230546014622463046F1F71AFE38
:10924000002345F824303D602046F8BDFEFFFF1F97
:1092500013B5049CCDE9003413460A46C1684FF0AB
:109260000000F9F7A3F802B010BD30B58BB00D4681
:109270000AA901E90C0079230693129B0593119B1F
:109280000493109B03930EAA044692E8030001ABDB
:1092900083E80300099B00932046089BAA684FF0CF
:1092A0000001F9F723FA20460BB030BD30B58BB082
:1092B0000D460AA901E90C006D230693129B059344
:1092C000119B0493109B03930EAA044692E803009B
:1092D00001AB83E80300099B00932046089BAA6822
:1092E0004FF00001F9F702FA20460BB030BD30B55F
:1092F0008BB00D460AA901E90C0077230693129B57
:109300000593119B0493109B03930EAA044692E8C5
:10931000030001AB83E80300099B00932046089BF0
:10932000AA684FF00001F9F7E1F920460BB030BD13
:1093300030B58BB00D460AA901E90C0064230693F1
:10934000129B0593119B0493109B03930EAA044652
:1093500092E8030001AB83E80300099B00932046D9
:10936000089BAA684FF00001F9F7C0F920460BB03E
:1093700030BD30B58BB00D460AA901E90C0074234D
:109380000693129B0593119B0493109B03930EAAC3
:10939000044692E8030001AB83E80300099B0093B5
:1093A0002046089BAA684FF00001F9F79FF9204674
:1093B0000BB030BD81684FF00000F9F791B9F0B5FE
:1093C00091B00AAC84E80C00002307930D930EAB18
:1093D00006930DAB0593199B04939DF8603003939E
:1093E00016AA0F46054692E8030001AB83E8030086
:1093F0000B9B009308AE0A9BBA684FF00001304601
:10940000F9F774FD96E803000D9B84E803005BB94F
:10941000DDE90E011B9BC3E9000194E8030085E828
:109420000300284611B0F0BD1A9A1360F5E710B595
:1094300088B00DF1200C0CE90C00002304939DF87A
:10944000303003930B9B02939DF828300193079BC8
:1094500000938A68069B4FF000010446F9F75EFC12
:10946000204608B010BD0A4601694FF00000F9F728
:109470002FB907B50092D1E9002301694FF0000030
:10948000F9F7FEF803B05DF804FB13B5049CCDE9D1
:10949000003413460A46C1684FF00000F8F791FF08
:1094A00002B010BD30B58BB00D460AA901E90C0021
:1094B00079230693129B0593119B0493109B0393AE
:1094C0000EAA044692E8030001AB83E80300099B5F
:1094D00000932046089BAA684FF00001F9F764F951
:1094E00020460BB030BD30B58BB00D460AA901E95E
:1094F0000C006D230693129B0593119B0493109B04
:1095000003930EAA044692E8030001AB83E803002C
:10951000099B00932046089BAA684FF00001F9F7C9
:1095200043F920460BB030BD30B58BB00D460AA9CB
:1095300001E90C0077230693129B0593119B04937A
:10954000109B03930EAA044692E8030001AB83E844
:109550000300099B00932046089BAA684FF0000176
:10956000F9F722F920460BB030BD30B58BB00D466F
:109570000AA901E90C0064230693129B0593119B31
:109580000493109B03930EAA044692E8030001ABD8
:1095900083E80300099B00932046089BAA684FF0CC
:1095A0000001F9F701F920460BB030BD30B58BB0A2
:1095B0000D460AA901E90C0074230693129B05933A
:1095C000119B0493109B03930EAA044692E8030098
:1095D00001AB83E80300099B00932046089BAA681F
:1095E0004FF00001F9F7E0F820460BB030BD81687C
:1095F0004FF00000F9F777B8F0B591B00AAC84E805
:109600000C00002307930D930EAB06930DAB05934F
:10961000199B04939DF86030039316AA0F460546E4
:1096200092E8030001AB83E803000B9B009308AEB4
:109630000A9BBA684FF000013046F9F7CBFD96E877
:1096400003000D9B84E803005BB9DDE90E011B9B61
:10965000C3E9000194E8030085E80300284611B03F
:10966000F0BD1A9A1360F5E710B588B00DF1200C23
:109670000CE90C00002304930C9B03930B9B0293B7
:109680009DF828300193079B00938A68069B4FF052
:1096900000010446F9F7BAFC204608B010BD0A469E
:1096A00001694FF00000F9F717B807B50092D1E94A
:1096B000002301694FF00000F8F7F6FF03B05DF8F2
:1096C00004FB000073B5044616460D4619B912B1E5
:1096D0000D4801F0DBF9731B0F2B019307D9002212
:1096E00001A92046FFF7E8F8019B2060A3603246FD
:1096F00029462068FFF76DF9019B2268636000210D
:10970000D15402B070BD00BFDFC4050073B504467C
:1097100016460D4619B912B10D4801F0B7F9731B81
:109720009B10032B019307D9002201A92046F1F7D2
:10973000AFF8019B2060A360324629462068F1F70C
:109740003DF901992046F1F79CF802B070BD00BFC9
:10975000DFC4050010B5074B03600369002204460F
:10976000DA600C30F8F7E7FB204607F067FF204689
:1097700010BD00BF18E5050010B50446FFF7EAFF6D
:109780002046EEF7BDFB204610BD000010B5054B8E
:10979000044640F80C3BF8F7CEFB2046F9F730FEC4
:1097A000204610BDA8E4050010B50446FFF7EEFF03
:1097B0002046EEF7A5FB204610BD000010B5054B76
:1097C000044640F8083BF8F7B6FB2046F9F7ECFDF5
:1097D000204610BD60E5050010B50446FFF7EEFF1A
:1097E0002046EEF78DFB204610BD000010B5054B5E
:1097F000044640F8083BF8F79EFB2046F9F7ACFD1D
:10980000204610BDB8E5050010B50446FFF7EEFF91
:109810002046EEF775FB204610BD000010B5054B45
:10982000044640F8083BF8F786FB2046F9F7A8FD08
:10983000204610BDE8E5050010B50446FFF7EEFF31
:109840002046EEF75DFB204610BD000002690A4B82
:1098500010B503600023D36002699361026913624B
:109860000269044693620C30F8F765FB204607F066
:1098700085FD204610BD00BF4CE6050010B504462E
:10988000FFF7E4FF2046EEF73BFB204610BD00004B
:1098900002690A4B10B503600023D360026993612B
:1098A000026913620269044693620C30F8F743FBC5
:1098B000204607F07DFD204610BD00BF18E60500DC
:1098C00010B50446FFF7E4FF2046EEF719FB2046EB
:1098D00010BD000010B5054B044640F8103BF8F7EA
:1098E0002AFB2046F9F774FD204610BDE0E4050090
:1098F00010B50446FFF7EEFF2046EEF701FB2046C9
:1099000010BD000010B5074B036003690022044638
:10991000DA600C30F8F70FFB204607F0F7FE204620
:1099200010BD00BF3CE5050010B50446FFF7EAFF97
:109930002046EEF7E5FA204610BD000010B5054BB5
:10994000044640F80C3BF8F7F6FA2046FCF768F8B6
:10995000204610BDC4E4050010B50446FFF7EEFF35
:109960002046EEF7CDFA204610BD000010B5054B9D
:10997000044640F8083BF8F7DEFA2046FCF724F8E6
:10998000204610BD8CE5050010B50446FFF7EEFF3C
:109990002046EEF7B5FA204610BD000010B5054B85
:1099A000044640F8083BF8F7C6FA2046FBF7E4FF08
:1099B000204610BDD0E5050010B50446FFF7EEFFC8
:1099C0002046EEF79DFA204610BD000010B5054B6D
:1099D000044640F8083BF8F7AEFA2046FBF7E0FFF4
:1099E000204610BD00E6050010B50446FFF7EEFF67
:1099F0002046EEF785FA204610BD000002690A4BAA
:109A000010B503600023D360026913620269936298
:109A10000269044613630C30F8F78DFA204607F00C
:109A200085FD204610BD00BFB4E6050010B5044614
:109A3000FFF7E4FF2046EEF763FA204610BD000072
:109A400002690A4B10B503600023D36002691362F8
:109A5000026993620269044613630C30F8F76BFAEB
:109A6000204607F07DFD204610BD00BF80E60500C2
:109A700010B50446FFF7E4FF2046EEF741FA204612
:109A800010BD000010B5054B044640F8103BF8F738
:109A900052FA2046FBF7ACFF204610BDFCE405005F
:109AA00010B50446FFF7EEFF2046EEF729FA2046F0
:109AB00010BD30B5084687B014460D46F9F780FF53
:109AC00084F824002846F9F77EFF0023A360636131
:109AD000E361012384F8643084F825002946684650
:109AE000F9F774FF694604F10800FFF781FBE060B5
:109AF0006846FEF7FBFE29466846F9F76EFF6946A1
:109B000004F11400FFF774FBA0616846FEF7EEFE57
:109B100029466846F9F768FF694604F11C00FFF71B
:109B200067FB20626846FEF7E1FE07B030BD30B546
:109B3000084687B014460D46FCF74CFA606228468A
:109B4000FCF74BFA0023A3606361E361012384F80F
:109B50002431A06229466846FCF742FA694604F1BE
:109B60000800FFF745FBE0606846FEF7BFFE2946A8
:109B70006846FCF73CFA694604F11400FFF74CFB19
:109B8000A0616846F0F7A6FE29466846FCF736FA5B
:109B9000694604F11C00FFF73FFB20626846F0F7BE
:109BA00099FE07B030BD10B4084611461A46DDE9EB
:109BB000013401945DF8044BF9F7DEBF10B4084698
:109BC00011461A46DDE9013401945DF8044BFCF7B7
:109BD000DDBA30B5084687B014460D46F9F744FEA5
:109BE00060742846F9F743FEA0742846F9F75EFE34
:109BF0000023A3606361E3616362012384F843305F
:109C0000E06229466846F9F735FE694604F1080026
:109C1000FFF7EEFAE0606846FEF768FE2946684600
:109C2000F9F72FFE694604F11400FFF7E1FAA0618D
:109C30006846FEF75BFE29466846F9F729FE694645
:109C400004F11C00FFF7D4FA20626846FEF74EFECE
:109C500029466846F9F723FE694604F12400FFF718
:109C6000C7FAA0626846FEF741FE2846F9F721FED2
:109C700020632846F9F722FE606307B030BD30B597
:109C8000084687B014460D46F9F7ACFD60742846C7
:109C9000F9F7ABFDA0742846F9F7C6FD0023A360D1
:109CA0006361E3616362012384F84330E062294623
:109CB0006846F9F79DFD694604F10800FFF798FA38
:109CC000E0606846FEF712FE29466846F9F797FD00
:109CD000694604F11400FFF78BFAA0616846FEF7AD
:109CE00005FE29466846F9F791FD694604F11C0016
:109CF000FFF77EFA20626846FEF7F8FD29466846BF
:109D0000F9F78BFD694604F12400FFF771FAA062B0
:109D10006846FEF7EBFD2846F9F789FD20632846E3
:109D2000F9F78AFD606307B030BD30B5084687B0EB
:109D300014460D46FCF7A4F860612846FCF7A3F82A
:109D4000A0612846FCF7BEF80023A360E3616362CC
:109D5000E362012384F86C30606329466846FCF7AF
:109D600095F8694604F10800FFF742FAE06068469A
:109D7000FEF7BCFD29466846FCF78FF8694604F1FA
:109D80001C00FFF749FA20626846F0F7A3FD294658
:109D90006846FCF789F8694604F12400FFF73CFAAD
:109DA000A0626846F0F796FD29466846FCF783F8FE
:109DB000694604F12C00FFF72FFA20636846F0F79C
:109DC00089FD2846FCF781F8A0632846FCF782F855
:109DD000E06307B030BD30B5084687B014460D4685
:109DE000FCF70CF860612846FCF70BF8A0612846E8
:109DF000FCF726F80023A360E3616362E3620123BA
:109E000084F86C30606329466846FBF7FDFF6946BD
:109E100004F10800FFF7ECF9E0606846FEF766FD24
:109E200029466846FBF7F7FF694604F11C00FFF777
:109E3000F3F920626846F0F74DFD29466846FBF7C6
:109E4000F1FF694604F12400FFF7E6F9A0626846D5
:109E5000F0F740FD29466846FBF7EBFF694604F141
:109E60002C00FFF7D9F920636846F0F733FD284648
:109E7000FBF7E9FFA0632846FBF7EAFFE06307B0C2
:109E800030BD10B586B00C46114602AA0092684655
:109E9000CA18FFF717FC089A69462046F9F74AFEE8
:109EA00004466846FEF722FD204606B010BD10B5F8
:109EB00086B00C46114602AA00926846CA18FFF7FF
:109EC00001FC089A69462046FCF73EF904466846BC
:109ED000FEF70CFD204606B010BD08461146F9F706
:109EE00038BE08461146FCF73EB90846F9F783BD6F
:109EF0000846FCF78AB882B0F0B587B004469DF8F2
:109F000050700D93742F1546DDE91110139E0FAAA2
:109F10000DAB15D003D8642F24D06D2F3CD0772FF4
:109F20002DD0792FFBD1CDE90306029192E80300F1
:109F30008DE8030029460CCB2046F9F7CFFD0BE056
:109F4000CDE90306029192E803008DE8030029465B
:109F50000CCB2046F9F752FD204607B0BDE8F04093
:109F600002B07047CDE90306029192E803008DE844
:109F7000030029460CCB2046F9F75CFDECE7CDE960
:109F80000306029192E803008DE8030029460CCBFA
:109F90002046F9F76BFDDFE7CDE90306029192E871
:109FA00003008DE8030029460CCB2046F9F77AFD23
:109FB000D2E782B0F0B587B004469DF850700D939B
:109FC000742F1546DDE91110139E0FAA0DAB15D0A5
:109FD00003D8642F24D06D2F3CD0772F2DD0792F2C
:109FE000FBD1CDE90306029192E803008DE803005E
:109FF00029460CCB2046FCF77BF80BE0CDE90306A5
:10A00000029192E803008DE8030029460CCB20461C
:10A01000FBF7FEFF204607B0BDE8F04002B07047F6
:10A02000CDE90306029192E803008DE8030029467A
:10A030000CCB2046FCF708F8ECE7CDE903060291CB
:10A0400092E803008DE8030029460CCB2046FCF77C
:10A0500017F8DFE7CDE90306029192E803008DE8E7
:10A06000030029460CCB2046FCF726F8D2E7000077
:10A07000F8B5A64A0C466FF00103A549054606F05F
:10A0800020FC064610B104682046F8BDA14B9C4256
:10A0900026D16820EDF730FF9F4B036007464660EE
:10A0A000C0E902660674C0E90566C0E907668684F1
:10A0B00080F864601420EDF71FFF324639460446ED
:10A0C000F9F76EFC6B68E56001336B60934B2360BE
:10A0D00027613A4629464FF00000F8F7EFF8D3E73A
:10A0E0008F4B9C420DD11020EDF706FF3146044600
:10A0F000F9F732FD6B68E56001336B60894B2360D3
:10A10000C2E7894B9C420AD10C20EDF7F5FE6B6843
:10A1100001336B600446C0E90165844BEFE7844B73
:10A120009C420AD10C20EDF7E7FE6B6801336B60AF
:10A130000446C0E901657F4BE1E77F4B9C420AD1B1
:10A140000C20EDF7D9FE6B6801336B600446C0E963
:10A1500001657A4BD3E77A4B9C422CD14420EDF732
:10A16000CBFE784B036007464660C0E90266067482
:10A1700046748674C0E90566C0E90766C0E90966E9
:10A18000C0E90B66466380F843601420EDF7B4FE27
:10A19000324639460446F9F755FB6B68E5600133F2
:10A1A0006B60694B236027613A4629464FF00000F7
:10A1B000F8F712F968E7654B9C422CD14420EDF783
:10A1C0009BFE634B036007464660C0E90266067467
:10A1D00046748674C0E90566C0E90766C0E9096689
:10A1E000C0E90B66466380F843601420EDF784FEF7
:10A1F000324639460446F9F7E3FA6B68E560013305
:10A200006B60544B236027613A4629464FF00000AB
:10A21000F8F737F938E7504B9C420CD11420EDF792
:10A220006BFE31460446F9F775FC6B682561013316
:10A230006B604A4B63E74A4B9C4229D14FF49470C0
:10A24000EDF75AFE0027474B036006464760C0E91A
:10A2500002770774C0E90577C0E90777C0E9097795
:10A2600080F824711420EDF747FE3A463146044643
:10A27000FBF7A0FE6B68E56001336B603A4B23602F
:10A280002661324629464FF00000F8F754F8FBE605
:10A29000364B9C420CD11020EDF72EFE00210446D7
:10A2A000FBF764FF6B68E56001336B60304B26E7BA
:10A2B000304B9C420BD10C20EDF71EFE0023C0E971
:10A2C00001356B6801336B6004462B4B17E72B4B52
:10A2D0009C420BD10C20EDF70FFE0023C0E90135A5
:10A2E0006B6801336B600446254B08E7254B9C42A5
:10A2F0004CD10C20EDF700FE0023C0E901356B685E
:10A3000001336B600446204BF9E600BF3CCF0500EB
:10A31000F0C205009497002040C1050018E5050033
:10A3200088970020A8E405009097002060E50500CC
:10A330009C970020B8E5050098970020E8E5050007
:10A34000A097002000C105004CE60500A49700205E
:10A3500010C1050018E605008C970020E0E4050018
:10A36000D497002050C105003CE50500C8970020A7
:10A37000C4E40500D09700208CE50500DC970020A0
:10A38000D0E50500D897002000E605003A4B9C4236
:10A390002DD17020EDF7B0FD0027384B0360064645
:10A3A0004760C0E902770774C0E90577C0E907771D
:10A3B000C0E90977C0E90B77C0E90D77C76380F87A
:10A3C0006C701420EDF798FD3A4631460446FBF7D1
:10A3D00045FD6B68E56001336B60294B23602661A6
:10A3E000324629464FF00000F8F7A0F84CE6254B1E
:10A3F0009C422DD17020EDF77FFD0027224B03609A
:10A4000006464760C0E902770774C0E90577C0E9EE
:10A410000777C0E90977C0E90B77C0E90D77C76313
:10A4200080F86C701420EDF767FD3A46314604461B
:10A43000FBF7D2FC6B68E56001336B60134B236064
:10A440002661324629464FF00000F8F7C4F81BE6B3
:10A450000F4B9C420CD11420EDF74EFD0021044619
:10A46000FBF762FE6B68256101336B60094B46E6C2
:10A47000094800F00BFB00BFE097002020C1050059
:10A48000B4E60500E497002030C1050080E6050031
:10A49000CC970020FCE405005FCF050010B58A6969
:10A4A000044612B9064800F0F1FAD1E9001200F1B1
:10A4B000080303600A44FFF705F9204610BD00BFFA
:10A4C00044CF050082B02DE9F0478AB006461899BE
:10A4D000139317469DF85480DDF858909DF85CA0C2
:10A4E00013ACB1B104AD2846FFF7D8FFCDE902A502
:10A4F000CDE90089304694E80C003946F9F737FA7F
:10A500002846FEF7F3F930460AB0BDE8F04702B03E
:10A510007047CDE9019ACDF8008094E80C003946E7
:10A52000F9F70FFAEFE710B58AB004460093002060
:10A530001346C968099003AAF8F7A6FC03A92046A8
:10A54000FFF7ACFF03A8F7F7B2FE20460AB010BD34
:10A55000F0B59BB00AAC84E80C0013AE0023CDE943
:10A56000063619930C930CAB0593239B04939DF82B
:10A570008830039320AA8C46054692E8030001AB7D
:10A5800083E8030008AF0B9B00934FF000010A9B88
:10A59000DCF808203846F8F7A9FC97E803000C9B84
:10A5A00084E80300A3B931460DA8FFF777FF0DA992
:10A5B0002598FEF78FFA0DA8FEF798F994E80300A6
:10A5C00085E803003046F7F772FE28461BB0F0BD61
:10A5D000249A1360F2E730B58DB004461198002537
:10A5E0000B9545680395006802901098CDE90030FE
:10A5F0001346096905AA4FF00000F8F755FC05A9B4
:10A600002046FFF74BFF05A8F7F751FE20460DB097
:10A6100030BD000038B5836904460D4603B1984744
:10A6200029462046FEF7ECFC014BA361204638BDCD
:10A63000E991040010B586B0144668461A46089B96
:10A64000F9F7A1FA69462046FFF7E4FF6846FEF7EE
:10A650004DF906B010BD82B02DE9F0418EB09446A0
:10A660001C9A159305469DF86410DDE91A0717AB8F
:10A6700015AC9AB1CDE90472CDE9021093E803005C
:10A680008DE80300614694E80C002846F9F71BF9B1
:10A6900028460EB0BDE8F04102B0704708AECDE9E3
:10A6A0000476CDE9021093E803008DE803000DF174
:10A6B000280E0DF11808CDE908E28DF82820614632
:10A6C00094E80C004046F9F71DF998E803003B6850
:10A6D00084E803001BB931461D98FFF79BFF94E8FF
:10A6E000030085E803003046FEF700F9D0E70000DC
:10A6F00070B590B009AC0E4606A9054681E80C007D
:10A700002046002317990F93FFF784FF9DF85830D8
:10A710000393159B02939DF850300193079B009380
:10A720009FED070B069BB26804944FF0000128468A
:10A73000F8F7F4FA2046F7F7BAFD284610B070BDD6
:10A740000000000000000000F0B58FB00E46154676
:10A750001699179A02AC1F460A4404AB204602938E
:10A76000FEF7B0FF159B00933A46149B01943146C7
:10A7700008A8F9F7E2F908A92846FFF74BFF08A84F
:10A78000FEF7B4F82046FEF7B1F80FB0F0BD0000B8
:10A7900010B58A69044612B9064800F077F9D1E984
:10A7A000001200F10803036001EB8202FEF7AEFF26
:10A7B000204610BD44CF050082B02DE9F0478AB095
:10A7C00006461899139317469DF85480DDE9169AAA
:10A7D00013ACB1B104AD2846FFF7DAFFCDE902A50D
:10A7E000CDE90089304694E80C003946FBF7CAFBF6
:10A7F0002846F0F76FF830460AB0BDE8F04702B0DF
:10A800007047CDE9019ACDF8008094E80C003946F4
:10A81000FBF7A3FBEFE710B58AB0044600930020D6
:10A820001346C968099003AAF8F7A2FC03A92046B9
:10A83000FFF7AEFF03A8F7F73AFD20460AB010BDB8
:10A84000F0B59BB00AAC84E80C0013AE0023CDE950
:10A85000063619930C930CAB0593239B04939DF838
:10A860008830039320AA8C46054692E8030001AB8A
:10A8700083E8030008AF0B9B00934FF000010A9B95
:10A88000DCF808203846F8F7A5FC97E803000C9B95
:10A8900084E80300A3B931460DA8FFF779FF0DA99D
:10A8A0002598F0F710F90DA8F0F714F894E80300D4
:10A8B00085E803003046F7F7FAFC28461BB0F0BDE8
:10A8C000249A1360F2E730B58DB004461198002544
:10A8D0000B9545680395006802901098CDE900300B
:10A8E0001346096905AA4FF00000F8F751FC05A9C5
:10A8F0002046FFF74DFF05A8F7F7D9FC20460DB01D
:10A9000030BD000038B5836904460D4603B1984751
:10A9100029462046F0F7EEFA014BA361204638BDE8
:10A92000ED91040010B586B0144668461A46089B9F
:10A93000FBF733FC69462046FFF7E4FF6846EFF774
:10A94000C9FF06B010BD82B02DE9F0418EB094462B
:10A950001C9A159305469DF86410DDE91A0717AB9C
:10A9600015AC9AB1CDE90472CDE9021093E8030069
:10A970008DE80300614694E80C002846FBF7AFFA27
:10A9800028460EB0BDE8F04102B0704708AECDE9F0
:10A990000476CDE9021093E803008DE803000DF181
:10A9A000280E0DF11808CDE908E20A92614694E8F4
:10A9B0000C004046FBF7B2FA98E803003B6884E8D5
:10A9C00003001BB931461D98FFF79CFF94E8030074
:10A9D00085E803003046EFF77DFFD1E70000000077
:10A9E00070B590B009AC0E4606A9054681E80C008A
:10A9F0002046002317990F93FFF784FF169B0393BC
:10AA0000159B02939DF850300193079B00939FED97
:10AA1000080B069BB26804944FF000012846F8F733
:10AA2000F5FA2046F7F743FC284610B070BD00BF8A
:10AA30000000000000000000F0B58FB00E46154683
:10AA40001699179A02AC1F4601EB820204AB20460E
:10AA50000293FEF75BFE159B00933A46149B01940C
:10AA6000314608A8FBF773FB08A92846FFF74AFF01
:10AA700008A8EFF72FFF2046EFF72CFF0FB0F0BD2F
:10AA800008B508F02FF808B508F02CF808B508F05C
:10AA900029F808B508F026F80FB480B582B000AFE9
:10AAA00007F1100454F8045B28460AF049FC00F250
:10AAB0000E2323F00703ADEB030D00F500712346D1
:10AAC0002A4668467C6007F0FBF808F00BF808B5EA
:10AAD00008F008F8F0B50546D0E90020801A63D0E8
:10AAE00013781C0603D401322A601846F0BDC12B2E
:10AAF0003BD9DF2B0FD8012856D0507800F0C00486
:10AB0000802C32D100EB8310A0F542508142EDD36E
:10AB100002322A60EAE7EF2B1AD8022844D9547887
:10AB200004F0C000802820D1E02B01D19F2C1CD93B
:10AB3000907800F0C006802E17D1A40104EB0333F7
:10AB40000344A3F5622080388142CFD30332E0E78B
:10AB5000F42B0AD8032827D9547804F0C0008028A1
:10AB600003D1F02B04D18F2C06D84FF0FF30BDE776
:10AB7000F42B01D18F2CF8D8967806F0C0008028ED
:10AB8000F3D1D07800F0C007802FEED1240304EB7E
:10AB9000834303EB86130344A3F17270A0F50250C4
:10ABA0008842A3D80432B4E76FF001009EE7009B0F
:10ABB00003201A607047002070470020704704206F
:10ABC00070477F2908D8D0E900329A4242D05A1CF7
:10ABD0000260197001207047B1F5006F10D2D0E902
:10ABE0000032D21A012A35D95A1C02608A09403A29
:10ABF0001A70036801F03F015A1C02608039E8E7CF
:10AC0000B1F5803F11D2D0E90032D21A022A21D9FF
:10AC10005A1C02600A0B203A1A700268531C036027
:10AC2000C1F38513803B1370E3E7B1F5881F11D2A0
:10AC3000D0E90032D21A032A0CD95A1C02608A0CBD
:10AC4000103A1A700268531C0360C1F30533803B4D
:10AC50001370E2E7002070472DE9F04104460E46EC
:10AC600017469846D4E9000585422AD00188A1F507
:10AC70005843B3F5806F1DD2B8F1010F24D02D1ABF
:10AC8000022D1ED04088A0F55C43B3F5806F1BD227
:10AC9000A0F15770A0F5773000EB81210225B94271
:10ACA00012D83046FFF78DFF80B1236803EB4503D0
:10ACB0002360D7E7A1F55C43B3F5806F04D301258A
:10ACC000EDE70020BDE8F0810220FBE70120F9E775
:10ACD00038B54B0705460CD5D0E900431B1B022BAA
:10ACE00007D903220349204608F01AFD08B90334A6
:10ACF0002C6038BD38E7050070B50C46194605468E
:10AD00001646FFF7E5FFD5E900329A4212D0D4E9A2
:10AD100000329A4201D1012070BD31462846FFF72A
:10AD2000D9FE831CF7D0864206D323681A1D226001
:10AD30001860E8E70020EFE70220EDE71FB5CDE956
:10AD40000023079B0293089B0393074A002302A951
:10AD50006846FFF7D1FF069B009A1A60099B029A8A
:10AD60001A6005B05DF804FBFFFF100037B5CDE9B0
:10AD7000000168469DF8181014461D46FFF7A8FF0D
:10AD8000002044B1A84204F1FF3404D829466846A3
:10AD9000FFF7A0FEF5E7009803B030BD13B51446E9
:10ADA000194600230093049A034B2046FFF7DEFF69
:10ADB000001B02B010BD00BFFFFF10002DE9F843DB
:10ADC0000C4619461F4605461646FFF781FF07F059
:10ADD0000107D5E90098C8453CD0D4E900329A4231
:10ADE00038D031462846FFF775FE831C06D1089BF4
:10ADF000002B14BF02200120BDE8F88386422BD32C
:10AE0000B0F5803FD4E9002309D29A421ED080B227
:10AE10000FB940BA80B2931C23601080D9E79B1A07
:10AE2000032B13D9830AC0F30900A3F52153A0F51E
:10AE300010509BB280B20FB95BBA9BB213800FB9AE
:10AE400040BA80B2131D23605080C2E7C5E9009864
:10AE50000120D1E70020CFE70220CDE77FB5CDE983
:10AE60000223099B04930A9B059300230093074A3E
:10AE7000012304A902A8FFF7A1FF089B029A1A6008
:10AE80000B9B049A1A6007B05DF804FBFFFF1000EB
:10AE9000F7B5CDE900019DF82010684617461D461C
:10AEA000FFF716FF0024661CBE420ED229466846F4
:10AEB000FFF710FE854202D2009803B0F0BDB0F556
:10AEC000803F28BF34460134EDE7F5D14FF6FF73DC
:10AED0004FF6FE718D4294BF294619466846FFF72A
:10AEE000F9FDE9E713B51446194600230093049AC7
:10AEF000034B2046FFF7CCFF001B02B010BD00BF84
:10AF0000FFFF100010B5034B03600446EFF7ACF8E9
:10AF1000204610BD14E7050010B50446FFF7F2FF08
:10AF20002046ECF7EDFF204610BD000010B5034BA6
:10AF300003600446EFF798F8204610BDE8E60500E8
:10AF400010B50446FFF7F2FF2046ECF7D9FF204684
:10AF500010BD00001FB5CDE90023079B0293089B9D
:10AF60000393074A002302A96846FFF775FE069B74
:10AF7000009A1A60099B029A1A6005B05DF804FBFA
:10AF8000FFFF10008B070CD5D0E90032D21A022A3D
:10AF900009D9064A1188927819809A700368033398
:10AFA0000360012070470020704700BF38E70500AC
:10AFB00070B50D460446194628461646FFF7E2FFCF
:10AFC00070B1D4E900329A420CD019688E420BD38A
:10AFD0002846FFF7F6FD18B1236804332360F0E735
:10AFE000012070BD0020FCE70220FAE71FB5CDE983
:10AFF0000023079B0293089B0393074A002302A99F
:10B000006846FFF7D5FF069B009A1A60099B029AD3
:10B010001A6005B05DF804FBFFFF100008B507F0EB
:10B0200061FD00000F4B10B500F124010360002307
:10B030000446C0E90133C0E90333C0E90533C0E980
:10B0400007330A466430C2E9003308329042FAD12D
:10B050000823C4E9193104F16C00EEF757FB2046D0
:10B0600010BD00BF9CE8050070B5846905460E461A
:10B0700034B1D4E901322946304698472468F7E7CD
:10B0800070BD38B50446806940B1C3685A1EC260BD
:10B0900023B90568ECF734FF2846F5E70023A361E0
:10B0A00038BD00000C4B10B5002104460360FFF7CB
:10B0B000DBFF2046FFF7E5FFA06E04F12403984272
:10B0C00004D008B1ECF71EFF0023A36604F16C0066
:10B0D000EFF738F8204610BD9CE8050010B504468F
:10B0E000FFF7E0FF2046ECF70BFF204610BD83681A
:10B0F000587C70478368987C70478368D86A70472B
:10B1000083681B6B0020DAB262F30700C3F30722E7
:10B1100062F30F20C3F3074262F317401B0E82B0A5
:10B1200063F31F6002B0704783685B6B0020DAB284
:10B1300062F30700C3F3072262F30F20C3F3074251
:10B1400062F317401B0E82B063F31F6002B07047BA
:10B150008368587C70478368987C70478368D86A96
:10B16000704783681B6B0020DAB262F30700C3F3F9
:10B17000072262F30F20C3F3074262F317401B0E4E
:10B1800082B063F31F6002B0704783685B6B00207E
:10B19000DAB262F30700C3F3072262F30F20C3F3AE
:10B1A000074262F317401B0E82B063F31F6002B0C8
:10B1B0007047836893F824007047836893F82500EC
:10B1C0007047002070470020704770470020914270
:10B1D00004D211F8013B03EB7060F8E77047000000
:10B1E00010B5034B03600446EEF73EFF204610BD4A
:10B1F00028EA050010B5034B03600446EEF734FF60
:10B20000204610BD40EA050010B5034B036004461C
:10B21000EEF72AFF204610BDECE8050010B5034B01
:10B2200003600446EEF720FF204610BD28E9050024
:10B2300010B5034B03600446EEF716FF204610BD21
:10B2400058E9050010B5034B03600446EEF70CFF08
:10B25000204610BD58EA050010B5034B03600446B4
:10B26000EEF702FF204610BD6CEA050010B504465B
:10B27000FFF7B6FF2046ECF743FE204610BD10B5A1
:10B280000446FFF7B7FF2046ECF73AFE204610BD14
:10B2900010B50446FFF7B8FF2046ECF731FE204614
:10B2A00010BD10B50446FFF7B9FF2046ECF728FEA5
:10B2B000204610BD10B50446FFF7BAFF2046ECF754
:10B2C0001FFE204610BD10B50446FFF7BBFF204609
:10B2D000ECF716FE204610BD10B50446FFF7BCFF84
:10B2E0002046ECF70DFE204610BD13B58B6801AA71
:10B2F00099680446F6F724F9204602B010BD13B54C
:10B300008B6801AA59690446F6F71AF9204602B07B
:10B3100010BD13B58B6801AAD9690446F6F710F978
:10B32000204602B010BD13B58B6801AA596A0446C5
:10B33000F6F706F9204602B010BD13B58B6801AAD6
:10B3400099680446F6F7FCF8204602B010BD13B524
:10B350008B6801AA59690446F6F7F2F8204602B054
:10B3600010BD13B58B6801AAD9690446F6F7E8F851
:10B37000204602B010BD13B58B6801AA596A044675
:10B38000F6F7DEF8204602B010BD13B58B6801AAAF
:10B3900099680446F6F7D4F8204602B010BD13B5FC
:10B3A0008B6801AA59690446F6F7CAF8204602B02C
:10B3B00010BD13B58B6801AAD9690446F6F7C0F829
:10B3C000204602B010BD000010B5054B044640F801
:10B3D000083BEFF7EFF82046EEF746FE204610BD9B
:10B3E000E0E9050010B50446FFF7EEFF2046ECF754
:10B3F00087FD204610BD000010B5054B044640F8FF
:10B40000083BEFF7D7F82046EEF72EFE204610BD9A
:10B41000ACE8050010B50446FFF7EEFF2046ECF758
:10B420006FFD204610BD000038B50D4B0360056967
:10B430000446EEF73DFE854203D015B12846ECF7F1
:10B4400061FDA06810B103685B68984704F10C00C7
:10B45000EFF7B0F82046EEF707FE204638BD00BFF4
:10B4600068E9050010B50446FFF7DEFF2046ECF75B
:10B4700047FD204610BD2DE9F04385B01C468146AE
:10B4800003AB02A8F6F771F801AB21460C9A03A8AA
:10B49000F6F76BF8029D039C55F80C3C54F80C7CB5
:10B4A00005EB0308274422462946484605F0C8FD17
:10B4B000064668B9284609F043FF0544204609F0CE
:10B4C0003FFFA84504440DD13E1B18BF4FF0FF3687
:10B4D00003A8F5F7A3FD02A8F5F7A0FD304605B0D7
:10B4E000BDE8F083A74202D001350134DBE7012635
:10B4F000EEE700002DE9F74316461C46224B036099
:10B5000022466B460746894601A83146F6F72DF8D4
:10B51000019DA41B55F80C3C6400204605EB030874
:10B52000ECF7ECFC064623462A463146484605F031
:10B5300092FD84420DD8441C3046ECF7E3FC2046D3
:10B54000ECF7DCFC2346064601462A46484605F051
:10B5500082FD024631463846F5F70EFF284609F0CF
:10B56000EFFE0544A84505D0002138460135F5F722
:10B570008CFFD8E73046ECF7C5FC01A8F5F74EFD87
:10B58000384603B0BDE8F083649700200A2808D845
:10B590002F2918D93030C0B2814214D2A1F1300025
:10B5A0007047A1F13003092BF8D9A1F16103052BF4
:10B5B00002D8A1F157007047A1F14103052B02D831
:10B5C000A1F1370070474FF0FF30704713460A462D
:10B5D00011B1194608F0D7B87047000000310B4A86
:10B5E000026018BF012100224160C0E902220274FA
:10B5F00042748274C0E90522C0E90722C0E9092229
:10B60000C0E90B22426380F84320704710C1050057
:10B6100000310B4A026018BF012100224160C0E9DD
:10B620000222027442748274C0E90522C0E9072232
:10B63000C0E90922C0E90B22426380F84320704729
:10B6400000C1050010B5003218BF01224260054B51
:10B6500003600022044681601146EEF763F920463C
:10B6600010BD00BFACE9050003689B68184703687C
:10B67000DB68184710B50B6804461B6998472046DD
:10B6800010BD10B50B6804465B699847204610BD95
:10B6900010B50B6804469B699847204610BD10B54D
:10B6A0000B680446DB699847204610BD03681B6A97
:10B6B000184703685B6A82B002B0184703689B6A48
:10B6C00082B002B01847000010B5003218BF012246
:10B6D0004260054B03600022044681601146EEF78C
:10B6E000D3F8204610BD00BF78E9050003689B68C9
:10B6F00018470368DB68184710B50B6804461B69D8
:10B700009847204610BD10B50B6804465B69984702
:10B71000204610BD10B50B6804469B69984720462B
:10B7200010BD10B50B680446DB699847204610BD74
:10B7300003681B6A184703685B6A82B002B0184747
:10B7400003689B6A82B002B01847F0B589B006ACB6
:10B7500084E80C00139A0B680592129A0492119ACD
:10B7600003929DF8402002920EAA05460E4692E8EA
:10B7700003008DE8030028469F68314694E80C00DA
:10B78000B847284609B0F0BDF0B589B006AC84E8EA
:10B790000C00139A0B680592129A0492119A039264
:10B7A0009DF8402002920EAA05460E4692E803003C
:10B7B0008DE803002846DF68314694E80C00B8475E
:10B7C000284609B0F0BD70B586B004AC84E80C0022
:10B7D0009DF8302002920B9A01920B689DF8282068
:10B7E00000929E6894E80C000546B047284606B0D3
:10B7F00070BD70B586B004AC84E80C000D9A03925D
:10B800009DF8302002920B9A01920B689DF8282037
:10B810000092DE6894E80C000546B047284606B062
:10B8200070BD00000031084A026018BF01210022EB
:10B830004160C0E902220274C0E90522C0E9072282
:10B84000828480F86420704740C1050010B5003242
:10B8500018BF0122044B426004460360816000214E
:10B86000EEF702FA204610BDC8E8050003689B68A1
:10B8700018470368DB68184710B50B6804461B6956
:10B880009847204610BD10B50B6804465B69984781
:10B89000204610BD10B50B6804469B6998472046AA
:10B8A00010BD0000003218BF0122074B10B54260E6
:10B8B000036081600446EEF7FBFB00212061204617
:10B8C00005F06AFF204610BD68E9050083689A68A4
:10B8D0000A60DB684B60704783681A690A605B69BD
:10B8E0004B60704783689A690A60DB694B607047F8
:10B8F0008368DA6A0A601A6B4A605A6B8A609A6BCC
:10B90000CA60DA6B0A611A6C4A615B6C8B617047C2
:10B9100083689A6C0A60DA6C4A601A6D8A605A6DA4
:10B92000CA609A6D0A61DA6D4A611B6E8B6170475D
:10B9300083685A6E0A609A6E4A60DA6E8A601A6F7D
:10B94000CA605A6F0A619A6F4A61DA6F8A61D3F8E6
:10B950008020CA61D3F884200A62D3F888204A6222
:10B96000D3F88C208A62D3F89030CB62704783681A
:10B97000D3F894200A60D3F898204A60D3F89C202A
:10B980008A60D3F8A020CA60D3F8A4200A61D3F853
:10B99000A8204A61D3F8AC208A61D3F8B020CA61EC
:10B9A000D3F8B4200A62D3F8B8204A62D3F8BC2096
:10B9B0008A62D3F8C030CB62704703689B6818472F
:10B9C000F0B589B006AC84E80C00129A0B680492BA
:10B9D000119A0392109A02920EAA05460E4692E818
:10B9E00003008DE803002846DF68314694E80C0028
:10B9F000B847284609B0F0BDF0B589B006AC84E878
:10BA00000C00129A0B680492119A0392109A0292F7
:10BA10000EAA05460E4692E803008DE8030028466C
:10BA20001F69314694E80C00B847284609B0F0BDBC
:10BA3000F0B589B006AC84E80C00129A0B68049249
:10BA4000119A0392109A02920EAA05460E4692E8A7
:10BA500003008DE8030028465F69314694E80C0036
:10BA6000B847284609B0F0BDF0B589B006AC84E807
:10BA70000C00129A0B680492119A0392109A029287
:10BA80000EAA05460E4692E803008DE803002846FC
:10BA90009F69314694E80C00B847284609B0F0BDCC
:10BAA000F0B589B006AC84E80C00129A0B680492D9
:10BAB000119A0392109A02920EAA05460E4692E837
:10BAC00003008DE803002846DF69314694E80C0046
:10BAD000B847284609B0F0BD003110B518BF0121A4
:10BAE000044B416003600446EEF7D8FAA06020469C
:10BAF00010BD00BFE0E9050003689B68184773B5F7
:10BB0000079E01960D68069E0096ED680446A847BC
:10BB1000204602B070BD03681B691847003110B59C
:10BB200018BF0121044B416003600446EEF7B6FAEA
:10BB3000A060204610BD00BFACE8050010B404684A
:10BB4000A468A4465DF8044B604738B50D68044608
:10BB5000ED68A847204638BD10B504460A48EEF700
:10BB600007FB2368D3E90123834202D952F820005E
:10BB700008B9FEF788FF0023044A054904F0A1FE36
:10BB800008B904F0FFFE10BDF8970020C4DD0500E1
:10BB9000F0C2050010B504460A48EEF7E9FA23683A
:10BBA000D3E90123834202D952F8200008B9FEF7F5
:10BBB0006AFF0023044A054904F083FE08B904F033
:10BBC000E1FE10BD589800206CEB0500F0C20500A6
:10BBD0002DE9F043044685B008468846FFF7DAFFB2
:10BBE0000146054601A8FFF747FE019B53F80C0CE0
:10BBF000E060ECF783F9002301460646E26801A8FD
:10BC0000F5F762F9E3682BB196F90030002BD4BF49
:10BC1000002301232946237402A8FFF734FE029B68
:10BC200053F80C0CA061ECF769F9A2698146002376
:10BC3000014602A8F5F748F9294603A8FFF72AFEAE
:10BC4000039B53F80C0C2062ECF758F9226A01466A
:10BC50000023074603A8F5F737F92846FFF706FE45
:10BC600084F824002846FFF704FE84F825004046A7
:10BC7000FFF772FF124B196804F1260301F1240249
:10BC80000546F7F76EFD0F4B1968284601F11A02B9
:10BC900004F14A03F7F765FD012384F86430A660D8
:10BCA000C4F81490E76103A8F5F7B8F902A8F5F70E
:10BCB000B5F901A8F5F7B2F905B0BDE8F08300BF0A
:10BCC00098610020946100202DE9F04105460F485D
:10BCD000EEF74EFA2B68DE6856F820800446B8F17D
:10BCE000000F0FD16820ECF707F941460746FFF730
:10BCF00099FD29463846FFF76BFF224639462868EA
:10BD0000EEF7F4FA56F82400BDE8F08158980020C8
:10BD100010B504460A48EEF72BFA2368D3E901234D
:10BD2000834202D952F8200008B9FEF7ACFE002386
:10BD3000044A054904F0C5FD08B904F023FE10BD0E
:10BD40005098002040EB0500F0C2050010B50446F5
:10BD50000A48EEF70DFA2368D3E90123834202D99A
:10BD600052F8200008B9FEF78EFE0023044A054968
:10BD700004F0A7FD08B904F005FE10BD549800209A
:10BD800034EB0500F0C2050010B504460A48EEF792
:10BD9000EFF92368D3E90123834202D952F8200046
:10BDA00008B9FEF770FE0023044A054904F089FD36
:10BDB00008B904F0E7FD10BD64980020ACEA050066
:10BDC000F0C205002DE9FF47044608468846FFF704
:10BDD000DBFF0546FFF78AFC60742846FFF789FC05
:10BDE000A0742846FFF7A4FC2946E0626846FFF7E6
:10BDF00083FC009B53F80C0CE060ECF77FF8002309
:10BE000001460646E2686846F5F75EF8E3682BB13E
:10BE100096F90030002BD4BF002301232946237458
:10BE200001A8FFF770FC019B53F80C0CA061ECF724
:10BE300065F8A26982460023014601A8F5F744F897
:10BE4000294602A8FFF766FC029B53F80C0C2062FF
:10BE5000ECF754F8226A81460023014602A8F5F760
:10BE600033F8294603A8FFF75CFC039B53F80C0C3E
:10BE7000A062ECF743F8A26A01460023074603A834
:10BE8000F5F722F82846FFF756FC20632846FFF70F
:10BE900057FC60634046FFF75FFE104B196804F1E2
:10BEA000380301F10B02F7F75CFC012384F84330FF
:10BEB000A660C4F814A0C4F81C90676203A8F5F744
:10BEC000ADF802A8F5F7AAF801A8F5F7A7F86846B3
:10BED000F5F7A4F804B0BDE8F08700BF9C6100202E
:10BEE0002DE9F04105460F48EEF742F92B68DE6870
:10BEF00056F820800446B8F1000F0FD14420EBF72C
:10BF0000FBFF41460746FFF783FB29463846FFF70C
:10BF100059FF224639462868EEF7E8F956F824001A
:10BF2000BDE8F0816498002010B504460A48EEF799
:10BF30001FF92368D3E90123834202D952F8200074
:10BF400008B9FEF7A0FD0023044A054904F0B9FC36
:10BF500008B904F017FD10BD689800208CEA0500B0
:10BF6000F0C205002DE9FF47044608468846FFF762
:10BF7000DBFF0546FFF778FB60742846FFF777FB89
:10BF8000A0742846FFF792FB2946E0626846FFF757
:10BF900071FB009B53F80C0CE060EBF7AFFF002344
:10BFA00001460646E2686846F4F78EFFE3682BB167
:10BFB00096F90030002BD4BF0023012329462374B7
:10BFC00001A8FFF75EFB019B53F80C0CA061EBF797
:10BFD00095FFA26982460023014601A8F4F774FF89
:10BFE000294602A8FFF754FB029B53F80C0C206271
:10BFF000EBF784FF226A81460023014602A8F4F78A
:10C0000063FF294603A8FFF74AFB039B53F80C0C78
:10C01000A062EBF773FFA26A01460023074603A85C
:10C02000F4F752FF2846FFF744FB20632846FFF74A
:10C0300045FB60634046FFF78FFD104B196804F124
:10C04000380301F10B02F7F78CFB012384F843302E
:10C05000A660C4F814A0C4F81C90676203A8F4F7A3
:10C06000DDFF02A8F4F7DAFF01A8F4F7D7FF68466E
:10C07000F4F7D4FF04B0BDE8F08700BF9C61002056
:10C080002DE9F04105460F48EEF772F82B68DE689F
:10C0900056F820800446B8F1000F0FD14420EBF78A
:10C0A0002BFF41460746FFF799FA29463846FFF726
:10C0B00059FF224639462868EEF718F956F8240049
:10C0C000BDE8F0816898002010B504460A48EEF7F4
:10C0D0004FF82368D3E90123834202D952F82000A4
:10C0E00008B9FEF7D0FC0023044A054904F0E9FB37
:10C0F00008B904F047FC10BD4C980020CCEA0500BC
:10C10000F0C2050010B504460A48EEF731F823687E
:10C110009A6882420CD95B6853F8200038B100233A
:10C12000054A064904F0CDFB003018BF012010BDC0
:10C130000020FCE7F8970020C4DD0500F0C20500F0
:10C1400010B504460A48EEF713F823689A6882424D
:10C150000CD95B6853F8200038B10023054A064922
:10C1600004F0AFFB003018BF012010BD0020FCE739
:10C170005098002040EB0500F0C2050010B50446C1
:10C180000A48EDF7F5FF23689A6882420CD95B688C
:10C1900053F8200038B10023054A064904F091FB0A
:10C1A000003018BF012010BD0020FCE7549800208B
:10C1B00034EB0500F0C205002DE9F043DDE907543A
:10C1C0004FF0000E764603F1FF38975DA4EB050CA7
:10C1D000BC4502EB060307DC461EA54211D015F84C
:10C1E000017B06F8017FF8E74FFA87F9B9F1000FF4
:10C1F000F2DDB045A4EB07048CBF01360EF1010E51
:10C20000E3E760441EF1FF3E0ED301701D78064641
:10C2100004EB050C644502D101352844F2E714F81B
:10C22000017B06F8017FF5E793420FD0017013F808
:10C23000015D064604EB050C644502D10135284436
:10C24000F2E714F8017B06F8017FF5E7BDE8F0831B
:10C25000F7B5DDE9087408461946DDE90A35B7B1D6
:10C26000FE1A03EB060CCDE9003C134602462046BD
:10C27000FFF7A2FF041B3FB12A683946921BFCF767
:10C2800017FB2B689E1B34442C6003B0F0BD2E6856
:10C29000E7E773B5099DDDE907401E462B680344B7
:10C2A000CDE90003134620460A463146FFF784FFD6
:10C2B000001B286002B070BD2DE9F8431D46C3681D
:10C2C000DDE9086703F0B003202B89461446A6EB8E
:10C2D00007060BD13A4629462046FCF7E9FA4A46BA
:10C2E0003146E019FFF772F9BDE8F883102B0ED044
:10C2F0004FF000084A4631462046FFF767F9A7EBA2
:10C30000080205EB0801A019FCF7D2FAECE76C3043
:10C31000FFF722FC2D218046F7F712FA2B78834293
:10C3200005D12B7804F8013B4FF00108E2E72B21FF
:10C330004046F7F705FA2B788342F2D03021404689
:10C34000F7F7FEF92B788342D2D1012FD0DD782187
:10C350004046F7F7F5F96B78834207D12B782370C5
:10C360006B7863704FF002080234C3E758214046EF
:10C37000F7F7E6F96B788342BAD1EFE737B5089C57
:10C38000184623681546CDE90023DDE90623FFF7AB
:10C3900093FF256003B030BD30B59DF80C4074B1FB
:10C3A00003460A25B1FBF5F405FB14111144097984
:10C3B00003F8011D2146002CF4D1C01A30BD03F052
:10C3C0004A04402C09D1034601F007041444C9086B
:10C3D000247903F8014DF7D1EFE713F4804F14BF30
:10C3E000142404240346224401F00F040909145DB7
:10C3F00003F8014DF8D1E0E72DE9F04114469DF82E
:10C4000020201D468046DDE90673CAB10646204657
:10C4100029460A22002306F0E5F93A44204613791A
:10C4200006F8013D294600230A2206F0DBF90446FE
:10C430000D4654EA0503EAD1A8EB0600BDE8F081F9
:10C4400003F04A02402A10D1064604F007033B4499
:10C45000EA081B7906F8013DE30843EA45731C46E8
:10C46000154654EA0503F0D1E6E713F4804F14BFF4
:10C470001423042306461F4404F00F032A09FB5C1F
:10C4800006F8013D230943EA05731C46154654EAA4
:10C490000503F1D1D0E700002DE9F04F8FB006A9D8
:10C4A000DDF86080049008F16C04204681E80C00FF
:10C4B0009DF86490FFF750FB07462046FFF710FDFC
:10C4C0001A9B1E6890F8383032789A42044656F823
:10C4D0000C3C00F08380026B0992D0F820A0C26966
:10C4E000029233443546AB4206D92978BA69525C88
:10C4F000520705F101007CD4AD1BAB46002D00F0C6
:10C50000C6800EAF7A4B47F8103D69003846F4F705
:10C51000E9FEE26AAB1A002B73DD15EA220538BF8B
:10C520001D46E368002B66D0002269003846F4F708
:10C530003BFE3846F4F7F4FD7319A17C0A98CDE967
:10C540000063D4E90223FFF737FE03903846F4F77F
:10C55000E7FD0A9B03994FF0FF32C91A3846F4F7FA
:10C56000EFFDE36A002B0ADD617C0AA8F4F78DFF7A
:10C57000002D48DBE26A71190AA8F4F7FDFED8F82D
:10C580000C2002F0B00303930A9B12F4007253F8DC
:10C590000C3C18BFA2690EAD53441344544A45F8ED
:10C5A0000C2D590028460593F4F79CFE039BD8F800
:10C5B0000860102B059B2FD1B3422CBF4FF0000B0E
:10C5C0004FF0010BF31A0027059309ABDB5D042B39
:10C5D0002ED8DFE803F0827724697200426B09925B
:10C5E000426A0292D0F828A0002B3FF47AAF0136BD
:10C5F00077E7054677E72A4631463846F4F716FED0
:10C60000AFE71D46ADE794F8392069420AA8F4F770
:10C61000EDFE5A463146AFE74FF0000BD2E7D8F8AF
:10C620000C309B0504D5D4E905120BA8F4F7A4FE41
:10C630000137042FC9D1BAF1010F06D902990AF1C5
:10C64000FF3201312846F4F797FE0B9B53F80C1C80
:10C650008E4209D9039B202BA6EB010141D14A460A
:10C660002846F4F7C3FE31460CAC009106AA06CA70
:10C670000B9B2046F7F799FA94E8030006902846AA
:10C680008DF81C10F4F7CAFC0AA8F4F7C7FC0023C5
:10C69000C8F8083006AB93E80300049B83E8030066
:10C6A00018460FB0BDE8F08FBAF1000FC0D0029B62
:10C6B00019782846F4F7E9FEBAE70AA92846F4F7FC
:10C6C00056FEB5E7BBF1000F05D04A4605990BA809
:10C6D000F4F78CFEACE74946EBE7BBF1000FA7D0BF
:10C6E000F3E70A464B4600212846F4F769FDBAE70E
:10C6F000649700202DE9F04F8FB006A9DDF8608027
:10C70000049008F16C04204681E80C009DF86490C8
:10C71000FFF722FA07462046FFF7B2FC1A9B1E6875
:10C7200090F8383032789A42044656F80C3C00F0C3
:10C730008380026B0992D0F820A0C2690292334430
:10C740003546AB4206D92978BA69525C520705F1E1
:10C7500001007CD4AD1BAB46002D00F0C6800EAFAF
:10C760007A4B47F8103D69003846F4F7BBFDE26AA2
:10C77000AB1A002B73DD15EA220538BF1D46E368AE
:10C78000002B66D0002269003846F4F70DFD3846CC
:10C79000F4F7C6FC7319A17C0A98CDE90063D4E9CB
:10C7A0000223FFF709FD03903846F4F7B9FC0A9B12
:10C7B00003994FF0FF32C91A3846F4F7C1FCE36A17
:10C7C000002B0ADD617C0AA8F4F75FFE002D48DB30
:10C7D000E26A71190AA8F4F7CFFDD8F80C2002F02C
:10C7E000B00303930A9B12F4007253F80C3C18BF79
:10C7F000A2690EAD53441344544A45F80C2D590018
:10C8000028460593F4F76EFD039BD8F80860102BBB
:10C81000059B2FD1B3422CBF4FF0000B4FF0010B03
:10C82000F31A0027059309ABDB5D042B2ED8DFE854
:10C8300003F0827724697200426B0992426A029285
:10C84000D0F828A0002B3FF47AAF013677E70546F1
:10C8500077E72A4631463846F4F7E8FCAFE71D464D
:10C86000ADE794F8392069420AA8F4F7BFFD5A46AB
:10C870003146AFE74FF0000BD2E7D8F80C309B05FC
:10C8800004D5D4E905120BA8F4F776FD0137042F7F
:10C89000C9D1BAF1010F06D902990AF1FF3201316B
:10C8A0002846F4F769FD0B9B53F80C1C8E4209D9FE
:10C8B000039B202BA6EB010141D14A462846F4F701
:10C8C00095FD31460CAC009106AA06CA0B9B20468A
:10C8D000F7F76BF994E80300069028468DF81C10D2
:10C8E000F4F79CFB0AA8F4F799FB0023C8F808307A
:10C8F00006AB93E80300049B83E8030018460FB0DF
:10C90000BDE8F08FBAF1000FC0D0029B197828461D
:10C91000F4F7BBFDBAE70AA92846F4F728FDB5E706
:10C92000BBF1000F05D04A4605990BA8F4F75EFD50
:10C93000ACE74946EBE7BBF1000FA7D0F3E70A46A7
:10C940004B4600212846F4F73BFCBAE764970020E9
:10C950002DE9F04F2DED028BB0EE408AF0EE608AAB
:10C960008FB004AF07F1100686E80C0097F8583036
:10C970007B6097F86030FB60FB6D81468A4607F16B
:10C98000200003F16C01EDF779FB07F12000FFF7C0
:10C99000E3F892B0B860EDF781FB07F128050DF1DF
:10C9A000100845F8040D4FF0000B8DED028BCDF80B
:10C9B00000B02C4B402241462846EFF78DF83F2827
:10C9C000044616DD0F3424F00704ADEB040D421CC1
:10C9D0003A60EDF763FB0DF1100878628DED028B84
:10C9E000CDF800B01F4B3A6841462846EFF774F87F
:10C9F0000446214607F11C0300222846F4F7F4FA06
:10CA000044442846F4F78CFB7B6AB86822464146CA
:10CA1000F6F7A7FE7B680295C3B1FB680193FB6D37
:10CA20000093514696E80C004846FFF735FD07F1A4
:10CA30002400F4F7F3FA07F12000EDF783FB4846F2
:10CA40002C37BD46BDEC028BBDE8F08FFB6801932F
:10CA5000FB6D0093514696E80C004846FFF74AFEEE
:10CA6000E5E700BF1CC90500F0B587B004AC84E859
:10CA70000C000F9D9DF838200D9B9DF830700093A1
:10CA8000CDE90125064694E80C0027B1FFF704FD27
:10CA9000304607B0F0BDFFF72DFEF9E72DE9F04F66
:10CAA0008DB004AFC7E90110BE6CD7F8509007F104
:10CAB000100106F16C0081E80C00FFF705F9F5683C
:10CAC00005F04A0A00F1260388B0BAF1400F044687
:10CAD000FB600DF1100B494602D0BAF1080F79D175
:10CAE0004FF000082B46FA68CDF800800BF11400D7
:10CAF000FFF752FC227CF861C0F114035B44B2B131
:10CB00004000103020F00700ADEB000D0DF1120BCE
:10CB100007F11C0194F825207868CDE90231CDE9B0
:10CB2000006B1346D4E90212FFF7B3FB5B46FA69C8
:10CB3000B8F1000F34D0B9F1000F2EDB280506D56F
:10CB400094F8271003F8011C0132FA61013BB26826
:10CB5000F969914212DA02F10E0121F00701ADEB01
:10CB6000010D04AC07F11C01CDE9013100943346FD
:10CB700097F84C107868FFF701FC23460022B2605A
:10CB8000FA69009207F11002B86806CAF7F70DF8C3
:10CB9000B8682437BD46BDE8F08F94F82610D1E779
:10CBA000A905D4D5B9F1000FD1D0BAF1400F02D107
:10CBB00094F82A10C6E7F968C5F380352944023293
:10CBC000897803F8011C94F82A1003F8021CFA6112
:10CBD000023BBCE7B9F1000F01DCC9F100014FF0E5
:10CBE00001087FE730B587B004AC84E80C000C9BEB
:10CBF00002939DF82C3001930A9B009394E80C005B
:10CC00000546FFF74BFF284607B030BD2DE9F04F32
:10CC10008DB004AF07F11005D7F848A0B86085E8DB
:10CC20000C00DAF80C3097F84C2097F85060FB6055
:10CC300013F0010F07F1180416D1CDE90126CDF844
:10CC400000A095E80C002046FFF728FF94E80300B9
:10CC50003861397595E80300BB68243783E8030021
:10CC60001846BD46BDE8F08F0AF16C007A60FFF708
:10CC70002BF87A687EB3D0E90598DAF80860B045F9
:10CC80003BDAA6EB080606F10E0121F00701ADEB39
:10CC9000010D0DF1100B31465846FEF797FCFB686D
:10CCA00003F0B0030022202BCAF8082016D14B460F
:10CCB00095E806002046CDF80080F6F776FF94E868
:10CCC00003005B4638613975009695E806002046FA
:10CCD000F6F76BFFBAE7D0E90798CEE795E80600CC
:10CCE000204600965B46F6F760FF94E80300386143
:10CCF0003975CDF800804B46E7E70022CAF80820D6
:10CD0000F7E72DE9F04F8BB004AF82463D6C3960F8
:10CD100005F16C0007F1080181E80C00FEF7D4FF73
:10CD2000EE6806F04A0800F1260388B0B8F1400F1B
:10CD300004467B600DF1100B62D0B8F1080918BFF2
:10CD40004FF0010933467A68CDF80090B96C0BF1C9
:10CD50001400FFF721FB227C7861C0F114035B44CF
:10CD6000B2B14000103020F00700ADEB000D0DF126
:10CD7000120B07F1140194F825203868CDE902312F
:10CD8000CDE9005B1346D4E90212FFF782FA5B4655
:10CD9000B9F1000F0ED1B2050CD5BA6C52B1B8F191
:10CDA000400F7A692FD194F82A1003F8011C013240
:10CDB0007A61013BAA687969914212DA02F10E01A7
:10CDC00021F00701ADEB010D04AC07F11401CDE931
:10CDD000013100942B4697F844103868FFF7CEFADB
:10CDE00023460022AA607A69009207F108025046A1
:10CDF00006CAF6F7DAFE50461C37BD46BDE8F08F8E
:10CE00004FF000099EE77968C6F38036314402325C
:10CE1000897803F8011C94F82A1003F8021C7A613F
:10CE2000023BC7E730B587B004AC84E80C000C9B2C
:10CE300002939DF82C3001930A9B009394E80C0018
:10CE40000546FFF75EFF284607B030BD2DE9F041EB
:10CE500088B004AC0E9DD5F80C8084E80C0028F452
:10CE6000804323F04A0343F40273EB60109B029368
:10CE70009DF83C30CDE9005306AF064694E80C001F
:10CE80003846FFF73EFF97E8030004908DF8141032
:10CE900094E8030086E803003046C5F80C8008B02B
:10CEA000BDE8F0812DE9F04F8BB004AF82463E6CB7
:10CEB000396006F16C0007F1080181E80C00FEF70B
:10CEC00003FFF56805F04A0900F126038CB0B9F1BB
:10CED000400F7B6004460DF1100BD7E9122302D0FE
:10CEE000B9F1080F7DD14FF0000879680091CDE9C4
:10CEF00001580BF12800FFF77FFA227C7861C0F11E
:10CF000028035B44B2B14000103020F00700ADEBC5
:10CF1000000D0DF1120B07F1140194F8252038686B
:10CF2000CDE90231CDE9006B1346D4E90212FFF7D7
:10CF3000B0F95B467A69B8F1000F37D0D7E9120132
:10CF4000002871F100012EDB280506D594F8271082
:10CF500003F8011C01327A61013BB26879699142A0
:10CF600012DA02F10E0121F00701ADEB010D04AC64
:10CF700007F11401CDE901310094334697F84410CC
:10CF80003868FFF7FBF923460022B2607A69009205
:10CF900007F10802504606CAF6F707FE50461C374E
:10CFA000BD46BDE8F08F94F82610D1E7A905D4D589
:10CFB000D7E912010143D0D0B9F1400F02D194F862
:10CFC0002A10C5E77968C5F380352944023289788B
:10CFD00003F8011C94F82A1003F8021C7A61023B42
:10CFE000BBE7D7E91201012871F1000104DAD7E9A2
:10CFF0001223524263EB43034FF0010875E730B54B
:10D0000087B004AC84E80C00DDE90C23CDE90223F1
:10D010009DF82C3001930A9B009394E80C00054680
:10D02000FFF740FF284607B030BD2DE9F04F8BB029
:10D0300004AF82463D6C396005F16C0007F10801D0
:10D0400081E80C00FEF740FEEE6806F04A0800F1A9
:10D0500026038CB0B8F1400F04467B600DF1100B35
:10D0600065D0B8F1080918BF4FF001097B6800933B
:10D07000CDE90169D7E912230BF12800FFF7BCF9CC
:10D08000227C7861C0F128035B44B2B140001030CB
:10D0900020F00700ADEB000D0DF1120B07F11401AC
:10D0A00094F825203868CDE90231CDE9005B1346BC
:10D0B000D4E90212FFF7EDF85B46B9F1000F10D189
:10D0C000B2050ED5D7E912120A430AD0B8F1400FC3
:10D0D0007A692FD194F82A1003F8011C01327A6181
:10D0E000013BAA687969914212DA02F10E0121F03E
:10D0F0000701ADEB010D04AC07F11401CDE90131DD
:10D1000000942B4697F844103868FFF737F9234608
:10D110000022AA607A69009207F10802504606CA06
:10D12000F6F743FD50461C37BD46BDE8F08F4FF083
:10D1300000099BE77968C6F380363144023289786A
:10D1400003F8011C94F82A1003F8021C7A61023BD0
:10D15000C7E730B587B004AC84E80C00DDE90C23E8
:10D16000CDE902239DF82C3001930A9B009394E8AB
:10D170000C000546FFF759FF284607B030BD2DE9E2
:10D18000F04F2DED028BB0EE408AF0EE608A8FB04A
:10D1900004AF8146BD6D396005F16C0A07F10801E5
:10D1A000504681E80C00FEF78FFDD5F8048097F813
:10D1B0006020B8F1000F064607F118012846B8BFF5
:10D1C0004FF00608ECF725FEEB6803F482738EB08F
:10D1D000B3F5827F7B6004AC00F0BA80ECF75EFFB1
:10D1E0008DED028B7861CDF8008007F118032D22B8
:10D1F000214607F11400EEF76FFC38613B692C2BD8
:10D200001CDD03F1010B0F3323F00703ADEB030D1E
:10D210007B68B3F5827F04AC00F0A880ECF73EFF9A
:10D220008DED028B7861CDF8008007F118035A4626
:10D23000214607F11400EEF74FFC38615046FEF727
:10D240008BFC3A6902F10E0323F00703ADEB030DEB
:10D250000DF1170A4FEADA0A4FEACA084346224498
:10D260002146F6F77EFAD7F810B007F128022E23F0
:10D2700002F8143D59462046F3F7C4FD30B1031BB4
:10D2800096F8242003F83A2008EB0300337CB3B36C
:10D2900050B9BBF1020F07DD6378303B092B2ED864
:10D2A000A378303B092B2AD84FEA4B030E3323F0E7
:10D2B0000703ADEB030D23782D2B0DF1100A01D0E0
:10D2C0002B2B63D198F800308AF800300BF1FF3334
:10D2D0003B61012407F1100296F82530039208EB18
:10D2E000040202920AEB0402CDE900023868D6E992
:10D2F0000212FEF7ADFF3B691C443C61D046AA68B0
:10D300003B69934212DA02F10E0323F00703ADEBFF
:10D31000030D04AC07F11003CDE9018300942B4603
:10D3200097F85C103868FFF729F8A0460023AB6037
:10D330003B69009307F108024846434606CAF6F7E0
:10D3400034FC48462C37BD46BDEC028BBDE8F08F5F
:10D35000ECF7A4FE8DED008B786107F118032D2208
:10D36000214607F11400EEF7B7FB46E7ECF796FE0F
:10D3700007F1280C07F118034CF8140D5A468DEDEF
:10D38000008B21466046EEF7A7FB56E70024A1E795
:10D3900030B587B004AC84E80C00002302939DF8FC
:10D3A0002C3001930A9B009394E80C000546FFF78C
:10D3B000E6FE284607B030BD2DE9F04F2DED028B7B
:10D3C000B0EE408AF0EE608A8FB004AF8146BD6D4A
:10D3D000396005F16C0A07F10801504681E80C003C
:10D3E000FEF772FCD5F8048097F86020B8F1000FC2
:10D3F000064607F118012846B8BF4FF00608ECF7BB
:10D4000008FDEB6803F482738EB0B3F5827F7B6016
:10D4100004AC00F0BA80ECF741FE8DED028B786130
:10D42000CDF8008007F118032D22214607F11400E2
:10D43000EEF752FB38613B692C2B1CDD03F1010B2D
:10D440000F3323F00703ADEB030D7B68B3F5827F49
:10D4500004AC00F0A880ECF721FE8DED028B786122
:10D46000CDF8008007F118035A46214607F1140051
:10D47000EEF732FB38615046FEF76EFB3A6902F177
:10D480000E0323F00703ADEB030D0DF1170A4FEA6E
:10D49000DA0A4FEACA08434622442146F6F761F900
:10D4A000D7F810B007F128022E2302F8143D594690
:10D4B0002046F3F7A7FC30B1031B96F8242003F8AD
:10D4C0003A2008EB0300337CB3B350B9BBF1020F31
:10D4D00007DD6378303B092B2ED8A378303B092B2E
:10D4E0002AD84FEA4B030E3323F00703ADEB030DAD
:10D4F00023782D2B0DF1100A01D02B2B63D198F836
:10D5000000308AF800300BF1FF333B61012407F152
:10D51000100296F82530039208EB040202920AEBFF
:10D520000402CDE900023868D6E90212FEF790FE47
:10D530003B691C443C61D046AA683B69934212DABD
:10D5400002F10E0323F00703ADEB030D04AC07F16A
:10D550001003CDE9018300942B4697F85C103868DE
:10D56000FEF70CFFA0460023AB603B69009307F178
:10D5700008024846434606CAF6F717FB48462C37CA
:10D58000BD46BDEC028BBDE8F08FECF787FD8DED5D
:10D59000008B786107F118032D22214607F1140052
:10D5A000EEF79AFA46E7ECF779FD07F1280C07F158
:10D5B00018034CF8140D5A468DED008B2146604639
:10D5C000EEF78AFA56E70024A1E730B587B004AC3D
:10D5D00084E80C004C2302939DF82C3001930A9BA5
:10D5E000009394E80C000546FFF7E6FE284607B0D6
:10D5F00030BD2DE9F043A7B007462E9D9DF8C480AD
:10D600009DF8C8606C35284602AC84E80C00FEF733
:10D61000A3FA81462846FEF757FD252105464846D0
:10D62000F6F78EF88DF81400CEB98DF815808DF8C8
:10D630001660309B009306A905AB8022284604F0B3
:10D640007EF806A807F07CFE009006AB384694E80A
:10D650000600F6F7AAFA384627B0BDE8F0830023A3
:10D660008DF815608DF816808DF81730E1E72DE9FB
:10D67000F74F8146DDE9120602A96C30DDF84480DF
:10D6800001E90C00FEF768FAB8F1020F83462ED0CC
:10D69000B8F1040F0CBF4FF47A7701270024254618
:10D6A0004FF00A0A0CA96846F6F790FD08B3454505
:10D6B00021D06846F6F764FD2A22C1B25846F6F733
:10D6C0006EF83038C2B2092A20D80AFB0404109B35
:10D6D00004FB07F29A4219DC0F9B3A449A4215DD8B
:10D6E00097FBFAF76846F6F755FA0135DAE70A27A5
:10D6F000D4E745450AD10E9B1C6002AB13E9030039
:10D7000089E80300484603B0BDE8F08FB8F1040F84
:10D7100003D1022D01D1643CEDE7336843F00403EB
:10D720003360EAE72DE9F04F85B000AF07F1080458
:10D730007860F86CD7F844806C3084E80C00FEF711
:10D740000BFABB6C9B000E3323F007038346ADEB53
:10D75000030D07F1380120466E46F6F737FD002825
:10D7600043D02046F6F70CFD4FF000095FFA80FA2F
:10D770004D46BB6C994510D058F829100978514591
:10D7800005D146F82590013509F10109F1E7584620
:10D79000F5F7D3FF5045F7D1F3E74FF0000B012D1C
:10D7A0004ED9B14659F8042B58F8220007F0C8FDAD
:10D7B00006EB8501824659F8040B396058F82000C1
:10D7C00007F0BEFD3968824528BF82464945F2D13F
:10D7D00020460BF1010BF6F7DDF9D34505D207F131
:10D7E00038012046F6F7F2FC78B93B6D3A6D1B68BC
:10D7F00043F00403136094E803007B68143783E864
:10D8000003001846BD46BDE8F08F4FF0000A56F8F9
:10D810002A2058F82220204612F80B203A60F6F70A
:10D82000AFFC3A68C0B2824217BF05F1FF350AF17A
:10D83000010A56F8252046F82A20AA45E7D3AEE784
:10D84000D3D12046F6F7A6F9356858F8256030465A
:10D8500007F076FD0BF1010B8046C34514D207F1AA
:10D8600038012046F6F7B2FC0028BED0204616F854
:10D870000BA0F6F785FCC0B28245B6D12046F6F77C
:10D8800089F90BF1010BE8E7AFD13B6C1D60B2E702
:10D890002DE9F04F87B000AF8146786DD7E913AB23
:10D8A00007F110056C3085E80C00FEF755F94FEADA
:10D8B000CB0308330646ADEB030D07F140012846C4
:10D8C000E846F6F783FCC0B32846F6F759FC4FEA62
:10D8D0004B03FB600023C2B21C46F968994213D087
:10D8E0005AF823100978914204D148F824300134C1
:10D8F0000133F2E73046C7E90123F5F71EFF7A68E6
:10D90000BB689042F4D1F0E7BCB12846F6F742F983
:10D91000A3000E3323F00703ADEB030D6E46002585
:10D9200058F825305AF8230007F00AFD46F825007C
:10D930000135AC42F4D1012502E000252E462C46EB
:10D9400007F1400107F11000F6F740FC60B307F162
:10D950001000F6F715FC0023C0B219469C421BD9F3
:10D9600056F823204FEA830CAA4206EB0C0E02D88D
:10D9700001310133F2E758F823205AF82220525D92
:10D980008242F6D0013C58F8242048F80C2056F882
:10D990002420CEF80020E1E78C4205D007F11000EA
:10D9A000F6F7F8F80135CBE7012C15D13368AB4217
:10D9B00019D1D8F80030BA6C5B4528BFA3EB0B0334
:10D9C000136007F1180313E903001C3789E803000B
:10D9D0004846BD46BDE8F08F022C04D13368AB4207
:10D9E000E7D07368E3E7BB6DBA6D1B6843F00403CF
:10D9F000E6E700002DE9F04F9FB00D462A9C0B9002
:10DA000004F16C060EA9304681E80C00DDF8B090F8
:10DA1000FEF75AFB82463046FEF79EF883462D9865
:10DA200007F08EFC00260A9010960EAF28A9384603
:10DA3000F6F7CCFBDDF84080002866D00A9B9E42BA
:10DA400063D2B8F1000F60D12D9B4246995D5846D4
:10DA5000F5F7A5FE252840F0BF82731C0993711CC1
:10DA60002D9B4246595C5846F5F799FE4528CDF85E
:10DA7000448001D04F2808D1B31C099309992D9BEC
:10DA80000022595C5846F5F78AFE41380EAE382818
:10DA900000F29D82DFE810F074009F00E9010101AF
:10DAA0009B029B029B02210145019B029B029B0260
:10DAB00073019B029B029B029B02A701AC01DB014D
:10DAC0009B029B029B02E401E90113029B029B0261
:10DAD0009B029B029B029B024E007A00A500AD00B8
:10DAE000C2009B029B027A009B029B029B029B024C
:10DAF0004F0198019B029B029B029B029B02D1015A
:10DB00009B029B029B02DF01E901B8F1000F02D1E9
:10DB10000A9B9E4205D02B9B2B9A1B6843F0040363
:10DB2000136097E803000B9B83E8030018461FB0BF
:10DB3000BDE8F08F12AE31465046FDF7E9FE10AB5E
:10DB4000CDE905430723CDE9036311AB029328AB6D
:10DB500093E803008DE803000CAF0EAE96E80C00CE
:10DB600029463846FFF7DEFD97E80300109B86E85C
:10DB7000030013B9119BC9F81830099E013654E708
:10DB800012AE31465046FDF7B3FED8E712AE31462D
:10DB90005046FDF7ECFE10ABCDE905430C23CDE973
:10DBA000036311AB029328AB93E803008DE80300F5
:10DBB0000CAF0EAE96E80C0029463846FFF7B2FDD2
:10DBC00097E80300109B86E80300002BD5D1119B3A
:10DBD000C9F81030D1E712AE31465046FDF7A8FE25
:10DBE000D9E712A95046FDF77DFE129B05930CAFB5
:10DBF0005DE010ABCDE9064302261F23CDE90436D4
:10DC00000123039311AB029328AB93E803008DE843
:10DC100003000CAF0EAE96E80C001EE03046F6F79F
:10DC2000AFFADBF81830C0B20CAF1B5C13F0080F72
:10DC300022D03046F5F7AEFF10AACDE90642092101
:10DC40000122CDE90412039211AA029228AA0346E6
:10DC500092E803008DE803000CCB29463846FFF715
:10DC600006FD97E80300109B86E80300002B84D193
:10DC7000119BC9F80C3080E710ABCDE906430220B8
:10DC80001F23CDE904300A23039311AB029328AB81
:10DC900093E803008DE80300BDE712AEC14A3346A6
:10DCA000A2F109015846F5F75CFD0CAF059610ABE3
:10DCB000CDE90243CDF8109028AB93E803008DE83E
:10DCC00003000EAE2946384696E80C00FFF792FE98
:10DCD00097E8030086E803004FE710ABCDE9064361
:10DCE00002211723CDE904310CAF0023039311ABBC
:10DCF000029328AB93E803008DE803000EAE96E88C
:10DD00000C0029463846FFF7B2FC97E80300109B49
:10DD100086E80300002B7FF430AF119BC9F8083070
:10DD20002BE710ABCDE9064302220C23CDE90432E8
:10DD30000CAF0123DAE710ABCDE906434FF0020840
:10DD40000C23CDE904380123039311AB029328ABD4
:10DD500093E803008DE803000CAF0EAE96E80C00CC
:10DD600029463846FFF783FC97E80300109B86E8B6
:10DD70000300002B7FF401AF119B013B28E710ABA0
:10DD8000CDE906434FF0020E3B23CDE9043E0023CC
:10DD9000039311AB029328AB93E803008DE80300D3
:10DDA0000CAF0EAE96E80C0029463846FFF75FFC34
:10DDB00097E80300109B86E80300002B7FF4DDAE9C
:10DDC000119BC9F80430D8E63046F6F7D9F900229D
:10DDD000C1B25846F5F7E3FC0A2840F0F880304617
:10DDE000F5F7D8FEC9E6704A12AE3346911F59E7DF
:10DDF00010ABCDE906434FF0020C3D23CDE9043CC6
:10DE00000023039311AB029328AB93E803008DE842
:10DE100003000CAF0EAE96E80C0029463846FFF71B
:10DE200026FC97E80300109B86E80300002B7FF494
:10DE3000A4AE119BC9F800309FE63046F6F7A0F972
:10DE40000022C1B25846F5F7AAFC0928C5E712AE70
:10DE50003346564A24E712A95046FDF737FDC4E67B
:10DE600012A95046FDF738FDBFE610ABCDE90643D9
:10DE7000042642F20F73CDE904360023039311AB5D
:10DE8000029328AB93E803008DE803000CAF0EAEBD
:10DE900096E80C0029463846FFF7E9FB97E80300AF
:10DEA000109B86E80300002B7FF467AE119B002BCC
:10DEB000B4BF6433A3F26C73C9F814305DE6304626
:10DEC000F6F75EF9DBF81830C0B21B5CD8077ED5D8
:10DED00010ABCDE905430E230493354B039312ABEE
:10DEE000029328AB93E803008DE803000CAF2946AA
:10DEF000384696E80C00FFF715FC97E8030086E823
:10DF0000030028A93046F6F761F900283FF435AE42
:10DF1000109B002B7FF431AE129B002B7FF42DAEB3
:10DF20003046F6F72DF92D2107465846F5F708FC3F
:10DF3000FFB2B8423ED110AF17230222CDE904321E
:10DF4000CDE906470023039312AB029328AB93E875
:10DF500003008DE803000CAE0DF1380898E80C00C2
:10DF600029463046FFF783FB96E803003B2388E809
:10DF700003000221CDE90431CDE9064700230393D4
:10DF800012AB029328AB93E803008DE80300294607
:10DF9000304698E80C00FFF76AFB96E8030088E833
:10DFA0000300EAE50DC9050013C905001CC90500F9
:10DFB000A06100203046F6F7E3F82B2106465846CC
:10DFC000F5F7BEFBF6B2B0427FF4D7ADB3E7109BD6
:10DFD00043F004031093D0E52D9B384613F80680D8
:10DFE000F6F7CEF8C0B2804503D13846F5F7D2FD3A
:10DFF000C4E5109B43F004031093BFE52DE9F04FF7
:10E0000089B004AE029014986C3086E80C00FDF7DD
:10E010005BFE0023044612A930468DF81B30F6F74C
:10E02000C2F88246002852D13046F6F7A9F894F893
:10E030004B10C0B281428DF81B0003D094F84A30D7
:10E0400083421CD1237C1BB194F82530834216D027
:10E0500094F82430834212D0814214BF2D212B2109
:10E060001698F3F712FA3046F5F794FD12A9F6F771
:10E07000ADF860B33046F6F783F88DF81B00002743
:10E08000B846227C9DF81B301AB194F825209A429C
:10E0900022D094F824209A421ED094F84E209A421E
:10E0A0001AD11FB930211698F3F7EFF93046F5F77A
:10E0B00071FD12A9F6F78AF808F101080746002851
:10E0C00050D03046F6F75CF88DF81B00D9E74FF0DA
:10E0D000000847464FF0010AAC4B0793237C1BB165
:10E0E000202107A8F3F7FEF894F864B0BBF1000F05
:10E0F00062D004F14E0300250193A946BAF1000F46
:10E1000040F0A880237C9DF81BA0002B00F0C68067
:10E1100094F82530534540F0C180B9F1000F40F02C
:10E120009980002D40F09680B8F1000F00F08E80AD
:10E130005FFA88F107A8F3F7A8F9BA464B46C84634
:10E1400030460393F5F726FD12A9F6F73FF8039B37
:10E15000002879D03046F6F713F800258DF81B001B
:10E16000039B6BE04FF0010A5746B5E7AA465D46B0
:10E170005F46BAF1000F6DD19DF81B200A201146B1
:10E18000FDF704FA431C1AD000F13001C9B2169809
:10E19000F3F77BF94FF0010B3046F5F7FBFC12A9C2
:10E1A000F6F714F828B13046F5F7EAFF8DF81B00B2
:10E1B000DEE74FF0010ADBE75D46D946D9E794F880
:10E1C000243093420BD1B9F1000F08D13DB92E2173
:10E1D0001698F3F75AF9BB464FF00109DCE794F8BB
:10E1E0005C30934203D094F86230934232D18DBBBD
:10E1F00087B365211698F3F748F93046F5F7CAFC5E
:10E2000012A9F5F7E3FF8346002800F0BD803046F1
:10E21000F5F7B6FF94F84B30C0B283428DF81B007F
:10E2200009D094F84A308342A0D12D211698F3F7F3
:10E230002CF95D46B0E72B21F8E79A465746AA46E7
:10E240001D465BE75346F9E75D46F7E71698F2F798
:10E25000EFFEC14608AF57F8043D53F80C3C8BB1B4
:10E26000B9F1000F05D125B95FFA88F13846F3F707
:10E270000CF93A46D4E90201EBF73AFE10B9159BC6
:10E2800004221A6096E80300029B83E803003846E4
:10E29000F2F7C4FE029809B0BDE8F08F94F824307C
:10E2A000534515D1079B53F80C3CB9F1000FD1D160
:10E2B000002DCFD123B15FFA88F107A8F3F7E5F875
:10E2C0002E211698F3F7E1F8D9460023BA4637E72E
:10E2D0000DF11B020A210198F2F794FD60B1019B38
:10E2E000C01A00F13001C9B21698F3F7CEF808F160
:10E2F00001082B46DA4623E794F85C30534503D0F7
:10E3000094F862305345A5D1079B53F80C3C002D7F
:10E31000A0D1002F9ED03BB1B9F1000F04D15FFA1C
:10E3200088F107A8F3F7B1F865211698F3F7ADF86F
:10E330003046F5F72FFC12A9F5F748FF824618B3CF
:10E340003046F5F71DFF94F84B10C0B281428DF8AE
:10E350001B0004D094F84A3083427FF473AF237CCF
:10E3600023B194F8252082423FF467AF94F824301B
:10E3700083423FF467AF814214BF2D212B211698B1
:10E38000F3F783F85346DBE63D4663E764970020E6
:10E390002DE9F0438DB008AC0CAD84E80C001F4BA8
:10E3A00045F8083D179E8946074620212846F2F782
:10E3B00099FFCDE90365169B029314AB93E8030024
:10E3C0008DE803000DF1180894E80C00404649461A
:10E3D000FFF714FE98E80300DDF8288084E80300C6
:10E3E000EBF75CFE0CAB189943F8040D324640463F
:10E3F000EBF7C6FF14A92046F5F7D5FE18B1336830
:10E4000043F00203336094E8030087E803002846E2
:10E41000F2F704FE38460DB0BDE8F08364970020A3
:10E420002DE9F0438DB008AC0CAD84E80C001F4B17
:10E4300045F8083D179E8946074620212846F2F7F1
:10E4400051FFCDE90365169B029314AB93E80300DB
:10E450008DE803000DF1180894E80C004046494689
:10E46000FFF7CCFD98E80300DDF8288084E803007E
:10E47000EBF714FE0CAB189943F8040D32464046F6
:10E48000EBF7D0FF14A92046F5F78DFE18B13368DD
:10E4900043F00203336094E8030087E80300284652
:10E4A000F2F7BCFD38460DB0BDE8F083649700205C
:10E4B0002DE9F0438DB008AC0CAD84E80C001F4B87
:10E4C00045F8083D179E8946074620212846F2F761
:10E4D00009FFCDE90365169B029314AB93E8030093
:10E4E0008DE803000DF1180894E80C0040464946F9
:10E4F000FFF784FD98E80300DDF8288084E8030036
:10E50000EBF7CCFD0CAB189943F8040D32464046AE
:10E51000EBF7E4FF14A92046F5F745FE18B1336880
:10E5200043F00203336094E8030087E803002846C1
:10E53000F2F774FD38460DB0BDE8F0836497002013
:10E540002DE9F04F8BB00DF1180A169C059004F1DF
:10E550006C008AE80C00FDF7B7FBE76807F04A0794
:10E560000023402F05468DF8233050D0082F14BFCC
:10E570004FF00A084FF0100814A95046F5F713FEA3
:10E580008146002878D15046F5F7FAFD95F84A30D3
:10E59000C0B283428DF823000CBF4FF0010B4FF047
:10E5A000000B03D095F84B30834217D12B7C1BB165
:10E5B00095F82530834211D095F8243083420DD050
:10E5C0005046F5F7E7FA14A9F5F700FE06460028CD
:10E5D0005CD05046F5F7D4FD8DF823000026344674
:10E5E0002A7C9DF823301AB195F825209A4247D00D
:10E5F00095F824209A4243D095F84E209A4210D1A3
:10E6000046B1B8F10A0F0DD147B93C462AE04FF0A8
:10E610000808B1E727B3B8F1080F26D00134012666
:10E620000EE0DEB195F84C209A4203D095F84D20CB
:10E630009A422FD1DFB1B8F1100F30D10024264615
:10E640005046F5F7A7FA14A9F5F7C0FD20B35046D8
:10E65000F5F796FD8DF82300002EC1D1B1460FE0ED
:10E660003C4601264FF00808EAE73446D7E73E4625
:10E670003C464FF01008E3E74FF0000B5C465E4667
:10E68000B8F1100F0CD1162301930BE04FF00109E4
:10E690000446F5E70126F3E74FF00109F0E701260C
:10E6A000CDF804806D4B09932B7C1BB1202109A868
:10E6B000F2F718FEBBF1000F0CBF6FF000434FF0F4
:10E6C00000430293B3FBF8F3039395F8643000938F
:10E6D000002B4DD005F14E0300270493BA46B9F143
:10E6E000000F1ED12B7C9DF82320002B6ED095F8B7
:10E6F000251091426AD1ACB1E1B209A8F2F7C5FE8A
:10E70000002406A8F5F746FA14A9F5F75FFD0028DE
:10E7100059D006A8F5F734FD8DF82300E2E74FF055
:10E7200001090023099A52F80C2C72B1E1B209A830
:10E730000093F2F7AAFE09AAD5E90201EBF7D8FB8C
:10E74000009B10B9179904220A602CB926B9099ABE
:10E7500052F80C2C002A5CD0002B5AD1BAF1000FD1
:10E7600073D1BBF1000F00D07F42189B1F6056E0B1
:10E77000DDF800A05746B9F1000FD2D19DF8231063
:10E780000198FCF703FF431CCBD0039B9F4217D893
:10E79000029B07FB08F71B1ABB4238BF4AF0010A6D
:10E7A0000134074406A8F5F7F5F914A9F5F70EFDAD
:10E7B0000028B4D006A8F5F7E3FC8DF82300DDE7C8
:10E7C0004FF0010AEEE7DDF8009088E795F8243075
:10E7D0009342A6D00DF1230201990498F2F712FB9F
:10E7E000A8B1049BC01A039B0F28C8BF06389F42DC
:10E7F0000AD8029B07FB08F71B1ABB4238BF4AF036
:10E80000010A013407447CE7DDF800A079E70346FC
:10E8100088E70023189A1360179A04231360B9F14C
:10E82000000F05D0179B179A1B6843F00203136073
:10E8300006AB93E80300059B83E8030009A8F2F701
:10E84000EDFB05980BB0BDE8F08FBBF1000F02D0D7
:10E850004FF00043DEE76FF00043DBE764970020F2
:10E8600070B588B006AC84E80C00109B04930F9B35
:10E8700003930E9B02930CAB05460E4693E80300F0
:10E880008DE80300284694E80C003146FFF758FE57
:10E89000284608B070BD2DE9F04F8FB00AAC069045
:10E8A000DDE91A0984E80C00C368DDF870A0DD0713
:10E8B0000E4639D44FF0FF330D930DABCDE90393E2
:10E8C000029018AB93E803008DE8030008AD94E8CC
:10E8D0000C0031462846FFF733FE95E803000D9BF8
:10E8E000012B84E803000CD803F001038AF8003000
:10E8F00094E80300069B83E8030018460FB0BDE8C8
:10E90000F08F01238AF800300423C9F8003018A9D9
:10E910002046F5F748FC0028EAD0D9F8003043F04B
:10E920000203C9F80030E3E76C30FDF7CDF9036A64
:10E930008169B3FA83F3B1FA81F8012583465B0953
:10E940004FEA581800272E4613B1B8F1000F44D1F2
:10E9500018A920460793F5F726FC00283ED120464B
:10E96000F5F70EFC079BC0B22BB9DBF81C10CE5D8F
:10E97000311A4E424E4156B9B8F1000F0AD0002D5F
:10E9800045D18AF8005040E04FF00108DCE7B8F1CB
:10E99000000F05D1DBF81410CD5D2A1A5542554100
:10E9A0001DB9002B44D1002E40D020460137F5F789
:10E9B000F1F886B1DBF82030BB428CBF0023012385
:10E9C000002DE1D0DBF81810B9428CBF4FF00008E1
:10E9D0004FF00108B8E70123F2E700203EB9BDB9C6
:10E9E00000238AF8003080B106239AE72846DBF836
:10E9F0002030BB42F3D1002FF1D000238AF8003041
:10EA00007DB1DBF81830BB420BD1042389E73046D7
:10EA1000DBF81830BB42E3D1002FE1D001238AF8A4
:10EA20000030002814BF022300237AE73046D7E7DE
:10EA3000002EDBD18AF80060E7E700002DE9F04FF7
:10EA40008BB00DF1180A169C049004F16C008AE852
:10EA50000C00FDF739F9E46804F04A040023402C67
:10EA600006468DF823304FD0082C14BF4FF00A080B
:10EA70004FF0100814A95046F5F795FB8146002881
:10EA800077D15046F5F77CFB96F84A30C0B2834206
:10EA90000CBF012300238DF82300009303D096F8C8
:10EAA0004B30834217D1337C1BB196F8253083421B
:10EAB00011D096F8243083420DD05046F5F76AF80D
:10EAC00014A9F5F783FB074600285CD05046F5F7FC
:10EAD00057FB8DF8230000273D46327C9DF82330FC
:10EAE0001AB196F825209A4247D096F824209A42E7
:10EAF00043D096F84E209A4210D147B1B8F10A0F90
:10EB00000DD144B925462AE04FF00808B2E724B3F6
:10EB1000B8F1080F26D0013501270EE0DFB196F8D5
:10EB20004C209A4203D096F84D209A422FD1DCB166
:10EB3000B8F1100F30D100252F465046F5F72AF8CE
:10EB400014A9F5F743FB20B35046F5F719FB8DF8F0
:10EB50002300002FC1D1B9460FE0254601274FF011
:10EB60000808EAE73D46D7E7274625464FF0100854
:10EB7000E3E7002300931D461F46B8F1100F0CD1A8
:10EB8000162301930BE04FF001090546F5E7012735
:10EB9000F3E74FF00109F0E70127CDF80480694B56
:10EBA0000993337C1BB1202109A8F2F79BFB96F84F
:10EBB00064B04FF6FF7393FBF8F20292BBF1000FC3
:10EBC0004ED006F14E0200240392A2460593B9F1FD
:10EBD000000F1ED1337C9DF82320002B6FD096F8B8
:10EBE000251091426BD1ADB1E9B209A8F2F74DFC05
:10EBF000002506A8F4F7CEFF14A9F5F7E7FA0028D8
:10EC00005BD006A8F5F7BCFA8DF82300E2E74FF0D9
:10EC100001090023099A52F80C2C72B1E9B209A833
:10EC20000193F2F732FC09AAD6E90201EBF760F989
:10EC3000019B10B9179904220A602DB927B9099AC6
:10EC400052F80C2C002A5ED0002B5CD1BAF1000FD8
:10EC500075D1009B0BB16442A4B2189B1C8058E094
:10EC6000DA465C469B46B9F1000FD2D19DF82310DD
:10EC70000198FCF78BFC431CCBD0029B9C4219D81B
:10EC800018FB04F4A4B2ABEB00039C42C8BF4AF0EB
:10EC9000010A0444A4B2013506A8F4F77BFF14A9C5
:10ECA000F5F794FA0028B2D006A8F5F769FA8DF8BE
:10ECB0002300DBE74FF0010AEEE7D94687E796F835
:10ECC00024309342A5D00DF1230201990398F2F765
:10ECD00099F8B0B1039BC01A029B0F28C8BF063831
:10ECE0009C420CD8059B18FB04F4A4B21B1A9C424E
:10ECF000C8BF4AF0010A0444A4B2013579E7DA46F4
:10ED000077E7034686E70023189A1380179A0423AF
:10ED10001360B9F1000F05D0179B179A1B6843F0D9
:10ED20000203136006AB93E80300049B83E803002F
:10ED300009A8F2F773F904980BB0BDE8F08F4FF60D
:10ED4000FF73E1E76497002070B588B006AC84E8F3
:10ED50000C00109B04930F9B03930E9B02930CAB30
:10ED600005460E4693E803008DE80300284694E824
:10ED70000C003146FFF762FE284608B070BD000067
:10ED80002DE9F04F8BB00DF1180A169C059004F197
:10ED90006C008AE80C00FCF797FFE76807F04A0769
:10EDA0000023402F05468DF823304FD0082F14BF85
:10EDB0004FF00A084FF0100814A95046F5F7F3F980
:10EDC0008146002877D15046F5F7DAF995F84A30B0
:10EDD000C0B283420CBF012300238DF823000193AE
:10EDE00003D095F84B30834217D12B7C1BB195F89B
:10EDF0002530834211D095F8243083420DD05046FF
:10EE0000F4F7C8FE14A9F5F7E1F9064600285CD02E
:10EE10005046F5F7B5F98DF82300002634462A7CD4
:10EE20009DF823301AB195F825209A4247D095F8DD
:10EE300024209A4243D095F84E209A4210D146B1F0
:10EE4000B8F10A0F0DD147B93C462AE04FF0080847
:10EE5000B2E727B3B8F1080F26D0013401260EE03F
:10EE6000DEB195F84C209A4203D095F84D209A4295
:10EE70002FD1DFB1B8F1100F30D100242646504613
:10EE8000F4F788FE14A9F5F7A1F920B35046F5F779
:10EE900077F98DF82300002EC1D1B1460FE03C4632
:10EEA00001264FF00808EAE73446D7E73E463C46DD
:10EEB0004FF01008E3E7002301931C461E46B8F10B
:10EEC000100F0CD1162302930BE04FF001090446FA
:10EED000F5E70126F3E74FF00109F0E70126CDF849
:10EEE0000880654B09932B7C1BB1202109A8F2F700
:10EEF000F9F995F864B04FF0FF33B3FBF8F30393DF
:10EF0000BBF1000F4CD005F14E0300270493BA4625
:10EF1000B9F1000F1ED12B7C9DF82320002B6AD065
:10EF200095F82510914266D1ACB1E1B209A8F2F78B
:10EF3000ACFA002406A8F4F72DFE14A9F5F746F95B
:10EF4000002856D006A8F5F71BF98DF82300E2E754
:10EF50004FF001090023099A52F80C2C72B1E1B26A
:10EF600009A80293F2F791FA09AAD5E90201EAF792
:10EF7000BFFF029B10B9179904220A602CB926B969
:10EF8000099A52F80C2C002A56D0002B54D1BAF111
:10EF9000000F6DD1019B03B17F42189B1F6051E0B0
:10EFA000DA465F46B9F1000FD4D19DF823100298DC
:10EFB000FCF7ECFA431CCDD0039B9F4216D807FB0D
:10EFC00008F7C343BB4238BF4AF0010A0134074483
:10EFD00006A8F4F7DFFD14A9F5F7F8F80028B7D074
:10EFE00006A8F5F7CDF88DF82300DEE74FF0010A0B
:10EFF000EEE7D9468CE795F824309342AAD00DF17C
:10F00000230202990498F1F7FDFE98B1049BC01AFF
:10F01000039B0F28C8BF06389F4209D807FB08F793
:10F02000C343BB4238BF4AF0010A0134074481E7B9
:10F03000DA467FE703468EE70023189A1360179A93
:10F0400004231360B9F1000F05D0179B179A1B68B2
:10F0500043F00203136006AB93E80300059B83E8CB
:10F06000030009A8F1F7DAFF05980BB0BDE8F08FAF
:10F070004FF0FF33E1E700BF6497002070B588B020
:10F0800006AC84E80C00109B04930F9B03930E9B2B
:10F0900002930CAB05460E4693E803008DE803008F
:10F0A000284694E80C003146FFF76AFE284608B06F
:10F0B00070BD00002DE9F04F8BB00DF1180A169CC1
:10F0C000059004F16C008AE80C00FCF7FDFDE76890
:10F0D00007F04A070023402F05468DF823304FD014
:10F0E000082F14BF4FF00A084FF0100814A950461B
:10F0F000F5F759F88146002877D15046F5F740F8E2
:10F1000095F84A30C0B283420CBF012300238DF82A
:10F110002300019303D095F84B30834217D12B7C09
:10F120001BB195F82530834211D095F824308342E5
:10F130000DD05046F4F72EFD14A9F5F747F8064612
:10F1400000285CD05046F5F71BF88DF82300002608
:10F1500034462A7C9DF823301AB195F825209A422E
:10F1600047D095F824209A4243D095F84E209A42F1
:10F1700010D146B1B8F10A0F0DD147B93C462AE08B
:10F180004FF00808B2E727B3B8F1080F26D00134D2
:10F1900001260EE0DEB195F84C209A4203D095F896
:10F1A0004D209A422FD1DFB1B8F1100F30D1002499
:10F1B00026465046F4F7EEFC14A9F5F707F820B3FD
:10F1C0005046F4F7DDFF8DF82300002EC1D1B14683
:10F1D0000FE03C4601264FF00808EAE73446D7E73F
:10F1E0003E463C464FF01008E3E7002301931C46DF
:10F1F0001E46B8F1100F0CD1162302930BE04FF00E
:10F2000001090446F5E70126F3E74FF00109F0E7AD
:10F210000126CDF80880654B09932B7C1BB120217A
:10F2200009A8F2F75FF895F864B04FF0FF33B3FB2D
:10F23000F8F30393BBF1000F4CD005F14E03002708
:10F240000493BA46B9F1000F1ED12B7C9DF8232000
:10F25000002B6AD095F82510914266D1ACB1E1B28D
:10F2600009A8F2F712F9002406A8F4F793FC14A9F0
:10F27000F4F7ACFF002856D006A8F4F781FF8DF80C
:10F280002300E2E74FF001090023099A52F80C2C01
:10F2900072B1E1B209A80293F2F7F7F809AAD5E929
:10F2A0000201EAF725FE029B10B9179904220A60B1
:10F2B0002CB926B9099A52F80C2C002A56D0002BEA
:10F2C00054D1BAF1000F6DD1019B03B17F42189B5D
:10F2D0001F6051E0DA465F46B9F1000FD4D19DF8C6
:10F2E00023100298FCF752F9431CCDD0039B9F4298
:10F2F00016D807FB08F7C343BB4238BF4AF0010AE0
:10F300000134074406A8F4F745FC14A9F4F75EFF9E
:10F310000028B7D006A8F4F733FF8DF82300DEE706
:10F320004FF0010AEEE7D9468CE795F82430934276
:10F33000AAD00DF1230202990498F1F763FD98B168
:10F34000049BC01A039B0F28C8BF06389F4209D8E8
:10F3500007FB08F7C343BB4238BF4AF0010A013438
:10F36000074481E7DA467FE703468EE70023189AD1
:10F370001360179A04231360B9F1000F05D0179B8F
:10F38000179A1B6843F00203136006AB93E803006F
:10F39000059B83E8030009A8F1F740FE05980BB030
:10F3A000BDE8F08F4FF0FF33E1E700BF6497002026
:10F3B00070B588B006AC84E80C00109B04930F9BDA
:10F3C00003930E9B02930CAB05460E4693E8030095
:10F3D0008DE80300284694E80C003146FFF76AFEEA
:10F3E000284608B070BD2DE9F0418CB008AC149DE2
:10F3F000D5F80C8084E80C0028F04A0343F0080399
:10F40000EB600BAB0493159BCDE9025312AB0646A0
:10F410008C4693E803008DE8030006AF94E80C00E7
:10F4200061463846FFF746FE97E80300169B0B9AA5
:10F43000C5F80C8084E8030086E8030030461A60B3
:10F440000CB0BDE8F08100002DE9F04F91B00DF156
:10F45000300A1C9C0B9004F16C008AE80C00FCF74D
:10F4600033FC00238DF83B30E36803F04A09B9F11F
:10F47000400F054652D0B9F1080F14BF4FF00A08EB
:10F480004FF010081AA95046F4F78DFE07460028E1
:10F490007DD15046F4F774FE95F84A30C0B28342ED
:10F4A0000CBF012300238DF83B00069303D095F891
:10F4B0004B30834217D12B7C1BB195F8253083420A
:10F4C00011D095F8243083420DD05046F4F762FBFA
:10F4D0001AA9F4F77BFE0646002862D05046F4F7DE
:10F4E0004FFE8DF83B00002634462A7C9DF83B30C9
:10F4F0001AB195F825209A424DD095F824209A42C9
:10F5000049D095F84E209A4214D156B1B8F10A0F5D
:10F5100011D1B9F1000F0AD14C462EE04FF0080886
:10F52000B0E7B9F1000F26D0B8F1080F28D00134A8
:10F53000012610E0EEB195F84C209A4203D095F8E0
:10F540004D209A4230D1B9F1000F1BD0B8F1100F05
:10F550002ED1002426465046F4F71CFB1AA9F4F7D6
:10F5600035FE18B35046F4F70BFE8DF83B00002E25
:10F57000BBD137460FE04C4601264FF00808EAE7BA
:10F580003446D5E74E464C464FF01008E3E70023DB
:10F5900006931C461E46B8F1100F0AD11623079396
:10F5A00009E001270446F6E70126F4E70127F2E720
:10F5B0000126CDF81C80954B0F932B7C1BB120218D
:10F5C0000FA8F1F78FFE069B002B3DD000224FF0D5
:10F5D0000043CDE904234246D317DDE90401CDE918
:10F5E000022303F0FFF895F86490CDE90801B9F122
:10F5F000000F61D005F14E030A9300220023CDE9EC
:10F6000000234FF000082FBB2B7C9DF83B20002BE4
:10F6100000F0998095F82510914240F09480D4B183
:10F62000E1B20FA8F1F731FF00240CA8F4F7B2FA09
:10F630001AA9F4F7CBFD002800F083800CA8F4F79A
:10F640009FFD8DF83B00DFE74FF0FF326FF0004386
:10F65000BFE7012700230F9A52F80C2C72B1E1B2D8
:10F660000FA80293F1F711FF0FAAD5E90201EAF7FB
:10F670003FFC029B10B91D9904220A6034B92EB9CF
:10F680000F9A52F80C2C002A00F09880002B40F0C2
:10F690009580B8F1000F40F0AD80069B33B1DDE9F5
:10F6A00000345B4264EB4404CDE90034DDE9001230
:10F6B0001E9BC3E9001289E000220023C846CDE961
:10F6C0000023002FC6D19DF83B100798FBF75EFF83
:10F6D000431CBFD0DDE90823DDE9009A534508BF8C
:10F6E0004A452BD3DDE9012300995343039A01FBDB
:10F6F0000233029AA2FB01AB9B44DDE90423C1174C
:10F70000121A63EB01035B4508BF524538BF48F04E
:10F7100001081AEB00024BEB0103CDE90023013491
:10F720000CA8F4F737FA1AA9F4F750FD002890D086
:10F730000CA8F4F725FD8DF83B00C4E74FF0010855
:10F74000EEE74F465FE795F82430934282D00DF103
:10F750003B0207990A98F1F755FB68B30A9BDDE96C
:10F7600000ABC01ADDE908230F28C8BF06385B4587
:10F7700008BF52451ED3DDE9012300995343039A84
:10F7800001FB0233029AA2FB01AB9B44DDE9042397
:10F79000C117121A63EB01035B4508BF524538BF1E
:10F7A00048F001081AEB00024BEB0103CDE90023FE
:10F7B00001343AE7C84638E703464CE70022002305
:10F7C0001E99C1E900231D9A042313602FB11D9BCC
:10F7D0001D9A1B6843F0020313600CAB93E803000F
:10F7E0000B9B83E803000FA8F1F718FC0B9811B0EE
:10F7F000BDE8F08F069B1BB100224FF00043DFE70E
:10F800004FF0FF326FF00043DAE700BF649700204B
:10F8100070B588B006AC84E80C00109B04930F9B75
:10F8200003930E9B02930CAB05460E4693E8030030
:10F830008DE80300284694E80C003146FFF704FEEB
:10F84000284608B070BD00002DE9F04F8DB00DF1D5
:10F85000200A189C079004F16C008AE80C00FCF761
:10F8600033FA00238DF82B30E36803F04A09B9F12D
:10F87000400F054652D0B9F1080F14BF4FF00A08E7
:10F880004FF0100816A95046F4F78DFC07460028E3
:10F890007DD15046F4F774FC95F84A30C0B28342EB
:10F8A0000CBF012300238DF82B00029303D095F8A1
:10F8B0004B30834217D12B7C1BB195F82530834206
:10F8C00011D095F8243083420DD05046F4F762F9F8
:10F8D00016A9F4F77BFC0646002862D05046F4F7E0
:10F8E0004FFC8DF82B00002634462A7C9DF82B30E7
:10F8F0001AB195F825209A424DD095F824209A42C5
:10F9000049D095F84E209A4214D156B1B8F10A0F59
:10F9100011D1B9F1000F0AD14C462EE04FF0080882
:10F92000B0E7B9F1000F26D0B8F1080F28D00134A4
:10F93000012610E0EEB195F84C209A4203D095F8DC
:10F940004D209A4230D1B9F1000F1BD0B8F1100F01
:10F950002ED1002426465046F4F71CF916A9F4F7D8
:10F9600035FC18B35046F4F70BFC8DF82B00002E35
:10F97000BBD137460FE04C4601264FF00808EAE7B6
:10F980003446D5E74E464C464FF01008E3E70023D7
:10F9900002931C461E46B8F1100F0AD1162303939A
:10F9A00009E001270446F6E70126F4E70127F2E71C
:10F9B0000126CDF80C80864B0B932B7C1BB12021AC
:10F9C0000BA8F1F78FFC4246D3174FF0FF304FF0F2
:10F9D000FF31CDE9002302F005FF95F864B0CDE9D1
:10F9E0000401BBF1000F5AD005F14E03069300222B
:10F9F0000023904699464FF0000AFFB92B7C9DF8F2
:10FA00002B20002B00F08D8095F82510914240F0BE
:10FA10008880A4B1E1B20BA8F1F737FD002408A853
:10FA2000F4F7B8F816A9F4F7D1FB002877D008A8A6
:10FA3000F4F7A6FB8DF82B00E0E7012700230B9AD3
:10FA400052F80C2C72B1E1B20BA80093F1F71DFD36
:10FA50000BAAD5E90201EAF74BFA009B10B91999F4
:10FA600004220A6034B92EB90B9A52F80C2C002AE1
:10FA700000F08D80002B40F08A80BAF1000F40F03A
:10FA8000A280029B2BB1D8F1000369EB4904984690
:10FA9000A1461A9B41464A46C3E900127FE0002274
:10FAA0000023DA4690469946002FC7D19DF82B10C7
:10FAB0000398FBF76BFD431CC0D0DDE904234B45E5
:10FAC00008BF424528D3009B4A465343019A08FB8E
:10FAD0000233009AC117A2FB08899944CB434B45D6
:10FAE0006FEA000208BF424538BF4AF0010A18EB2E
:10FAF000000249EB010390469946013408A8F4F747
:10FB000049F816A9F4F762FB002896D008A8F4F784
:10FB100037FB8DF82B00C9E74FF0010AEEE75F468F
:10FB20006BE795F82430934288D00DF12B020399AE
:10FB30000698F1F767F940B3069BC01ADDE9042384
:10FB40000F28C8BF06384B4508BF42451BD3009B52
:10FB50004A465343019A08FB0233009AC117A2FB9D
:10FB600008899944CB434B456FEA000208BF4245E0
:10FB700038BF4AF0010A18EB000249EB0103904636
:10FB8000994601344BE7DA4649E7034657E7002236
:10FB900000231A99C1E90023199A042313602FB195
:10FBA000199B199A1B6843F00203136008AB93E892
:10FBB0000300079B83E803000BA8F1F72FFA0798CF
:10FBC0000DB0BDE8F08F4FF0FF324FF0FF33E0E7AC
:10FBD0006497002070B588B006AC84E80C00109BD8
:10FBE00004930F9B03930E9B02930CAB05460E46AA
:10FBF00093E803008DE80300284694E80C003146A2
:10FC0000FFF722FE284608B070BD2DE9F0438DB005
:10FC1000DDE9168608AC054608F16C0084E80C00A6
:10FC20008946FCF751FA0AA9FBF756FE0A9B059391
:10FC3000189BCDF80880CDE9036314AB93E803006B
:10FC40008DE8030006AF4946384694E80C00FDF7FE
:10FC5000D1FE97E8030084E8030014A92046F4F7D6
:10FC6000A2FA18B1336843F00203336094E803004A
:10FC700085E8030028460DB0BDE8F0832DE9F04388
:10FC80008DB0DDE9168608AC054608F16C0084E805
:10FC90000C008946FCF718FA0AA9FBF717FE0A9B25
:10FCA0000593189BCDF80880CDE9036314AB93E866
:10FCB00003008DE8030006AF4946384694E80C007F
:10FCC000FDF798FE97E8030084E8030014A9204696
:10FCD000F4F769FA18B1336843F00203336094E82B
:10FCE000030085E8030028460DB0BDE8F0832DE948
:10FCF000F0479CB0DDE9269509F16C080AAC064690
:10FD0000404684E80C008A46FCF7DEF90746404688
:10FD10000DF13808FBF720FF38464146FBF7F8FDA8
:10FD2000384615A9FBF7E4FD00230D930DABCDE993
:10FD300005930723CDE903830CAB029324AB93E82F
:10FD400003008DE8030008AF94E80C0051463846E4
:10FD5000FDF79EFD97E803000D9B84E803009BB927
:10FD6000289B0C9A9A6124A92046F4F71CFA18B132
:10FD70002B6843F002032B6094E8030086E803003D
:10FD800030461CB0BDE8F0872B6843F004032B60BD
:10FD9000E9E72DE9F047A6B0DDE9309509F16C08F7
:10FDA0000AAC0646404684E80C008A46FCF78CF90B
:10FDB000074640460DF13808FBF7CEFE384641466F
:10FDC000FBF7D5FD38461AA9FBF7B2FD00230D93CA
:10FDD0000DABCDE905930C23CDE903830CAB029366
:10FDE0002EAB93E803008DE8030008AF94E80C0005
:10FDF00051463846FDF74CFD97E803000D9B84E81B
:10FE000003009BB9329B0C9A1A612EA92046F4F785
:10FE1000CAF918B12B6843F002032B6094E8030081
:10FE200086E80300304626B0BDE8F0872B6843F033
:10FE300004032B60E9E72DE9F0438FB0DDE9188575
:10FE40000AAC064608F16C00894684E80C00FBF712
:10FE500083FE0DAACDE90682042142F20F7200232F
:10FE6000CDE9042103930D930CAB029316AB93E8F9
:10FE700003008DE8030008AF94E80C0049463846BB
:10FE8000FDF7F5FB97E803000D9B84E80300C3B979
:10FE90000C9B1A9A002BB4BF6433A3F26C735361AA
:10FEA00016A92046F4F77FF918B12B6843F0020336
:10FEB0002B6094E8030086E8030030460FB0BDE8ED
:10FEC000F0832B6843F004032B60E9E72DE9F04F42
:10FED00091B00AA981E80C00DDE91C3803F16C043B
:10FEE00007902046FBF738FE05902046FBF7F8FF09
:10FEF00000F138030893036A04461BB1836A003398
:10FF000018BF0123227CA44D02930D951AB1202124
:10FF10000DA8F1F7E7F910A8202140F8085DF1F7E6
:10FF2000E1F904F1390310AA0993636B42F8043D27
:10FF3000002504922F462E460395A9460195049B61
:10FF4000EB5C042B3ED8DFE813F05B012E012900A7
:10FF5000A000DC00BAF1000FF1D1D8F8003043F076
:10FF60000403C8F800300AAC1AA92046F4F71BF9BC
:10FF700028B1D8F8003043F00203C8F8003094E804
:10FF80000300079B83E803000EA8F1F747F80DA8CC
:10FF9000F1F744F8079811B0BDE8F08F1C9BDB68BF
:10FFA00098051ED4B9F1010F1BD8D5B1012D0CD184
:10FFB000029BB3B99DF83C30032B12D09DF83E3024
:10FFC000012B0ED04FF0010A2CE0022DFAD19DF842
:10FFD0003F30042B05D0029A002AF3D0032B40F0C7
:10FFE0001281A36906934FF0000B1AA90AA8F4F72F
:10FFF000EDF8069B824600283ED09B4512D00AA809
:020000025000AC
:10000000F4F7BEF8636913F80B30C0B2834236D000
:10001000BBF1000F40F0FA801C9BDB6883F4007397
:10002000C3F3402A0135042D94D1B9F1010F40F2F8
:100030004181BAF1000F90D0019B002B00F0E980C4
:10004000656A4FF0010B1AA90AA8F4F7BFF8002857
:1000500000F0E180D94500F0E1800AA8F4F790F8BB
:1000600015F80B30C0B283427FF477AF0AA8F3F7DC
:1000700091FD0BF1010BE6E79B45C9D1A2E70AA868
:10008000F3F788FD0BF1010BAFE7236ABBB9A36A55
:1000900053B31AA90AA8F4F799F8824620B30AA81C
:1000A000F4F76EF8626A1278C0B282421CD10AA8D4
:1000B000D4F82890F3F76EFDCDF804A0B2E71AA9A2
:1000C0000AA8F4F783F882460028E0D00AA8F4F7DB
:1000D00057F8E2691278C0B28242D8D10AA8D4F89F
:1000E0002090F3F757FD9DE7236A1BB9029B83F02D
:1000F000010A97E7A36A002BF8D1012301939A46DE
:1001000090E71AA90AA8F4F761F88246002847D0B8
:100110000AA8F4F735F80DF133025FFA80FB0A21E3
:1001200009988DF833B0F0F76DFE80B1089BC01AC6
:100130001A4B1B68195C0EA8F1F7A7F906F1010B21
:10014000039E0AA8F3F726FD03965E46D9E7627C74
:100150005A4506D12FB9E26A002A11DD5746834677
:10016000EFE7227C62B1A37C5B4508D187B98EB1F1
:10017000F1B20DA8F1F789F9BB46039EE1E792467B
:100180000E9A52F80C2C002A08BF4FF0000A49E7DB
:10019000BA46F5E7B246F3E7649700209C61002079
:1001A0004FF0010AECE71AA90AA8F4F70FF8824603
:1001B000C8B94FF0000A032D3FF434AF1AA90AA8BA
:1001C000F4F704F800283FF42DAF0AA8F3F7D8FF9E
:1001D000059BC0B29A69125C12077FF523AF0AA88B
:1001E000F3F7D8FCEAE70AA8F3F7CAFF059BC0B209
:1001F0009A69125C1107DCD50AA8F3F7CBFCDAE7A1
:100200004FF0010AD7E7DDF808A00BE74FF0000A2E
:1002100008E7E56915E7D9457FF49FAE10AD55F8BD
:10022000083D53F80C3C012B13D9002230212846FD
:10023000F0F779FE024660B1431C04BF0E9B53F8F1
:100240000C2C4FF0000108BF02F1FF322846F0F7F6
:1002500077FF019B73B12846F0F762FF0E9B1B7876
:10026000302B07D02846F0F764FF2D2201462846A0
:10027000F0F7B8FF0D9B53F80C3C8BB1F7B19DF82C
:100280000C100DA8F1F701F90DAAD4E90201E9F764
:100290002FFE28B9D8F8003043F00403C8F8003026
:1002A0001FB1E36AB3427FF458AE29461E98F0F7B7
:1002B00025FE58E6BAF1000FB0D14EE6F1B2E0E704
:1002C0002DE9F04F91B00AA981E80C00DDE91C3856
:1002D00003F16C0407902046FBF73EFC0590204696
:1002E000FBF7CEFE00F138030893036A04461BB106
:1002F000836A003318BF0123227CA44D02930D951D
:100300001AB120210DA8F0F7EDFF10A8202140F828
:10031000085DF0F7E7FF04F1390310AA0993636B56
:1003200042F8043D002504922F462E460395A94627
:100330000195049BEB5C042B3ED8DFE813F05B01D6
:100340002E012900A000DC00BAF1000FF1D1D8F88D
:10035000003043F00403C8F800300AAC1AA9204664
:10036000F3F721FF28B1D8F8003043F00203C8F8B2
:10037000003094E80300079B83E803000EA8F0F721
:100380004DFE0DA8F0F74AFE079811B0BDE8F08FBA
:100390001C9BDB6898051ED4B9F1010F1BD8D5B1A1
:1003A000012D0CD1029BB3B99DF83C30032B12D028
:1003B0009DF83E30012B0ED04FF0010A2CE0022DAB
:1003C000FAD19DF83F30042B05D0029A002AF3D0D1
:1003D000032B40F01281A36906934FF0000B1AA97A
:1003E0000AA8F3F7F3FE069B824600283ED09B4501
:1003F00012D00AA8F3F7C4FE636913F80B30C0B239
:10040000834236D0BBF1000F40F0FA801C9BDB68C2
:1004100083F40073C3F3402A0135042D94D1B9F15C
:10042000010F40F24181BAF1000F90D0019B002BE7
:1004300000F0E980656A4FF0010B1AA90AA8F3F7EA
:10044000C5FE002800F0E180D94500F0E1800AA84F
:10045000F3F796FE15F80B30C0B283427FF477AF06
:100460000AA8F3F797FB0BF1010BE6E79B45C9D10F
:10047000A2E70AA8F3F78EFB0BF1010BAFE7236AA3
:10048000BBB9A36A53B31AA90AA8F3F79FFE824621
:1004900020B30AA8F3F774FE626A1278C0B28242EF
:1004A0001CD10AA8D4F82890F3F774FBCDF804A067
:1004B000B2E71AA90AA8F3F789FE82460028E0D01D
:1004C0000AA8F3F75DFEE2691278C0B28242D8D181
:1004D0000AA8D4F82090F3F75DFB9DE7236A1BB9C7
:1004E000029B83F0010A97E7A36A002BF8D101234E
:1004F00001939A4690E71AA90AA8F3F767FE824685
:10050000002847D00AA8F3F73BFE0DF133025FFA4B
:1005100080FB0A2109988DF833B0F0F773FC80B1A5
:10052000089BC01A1A4B1B68195C0EA8F0F7ADFFA8
:1005300006F1010B039E0AA8F3F72CFB03965E4617
:10054000D9E7627C5A4506D12FB9E26A002A11DD4B
:1005500057468346EFE7227C62B1A37C5B4508D116
:1005600087B98EB1F1B20DA8F0F78FFFBB46039E9D
:10057000E1E792460E9A52F80C2C002A08BF4FF081
:10058000000A49E7BA46F5E7B246F3E76497002068
:100590009C6100204FF0010AECE71AA90AA8F3F7C2
:1005A00015FE8246C8B94FF0000A032D3FF434AF60
:1005B0001AA90AA8F3F70AFE00283FF42DAF0AA8EB
:1005C000F3F7DEFD059BC0B29A69125C12077FF556
:1005D00023AF0AA8F3F7DEFAEAE70AA8F3F7D0FD9B
:1005E000059BC0B29A69125C1107DCD50AA8F3F723
:1005F000D1FADAE74FF0010AD7E7DDF808A00BE7F8
:100600004FF0000A08E7E56915E7D9457FF49FAE8A
:1006100010AD55F8083D53F80C3C012B13D90022BE
:1006200030212846F0F77FFC024660B1431C04BF2E
:100630000E9B53F80C2C4FF0000108BF02F1FF3263
:100640002846F0F77DFD019B73B12846F0F768FD61
:100650000E9B1B78302B07D02846F0F76AFD2D2221
:1006600001462846F0F7BEFD0D9B53F80C3C8BB1BC
:10067000F7B19DF80C100DA8F0F707FF0DAAD4E90B
:100680000201E9F735FC28B9D8F8003043F004033B
:10069000C8F800301FB1E36AB3427FF458AE294670
:1006A0001E98F0F72BFC58E6BAF1000FB0D14EE6D9
:1006B000F1B2E0E72DE9F0418CB008AC84E80C0021
:1006C000DDE915380AAFCDE9038702938C4612ABFA
:1006D00018490A91064693E803009DF8502006AD9C
:1006E0008DE80300FAB194E80C0061462846FFF754
:1006F000EDFB95E803000A9D84E80300E9F7CEFCD2
:100700000CAB424643F8040D17992846E9F7E6FE7C
:1007100094E8030086E803003846F0F77FFC304693
:100720000CB0BDE8F08194E80C0061462846FFF764
:10073000C7FDDEE7649700202DE9F04F8FB00AACCB
:1007400084E80C001B9B0793074603F16C008A4664
:100750009DF868B0DDF87480FBF7FEF9079B1C9AE2
:100760001E490D91CDE902320DAE049618AB8146BB
:1007700093E803008DE8030008AD94E80C005146AF
:100780002846BBF1000F25D0FFF7A0FB0D9B95E895
:10079000030053F80C5C84E8030085B12946404609
:1007A000F0F76EFEDDF834A040465544F0F7B8FC93
:1007B000D8F800302A4651464846F2F7D2FF94E86E
:1007C000030087E803003046F0F728FC38460FB0F6
:1007D000BDE8F08FFFF774FDD8E700BF64970020F5
:1007E000244B1A68D0075CBF01221A60224B1A689A
:1007F000D1075CBF01221A60204B1A68D2075CBF88
:1008000001221A601E4B1A68D0075CBF01221A60D1
:100810001C4B1A68D1075CBF01221A601A4B1A6878
:10082000D2075CBF01221A60184B1A68D0075CBF60
:1008300001221A60164B1A68D1075CBF01221A60A8
:10084000144B1A68D2075CBF01221A60124B1A6857
:10085000D0075CBF01221A60104B1A68D1075CBF39
:1008600001221A600E4B1A68D2075CBF01221A607F
:10087000704700BF3898002034980020309800203E
:100880002C980020289800202498002020980020F0
:100890001C98002018980020149800201098002020
:1008A0000C9800200368DB0706D4437803B1FFDE11
:1008B00001234370184670470020704701230360EE
:1008C00070472DE9F0411D46036888B053F804CC09
:1008D000164653F8082C002305938DF818308DF830
:1008E00019308DF81A3010230793835804460F46A9
:1008F000811853F8040C604503D0002008B0BDE80F
:10090000F08105AA0368CDE90242CDE9001706226D
:10091000D3F81C8029463346C04705980028ECD000
:100920009DF81A1001F00603062BE7D09DF8192058
:100930009DF81830134003F00603062BDED002F0BA
:100940000502042AD9D041B9002D0EDB2844844287
:1009500014BF012006208DF81A009DF81A3003F00C
:100960000603062BC9D10598C8E7AB1C08D033682D
:1009700000941C6A02463B4629463046A047EAE7F7
:100980000120E8E708B502F0ADF8000010B5034B10
:100990000360044600F0E2FA204610BD60EE050058
:1009A00010B50446FFF7F2FF20461821E7F7ACFA2E
:1009B000204610BD2DE9F74FDDF830904A4504463A
:1009C0000F461646984624D0E56804EBC50455B397
:1009D000E3689A0724D513F0010A4FEA232203D0D3
:1009E000FB1C1DD033689A58A0680368CDF80090AE
:1009F000D3F820B0324443463946D84703280FD9AC
:100A0000BAF1000F02D040F00100C0B203B0BDE85F
:100A1000F08F194600F06CFA0028D5D00620F5E7D3
:100A2000013D083CD3E70120F0E7F0B40E1E049C22
:100A300006DB9019844214BF01200620F0BC7047E9
:100A4000023604D00468246AA446F0BC6047012042
:100A5000F4E72DE9F04F91B0CDE905231D9C1C9AD8
:100A6000A368DD0644BF8368A3601A9B9342814656
:100A7000884608D11B9900F03BFA20B19DF814304C
:100A800063710026FBE00699484600F031FA824681
:100A9000C8B11A9B2360B8F1000F9DF81430237180
:100AA0000BDB1A9B98441C9B434514BF4FF0010875
:100AB0004FF0060884F80680E3E718F1020FE0D152
:100AC0000123A371DDE7B8F1000FAABF1C9BCDF88D
:100AD0001CA0A3EB08034FF00006A8BF0793022356
:100AE000CDE9096301230893059B43F00103B34655
:100AF0000B93D9F80C300493049B002B00F0D980A1
:100B000009EBC305A768E9680F97C80748BF1A989B
:100B1000CDF834B04FEA212348BF00688DF838B0D3
:100B200048BFC3581A988DF839B0034407988DF818
:100B30003AB04CBF0B9A059A48B1984208982CBF1E
:100B40004FF0000C4FF0010C844500F0AE80890797
:100B500007D418F1020F02D1BF0700F0A88002F0FD
:100B6000FD02A8680DAD016803951C9D02951B9DB3
:100B7000CDE90035069BCD694146A84763799DF8CC
:100B800039209DF83A500D991343062D637101D019
:100B9000022D06D19DF8383021602371A57182465F
:100BA0006CE0226896B99AB99DF8382021602271CC
:100BB00021B11BB1D9F80830DD07F0D56379042BDA
:100BC000EDD0049B013B0493064695E7002A37D0FD
:100BD000914206D123799DF8382013432371304682
:100BE000ECE709B90028FAD0032BA77904D9D80774
:100BF00029D5A368990726D57FB9032D05D9EB0719
:100C000041D5D9F808309F073DD51C9B009341463C
:100C10001B9B0698FFF709FF0746D5B9032F05D997
:100C2000F80732D5D9F8083099072ED51C9B0093C8
:100C30000D9A1B9B06984146FFF7F7FE054608E014
:100C40000029D1D1CBE7002F08BF0127002D08BF15
:100C5000012585EA0703DBB2032B18D9032D81BFD9
:100C60000D9B23602F469DF8383086BF23710020EE
:100C70003046BA07A77101D4FB079FD456463046C9
:100C800011B0BDE8F08F0127E3E70125E1E73D4022
:100C9000EDB2032DC4F800B004D90223A3714FF0C4
:100CA000010AEBE70120A07188E701230993304690
:100CB00087E7099B002BE2D0049B08930A9B012B3A
:100CC000DDD001230A9314E72DE9F04F89B00746E0
:100CD000029192461C4600F072F90546002859D14F
:100CE000D4F80880D7F80C9018F0100F18BFD7F878
:100CF000088008F0010307EBC9064FF0000B0393CF
:100D0000B9F1000F6CD0F268CDF810B002F0010319
:100D1000009312F002038DF814B0CDE9068B019315
:100D200005D1039B1BB909F1FF39083EE8E7BAF189
:100D3000000F33D0009B121213B1DAF800309A582A
:100D40005244B068029903689D6904ABA847054600
:100D50000028E8D0079B082B03D1009B0BB1B36898
:100D600007939DF81430032B05D9019A1AB923F083
:100D700002038DF81430E168C1B904AB0FCB84E8ED
:100D80000F002379032B05D99A0709D5BB6813F007
:100D9000010FC8D1284609B0BDE8F08F5246D0E710
:100DA000DB07F7D5BB6813F0020FF2E72368049A5C
:100DB000934204D00023236002232371EAE72BB17E
:100DC00023799DF8142013432371ACE70798082872
:100DD000F2D00829F0D000F08BF80028F0D1EBE732
:100DE0002579003518BF0125D4E7000010B5034B65
:100DF0000360044600F0B2F8204610BDC0EE0500C6
:100E000010B50446FFF7F2FF20460C21E7F77CF807
:100E1000204610BD2DE9F041069E964207468846C1
:100E200015461C460AD0B868036806961E6A2A460C
:100E300023464146B446BDE8F0416047194600F0FC
:100E400057F80028EFD00620BDE8F0812DE9F14FDA
:100E50000E461946834617469946DDE90A4ADDE9FA
:100E60000C8500F045F890B1002E2C602F7109DB45
:100E70003444A0450CBF06240124AC71002001B00D
:100E8000BDE8F08F0236F9D10123AB71F6E7444596
:100E900006D15146584600F02BF808B16F71EDE7C6
:100EA000DBF808000368CDE90C85CDE90A4ADC6966
:100EB0003A464B463146A44601B0BDE8F04F604784
:100EC0002DE9F04104460D4616461F4600F077F81E
:100ED00048B9A06803689C6932463B462946A44647
:100EE000BDE8F0416047BDE8F081704700207047E1
:100EF000814208B50ED0406803782A2B0CD049688F
:100F00000B782A2B08BF013103F08FFCB0FA80F078
:100F1000400908BD0120FCE70020FAE77FB5002466
:100F20001023CDE902340368009415469E698DF8BC
:100F300004406B461268B0479DF8043003F0060386
:100F4000062B03BF009B2B600120204604B070BD20
:100F5000009890420CBF06200120704710B5034B4B
:100F600003600446FFF7C1FF204610BD34EF0500C3
:100F700010B50446FFF7F2FF20460821E6F7C4FF4C
:100F8000204610BD2DE9F0419846DDE90834069E63
:100F90009E420746154607D10799FFF7A9FF18B1EA
:100FA00065710020BDE8F08141463846FFF7A0FF9B
:100FB0000028F6D0012326602571A371F1E738B52A
:100FC00015461C46FFF794FF20B10823E360062373
:100FD0002560237138BD2DE9F04105460C461646C3
:100FE0001F46FFF785FF48B9032F07D8236832460D
:100FF000294620465B69BDE8F0411847BDE8F0810D
:1010000008B50846114603F01AFC031C18BF01235B
:1010100043EAA07008BD084611461A4605F054B9C7
:1010200008B50846114605F0DDFC031C18BF012376
:1010300043EAA07008BD084611461A4606F00ABBEE
:1010400008B50846114603F0FAFB031C18BF01233C
:1010500043EAA07008BD084611461A4605F034B9A7
:1010600008B50846114605F0BDFC031C18BF012356
:1010700043EAA07008BD084611461A4606F0EABACF
:10108000D2E90023E8F708BF13B506220023C0E920
:10109000012341F20203C360044601A8E8F736FBCE
:1010A00001A904F16C00E9F754F801A8E9F74AF83E
:1010B00002B010BD2DE9F04F8846D1E9000185B09E
:1010C000DDE90F5A02AF14461E4687E8030002F01E
:1010D000EDF9331B9B10A5EB0A0200FB032000284F
:1010E00013DCB442A14630D23A46D9F80010284663
:1010F00005F06EFC421C04F10404034631D097E86D
:1011000003001D4488E80300EBE7B442A1461CD26B
:1011100055451AD23A46D9F8001001A805F058FCF6
:10112000B0F1FF3F04F1040483461AD0AAEB050393
:10113000834218D3024601A9284602F000FB97E833
:1011400003005D4488E80300DFE74E4594BF0020BC
:1011500001200E9BC3F80090119B1D6005B0BDE8F7
:10116000F08F0220F5E70120F3E72DE9F7438946E8
:10117000D1E90001E846DDE90B6788E80300154680
:101180001C46A54220D2BE421ED243462946621BBF
:10119000304602F051FA411C03460BD0821C11D09C
:1011A00008B93060012398E80300043689E8030099
:1011B0001D44E6E702200A9B1D600D9B1E6003B0E4
:1011C000BDE8F0830120F6E7A5422CBF00200120F6
:1011D000F1E708B502F06AF9431E5842584108BDCC
:1011E00002F064B92DE9F7430E46D1E900016D46DE
:1011F00085E80300DDF828801446994600274C4511
:101200001BD2B8F1000F18D02B46A9EB04022146DF
:10121000002002F011FA821C012A03460DD9002891
:1012200018BF034695E8030008BF012386E80300C2
:101230001C441F4408F1FF38E1E7384603B0BDE81D
:10124000F083000038B584680546B4B94420E6F759
:1012500053FEC0E90244C0E90544C0E90744C0E9BF
:101260000944C0E90B441A4B44600360047444749D
:101270008474446380F84340A860AB682E225A749B
:10128000AB682C229A74AB68124A9A60A968002352
:10129000CB60A9684A61A9688B61A968CA61A9681D
:1012A0000B62A9684A62AA680B499362AA68086837
:1012B000D362AA681063AA685063084A1068AA68D3
:1012C000C15C1A4401330B2B82F83810F7D138BDBA
:1012D00000C1050098F4050090C105009C61002044
:1012E00038B584680546B4B94420E6F705FEC0E980
:1012F0000244C0E90544C0E90744C0E90944C0E923
:101300000B441A4B44600360047444748474446353
:1013100080F84340A860AB682E225A74AB682C2238
:101320009A74AB68124A9A60A9680023CB60A968D6
:101330004A61A9688B61A968CA61A9680B62A9683A
:101340004A62AA680B499362AA680868D362AA68CD
:101350001063AA685063084A1068AA68C15C1A44FE
:1013600001330B2B82F83810F7D138BD10C10500BE
:1013700098F4050090C105009C610020064B10B553
:1013800004460360806810B103685B689847204694
:10139000E8F76AFE204610BD78D7050010B5044670
:1013A000FFF7ECFF2046E6F7ABFD204610BD00003E
:1013B000064B10B504460360806810B103685B6893
:1013C00098472046E8F750FE204610BDACD70500F0
:1013D00010B50446FFF7ECFF2046E6F791FD2046E6
:1013E00010BD000038B584680546B4B97020E6F732
:1013F00083FDC0E90244C0E90544C0E90744C0E9EF
:101400000944C0E90B44C0E90D441A4B4460036031
:101410000474C46380F86C40A860AB682E225A61E3
:10142000AB682C229A61AB68134A9A60AA680023C1
:10143000D360A968114ACA61A9680B62A9684A62A7
:10144000A9688B62A968CA62AA680D491363AA6871
:1014500008685363AA689063AA68D063094A14684D
:10146000E05CAA6803F1100101330B2B42F8210064
:10147000F6D138BD20C1050098F4050018FC050020
:1014800090C105009C61002038B584680546B4B958
:101490007020E6F731FDC0E90244C0E90544C0E927
:1014A0000744C0E90944C0E90B44C0E90D441A4BA4
:1014B000446003600474C46380F86C40A860AB6847
:1014C0002E225A61AB682C229A61AB68134A9A604B
:1014D000AA680023D360A968114ACA61A9680B628F
:1014E000A9684A62A9688B62A968CA62AA680D499C
:1014F0001363AA6808685363AA689063AA68D063F4
:10150000094A1468E05CAA6803F1100101330B2B4F
:1015100042F82100F6D138BD30C1050098F405002D
:1015200018FC050090C105009C610020064B10B519
:1015300004460360806810B103685B6898472046E2
:10154000E8F792FD204610BDA4DA050010B5044668
:10155000FFF7ECFF2046E6F7D3FC204610BD000065
:10156000064B10B504460360806810B103685B68E1
:1015700098472046E8F778FD204610BDD8DA0500E8
:1015800010B50446FFF7ECFF2046E6F7B9FC20460D
:1015900010BD000038B58568044685B96820E6F7B7
:1015A000ABFCC0E90255C0E90555C0E907551D4B24
:1015B000456003600574858480F86450A060A3686A
:1015C000194A9A60A2680023D360A2681374A268C3
:1015D0002E2182F82410A2682C2182F82510134AAB
:1015E0001068A268C15C1A440133242B82F82610CB
:1015F000F7D10F4B18680023A268C15C1A4401336D
:101600001A2B82F84A10F7D1A3680A4A5A61A368D4
:1016100004229A61A368084ADA61A36805221A6263
:1016200038BD00BF40C1050098F405009861002056
:101630009461002058C105005DC10500064B10B53E
:1016400004460360806810B103685B6898472046D1
:10165000E8F70AFD204610BD54D7050010B5044632
:10166000FFF7ECFF2046E6F74BFC204610BD0000DC
:1016700038B58468054694B94FF49470E6F73CFC9D
:10168000C0E90244C0E90544C0E90744C0E909448F
:10169000184B44600360047480F82441A860AB6870
:1016A000154A9A6000222E21DA601A742C22C3E9AE
:1016B0000912124A126803F12C00511E233211F84C
:1016C000014F40F8044B9142F9D10D4A126803F1E1
:1016D000BC00511E193211F8014F40F8044B9142E1
:1016E000F9D1084A5A6104229A61074ADA6105224F
:1016F0001A6238BD50C1050098F4050098610020B9
:101700009461002064C1050078C10500064B10B546
:1017100004460360806810B103685B689847204600
:10172000E8F7A2FC204610BD80DA050010B504469B
:10173000FFF7ECFF2046E6F7E3FB204610BD2DE95E
:10174000F0470C460021814608469846174601F0AE
:10175000CDFE824603F0F4FD451C2846E6F7CEFB9D
:101760002A465146064601F0EAFFD9F8101000203B
:1017700001F0BCFE089B42463946204603F0CEFDF0
:1017800031460546002001F0B1FE3046E6F7BAFBCF
:1017900005B92570BDE8F08738B584680546C4BB37
:1017A000C820E6F7A9FB504B44600360C0E902443F
:1017B000C0E90444C0E90644C0E90844C0E90A4459
:1017C000C0E90C44C0E90E44C0E91044C0E9124429
:1017D000C0E91444C0E91644C0E91844C0E91A44F9
:1017E000C0E91C44C0E91E44C0E92044C0E92244C9
:1017F000C0E92444C0E92644C0E92844C0E92A4499
:10180000C0E92C44C0E92E44C0F8C04080F8C44070
:10181000A860AB68354A36491962C3E90222354AE5
:101820003549C3E90422354AC3E90912C3E906224E
:10183000334ADA62334A1A63334A5A63334A9A6341
:10184000334ADA63334A1A64334A5A64334A9A642D
:10185000334ADA64334A1A65334A5A65334A9A6519
:10186000334ADA65334A1A66334A5A663349344A88
:101870009A669967334A3449DA66D967334A3449F4
:101880001A67C3F88010334A33495A67C3F8841083
:101890003249C3F888103249C3F88C103149C3F873
:1018A00090103149C3F894103049C3F8981030496A
:1018B000C3F89C102F49C3E928122F4AC3F8A82067
:1018C0002E4AC3F8AC202E4AC3F8B0202D4AC3F8E4
:1018D000B4202D4AC3F8B8202C4AC3F8BC202C4AA7
:1018E000C3F8C02038BD00BF58E9050004C9050091
:1018F00058EF050013C905005BEF050098F40500DB
:101900005EEF050065EF05006CEF050074EF050064
:101910007EEF050087EF05008EEF050097EF0500CD
:101920009BEF05009FEF0500A3EF0500A7EF050063
:10193000ABEF0500AFEF0500B3EF0500D4EF0500F6
:10194000BBEF0500C4EF0500D9EF0500CAEF0500A5
:10195000DEEF0500D0EF0500E5EF0500EFEF050035
:10196000F7EF050000F0050009F005000DF0050097
:1019700011F0050015F0050019F005001DF0050037
:1019800021F0050025F0050029F005002DF00500E7
:1019900031F005002DE9F0470C460021814608464C
:1019A0009846174601F0A2FD824603F0C9FC451C8B
:1019B0002846E6F7A3FA2A465146064601F0BFFE3E
:1019C000D9F81010002001F091FD089B42463946DD
:1019D000204605F091FD31460546002001F086FDC8
:1019E0003046E6F78FFA05B92560BDE8F0870000BC
:1019F00038B584680546C4BBC820E6F77DFA504B6D
:101A000044600360C0E90244C0E90444C0E90644FC
:101A1000C0E90844C0E90A44C0E90C44C0E90E44E6
:101A2000C0E91044C0E91244C0E91444C0E91644B6
:101A3000C0E91844C0E91A44C0E91C44C0E91E4486
:101A4000C0E92044C0E92244C0E92444C0E9264456
:101A5000C0E92844C0E92A44C0E92C44C0E92E4426
:101A6000C0F8C04080F8C440A860AB68354A364929
:101A70001962C3E90222354A3549C3E90422354ACD
:101A8000C3E90912C3E90622334ADA62334A1A6308
:101A9000334A5A63334A9A63334ADA63334A1A64DD
:101AA000334A5A64334A9A64334ADA64334A1A65C9
:101AB000334A5A65334A9A65334ADA65334A1A66B5
:101AC000334A5A663349344A9A669967334A3449E5
:101AD000DA66D967334A34491A67C3F88010334A43
:101AE00033495A67C3F884103249C3F88810324921
:101AF000C3F88C103149C3F890103149C3F89410E1
:101B00003049C3F898103049C3F89C102F49C3E9F5
:101B100028122F4AC3F8A8202E4AC3F8AC202E4A18
:101B2000C3F8B0202D4AC3F8B4202D4AC3F8B8201A
:101B30002C4AC3F8BC202C4AC3F8C02038BD00BFD3
:101B4000D0C7050038F0050080F005005CF0050006
:101B50008CF0050018FC050098F00500B4F00500B5
:101B6000D0F00500F0F0050018F105003CF105008B
:101B700058F105007CF105008CF105009CF1050091
:101B8000ACF10500BCF10500CCF10500DCF105006D
:101B9000ECF1050070F205000CF2050030F20500D2
:101BA00084F2050048F2050098F2050060F2050095
:101BB000B4F20500DCF20500FCF2050020F305009C
:101BC00044F3050054F3050064F3050074F30500C5
:101BD00084F3050094F30500A4F30500B4F30500B5
:101BE000C4F30500D4F30500E4F3050010B5039930
:101BF0000446F7F705FA204610BD10B503990446D0
:101C0000E9F778F9204610BD10B503990446EFF7BF
:101C100064FC204610BD10B503990446F6F707FC96
:101C2000204610BD80B59CB000AF0E1A80466922D8
:101C30000E49381D01F083FD06F1770323F00703F9
:101C4000ADEB030D6C466822391D751C204601F072
:101C500076FD25443246414604F1680001F06FFDEF
:101C6000002385F867302046F8F710FFF4F30500ED
:101C7000F8B500AF86B06D4605F10C04DFF83CE026
:101C800023464FF00A0CB2FBFCF60CFB16221EF8A2
:101C9000022003F8012D3246002EF4D1E41A8C42C2
:101CA00008D8C4F10C012246294401F048FD204621
:101CB000BD46F8BD4FF0FF34F9E700BFD5C10500C0
:101CC00001392DE9F04106461546471804462A78A1
:101CD00092B3BC422CD2252A07D16A78732A09D044
:101CE0007A2A12D0252A00D101352A7822700135AE
:101CF0000134ECE7191D1B68013B13F8012FA2B159
:101D0000BC4215D004F8012BF7E7AA78752AECD16C
:101D10001A68391B204603F10408FFF7A9FF0028C1
:101D200006DD044403354346D1E702350B46CEE7D2
:101D300021463046FFF776FF2270A01BBDE8F081F8
:101D400010EE102A22F00041CB0D7F3B162B1CDC3D
:101D5000002B10EE100A21DB194919410A421CD050
:101D6000DFED187A70EE277AF5EEC07AF1EE10FA10
:101D700013DD002A04DD4FF4000242FA03F3184495
:101D800020EA010300EE103A7047B1F1FF4F04D38F
:101D900030EE000A70479FED0C0A7047DFED097ABC
:101DA00070EE277AF5EEC07AF1EE10FAF5DD002A32
:101DB000F1DB0029F7EE007A18BFB0EE670A704732
:101DC000FFFF7F00CAF249710000008010EE102A68
:101DD00022F00041CB0D7F3B162B1CDC002B10EEBC
:101DE000100A1EDB194919410A4227D0DFED187A83
:101DF00070EE277AF5EEC07AF1EE10FA1EDD002AB9
:101E000004DA4FF4000242FA03F3184420EA010313
:101E100000EE103A7047B1F1FF4F0FD330EE000AD9
:101E20007047DFED0B7A70EE277AF5EEC07AF1EEAF
:101E300010FA03DD002A02DB9FED060A7047002935
:101E4000FFEE007A18BFB0EE670A7047FFFF7F0011
:101E5000CAF249710000000081F0004102E000BFB9
:101E600083F0004330B54FEA41044FEA430594EA5A
:101E7000050F08BF90EA020F1FBF54EA000C55EA95
:101E8000020C7FEA645C7FEA655C00F0E2804FEA66
:101E90005454D4EB5555B8BF6D420CDD2C4480EA48
:101EA000020281EA030382EA000083EA010180EA78
:101EB000020281EA0303362D88BF30BD11F0004FC6
:101EC0004FEA01314FF4801C4CEA113102D04042FC
:101ED00061EB410113F0004F4FEA03334CEA133337
:101EE00002D0524263EB430394EA050F00F0A7804F
:101EF000A4F10104D5F1200E0DDB02FA0EFC22FA4A
:101F000005F2801841F1000103FA0EF2801843FA3D
:101F100005F359410EE0A5F120050EF1200E012A2E
:101F200003FA0EFC28BF4CF0020C43FA05F3C0186C
:101F300051EBE37101F0004507D54FF0000EDCF1E5
:101F4000000C7EEB00006EEB0101B1F5801F1BD38E
:101F5000B1F5001F0CD349085FEA30004FEA3C0C92
:101F600004F101044FEA445212F5800F80F09A8088
:101F7000BCF1004F08BF5FEA500C50F1000041EB8C
:101F8000045141EA050130BD5FEA4C0C404141EB90
:101F9000010111F4801FA4F10104E9D191F0000FB7
:101FA00004BF01460020B1FA81F308BF2033A3F13A
:101FB0000B03B3F120020CDA0C3208DD02F1140C31
:101FC000C2F10C0201FA0CF021FA02F10CE002F16C
:101FD0001402D8BFC2F1200C01FA02F120FA0CFC65
:101FE000DCBF41EA0C019040E41AA2BF01EB0451AE
:101FF000294330BD6FEA04041F3C1CDA0C340EDCAC
:1020000004F11404C4F1200220FA04F001FA02F3EE
:1020100040EA030021FA04F345EA030130BDC4F1AC
:102020000C04C4F1200220FA02F001FA04F340EAA1
:102030000300294630BD21FA04F0294630BD94F052
:10204000000F83F4801306BF81F480110134013D39
:102050004EE77FEA645C18BF7FEA655C29D094EAAA
:10206000050F08BF90EA020F05D054EA000C04BF28
:102070001946104630BD91EA030F1EBF0021002013
:1020800030BD5FEA545C05D14000494128BF41F0B2
:10209000004130BD14F580043CBF01F5801130BD16
:1020A00001F0004545F0FE4141F470014FF00000A1
:1020B00030BD7FEA645C1ABF194610467FEA655C52
:1020C0001CBF0B46024650EA013406BF52EA0335F4
:1020D00091EA030F41F4002130BD00BF90F0000FE2
:1020E00004BF0021704730B54FF4806404F132041E
:1020F0004FF000054FF0000150E700BF90F0000FD7
:1021000004BF0021704730B54FF4806404F13204FD
:1021100010F0004548BF40424FF000013EE700BFCD
:1021200042004FEAE2014FEA31014FEA02701FBF5D
:1021300012F07F4393F07F4F81F06051704732F08F
:102140007F4208BF704793F07F4F04BF41F40021E6
:10215000704730B54FF4607401F0004521F0004144
:102160001CE700BF50EA010208BF704730B54FF0CE
:1021700000050AE050EA010208BF704730B511F0CF
:10218000004502D5404261EB41014FF4806404F107
:1021900032045FEA915C3FF4D8AE4FF003025FEA8D
:1021A000DC0C18BF03325FEADC0C18BF033202EB11
:1021B000DC02C2F1200300FA03FC20FA02F001FA6B
:1021C00003FE40EA0E0021FA02F11444BDE600BF0E
:1021D00070B54FF0FF0C4CF4E06C1CEA11541DBFBD
:1021E0001CEA135594EA0C0F95EA0C0F00F0DEF888
:1021F0002C4481EA030621EA4C5123EA4C5350EA6D
:10220000013518BF52EA033541F4801143F48013BD
:1022100038D0A0FB02CE4FF00005E1FB02E506F04E
:102220000042E0FB03E54FF00006E1FB03569CF0A3
:10223000000F18BF4EF0010EA4F1FF04B6F5007FA9
:1022400064F5407404D25FEA4E0E6D4146EB06061B
:1022500042EAC62141EA55514FEAC52040EA5E50A4
:102260004FEACE2EB4F1FD0C88BFBCF5E06F1ED84E
:10227000BEF1004F08BF5FEA500E50F1000041EB85
:10228000045170BD06F0004646EA010140EA020032
:1022900081EA0301B4EB5C04C2BFD4EB0C0541EA54
:1022A000045170BD41F480114FF0000E013C00F369
:1022B000AB8014F1360FDEBF002001F0004170BD8D
:1022C000C4F10004203C35DA0C341BDC04F11404A6
:1022D000C4F1200500FA05F320FA04F001FA05F232
:1022E00040EA020001F0004221F0004110EBD370FF
:1022F00021FA04F642EB06015EEA430E08BF20EA2B
:10230000D37070BDC4F10C04C4F1200500FA04F3CD
:1023100020FA05F001FA04F240EA020001F000415F
:1023200010EBD37041F100015EEA430E08BF20EAD2
:10233000D37070BDC4F1200500FA05F24EEA020E1A
:1023400020FA04F301FA05F243EA020321FA04F049
:1023500001F0004121FA04F220EA020000EBD37000
:102360005EEA430E08BF20EAD37070BD94F0000F00
:102370000FD101F00046400041EB010111F4801F34
:1023800008BF013CF7D041EA060195F0000F18BFE5
:10239000704703F00046520043EB030313F4801F21
:1023A00008BF013DF7D043EA0603704794EA0C0FDB
:1023B0000CEA135518BF95EA0C0F0CD050EA4106F1
:1023C00018BF52EA4306D1D181EA030101F000416E
:1023D0004FF0000070BD50EA410606BF1046194696
:1023E00052EA430619D094EA0C0F02D150EA0136A2
:1023F00013D195EA0C0F05D152EA03361CBF1046E3
:1024000019460AD181EA030101F0004141F0FE4181
:1024100041F470014FF0000070BD41F0FE4141F405
:10242000780170BD70B54FF0FF0C4CF4E06C1CEA05
:1024300011541DBF1CEA135594EA0C0F95EA0C0FBA
:1024400000F0A7F8A4EB050481EA030E52EA033575
:102450004FEA013100F088804FEA03334FF0805596
:1024600045EA131343EA12634FEA022245EA1115C3
:1024700045EA10654FEA00260EF000419D4208BF74
:10248000964244F1FD0404F5407402D25B084FEA21
:102490003202B61A65EB03055B084FEA32024FF4CD
:1024A00080104FF4002CB6EB020E75EB030E22BF2A
:1024B000B61A754640EA0C005B084FEA3202B6EBEA
:1024C000020E75EB030E22BFB61A754640EA5C0099
:1024D0005B084FEA3202B6EB020E75EB030E22BF29
:1024E000B61A754640EA9C005B084FEA3202B6EB2A
:1024F000020E75EB030E22BFB61A754640EADC00E9
:1025000055EA060E18D04FEA051545EA16754FEA4A
:1025100006164FEAC30343EA52734FEAC2025FEA68
:102520001C1CC0D111F4801F0BD141EA00014FF0F7
:1025300000004FF0004CB6E711F4801F04BF0143C8
:102540000020B4F1FD0C88BFBCF5E06F3FF6AFAEE4
:10255000B5EB030C04BFB6EB020C5FEA500C50F174
:10256000000041EB045170BD0EF0004E4EEA1131F7
:1025700014EB5C04C2BFD4EB0C0541EA045170BDFE
:1025800041F480114FF0000E013C90E645EA060E42
:102590008DE60CEA135594EA0C0F08BF95EA0C0F70
:1025A0003FF43BAF94EA0C0F0AD150EA01347FF4B8
:1025B00034AF95EA0C0F7FF425AF104619462CE78F
:1025C00095EA0C0F06D152EA03353FF4FDAE1046F2
:1025D000194622E750EA410618BF52EA43067FF443
:1025E000C5AE50EA41047FF40DAF52EA43057FF4D3
:1025F000EBAE12E74FF0FF3C06E000BF4FF0010CDE
:1026000002E000BF4FF0010C4DF804CD4FEA410C41
:102610007FEA6C5C4FEA430C18BF7FEA6C5C1BD00E
:1026200001B050EA410C0CBF52EA430C91EA030F8F
:1026300002BF90EA020F0020704710F1000F91EAEC
:10264000030F58BF994208BF90422CBFD8176FEABA
:10265000E37040F0010070474FEA410C7FEA6C5C88
:1026600002D150EA013C07D14FEA430C7FEA6C5C8F
:10267000D6D152EA033CD3D05DF8040B704700BFBB
:102680008446104662468C461946634600E000BF09
:1026900001B5FFF7B7FF002848BF10F1000F01BDDB
:1026A0004DF808EDFFF7F4FF0CBF012000205DF8A6
:1026B00008FB00BF4DF808EDFFF7EAFF34BF01202B
:1026C00000205DF808FB00BF4DF808EDFFF7E0FFC4
:1026D00094BF012000205DF808FB00BF4DF808ED15
:1026E000FFF7CEFF94BF012000205DF808FB00BF7C
:1026F0004DF808EDFFF7C4FF34BF012000205DF85E
:1027000008FB00BF4A0011D212F5001211D20DD5FC
:102710006FF47873B3EB62520ED44FEAC12343F0E7
:10272000004343EA505323FA02F070474FF0000091
:10273000704750EA013002D14FF0FF3070474FF040
:10274000000070474FEA4102B2F1E04324BFB3F505
:10275000001CDCF1FE5C0DD901F0004C4FEAC00218
:102760004CEA5070B2F1004F40EB830008BF20F0FC
:102770000100704711F0804F21D113F13872BCBFB6
:1027800001F00040704741F480114FEA5252C2F10B
:102790001802C2F1200C10FA0CF320FA02F018BF54
:1027A00040F001004FEAC1234FEAD32303FA0CFCA7
:1027B00040EA0C0023FA02F34FEA4303CCE77FEA36
:1027C000625307D150EA01331EBF4FF0FE4040F480
:1027D0004000704701F0004040F0FE4040F400002F
:1027E000704700BF53B94AB9002908BF00281CBF71
:1027F0004FF0FF314FF0FF3000F072B9ADF1080C2F
:102800006DE904CE00F006F8DDF804E0DDE902230E
:1028100004B070472DE9F047089E04468846002B17
:102820004BD18A42154667D9B2FA82F24AB1C2F157
:10283000200701FA02F320FA07F7954047EA030858
:1028400094404FEA154E230CB8FBFEF71FFA85FCA7
:102850000EFB178843EA084307FB0CF1994209D99C
:10286000EB1807F1FF3080F01B81994240F218818C
:10287000023F2B445B1AA4B2B3FBFEF00EFB1033F5
:1028800044EA034400FB0CFCA44509D92C1900F1CF
:10289000FF3380F00781A44540F2048102382C44C4
:1028A00040EA0740A4EB0C0400271EB1D4400023EB
:1028B000C6E900433946BDE8F0878B4209D9002EAE
:1028C00000F0EB800027C6E9000138463946BDE834
:1028D000F087B3FA83F7002F47D18B4202D38242AD
:1028E00000F2FA80841A61EB030301209846002E5F
:1028F000E0D0C6E90048DDE702B9FFDEB2FA82F2B5
:10290000002A40F08F80491B4FEA154E1FFA85F8C8
:102910000127B1FBFEFC230C0EFB1C1143EA014313
:1029200008FB0CF1994207D9EB180CF1FF3002D2E9
:10293000994200F2CD808446591AA3B2B1FBFEF051
:102940000EFB101443EA044408FB00F8A04507D925
:102950002C1900F1FF3302D2A04500F2B6801846D0
:10296000A4EB080440EA0C409FE7C7F1200CBB40F1
:1029700022FA0CFE4EEA030E01FA07F420FA0CF5D7
:1029800021FA0CF34FEA1E482543B3FBF8F92C0C4F
:1029900008FB19331FFA8EFA44EA034309FB0AF4D1
:1029A0009C4202FA07F200FA07F10BD91EEB03036F
:1029B00009F1FF3080F087809C4240F28480A9F1C9
:1029C000020973441B1BADB2B3FBF8F008FB1033D4
:1029D00045EA034400FB0AFAA24508D91EEB0404A9
:1029E00000F1FF336BD2A24569D90238744440EA42
:1029F0000940A0FB0289A4EB0A044C45C2464B46A1
:102A000054D351D0002E69D0B1EB0A0564EB030416
:102A100004FA0CFCFD40FC404CEA0505C6E90054F4
:102A2000002747E7C2F1200320FA03F7954001FA97
:102A300002F021FA03F34FEA154E3843010CB3FBC1
:102A4000FEF71FFA85F80EFB173341EA034107FB37
:102A500008F38B4204FA02F407D9691807F1FF3C26
:102A60002FD28B422DD9023F2944CB1A81B2B3FB1E
:102A7000FEF00EFB103341EA034100FB08F38B42EA
:102A800007D9691800F1FF3C17D28B4215D90238DB
:102A90002944C91A40EA07473BE73746304609E769
:102AA0000746E7E61846FBE64145ABD2B8EB020A1B
:102AB00069EB0E0201381346A4E76046E9E71846C1
:102AC00095E76746D1E781467CE702382C4447E723
:102AD000ACF1020C2B442FE7384608E73746E9E60D
:102AE000704700BF08B5062001F0E0FD012008F0A6
:102AF000B1FA00001FB51C46094B1B680546D86893
:102B000052B1084B0091CDE9013207492B462246CC
:102B100000F0E8F9FFF7E6FF044B1A46F2E700BFC2
:102B2000146200205DF405006AF4050098F40500C5
:102B3000F0B5431C87B003D14FF0FF3007B0F0BDB4
:102B400004AE1B4D8DF80B0008220021304600F02A
:102B50001AFE2F68BC6DC4B95020E2F74FFF2B68F6
:102B6000B8659B6DC3E90044C3E90244C3E904446A
:102B7000C3E90A44C3E90C44C3E90E44C3E9104461
:102B8000C3E912449C611C775C622868094A036AA5
:102B90000096002B08BF134603A9D3F8E4400DF1BB
:102BA0000B020123A0470128C6D80398C6E700BF3F
:102BB000146200207862002010B5054C13462CB139
:102BC0000A4601460220AFF3008010BD2046FCE714
:102BD00000000000014B1868704700BF146200201D
:102BE00008B5074B044613B10021AFF30080054B35
:102BF0001868836A03B19847204608F02BFA00BF93
:102C000000000000FCF505008A892DE9F041054629
:102C100010070C4658D44B68002B05DC0B6C002BBE
:102C200002DC0020BDE8F081E66A002EF9D0002326
:102C300012F480522F68216A2B6032D0606DA38914
:102C40005A0705D56368C01A636B0BB1236CC01AB1
:102C500000230246E66A216A2846B047431CA3893E
:102C600006D129681D2948D8294ACA40D60744D523
:102C700000226260D9042269226004D5421C01D17D
:102C80002B6803B96065616B2F600029C9D004F11E
:102C90004403994202D0284600F08CFD0020606376
:102CA000C0E701232846B047411CC8D12B68002B40
:102CB000C5D01D2B01D0162B01D12F60B1E7A38900
:102CC00043F04003A381ADE70F69002FA9D093071C
:102CD0000E6808BF4B690F6018BF0023A6EB0708FA
:102CE0008B60B8F1000F9CDD43463A46216AA66A24
:102CF0002846B047002806DCA38943F04003A3819F
:102D00004FF0FF308EE70744A8EB0008E9E700BF6B
:102D10000100402038B50B6905460C46DBB118B1FF
:102D200083690BB900F072F80C4B9C4209D16C68B6
:102D3000B4F90C307BB121462846BDE83840FFF796
:102D400063BF074B9C4201D1AC68F1E7054B9C4245
:102D500008BFEC68ECE7002038BD00BFBCF50500FB
:102D6000DCF505009CF50500014620B9044B05493A
:102D7000186800F031BA044B1868FFF7CBBF00BFEA
:102D8000FCF50500152D050014620020002310B588
:102D90000446C0E90033836081814366C281C0E993
:102DA00004338361194608225C3000F0ECFC054BCB
:102DB0006362054BA362054BE362054B2462236308
:102DC00010BD00BFA1470500C7470500FF4705002C
:102DD00023480500014900F0FFB900BF152D05008B
:102DE00070B54A1E682555430E4605F1740100F082
:102DF0002FFD044640B10021C0E900160C30A06050
:102E000005F1680200F0BFFC204670BD836910B573
:102E1000044633BBC0E912330365124B124A1B68E8
:102E20008262984204BF0123836100F01FF8606052
:102E3000204600F01BF8A060204600F017F80022A2
:102E4000E06004216068FFF7A1FF01220921A0686A
:102E5000FFF79CFF02221221E068FFF797FF012392
:102E6000A36110BDFCF50500D52D0500F8B51B4B81
:102E70001E68B369074613B93046FFF7C7FF4836E7
:102E8000D6E90134013B03D5336833B13668F7E73F
:102E9000B4F90C506DB16834F4E704213846FFF7FB
:102EA0009FFF30600028F1D10C233B600446204690
:102EB000F8BD0B4B6566C4E90055A560C4E9033550
:102EC000C4E905550822294604F15C0000F05BFCCA
:102ED000C4E90D55C4E91255E9E700BFFCF505004A
:102EE0000100FFFF0EB403B5014603AB054853F8DC
:102EF000042B0068019300F02FFD02B05DF804EB95
:102F000003B07047146200202DE9F84F15465D4369
:102F10000746894693469A460A9C3BD018B1836976
:102F20000BB9FFF773FF1D4B9C4216D17C68636899
:102F3000002B01DA002363602E46D4E90018B04567
:102F400015D33246484600F0FAFB636825689B1BA0
:102F500035442560636055461CE0114B9C4201D10D
:102F6000BC68E4E70F4B9C4208BFFC68DFE74846BB
:102F7000424600F0E4FB2368434423602146384680
:102F8000C144A6EB080601F0A1FA0028D5D0AD1B7C
:102F9000B5FBFBF52846BDE8F88F00BFBCF5050082
:102FA000DCF505009CF5050007B5009313460A46BD
:102FB000014603480068FFF7A7FF03B05DF804FB74
:102FC0001462002013460A4601460248006800F0D9
:102FD00003B800BF146200202DE9F8430C46914667
:102FE0001E46054618B183690BB9FFF70FFF3F4B2B
:102FF0009C4212D16C68A38903F48473B3F5847F77
:1030000003D121462846FFF785FED4F82C80B8F17D
:10301000000F0CD11D232B6057E0354B9C4201D192
:10302000AC68E8E7334B9C4208BFEC68E3E7012E4D
:1030300030D0022E01D0002E55D123691BB9214674
:10304000284600F07FFA21462846FFF763FE074630
:1030500000283AD133464A46216A2846C047013003
:1030600033D0616B41B104F14403994202D0284648
:1030700000F0A0FB0023636323692360A389002180
:1030800023F402636160A381082204F15C0000F074
:103090007AFB1CE021462846FFF73CFEA28912F489
:1030A00080520CD0606DA3895A0713D56368C01A8B
:1030B000636B0BB1236CC01A81440026BDE7216A03
:1030C00033462846C047411CEDD14FF0FF37384604
:1030D000BDE8F8831B07EFD523682269002BEBD0EE
:1030E0009B1A1844E8E7162395E700BFBCF50500D6
:1030F000DCF505009CF50500024B0146186800F060
:1031000003B800BF1462002070B50C46054618B124
:1031100083690BB9FFF77AFE1E4B9C4207D16C689E
:10312000E36A73B91D232B604FF0FF3070BD1A4B5B
:103130009C4201D1AC68F3E7184B9C4208BFEC6895
:10314000EEE7A389180703D521462846FFF7E2FDDD
:10315000A28912F480520BD0606DA3895A070FD553
:103160006368C01A636B002BE0D0236CC01ADDE7E4
:10317000216AE66A01232846B047411CEDD1D5E714
:103180001B07D3D52368002BD0D022699B1A184483
:10319000CCE700BFBCF50500DCF505009CF505009B
:1031A0002DE9F041884600F14804002614B9304664
:1031B000BDE8F081D4E90175013F01D52468F5E748
:1031C000AB89012B06D9B5F90E30013302D0284660
:1031D000C04706436835EFE72DE9F8438046894646
:1031E00000F14804002614B93046BDE8F883D4E95C
:1031F0000175013F01D52468F5E7AB89012B07D99B
:10320000B5F90E30013303D029464046C84706437E
:103210006835EEE72DE9F843089C8946174602FB1E
:1032200003F8064618B183690BB9FFF7EFFD1D4B94
:103230009C421AD17468A3891B0720D52369F3B176
:103240000025454529D0A36819F80510013B002B3E
:10325000A36004DAA269934219DB0A2917D0236814
:103260005A1C226019700135EBE70F4B9C4201D1CB
:10327000B468E0E70D4B9C4208BFF468DBE72146E9
:10328000304604F0F7FA0028DAD0002505E022469F
:10329000304603F027FB0130E5D1B5FBF7F0BDE880
:1032A000F88300BFBCF50500DCF505009CF50500C2
:1032B00007B5009313460A46014603480068FFF726
:1032C000A9FF03B05DF804FB1462002038B5134B6E
:1032D0001D68044625B1AB6913B92846FFF796FD72
:1032E0000F4B9C420BD16C686368013B002B636001
:1032F0000FDA21462846BDE8384001F073B9094B82
:103300009C4201D1AC68EFE7074B9C4208BFEC68D8
:10331000EAE723685A1C2260187838BD146200203E
:10332000BCF50500DCF505009CF5050005F0AAB923
:1033300070B50D4E0D4CA41BA4100025A54209D15B
:103340000B4E0C4C07F088FEA41BA4100025A542D0
:1033500005D170BD56F8253098470135EEE756F88F
:10336000253098470135F2E74C6400204C6400207A
:103370004C6400209864002001390B291FD8DFE835
:1033800001F006080A0C0E10121416181A1C05F08B
:1033900099BD05F0A5BD05F0B0BD05F0C2BD00F0BA
:1033A00010B800F014B800F01EB800F024B800F017
:1033B0002FB800F03BB800F046B800F04CB8002041
:1033C0007047303809288CBF00200120704710B5A5
:1033D000044600F010F828B1204600F027F8B0FAB3
:1033E00080F0400910BD10B5044602F091FF001BAB
:1033F00018BF012010BDFF2810B5044606D800F004
:1034000067F82044407800F0970010BD0020FCE7EA
:1034100010B5044605F056FD30B92046FFF7D7FF3A
:10342000003018BF012010BD0020FCE7FF2810B5B8
:10343000044606D800F04CF82044407800F008001C
:1034400010BD0020FCE710B5044602F052FF001B3F
:1034500018BF012010BDA0F13003092B07D920F0BF
:103460002000413805288CBF002001207047012032
:103470007047000010B5144672B10949104601F0BA
:10348000D4F948B10749204601F0CFF920B10649E7
:10349000204601F0CAF908B9024810BD0020FCE737
:1034A00000F605003FC3050098F40500044B054AEB
:1034B0001B681B6A002B08BF134693F8280170474E
:1034C0001462002078620020D0F8EC007047000001
:1034D000044B054A1B681B6A002B08BF1346D3F830
:1034E000EC0070471462002078620020024B0A460C
:1034F00001461868FFF7BEBF1462002070B50E4683
:10350000B1F90E10002996B014461D4607DA0023C3
:103510002B60B3891A0610D44FF480630EE06A461C
:1035200005F040F90028F2DB019A02F47042A2F59E
:1035300000535A425A412A60EEE74023002023609C
:1035400016B070BD8B8973B59D0706460C4607D52E
:1035500004F14703236023610123636102B070BD5E
:1035600001AB6A46FFF7CAFF00990546304600F0F6
:103570006FF948B9B4F90C309A05EFD423F003037E
:1035800043F00203A381E3E70D4BB362A3892060FC
:1035900043F08003A381009B6361019B20615BB1C9
:1035A000B4F90E10304605F07DFC28B1A38923F054
:1035B000030343F00103A381A3891D43A581CDE744
:1035C000D52D0500024B0146186800F041B900BF37
:1035D00014620020024B0146186800F0EBB800BFEF
:1035E00014620020F7B5114C089D24680646246A31
:1035F000174692B90E4B0095002C08BF1C460D4A89
:10360000D4F8E44001233946A047431C01BF0023FE
:103610002B608A23336003B0F0BD054F0095002C6A
:1036200008BF3C46D4F8E440EEE700BF1462002037
:103630007862002098F4050007B5009313460A4607
:10364000014603480068FFF7CDFF03B05DF804FBB7
:103650001462002082B001B901A942B14BB11378C4
:103660000B601278101C18BF012002B07047104682
:10367000FBE76FF00100F8E7000000000000000029
:1036800001F0FF01102A2BDB10F0070F08D010F813
:10369000013B013A8B422DD010F0070F42B3F6D117
:1036A000F0B441EA012141EA014122F007047FF030
:1036B00000070023F0E80256083C85EA010586EA87
:1036C000010685FA47F5A3FA87F586FA47F6A5FAC3
:1036D00087F68EB9EED1F0BC01F0FF0102F00702CF
:1036E00032B110F8013B013A83EA010313B1F8D17A
:1036F0000020704701387047002D06BF354603385B
:10370000073815F0010F07D1013015F4807F02BF93
:10371000013015F4C03F0130F0BC0138704700BFE4
:1037200030B50024A24201D1002007E0035D01343E
:103730000D1915F8015CAB42F4D0581B30BD10B523
:10374000431E0A44914200D110BD11F8014B03F809
:10375000014FF7E7884210B501EB020307D8421E7C
:1037600099420AD011F8014B02F8014FF8E7834261
:10377000F5D98118D21AD34200D110BD13F8014DEA
:1037800001F8014DF7E702440346934200D1704728
:1037900003F8011BF9E738B502FB01F4214600F0FC
:1037A00057F8054618B122460021FFF7ECFF2846DE
:1037B00038BD000038B50546002945D051F8043C15
:1037C0000C1F002BB8BFE41805F0EEFB1F4A13686E
:1037D000104633B9636014602846BDE8384005F0F0
:1037E000E4BBA3420CD921686218934204BF1A6853
:1037F0005B68636004BF521822600460ECE7134604
:103800005A680AB1A242FAD919685818A0420BD1D5
:1038100020680144581882421960DDD1106852684E
:103820005A6001441960D7E702D90C232B60D3E713
:10383000206821188A4204BF11685268626004BF80
:10384000091821605C60C7E738BD00BFD49D002027
:1038500070B5CD1C25F0030508350C2D38BF0C259F
:10386000002D064601DBA94203D90C23336000205A
:1038700070BD05F099FB214A1468214691B9204C8E
:1038800023681BB9304600F0D9FE20602946304637
:1038900000F0D4FE431C24D10C233360304605F0E5
:1038A00084FBE4E70B685B1B18D40B2B0FD90B6070
:1038B000CD50CC18304605F078FB04F10B00231DE9
:1038C00020F00700C31AD3D05A42E250D0E78C420E
:1038D0004B6816BF636013600C46EBE70C46496803
:1038E000CCE7C41C24F00304A04205D0211A3046C2
:1038F00000F0A4FE0130CFD02560DBE7D49D00208E
:10390000D89D00209368013B002B10B4936008DA27
:103910009469A34201DB0A2903D15DF8044B02F04C
:10392000E1BF1368581C1060197008465DF8044B1D
:103930007047F8B506460F461446D518AC4201D17B
:10394000002007E03A4614F8011B3046FFF7DAFF83
:10395000431CF3D1F8BD00002DE9F04F9DB00C469B
:1039600017460393064618B183690BB9FFF74EFA61
:103970007B4B9C4257D17468A38918075DD5236996
:10398000002B5AD00023099320238DF829303023AF
:103990008DF82A304FF0010BB846454615F8013B2B
:1039A0000BB1252B54D1B8EB070A0BD053463A463E
:1039B00021463046FFF7BDFF013000F0C280099B71
:1039C0005344099398F80030002B00F0BA8000238C
:1039D0004FF0FF32CDE90523049307938DF8533060
:1039E0001A93A846052218F8011B5E48FFF748FE07
:1039F000049B78BBD90644BF20228DF853201A07B8
:103A000044BF2B228DF853202A782A2A2AD0079ADD
:103A1000A84600200A25414611F8013B303B092BFE
:103A200069D960B324E0504B9C4201D1B468A3E74C
:103A30004E4B9C4208BFF4689EE72146304603F097
:103A400019FF00289ED04FF0FF301DB0BDE8F08F69
:103A5000A846A2E7434A801A0BFA00F018430490E4
:103A60004546BEE7039A111D12680391002A01DB47
:103A7000079204E0524243F002030792049398F83D
:103A800000302E2B0ED198F801302A2B38D1039B11
:103A90001A1D1B680392002BB8BF4FF0FF3308F1CB
:103AA00002080593324D98F8001003222846FFF7CC
:103AB000E7FD40B14023401B03FA00F0049B0343A1
:103AC00008F10108049398F800102A488DF828108E
:103AD000062208F10107FFF7D3FD002837D0264B57
:103AE0001BBB039B073323F0070308330393099B96
:103AF0004B44099350E705FB0232012088468AE7D0
:103B0000002308F10108059319460A25404610F8DC
:103B1000012B303A092A03D9002BC3D00591C1E704
:103B200005FB012101238046F0E703AB0093224609
:103B3000124B04A9304600F0B7F8B0F1FF3F8146C0
:103B4000D5D1A3895B063FF57EAF09987DE703AB2E
:103B500000932246094B04A9304600F05BFBECE7DA
:103B6000BCF5050008F60500DCF505009CF5050030
:103B70000EF6050012F60500A93C050033390500D4
:103B80002DE9FF4755EC104B0D9FDDF830A0002DBF
:103B90000E4691461946B8BF22462B4627F020070D
:103BA000BBBF05F100431D4600232D23B8BF1446BB
:103BB000462F0B7004D0452F00D10136022100E0C2
:103BC000032103AB019302AB00933246534645EC0D
:103BD000104B03F05DFF472F804602D119F0010F13
:103BE00026D0462F08EB060911D198F80030302B6B
:103BF0000AD10022002320462946FEF751FD18B9BC
:103C0000C6F10106CAF80060DAF8003099440022D3
:103C1000002320462946FEF743FD38B93022039B96
:103C20004B4505D2591C03911A70F8E7CDF80C905A
:103C3000039B0E9AA3EB08034046136004B0BDE853
:103C4000F087F7B500290446BABF49422D232B233C
:103C5000092904F8022B437020DD0DF107031F46EC
:103C60000A2691FBF6F506FB15113031092D03F8F4
:103C7000011C03F1FF32294609DC3031023B02F816
:103C8000011CBB42224604D3101A03B0F0BD1346F8
:103C9000E7E713F8012B04F8012BF2E7302319446E
:103CA0008370021DC170EFE72DE9F04F8DB00C4617
:103CB000DDF8588016461F46054605F047F90368AB
:103CC0000493184601F03CFB00230A93D8F8003017
:103CD0000590073323F0070303F1080294F818A0B6
:103CE000D4F800B0C8F80020D3E90023C4E91223B7
:103CF000D4E9128929F000430793CDF818804FF0DA
:103D0000FF32A74BDDE9060107F02EF970BB4FF03B
:103D1000FF32A34BDDE90601FEF7D6FC30BB0022E3
:103D2000002340464946FEF7C5FC10B12D2384F818
:103D300043309C4A9C4BBAF1470F8CBF9046984643
:103D400003232BF00402236122604FF00009009747
:103D500033460BAA2146284600F0E6F9013040F030
:103D60008D804FF0FF300DB0BDE8F08F42464B46DE
:103D70004046494607F0F8F810B18C4A8C4BDAE718
:103D800061684B1C4BF480620AA83ED10623636035
:103D90000023CDE9020309AB009349EC108B0DF130
:103DA00023032260CDF804A061682846FFF7E8FEEF
:103DB0000AF0DF03472B804609D1099BD81C02DBA0
:103DC0006268934247DDAAF1020A5FFA8AFABAF101
:103DD000650F099924D80139524604F15000099120
:103DE000FFF72FFF0A9A1318012A8146236102DC8C
:103DF0002268D10701D5013323619DF82330002BC0
:103E0000A5D02D2384F84330A1E7BAF1670F00F065
:103E10007781BAF1470FBBD10029B9D10123B6E7A9
:103E2000BAF1660F19D1002963680CDD216113B95D
:103E30002268D20702D501330B442361099BA36595
:103E40004FF00009D9E713B92268D00701D5023332
:103E5000F3E70123F1E74FF0670ADDE90932934206
:103E600005DB22682361D107E8D50133E5E7002BA4
:103E7000D4BFC3F1020301231344DEE723685A05CC
:103E800007D42369424631462846B84701302BD132
:103E900067E7BAF1650F40F2DC8000220023D4E925
:103EA0001201FEF7FDFB002833D00123414A3146C1
:103EB0002846B84701303FF454AFDDE909239A4260
:103EC00002DB2368D8070FD5DDE9042331462846F5
:103ED000B84701303FF445AF4FF0000804F11A092C
:103EE0000A9B013B434509DC23689B0700F10381E2
:103EF000E0680B9B9842B8BF184634E701234A4656
:103F000031462846B84701303FF42BAF08F101088D
:103F1000E6E7099B002B2BDC0123264A3146284685
:103F2000B84701303FF41DAF099B23B90A9B13B971
:103F30002368D907D8D5DDE9042331462846B84798
:103F400001303FF40EAF4FF0000904F11A0A099B4B
:103F50005B424B4501DC0A9B94E701235246314604
:103F60002846B84701303FF4FCAE09F10109EEE7FD
:103F70000A9AA36D9A42A8BF1A46002A914607DD05
:103F80001346314642462846B84701303FF4E9AE71
:103F900004F11A034FF0000B29EAE979069315E0C2
:103FA000FFFFEF7F1DF6050019F6050025F6050059
:103FB00021F60500E6FA05000123069A3146284657
:103FC000B84701303FF4CDAE0BF1010BD4F858A047
:103FD000AAEB09035B45EFDCDDE909239A42D044F3
:103FE00015DB2368DA0712D40A9B0999A3EB0A02AE
:103FF000A3EB010A9245A8BF9246BAF1000F0EDC6E
:104000004FF000082AEAEA7A04F11A0919E0DDE91A
:10401000042331462846B8470130E5D1A1E653468E
:10402000424631462846B8470130E9D199E6012396
:104030004A4631462846B84701303FF492AE08F16F
:104040000108DDE909239B1AA3EB0A034345EEDCD3
:104050004AE70A9A012A01DCDB073AD501234246E6
:1040600031462846B84701303FF47BAEDDE90423F2
:1040700031462846B847013008F101083FF471AED7
:104080000A9B002203F1FF3AD4E912010023FEF754
:1040900007FBC8B95346424631462846B847013067
:1040A0000ED15EE60123524631462846B84701301C
:1040B0003FF457AE08F101080A9B013B4345F1DC90
:1040C0004B4604F15002DEE64FF0000804F11A0AF4
:1040D000F2E70123DFE701234A4631462846B84785
:1040E00001303FF43EAE08F10108E3680B9A9B1AD9
:1040F0004345F0DCFCE64FF0000804F11909F4E751
:1041000000293FF48BAE0023CDE9020309AB0093F5
:1041100049EC108B2260CDF804A00DF12303284652
:10412000FFF72EFD804648E62DE9F04791461F46F1
:104130008A680B69DDF820809342B8BF1346C9F83E
:10414000003091F8432006460C4612B10133C9F8FD
:1041500000302368990642BFD9F800300233C9F80D
:104160000030256815F0060507D104F1190AE36847
:10417000D9F800209B1AAB4228DC94F8433022681F
:10418000003318BF012392062DD404F143023946AF
:104190003046C047013020D02368E568D9F80020B8
:1041A00003F00603042B08BFAD1AA36822690CBFF5
:1041B00025EAE57500259342C4BF9B1AED184FF020
:1041C00000091A344D451AD1002008E00123524657
:1041D00039463046C047013003D14FF0FF30BDE8CB
:1041E000F0870135C3E7E1185A1C302081F84300FD
:1041F000224494F8451082F843100233C5E70123A6
:10420000224639463046C0470130E6D009F101095F
:10421000D8E700002DE9F04301F1430C0C46097E7C
:1042200085B06E291746064698460C9A00F0B38072
:1042300022D8632936D00AD8002900F0B98058293D
:1042400000F0838004F1420584F8421032E06429D2
:1042500001D06929F6D120681368050603F104012D
:104260002AD51B681160002B03DA2D225B4284F8EB
:1042700043206F480A2239E0732900F09D8008D856
:104280006F2920D07029DDD1236843F020032360FB
:1042900003E0752917D07829D4D1782384F84530E4
:1042A000644855E01368191D1B68116004F142054C
:1042B00084F8423001238CE01B68116010F0400F3D
:1042C00018BF1BB2CFE713682568181D10602806B9
:1042D00001D51B6802E06806FBD51B8854486F298E
:1042E00014BF0A220822002184F843106568A560E3
:1042F000002DC0F29580216821F004012160002B7F
:104300003DD1002D40F08E806546082A0BD12368F0
:10431000DB0708D5236962689A42DEBF302305F8BF
:10432000013C05F1FF35ACEB05032361CDF80080BE
:104330003B4603AA21463046FFF7F6FE01304DD139
:104340004FF0FF3005B0BDE8F083394884F84510E0
:10435000136821681D1D1B6815600A060BD5CA0766
:1043600044BF41F0200121601BB9226822F02002E5
:1043700022601022B7E74D0648BF9BB2EFE76546C3
:10438000B3FBF2F102FB1133C35C05F8013D0B46B0
:104390000029F5D1B9E7136825686169181D106017
:1043A00028061B6801D5196002E06A06FBD5198052
:1043B000002323616546B9E71368191D11601D6864
:1043C000626800212846FFF75BF908B1401B606076
:1043D00063682361002384F84330A7E723692A46F2
:1043E00039463046C0470130AAD023689B0713D412
:1043F000E068039B9842B8BF1846A3E701234A46EA
:1044000039463046C04701309AD00135E368039AF7
:104410009B1AAB42F2DCEBE7002504F11909F5E742
:10442000002BACD1037884F8423004F142056CE7EC
:10443000A8C1050029F6050070B50D4614460646CC
:1044400018B183690BB9FEF7E1FC134B9C4212D102
:104450007468A368013B002BA36016DAA26993423B
:1044600002DBEBB20A2B10D1224629463046BDE8CA
:10447000704002F037BA094B9C4201D1B468E8E7BA
:10448000074B9C4208BFF468E3E723685A1C22608C
:104490001D70E8B270BD00BFBCF50500DCF505007D
:1044A0009CF50500024B0A4601461868FFF7C4BF99
:1044B0001462002004F04EB9838903F00903092B2C
:1044C00001D1FEF751BC002070470000F8B50C4642
:1044D000054618B183690BB9FEF798FC3C4B9C422A
:1044E0000AD16C68B4F90C200023636093B29E0675
:1044F0000CD54FF0FF3067E0364B9C4201D1AC68E1
:10450000F0E7354B9C4208BFEC68EBE7580749D40D
:10451000D90605D4092342F040022B60A281E8E7C6
:104520001A070BD521462846FEF7F4FB0028E0D1F8
:10453000A389A06023F00803A381A061A38943F0AD
:104540000403A38123691BB921462846FEF7FAFF1D
:10455000B4F90C70BEB2B3070FD00123A3811F4B77
:104560001F49186806F00906FEF71AFE092EA781F2
:1045700003D121462846FEF747FB22692260666A7E
:104580006369216A2846B047002860601DDCB4F9E1
:104590000C3017BF002243F0200343F04003626059
:1045A000A381A6E7616B0029CCD004F144039942B2
:1045B00002D02846FFF7FEF8236C6360002060639A
:1045C000002BBFD0E36B2360F8BD0020FCE700BFE9
:1045D000BCF50500DCF505009CF50500FCF50500C3
:1045E000B944050038B50C46054618B183690BB9C6
:1045F000FEF70CFC0E4B9C420DD16C682146284600
:10460000FFF764FF88B96368013B636023685A1C45
:104610002260187838BD074B9C4201D1AC68EDE7A9
:10462000054B9C4208BFEC68E8E74FF0FF30F1E72C
:10463000BCF50500DCF505009CF5050038B5064C19
:104640000023054608462360E3F760FC431C02D1C3
:10465000236803B12B6038BD249E00201F2938B584
:1046600004460D4604D9162303604FF0FF3038BDD1
:10467000426C12B152F821304BB9204600F030F8AC
:104680002A4601462046BDE8384000F017B8012B05
:104690000AD0591C03D1162303600120E7E7002448
:1046A00042F82540284698470020E0E7024B0146A3
:1046B0001868FFF7D3BF00BF1462002038B5074C5D
:1046C0000023054608461146236006F0ABFC431C58
:1046D00002D1236803B12B6038BD00BF249E0020A7
:1046E00006F090BC0CB430B5174B0C1E9DB01D6885
:1046F00008DA8B232B604FF0FF301DB0BDE830404F
:1047000002B070474FF40273ADF8143014BF04F1D7
:10471000FF332346049307934FF6FF7302900690EE
:10472000ADF81630209A21AB02A92846019305F076
:10473000BDF8431CBCBF8B232B60002CDDD0029B3B
:1047400000221A70D9E700BF146200200EB430B501
:104750009CB01FAC4FF4017254F8045BADF8142008
:104760000290069000F0ECFD0B4B039007900B932A
:104770000A48019400230F9314934FF6FF73ADF88A
:1047800016302A46234602A9006805F0DFF91CB05E
:10479000BDE8304003B07047C347050014620020F5
:1047A00010B50C46B1F90E1005F078FC0028ABBF2F
:1047B000636DA3891B1823F48053ACBF6365A38189
:1047C00010BD002070472DE9F0411F468B89DB05A5
:1047D00005460C46164605D502230022B1F90E10F7
:1047E00004F0C2FBA389B4F90E1023F48053A38113
:1047F00032463B462846BDE8F04103F029B810B5E3
:104800000C46B1F90E1004F0AFFB431CA38915BF91
:10481000606523F4805343F48053A38118BFA381C0
:1048200010BDB1F90E1003F097B810F8012B11F874
:10483000013B012A28BF9A42F7D0D01A7047FFF7F0
:10484000F4BF034611F8012B03F8012B002AF9D11C
:1048500070474269002A40F26C73A8BF6FF063038F
:104860001A44930705D1642192FBF1F301FB132352
:10487000D3B94FF4C87192FBF1F301FB1323B3FAE0
:1048800083F25209D0E906315B0003EB01131344B4
:10489000212B11DC202B30DA0D2B07DC0A2B2CDA34
:1048A000012B2AD9002070470122EBE7102BF9DBFE
:1048B000112B22DD1C3BF3E741F2C66293420FDC71
:1048C00041F2C262934209DA41F2A262934205D0F8
:1048D000E8DBA3F5B553123B022BE3D80120704768
:1048E00041F2D5629342F9D041F2D7629342F5D0BA
:1048F00041F2D3629342D5D1F0E74FF0FF307047D9
:104900002DE9F04F91B01D46002307460E46039354
:104910001C4601F1FF3B1378002B00F0E384252BAC
:104920001FD192F801A0BAF1300F23D0BAF12B0FAA
:1049300020D002F101084FF0000A98F80030313B16
:10494000082B1AD840460A2208A901F0A7FCDDF876
:104950002080814698F80030452B11D108F10108DC
:1049600010E0A34502D8002400F0BFBC3B55013243
:104970000134D0E702F10208DFE74FF00009E9E770
:104980004F2BEBD098F80010A1F12503552BEAD856
:1049900001A252F823F000BFDB5205006749050071
:1049A0006749050067490500674905006749050033
:1049B0006749050067490500674905006749050023
:1049C0006749050067490500674905006749050013
:1049D0006749050067490500674905006749050003
:1049E00067490500674905006749050067490500F3
:1049F00067490500674905006749050067490500E3
:104A000067490500674905002D4B0500814B0500EE
:104A1000F14B05008B4C050067490500D94C05009A
:104A2000C94D0500E14E0500EF4E05006749050040
:104A300067490500674905001F4F050067490500E4
:104A400067490500314F0500674905008F4F050094
:104A5000A7500500B550050005510500155105008A
:104A600087510500E94B0500C1510500875205003B
:104A70006749050067490500674905006749050062
:104A80006749050067490500F14A0500594B0500D3
:104A9000AB4B0500674C0500674C050067490500F6
:104AA000314D0500594B050067490500114F0500C0
:104AB000E14E0500EF4E0500194F0500234F05009C
:104AC00067490500314F050067490500D94B0500CE
:104AD000A14F0500AB500500ED50050067490500EA
:104AE0007B510500E14B05009F5105001552050063
:104AF000AB69A84A183352F82390484600F020FCCE
:104B0000A9EB04092044A04208D1044698F80030DB
:104B1000002B00F0E78308F10102FCE6A3457FF6D5
:104B200022AF19F804303B550134ECE7AA69994BE0
:104B300003EB8203D3F87C90484600F001FCA9EB1C
:104B400004092044A042E0D0A3457FF60CAF19F839
:104B500004303B550134F5E72A698E4B53F8229017
:104B6000484600F0EDFBA9EB04092044A042CCD05C
:104B7000A3457FF6F8AE19F804303B550134F5E74C
:104B80002B69844A0C3352F82390484600F0D8FB36
:104B9000A9EB04092044A042B7D0A3457FF6E3AEB9
:104BA00019F804303B550134F5E77A4BD3F8A0905F
:104BB000484600F0C5FB99F80030002BA6D01A9BA0
:104BC00000934A462B46311B3819FFF799FE0028FF
:104BD0007FF7C9AE044499E76E4BD3F8E490E7E75A
:104BE0006C4BD3F89C90E3E76A4BD3F89890DFE7DF
:104BF000694B69699942ACBF0023012300290493E2
:104C000010DB642091FBF0F01330BAF1000F13D0E9
:104C1000632826DD614A624BBAF12B0F18BF134699
:104C2000604A0BE001F26C70059102F091FE642382
:104C3000059990FBF3F0E8E7584B5B4A0190049824
:104C4000DFF854C1B9F1020F2CBFC0EB0900C0F16D
:104C50000200009055486145B8BF0346311B381922
:104C600029E04E4BDCE75248524AEB68642918BFF2
:104C70000246311B3819FFF735FD0028FFF673AEE9
:104C80000444A6423FF642AF6DE668692B69EA68C4
:104C9000002807EB0409A6EB040A03F101030DDB6E
:104CA0004FF0640C90FBFCF10CFB1100CDE90020EF
:104CB000414A51464846FFF715FDDEE700F26C70A9
:104CC000CDE9043202F044FE6421DDE9043290FBB8
:104CD000F1FC0CFB1100E9E725238DF82030BAF137
:104CE000000F13D0B9F1060F8DF821A038BF4FF097
:104CF0000609B9F106030FD10DF122002F49FFF784
:104D0000A0FD1A9B009308AA2B465CE72B238DF885
:104D100021304FF00A09ECE7294A1E210DF122004B
:104D2000FFF7E0FC0028E7DD0DF122031844E5E77A
:104D30002846FFF78EFD8146686900281ADB642249
:104D400090FBF2F3B9F1000F02FB13001ADA6A6963
:104D50001C4B9A42B8BF4FF001096423814499FB70
:104D6000F3F003FB1099994499FBF3F203FB1293C0
:104D7000104A7EE700F26C7002F0EAFD642390FBBB
:104D8000F3F2DFE7E9D06A69034B9A42B8BF4FF00C
:104D9000FF39E2E7E8F6050094F8FFFF98F4050014
:104DA00049F6050041F605003AF60500E3FA05006C
:104DB0004BF6050059F605004FF6050062F60500B2
:104DC0005EF6050095F8FFFF6B690493049ABD4BEE
:104DD0009A42ACBF0023012328460593FFF739FD13
:104DE000049A002A03463ADB6422049991FBF2F20A
:104DF0001332686900283DDB4FF0640C90FBFCFE29
:104E00000CFB1E00002B44DADFF8DCC26969614547
:104E100001DA012305930344591C46D1013A632367
:104E2000642000FB0232059B002B43D02D238DF81C
:104E30002030B9F1000F01D009F1FF390DF1210344
:104E400025211970BAF1000F44D1581C9E490492D3
:104E5000FFF7F7FC049A00924B4608AA9BE0049BDC
:104E6000069003F26C7002F073FD6422069B90FBC7
:104E7000F2F2BEE700F26C70CDE9063202F068FD96
:104E80004FF0640CDDE9063290FBFCFE0EFB1C00CB
:104E9000B8E7C0D00499DFF82CC26145AEBF00214D
:104EA00001214FF0FF330591B5E7642B04BF0132B8
:104EB0000023B5E7BAF12B0F10D142F20F739A42DB
:104EC0000CD98DF820A0B9F1000FB5D110AB252178
:104ED00003F81F1D3021981C5970B7E708ABAFE7E6
:104EE0007A487B4AAB686B2918BF0246C1E6AB68BB
:104EF0000C225BB1934203D093FBF2F002FB103320
:104F00007348724A492918BF0246B2E61346F7E7CA
:104F1000EB69704A0133ACE62B69013328E76B6813
:104F200026E7A3457FF61FAD0A233B550134EDE587
:104F3000AB680B2BCCBFA422A022674B1344D3F841
:104F40000490484600F0FCF9A9EB040304EB000AC6
:104F5000A24501D15446D9E5A3457FF604AD98F8A2
:104F6000002013F80490502A0DD10493FEF7B0FAF4
:104F70004844049B427802F00302012A08BF09F169
:104F800020095FFA89F907F804900134E0E76B68BB
:104F90000093524AAB68311B3819FFF7A3FB6CE64C
:104FA0002B6A002B7CDB01F0C2F9039B0BB901F0EB
:104FB000C1F903F073FF2B6A002BCCBF50232823C9
:104FC000C3585B42049301F0B3F901230393D5F86E
:104FD00014C03B196246BCF1450005934FEAE273E9
:104FE00043F1FF31002871F1000E03DABCF14200F9
:104FF00043F1FF31830843EA817399460CF1FF3096
:105000008B10642190FBF1F1B9EB010263EBE173CA
:105010000CF22B104FF4C87190FBF1F112EB010967
:1050200043EBE17AACF1460C40F26D1101FB0CFC54
:10503000E96919EB0C024AEBEC7312EB01094FF032
:10504000180C43EBE17AA9FB0C2319460CFB0A135D
:105050001946AB6810464FF03C0CC01841EBE371A9
:10506000A0FB0C230CFB01336968914619EB01028C
:1050700043EBE173A2FB0C010CFB03112B68184AF4
:1050800010EB030941EBE37A049BB9EB03006AEBF5
:10509000E371CDE90001311B3819FFF723FBECE583
:1050A0000023049393E72B6862E6A3457FF65BAC8D
:1050B00009233AE72B6801936B680093094AAB68B0
:1050C000CCE500BF94F8FFFF6AF6050059F605002D
:1050D0004BF605006EF60500E8F605007DF60500C6
:1050E00073F6050078F6050095F8FFFFA3457FF6F7
:1050F0003AACAB693A19013413B93723137005E59B
:105100003033FBE7EB69AA6907339B1A072293FB4D
:10511000F2F32DE62846FFF79CFBAA6932B1013A6B
:10512000002828DCEB6903D10A33EEE70622F7E713
:1051300068690028A2EB030340F26B72A8BF6FF00E
:1051400064021044820705D1642290FBF2F102FB55
:10515000110171B94FF4C87190FBF1F201FB120219
:10516000B2FA82F252099A1A042ACCBF34233523A8
:10517000FEE50122F7E70123FAE5A3457FF6F3AB4D
:10518000AB693033D1E6AB693BB1013BEA69073229
:10519000D21A072392FBF3F3EAE50623F6E76869E0
:1051A000002805DB642290FBF2F302FB1303DFE52A
:1051B00000F26C7002F0CCFB642390FBF3F2F4E796
:1051C0006B69524A934218DA2D218DF82010D31AB8
:1051D000B9F1000F01D009F1FF390DF121022521AC
:1051E0001170BAF1000F40F08880501C48490493B8
:1051F000FFF727FB049B00932EE6BAF12B0F03F277
:105200006C7340F0818042F20F72934279D98DF82D
:1052100020A0DDE72B6A002BFFF678AC01F087F8C1
:10522000039B0BB901F086F803F038FE2B6A002BC4
:10523000CCBF5023282307EB040AC358C3F100094D
:1052400001F076F83C23311B99FBF3F004910393B2
:1052500003F076FE039B90FBF3F202FB1300009039
:105260004FF461632B4A99FBF3F304995046FFF71F
:1052700039FA0028FFF677AB0444A6427FF673ABF9
:105280000123039342E42B6A002BFFF63FAC01F0AD
:105290004EF8039B0BB901F04DF82B6A1E4A002B08
:1052A000D4BF0023012352F82390484600F048F869
:1052B000A9EB040904EB000AA24503D101F038F878
:1052C0005446DDE7A34504D919F804303B550134B1
:1052D000F2E701F02DF8FFF746BBA3457FF643AB9D
:1052E000252322E60EB100233B55204611B0BDE830
:1052F000F08F25228DF8202008AA3021901C5170B3
:1053000074E7B9F1000FF4D108AA68E794F8FFFF39
:105310006AF6050087F60500E463002037B5064C01
:10532000064D2468246A002C08BF2C460094FFF721
:10533000E7FA03B030BD00BF14620020786200209D
:10534000034613F8012B002AFBD1181A01387047C5
:1053500010B56AB10139841810F8013B11F8012F1A
:10536000934203D1A04201D0002BF5D1981A10BD71
:105370001046FCE770B504460D4645EC104B16464A
:1053800004F0E0F851EC100B7EB1C5F30A53C3F101
:105390006B03002B09DD1B0503F17F55002405F588
:1053A000401522462B46FCF713FF70BD000000009D
:1053B0002DE9F04F1F46A1B00023814638460E4626
:1053C00017921C9303F0C0FD80460068FFF7B8FFFA
:1053D0004FF0000A04464FF0000B1B961B9B1A78F7
:1053E0000D2A32D8092A36D2002A3ED000230D9346
:1053F0001B9D2B78302B40F0AC806B78582B01D064
:10540000782B67D10D9B01931CAB009302971DABCA
:10541000884A1BA9484603F026FA10F007040646FE
:1054200005D0062C2BD1013500231B950D93179B1E
:10543000002B40F09A850D9BE3B152460BF10043DF
:1054400043EC102B21B0BDE8F08F2B2A15D02D2A6C
:1054500004D0202ACAD101331B93BFE701220D9249
:105460005A1C1B925B78002BC2D1179B1B96002BFA
:1054700040F0798552465B46E2E70022EFE71C9A4E
:105480003AB135211EA804F055F91C99484603F09D
:10549000C1FD013C042C06D8DFE804F00A03141710
:1054A0000A00DDE91EAB3007C1D54BF0004BBEE76B
:1054B000DDE91EA31D9A23F4801302F2334243EA6E
:1054C000025BF0E7DFF870B1EDE76FF0004B4FF0F3
:1054D000FF3AE8E71B9B5A1C1B925B78302BF9D0F4
:1054E000002BA4D00123002506931B9B089307954E
:1054F00005950A221B980778A7F13003D9B209292C
:1055000029D92246D8F80010FFF722FF002831D011
:105510000020059C04903B460246652B01D0452B9C
:1055200014D124B910B9069B002B9ED000241B9ED9
:10553000731C1B9373782B2B78D02D2B70D04FF0CE
:10554000000CA3F13007092F7CD91B964FF0000EF9
:105550009AE00023C7E705990829DDBF079902FBF8
:105560000133079302FB0535059B01300133059399
:105570001B90BFE71B9B1A191B92059A1B5D002A03
:1055800037D0059C0246A3F13001092913D9012126
:105590000491C2E71B9B5A1C1B925B780130302B95
:1055A000F8D0A3F13102082A00F2E4841B9A089291
:1055B000024600200446B3F1300E00F1010112D082
:1055C0000A4400EB040C21460A278C4513D121180C
:1055D000082904F10104044419DC079B0A2101FB9A
:1055E00003E3079300211B9B581C1B905B78084624
:1055F000C9E70598D3E7082901F1010103DC079BFE
:105600007B430793E1E71029D8BF7D43DDE7102CEA
:10561000DCBF0A2101FB05E5E4E70123049381E7F0
:105620004FF0010CB31C1B93B3788AE74FF0000CCA
:10563000F8E700BF94F605000000F07F1B9B5F1C9D
:105640001B975B78302BF9D0A3F13107082F3FF679
:105650007DAFA3F1300E1B9B0A931B9B5F1C1B9716
:105660005B78A3F13008B8F1090F37D90A997F1A8E
:10567000082F44F61F6737DCBE45A8BFBE46BCF105
:10568000000F01D0CEF1000E002C51D100287FF484
:10569000CEAE069A002A7FF4CAAE049A002A7FF49E
:1056A000E4AE4E2B27D021DC492B7FF4DEAEA0499F
:1056B0001BA803F00BFB00283FF4D7AE1B9B9D49B2
:1056C000013B1BA81B9303F001FB10B91B9B01338B
:1056D0001B93DFF874B24FF0000AA8E60A2101FB21
:1056E0000E3EAEF1300EB8E7BE46C8E7692BDED0FD
:1056F0006E2B7FF4BAAE90491BA803F0E7FA00289E
:105700003FF4B3AE1B9B1B78282B0ED11EAA8B49EE
:105710001BA803F0EFFA052807D11F9BDDF878A03E
:1057200043F0FF4B4BF4E00B81E6DFF824B2D2E705
:10573000AEEB02030693059B0798002B08BF234698
:10574000102C0593A046A8BF4FF01008FCF7C6FC2C
:10575000092C82468B4613DC069B002B3FF467AE78
:10576000069B7ADD162B61DC754A02EBC30EDEE97F
:10577000000152465B46FCF72BFD82468B4656E6FF
:105780006F4B03EBC80353E91223FCF721FD0646D8
:1057900028460F46FCF7A2FC02460B463046394627
:1057A000FCF760FB0F2C82468B46D5DD069BA4EBF5
:1057B00008089844B8F1000F40F3968018F00F03E2
:1057C0000AD05F4901EBC30152465B46D1E90001B3
:1057D000FCF7FEFC82468B4638F00F0873D0B8F514
:1057E0009A7F47DD0024A046079405942223DFF822
:1057F00058B1C9F800304FF0000A079B002B3FF466
:1058000016AE1C99484603F005FC0599484603F07E
:1058100001FC4146484603F0FDFB0799484603F06A
:10582000F9FB2146484603F0F5FB00E6069AC4F171
:1058300025039342BADB424DC4F10F0405EBC401CA
:1058400052465B46D1E90001FCF7C2FC069B1C1BDB
:1058500005EBC405D5E900238DE713F1160FA5DB91
:10586000374AA2EBC302D2E9002350465946FCF75F
:10587000D9FD82E70023334E4FEA28185046594697
:105880001D46B8F1010F21DC0BB182468B462D4B32
:10589000ABF1547B03EBC50552465B46D5E90001ED
:1058A000FCF796FC284B0A460B4028498B4282465F
:1058B00098D8A1F580118B4286BFDFF898B04FF0E1
:1058C000FF3A02F1547B0023049377E018F0010FB4
:1058D00006D006EBC503D3E90023FCF779FC0123CE
:1058E00001354FEA6808CCE7EDD0C8F1000818F0A0
:1058F0000F020AD0124B03EBC20350465946D3E9BC
:105900000023FCF78FFD82468B465FEA2818DAD029
:10591000B8F11F0F20DD0024A04607940594222330
:105920004FF0000A4FF0000BC9F8003065E700BFE8
:105930001EF60500BDF905000AF00500A8F60500F1
:10594000F0F90500C8F905000000F07F0000A07C18
:105950000000F8FFFFFFEF7F18F0100318BF6A2365
:10596000A04D0493504659460023B8F1000F00F3B0
:105970000A810BB182468B46049BBBB1CBF30A5321
:10598000C3F16B03002B594610DD1F2B40F3078139
:10599000342BDEBF203B4FF0FF3202FA03F34FF00F
:1059A000000ACCBF4FF05C7B03EA010B002200230E
:1059B00050465946FCF774FE0028ACD1079B009373
:1059C000059A08992346484603F076FB079000287D
:1059D0003FF408AF069A069B002AC3F10003A8BF54
:1059E00000230E93002422EAE2731693A046079B3D
:1059F0004846596803F0DAFA059000283FF4F6AEFD
:105A0000079B1A69023203F10C0192000C30FDF77A
:105A100096FE1EAA1DA94BEC10AB4846CDE908AB7B
:105A200003F006FE1C9000283FF4E0AE012148463A
:105A300003F0CEFB804600283FF4D8AE1D9E1E9A90
:105A4000002EABBF0E9B169B169D0E9FACBFF7188A
:105A50009D1B049BF61A1644634B013E9E42C2F105
:105A6000360280F2AF809B1B1F2BA2EB03024FF08C
:105A7000010100F39B8001FA03F30F9300230A93C3
:105A8000BE18049BB74215441D443B46A8BF33468D
:105A9000AB42A8BF2B46002BC2BFF61AED1AFF1A65
:105AA0000E9BBBB141461A46484603F031FC804686
:105AB00000283FF49BAE01461C9A484603F091FB38
:105AC0000C9000283FF492AE1C99484603F0A2FACD
:105AD0000C9B1C93002E7ADC069B002B08DD169A8B
:105AE0000599484603F014FC059000283FF47EAE6B
:105AF000002D08DD2A460599484603F057FC05901D
:105B000000283FF473AE002F08DD41463A46484670
:105B100003F04CFC804600283FF468AE059A1C99BF
:105B2000484603F0B1FC044600283FF45FAEC3686A
:105B30000C930023C360414603F08CFC002855DA27
:105B40000C9BE3B9BAF1000F19D1CBF31303B3B92E
:105B50002BF000431B0D1B05B3F1D66F0FD9636902
:105B600013B92369012B0ADD21460122484603F0BF
:105B70001DFC4146044603F06DFC002867DC049BD5
:105B8000002B71D13DE618F0010F04D0D5E90023B8
:105B9000FCF71EFB01234FEA68080835E5E64FF0E5
:105BA000FF3202FA03F303EA0A0AFFE6C6F17F4670
:105BB00006F57F0606F57B46E23601FA06F30A9300
:105BC0000F915DE700230A9301230F9358E73246B4
:105BD0001C99484603F0EAFB1C9000287FF47CAF38
:105BE00004E600BFC0F6050002FCFFFF5D4640F082
:105BF00086800C9ACBF313032AB3AF4A934253D156
:105C0000049B5046D3B1AD4A2A40B2F1D46F4FF055
:105C1000FF3116D8120DC2F16B0301FA03F398425B
:105C200042D1A74B9D4202D101303FF4DFADA34BDF
:105C30002B4003F5801B4FF0000AA0E74FF0FF3325
:105C4000EDE70B46EBE77BBBBAF1000F2CD10499D3
:105C50009A4A5B46F1B102EA0B01B1F1D66F19DC49
:105C6000B1F15C7F7FF75BAE964A0023CDE9143239
:105C700050465946DDE91423FCF7AAFA82468B46C2
:105C800000297FF4BEAD00287FF4BBAD2223C9F804
:105C90000030B6E51340A3F580136FEA135B6FEA9B
:105CA0000B5B4FF0FF3A6AE70A9B93B12B423FF43C
:105CB00066AF0C9B049A5046594673B1FFF75AFBE6
:105CC00002460B46DDE90801FCF7CCF882468B461C
:105CD00055E70F9B13EA0A0FE9E7FFF74BFB024674
:105CE0000B46DDE90801FCF7BBF8002200238246E1
:105CF0008B46FCF7D5FC00287FF411AE3FE7414608
:105D0000204603F0E4FC57EC106B00224FF0804378
:105D100010EE100A3946FCF7D7FC002877D00C9B10
:105D2000002B4AD0684B0022CDE90A23664F00269B
:105D3000624B2B400F930F9A644B9A4240F0CE80F7
:105D4000DDE90823DDE90A01A5F1547B4BEC10AB3A
:105D5000CDE91423CDE90A0103F0F4FBDDE90A01E2
:105D600053EC102BFCF734FA52465B46FCF77AF8FA
:105D70000B465249564A1940914282465BD9099BCB
:105D800002F15472934203D1089B01333FF42EADCC
:105D9000DFF82CB14FF0FF3A1C99484603F03AF96E
:105DA0000599484603F036F94146484603F032F972
:105DB0002146484603F02EF919E6BAF1000F1AD130
:105DC000CBF31303EBB900223F4B30463946FCF7C7
:105DD00071FCC8B93046394600223E4BFCF7F8F951
:105DE00006460F4607F1004318961993DDE918237C
:105DF000CDE90A239CE7BAF1010F02D1002D3FF44F
:105E00008EAD0022344B8FE70026324FEAE7314B4C
:105E1000304639460022FCF7DBF90C9B06460F465C
:105E200033B901F1004310901193DDE91023DFE74E
:105E3000CDE91067F9E703F1547B049B002BABD14C
:105E40002BF000431B0D0F9A1B059A425D46A3D110
:105E50003946304605F09EF8FCF750F90B460246ED
:105E600039463046FBF7FCFF0C9B06460F4633B91C
:105E7000BAF1000F03D1CBF31305002D6DD00AA3A7
:105E8000D3E9002330463946FCF714FC00287FF4A0
:105E9000B8AC07A3D3E9002330463946FCF728FC09
:105EA00000283FF479AFACE49535A094FFFFDF3FC5
:105EB00035E5AF350000E03FFFFF0F000000F07F49
:105EC000FFFFEF7F000050390000F03F0000E07F4F
:105ED000FFFF9F7C0000E03F0000F0BF049B33B356
:105EE0000F9BB3F1D46F22D827A3D3E90023304608
:105EF0003946FCF7E9FBA0B139463046FCF702FC15
:105F0000002808BF0120FCF7E9F80C9B06460F4665
:105F100003BB01F1004312901393DDE91223CDE995
:105F20000A230B9B0F9A03F1D6639B1A0B939DEDEB
:105F3000080BDDE90AAB03F005FB504653EC102BD0
:105F40005946FCF745F9DDE90823FBF78BFF82464C
:105F50008B4672E7CDE91267DFE70DA3D3E9002393
:105F6000FCF7A8FB9CE700230D93179A1B9B13607B
:105F7000FFF761BA652B4FF000023FF44EAB0121F1
:105F800014460491FFF7CBBA0000C0FFFFFFDF41CA
:105F90009535A094FFFFCF3F074B084A10B41C680B
:105FA000236A002B08BF13460A46014620465DF8C7
:105FB000044BFFF7FDB900BF146200207862002097
:105FC0002DE97043244E254A3468236A2DED028B57
:105FD000002B08BF13460A4601462046FFF7E8F9A2
:105FE00055EC104B10EE102A2B4610EE100A2946E5
:105FF00004F0BAFF30B1BDEC028B0020BDE8704365
:1060000004F090B820462946FCF79CFB08EE100AE5
:10601000DFED137AB0EEC87AB4EE677AF1EE10FADB
:1060200014DD25F000494FF0FF320E4B2046494663
:1060300004F09AFF38B94FF0FF320A4B2046494628
:10604000FCF742FB10B1336822221A60B0EE480A16
:10605000BDEC028BBDE870831462002078620020E2
:10606000FFFF7F7FFFFFEF7F2DE9F04780468946E6
:1060700092461E460F463D46089815F8014BFDF71F
:1060800023FA2044437813F0080332D12D2C32D167
:106090007C78BD1C0122002E5DD0102E09D1302C41
:1060A00007D12B7803F0DF03582B4FD16C781026E3
:1060B0000235002A14BF4FF000416FF00041002765
:1060C000B1FBF6FC384606FB1C1EA4F13003092B7D
:1060D00017D81C46A64223DD7B1C07D084451CD361
:1060E00001D1A64519DB00FB0640012715F8014B3D
:1060F000EBE72F46BFE72B2C04BFBD1C7C781A466C
:10610000C9E7A4F14103192B01D8373CE2E7A4F118
:106110006103192B04D8573CDCE74FF0FF37E5E764
:106120007B1C08D12223C8F800300846BAF1000FC2
:1061300007D1BDE8F08702B14042BAF1000FF8D0B4
:106140000FB105F1FF39CAF80090F2E73024002EB4
:10615000AFD10826ADE7302CA3D00A26A9E700006E
:1061600037B5064C064D2468246A002C08BF2C461F
:106170000094FFF779FF03B030BD00BF1462002028
:10618000786200202DE9F0478046894692461E46F7
:106190000F463D46089815F8014BFDF795F9204448
:1061A000437813F0080330D12D2C30D17C78BD1CFE
:1061B0000121002E5CD0102E09D1302C07D12B7874
:1061C00003F0DF03582B4ED16C78102602354FF0C8
:1061D000FF320023B2FBF6F206FB02FC6FEA0C0C66
:1061E0001846A4F13007092F17D83C46A64223DDF4
:1061F000002B1EDB82421CD301D1A44519DB00FB1E
:106200000640012315F8014BEBE72F46C1E72B2C85
:1062100004BFBD1C7C781946CBE7A4F14107192FB8
:1062200001D8373CE2E7A4F16107192F04D8573CA5
:10623000DCE74FF0FF33E5E7002B09DA2223C8F84B
:1062400000304FF0FF30BAF1000F07D1BDE8F08702
:1062500001B14042BAF1000FF8D00BB105F1FF399E
:10626000CAF80090F2E73024002EB0D10826AEE73D
:10627000302CA4D00A26AAE737B5064C064D246870
:10628000246A002C08BF2C460094FFF77BFF03B064
:1062900030BD00BF1462002078620020084B37B583
:1062A0001C68084D236A002B08BF2B460093134639
:1062B0000A4601462046FFF765FF03B030BD00BF28
:1062C000146200207862002030B5054600200B469D
:1062D000904213F8014B06D1421A501811F8013BB5
:1062E000002BFAD130BD2C54002CFBD001301946C4
:1062F000EDE7FE2810B50AD80446FDF7E9F820447A
:10630000437803F00303012B08BF2034204610BD5F
:10631000FE2810B50AD80446FDF7DAF82044437881
:1063200003F00303022B08BF203C204610BD70473A
:1063300070470000014B186800F002B8146200209A
:106340002DE9F04F8DB0074602F0A8FDAF49B04EE1
:106350000546384602F09AFD044670B9AD4BAE4A88
:106360001860AE4B1860AE4B3068C3E90022DFF70F
:106370005FFB34600DB0BDE8F08F316800295FD15C
:106380003068DFF755FB2046FEF7DAFF411C384640
:10639000FDF75EFA3060002857D12378A14AA24960
:1063A0003A2B08BF01340AAE33462046FEF7CEF939
:1063B0000028DFDD0A9BE718E35C2D2B49D101376C
:1063C0004FF0FF340DF1200A0DF11E0B4FF00008C5
:1063D0000396CDE9016ACDF800B0334607AA934988
:1063E000ADF81E803846ADF82080FEF7AFF9404585
:1063F000C0DDBDF81E30BDF82020DFF83C923C2106
:1064000001FB0322BDF81C304FF4616101FB032343
:106410005C43AC62824C834B23600A9B82491F44DD
:106420004A4633463846FEF791F9404516DC236864
:106430006360784BAA6A1A60784BC3F8008099E7CA
:10644000FEF7F3F9002895D09AE72146FEF7F9F90F
:10645000A3E72B2B08BF01370124B3E70A9BC4F83D
:106460000490FC18FB5C2D2B40F08B8001344FF026
:10647000FF370023ADF81C30ADF81E30ADF82030EA
:106480000A93CDE902A6CDE900B6334607AA6749CB
:106490002046FEF75BF9002878DCAB6AA3F5616360
:1064A0002B650A9B2F461C444FF0000923782C2BA8
:1064B00008BF013494F80080B8F14D0F79D10DF187
:1064C0002603CDE9016309AB0093039633460DF132
:1064D000220257492046FEF739F903287FF44AAFD4
:1064E000BDF822104B1E0B2B3FF644AFBDF8242005
:1064F000531E042B3FF63EAFBDF82630062B3FF669
:1065000039AFC7E9031287F808807B610A9B04EB67
:1065100003080223ADF81C300023ADF81E30ADF89F
:1065200020300A9398F800302F2B09D1CDE902A62C
:10653000CDE900B6334607AA3E494046FEF706F9C4
:10654000BDF81E30BDF820203C2101FB0322BDF820
:106550001C304FF4616101FB0323BB610A9C2837A7
:106560004444B9F1000F21D0686803F017FE294BAD
:10657000AA6A1A602B6D9B1A284A18BF0123136060
:10658000F8E62B2B08BF0134012772E7BDF81E3057
:10659000BDF820203C2101FB0322BDF81C304FF444
:1065A000616101FB03235F432F657AE74FF0010927
:1065B0007CE7B8F14A0F06BF0134434644230A2260
:1065C0000BA920460593FFF769FEDDF82C80ADF896
:1065D0002600A045059B14D14D23B9F1000F07D12A
:1065E0002B7203210223C5E90313C5F8149090E729
:1065F00085F830300B220123C5E90D230023EB631E
:1066000087E780B23B72786183E700BF20F805001E
:10661000F49D0020FC9D0020E0C10500F89D0020B5
:10662000E4630020E79D002023F8050046F80500FC
:1066300032F8050045F80500DC9D00202DE9F04109
:106640000C46496B04F1440399421DD14FF480611B
:10665000FDF7FEF818B94FF0FF30BDE8F0814FF4B8
:106660008063A36394F84630606380F8FF3394F846
:10667000453080F8FE3394F8443080F8FD3300F262
:10668000FD3020600020E8E7A66B77003A4603F073
:106690008CF805460028DED000EB0608014632469D
:1066A0004046FDF74CF8C4F80080C4E90D57E9E70F
:1066B0004B1C70B506460D46144603D14FF0FF350E
:1066C000284670BD18B183690BB9FCF79FFB2E4BB0
:1066D0009C422CD17468B4F90C3023F02003A381C0
:1066E0009BB2590713D4DA06E8D51B070BD5214610
:1066F0003046FCF70FFB0028E0D1A389A06023F00F
:106700000803A381A061A38943F00403A381636B01
:106710006268EDB2E3B1A36B934212DD23685A1EA7
:10672000226003F8015C636801336360C8E7174BBC
:106730009C4201D1B468CEE7154B9C4208BFF46877
:10674000C9E721463046FFF779FF0028E6D0B5E7D4
:106750002169236851B1994208D213F8011CA9425A
:1067600004D1013B013223606260A9E7C4E90F3222
:1067700004F1440363630323A363234603F8465FE2
:1067800023600123D1E700BFBCF50500DCF505005F
:106790009CF50500024B0A4601461868FFF788BFC2
:1067A000146200202DE9F3410D4601318046164662
:1067B0000ED001AF02F15C0339462A4600F0E4F83E
:1067C000421C04460FD1B38943F04003B381054610
:1067D000284602B0BDE8F0813246395D4046FFF7F9
:1067E00067FF431C03D014F1FF34F5D2F0E70546F0
:1067F000EEE700000F4B70B51C6806460D4624B14D
:10680000A36913B92046FCF701FB0B4B9D4207D14E
:1068100065682A4631462046BDE87040FFF7C2BF92
:10682000064B9D4201D1A568F3E7054B9D4208BF89
:10683000E568EEE714620020BCF50500DCF5050014
:106840009CF50500094B70B51C6805460E4624B141
:10685000A36913B92046FCF7D9FA33462A46A16842
:106860002046BDE87040FDF777B800BF14620020F5
:1068700030B5141E05469BB0184605DA8B232B60F5
:106880004FF0FF301BB030BD4FF40273ADF80C3049
:1068900014BF04F1FF332346029305934FF6FF73B1
:1068A00000910491ADF80E3002461E9B69462846C1
:1068B00002F0FCFF431CBCBF8B232B60002CE1D0FB
:1068C000009B00221A70DDE707B5009313460A46C5
:1068D000014603480068FFF7CBFF03B05DF804FBF7
:1068E00014620020F8B50E461446054618B18369B7
:1068F0000BB9FCF78BFA214B9C422AD16C68A36937
:10690000A360A3891A072ED5236963B3236920687E
:10691000C01A6369F6B28342374604DC2146284632
:10692000FCF7F8F928BBA368013BA36023685A1C55
:1069300022601E7063690130834204D0A389DB07A3
:1069400019D50A2E17D121462846FCF7E3F990B154
:106950000FE00B4B9C4201D1AC68D0E7094B9C4245
:1069600008BFEC68CBE72146284600F083FF0028EB
:10697000CCD04FF0FF373846F8BD00BFBCF505005E
:10698000DCF505009CF50500F0B50F4C246885B0DA
:1069900005461E46246A81B90C4A002C08BF1446DD
:1069A0000A46D4F8E04001A9A047431C01BF0023D8
:1069B00033608A232B6005B0F0BD044F002C08BF64
:1069C0003C46D4F8E040EFE71462002078620020F3
:1069D00013460A46014602480068FFF7D5BF00BFCC
:1069E0001462002003F082BC4269002A40F26C73FA
:1069F000A8BF6FF063031A44930705D1642192FB8B
:106A0000F1F301FB1323D3B94FF4C87192FBF1F3F7
:106A100001FB1323B3FA83F25209D0E906315B007C
:106A200003EB01131344212B11DC202B30DA0D2B47
:106A300007DC0A2B2CDA012B2AD90020704701220F
:106A4000EBE7102BF9DB112B22DD1C3BF3E741F2C6
:106A5000C66293420FDC41F2C262934209DA41F20C
:106A6000A262934205D0E8DBA3F5B553123B022B9B
:106A7000E3D80120704741F2D5629342F9D041F248
:106A8000D7629342F5D041F2D3629342D5D1F0E779
:106A90004FF0FF30704738B500231546C0F8FC337F
:106AA000FF22044602F072FAB0F1FF3F08BF002057
:106AB0002860204638BD00002DE9F04FADF2AC4D06
:106AC0001D46002307460E4603931C4601F1FF397D
:106AD0001368002B00F0F184252B1FD1D2F804B0ED
:106AE000BBF1300F24D0BBF12B0F21D002F10408F1
:106AF0004FF0000BD8F80030313B082B1BD8404634
:106B00000A220AA900F090FDDDF828808246D8F814
:106B10000030452B12D108F1040811E0A14502D83C
:106B2000002400F0CEBC47F8243004320134CFE713
:106B300002F10808DEE74FF0000AE8E74F2BEAD041
:106B4000D8F80010A1F12503552BE9D801A252F87D
:106B500023F000BFB1740500216B0500216B050017
:106B6000216B0500216B0500216B0500216B0500E1
:106B7000216B0500216B0500216B0500216B0500D1
:106B8000216B0500216B0500216B0500216B0500C1
:106B9000216B0500216B0500216B0500216B0500B1
:106BA000216B0500216B0500216B0500216B0500A1
:106BB000216B0500216B0500216B0500216B050091
:106BC000216B0500F16C0500576D0500DB6D0500BC
:106BD000796E0500216B0500C76E0500B16F0500D9
:106BE000C5700500D3700500216B0500216B050001
:106BF000216B050003710500216B0500216B050069
:106C000017710500216B0500677105008172050091
:106C10008F720500DD720500ED7205005F730500DF
:106C2000D16D0500997305005B740500216B0500AB
:106C3000216B0500216B0500216B0500216B050010
:106C4000216B0500AD6C0500256D05008B6D050001
:106C5000536E0500536E0500216B0500196F05008A
:106C6000256D0500216B0500F5700500C570050058
:106C7000D3700500FD70050007710500216B05004C
:106C800017710500216B0500BD6D05007B710500C6
:106C900085720500C5720500216B05005373050060
:106CA000C76D050077730500E9730500AB69B3494B
:106CB000183309AA51F823102AA8FFF7ECFE099B04
:106CC0006FF00302234402FB0400A34207D1D8F86B
:106CD0000030002B00F0F18308F10402F8E6A14532
:106CE0007FF61EAF50F8242047F824200134ECE74B
:106CF000AA69A24B03EB82032AA809AAD96FFFF75E
:106D0000CAFE099B6FF00302234402FB0400A34266
:106D1000DDD0A1457FF604AF50F8242047F82420A9
:106D20000134F4E7954B296909AA53F821102AA8E0
:106D3000FFF7B1FE099B6FF00302234402FB04003E
:106D4000A342C4D0A1457FF6EBAE50F8242047F80B
:106D500024200134F4E72B6988490C3309AA51F83F
:106D600023102AA8FFF797FE099B6FF00302234424
:106D700002FB0400A342AAD0A1457FF6D1AE50F891
:106D8000242047F824200134F4E77C4BD3F8A010EA
:106D900009AA2AA8FFF77FFE0368002B97D0DDF829
:106DA000D034009302462B46311B07EB8400FFF7DB
:106DB00083FE00287FF7B4AE044488E76F4B09AA2E
:106DC000D3F8E410E5E76D4B09AAD3F89C10E0E78F
:106DD0006A4B09AAD3F89810DBE7694B69699942B5
:106DE000ACBF002301230029049310DB642091FB36
:106DF000F0F01330BBF1000F13D0632827DD614A98
:106E0000614BBBF12B0F18BF1346604A0BE001F238
:106E10006C70059100F09CFD6423059990FBF3F0E4
:106E2000E8E7584B5A4A01900498DFF854C1BAF188
:106E3000020F2CBFC0EB0A00C0F1020000905548C1
:106E40006145B8BF0346311B07EB84002AE04D4B78
:106E5000DBE75148514AEB68642918BF0246311BF1
:106E600007EB840003F064F90028FFF659AE0444F0
:106E7000A6423FF62CAF53E668692B69EA68002802
:106E800007EB840AA6EB040B03F101030DDB4FF0C3
:106E9000640C90FBFCF10CFB1100CDE90020404A92
:106EA0005946504603F044F9DEE700F26C70CDE934
:106EB000043200F04DFD6421DDE9043290FBF1FC69
:106EC0000CFB1100E9E725230A93BBF1000F13D057
:106ED000BAF1060FCDF82CB038BF4FF0060ABAF160
:106EE00006030ED10CA82F4903F00CFADDF8D034BC
:106EF00000930AAA2B4657E72B230B934FF00A0A5D
:106F0000EDE7294A1E210CA803F012F90028E9DD5B
:106F10000CAB03EB8000E6E72846FFF765FD8246F1
:106F2000686900281ADB642290FBF2F3BAF1000FC3
:106F300002FB13001ADA6A691C4B9A42B8BF4FF081
:106F4000010A642382449AFBF3F003FB10AA9A44DB
:106F50009AFBF3F203FB12A3104A80E700F26C7075
:106F600000F0F6FC642390FBF3F2DFE7E9D06A69F6
:106F7000034B9A42B8BF4FF0FF3AE2E7E8F605004C
:106F800094F8FFFF98F4050049F6050074F8050031
:106F900058F80500E3FA050094F80500CCF8050060
:106FA000A4F80500F0F80500E0F8050095F8FFFFEB
:106FB0006B690493049AB94B9A42ACBF0023012336
:106FC00028460593FFF710FD049A002A034638DB94
:106FD0006422049991FBF2F21332686900283BDBCA
:106FE0004FF0640C90FBFCFE0CFB1E00002B42DA01
:106FF000DFF8CCC26969614501DA012305930344D6
:10700000591C44D1013A6323642000FB0232059BE2
:10701000002B41D02D230A93BAF1000F01D00AF1C1
:10702000FF3A0BAB25211960BBF1000F43D1181DAE
:107030009B49049203F066F9049A009253460AAA07
:1070400095E0049B069003F26C7000F081FC6422D2
:10705000069B90FBF2F2C0E700F26C70CDE90632BD
:1070600000F076FC4FF0640CDDE9063290FBFCFE8C
:107070000EFB1C00BAE7C2D00499DFF820C26145BC
:10708000AEBF002101214FF0FF330591B7E7642B1C
:1070900004BF01320023B7E7BBF12B0F10D142F23E
:1070A0000F739A420CD9CDF828B0BAF1000FB6D1BF
:1070B00025230B930BAB302103F108005960B7E790
:1070C0000AABAFE77748784AAB686B2918BF02462E
:1070D000C5E6AB680C225BB1934203D093FBF2F0A0
:1070E00002FB103370486F4A492918BF0246B6E6C2
:1070F0001346F7E7EB696D4A0133B0E62B690133BC
:107100002AE76B6828E7A1457FF60AAD0A2347F80E
:1071100024300134DBE5AB680B2BCCBFA422A022CA
:10712000634B13442AA809AA5968FFF7B4FC6FF00F
:10713000030B0BFB040BA246099AAAEB04039A4229
:1071400001D85446C3E5D1457FF6EAACD8F8003003
:107150005BF82A00502B01D1FFF7CBF847F82A0043
:107160000AF1010AE8E76B680093524AAB68311BE9
:1071700007EB840002F0DCFF76E62B6A002B7CDB59
:10718000FFF7D5F8039B0BB9FFF7D4F801F086FEA3
:107190002B6A002BCCBF50232823C3585B42049397
:1071A000FFF7C6F801230393D5F814C007EB840357
:1071B0006246BCF1450005934FEAE27343F1FF31AB
:1071C000002871F1000E03DABCF1420043F1FF31F7
:1071D000820842EA81728B100CF1FF3E64219EFB13
:1071E000F1FEB2EB0E0063EBEE710CF22B124FF4DA
:1071F000C87392FBF3F310EB030A41EBE37BACF1B2
:10720000460C40F26D1303FB0CFCEB691AEB0C000F
:107210004BEBEC7110EB030B41EBE37C61464FF061
:10722000180CABFB0C239B460CFB01B3A9689246E0
:107230001AEB01024FF03C0C43EBE173A2FB0C0193
:107240000CFB03139B466B68C0184BEBE371A0FB70
:107250000C230CFB01332968059812EB010B43EB5F
:10726000E17C0499BBEB01026CEBE173CDE90023F7
:10727000311B114A02F05CFFF6E50023049393E70B
:107280002B6869E6A1457FF64BAC09233FE72B68E5
:1072900001936B680093094AAB68D4E594F8FFFF4B
:1072A00010F90500CCF8050094F8050020F9050058
:1072B000E8F605005CF9050034F9050048F9050019
:1072C00095F8FFFFA1457FF62BACAB69A200013416
:1072D00013B93723BB50FAE43033FBE7EB69AA69F3
:1072E00007339B1A072293FBF2F335E62846FFF794
:1072F0007BFBAA6932B1013A002828DCEB6903D193
:107300000A33EEE70622F7E768690028A2EB0303D9
:1073100040F26B72A8BF6FF064021044820705D17F
:10732000642290FBF2F102FB110171B94FF4C871B4
:1073300090FBF1F201FB1202B2FA82F252099A1AA0
:10734000042ACCBF3423352306E60122F7E70123C4
:1073500002E6A1457FF6E4ABAB693033D7E6AB6913
:107360003BB1013BEA690732D21A072392FBF3F3E0
:10737000F2E50623F6E76869002805DB642290FB46
:10738000F2F302FB1303E7E500F26C7000F0E0FAA1
:10739000642390FBF3F2F4E76B69534A934216DAE5
:1073A0002D210A91D31ABAF1000F01D00AF1FF3A48
:1073B0000BAA25211160BBF1000F40F08A80101D3F
:1073C0004A49049302F09EFF049B009336E6BBF10A
:1073D0002B0F03F26C7340F0848042F20F729342E1
:1073E0007CD9CDF828B0DEE72B6A002BFFF66FAC16
:1073F000FEF79DFF039B0BB9FEF79CFF01F04EFDCE
:107400002B6A002BCCBF5023282307EB840BC358D7
:10741000C3F1000AFEF78CFF3C23311B9AFBF3F00B
:107420000491039301F08CFD039B90FBF3F202FBAC
:10743000130000904FF461632D4A9AFBF3F3049913
:10744000584602F075FE0028FFF66AAB0444A642D7
:107450007FF666AB0123039339E42B6A002BFFF61A
:1074600036ACFEF764FF039B0BB9FEF763FF2B6A94
:10747000204A002BD4BF0023012352F823A05046FA
:10748000FDF75EFFAAEB040A04EB000BA34503D152
:10749000FEF74EFF5C46DDE7A14505D91AF804303A
:1074A00047F824300134F1E7FEF742FFFFF738BB1D
:1074B000A1457FF635AB252329E616B1002347F811
:1074C000243020460DF2AC4DBDE8F08F25220A9203
:1074D0000AAA302102F10800516071E7BAF1000FE9
:1074E000F4D10AAA65E700BF94F8FFFF10F9050080
:1074F00084F90500E463002037B5064C064D246886
:10750000246A002C08BF2C460094FFF7D5FA03B07C
:1075100030BD00BF146200207862002003461A6864
:10752000191D12B9181A801070470B46F7E72DE99C
:10753000F04707460E4690461D4689464C46089938
:1075400054F804AB504601F0F9FC98BB51462D2984
:1075500032D1D9F8041009F108044FF0010E002DC2
:107560005ED0102D09D1302907D1236823F02003E4
:10757000582B50D16168102508344FF0FF3CBCFBFC
:10758000F5FC05FB0CF96FEA09090023A1F13002B3
:10759000092A19D811468D4225DD002820DB6345D4
:1075A0001ED801D149451BDC03FB0513012054F80B
:1075B000041BEBE7A146C1E72B2904BF09F108042E
:1075C000D9F804108646CAE7A1F14102192A01D868
:1075D0003739E0E7A1F16102192A04D85739DAE70F
:1075E0004FF0FF30E3E7002809DA22233B604FF039
:1075F000FF33B8F1000F0AD11846BDE8F087BEF19D
:10760000000F00D05B42B8F1000FF5D000B1261F8B
:10761000C8F80060F0E73021002DAED10825ACE7B6
:107620003029A2D00A25A8E7084B37B51C68084DB9
:10763000236A002B08BF2B46009313460A460146D7
:107640002046FFF774FF03B030BD00BF1462002076
:107650007862002002F062BEF0B5431C85B0074698
:1076600003D14FF0FF3005B0F0BD0822184D0021C6
:107670000DEB0200FCF787F82E68B46DB4B950200A
:10768000DEF7BCF9B065C0E90044C0E90244C0E9D6
:107690000444C0E90A44C0E90C44C0E90E44C0E90E
:1076A0001044C0E912448461047744622B68094A9B
:1076B0001B6A002B08BF134601A9D3F8E0403A46E5
:1076C00002AB3046A0470128CBD19DF80400CAE7A1
:1076D000146200207862002049B1FF2A85BF8A2306
:1076E00003600A704FF0FF3098BF012070470846D2
:1076F0007047000038B50B78613B05460C46172BE8
:107700005ED8DFE803F00C1A22295D5D305D5D5D17
:107710005D375D5D5D3E5D5D4A5D515D5D582D4946
:107720002046FDF782F800284ED02B492046FDF771
:107730007CF8002844D1022045E028492046FDF786
:1077400074F800283CD103203DE025492046FDF790
:107750006CF8A8BB042036E022492046FDF765F806
:1077600070BB05202FE020492046FDF75EF838BBAE
:10777000062028E01D492046FDF757F800BB0720EA
:1077800021E01B492046FDF750F8F8B11949204681
:10779000FDF74BF8A0B9092015E017492046FDF781
:1077A00044F868B90A200EE014492046FDF73DF878
:1077B00030B90B2007E012492046FDF736F838B102
:1077C00016232B60002038BD0120FCE70820FAE7D3
:1077D0000C20F8E7B8DD0500A5DD0500B4F90500CB
:1077E00093DD0500B2DD0500BEDD05009FDD05006F
:1077F0008DDD0500ABDD050087DD050099DD0500A9
:10780000B1DD0500024B01461868FFF773BF00BFEA
:107810001462002030B500249442034602D10023B4
:10782000184630BD1D688D4200F10400F8D00134C7
:10783000F2E79200FBF783BF9200FBF78BBF0023B8
:10784000934200D1704740F823100133F8E700005D
:1078500038B5074C054608461146002222601A46F4
:10786000E0F738FB431C02D1236803B12B6038BD1D
:10787000249E0020324B70B51D6806460C4625B18B
:10788000AB6913B92846FBF7C1FA2E4B9C420FD1C6
:107890006C68B4F90C309AB215072CD4D00611D408
:1078A0000922326043F04003A3814FF0FF303EE0F5
:1078B000254B9C4201D1AC68EBE7244B9C4208BFAE
:1078C000EC68E6E7510712D5616B41B104F144035E
:1078D000994202D03046FBF76DFF00236363A38912
:1078E00023F02403A3810023636023692360A38919
:1078F00043F00803A38123694BB9A38903F42073E0
:10790000B3F5007F03D021463046FBF71BFEA2896A
:1079100012F001030CD00023A36063695B42A361F2
:10792000236953B9B4F90C3013F08000BAD170BD9B
:10793000920758BF6369A360F2E70020F7E700BF32
:1079400014620020BCF50500DCF505009CF505007F
:107950000028B8BF4042704738B5064C00230546A2
:107960000846236003F03EFB431C02D1236803B1A9
:107970002B6038BD249E00202DE9F74F03690C6968
:10798000A3428046C0F28280013C01F114074FEA15
:10799000840C00F1140657F8245056F8240006EB26
:1079A0000C03013507EB0C090193B0FBF5F595B31A
:1079B0004FF0000A3846B646D34650F8042B93B22F
:1079C00005FB03A34FEA134A9BB2ABEB0303120C74
:1079D000DEF800B005FB02A213FA8BF34FEA124A5D
:1079E0001FFA82FBDEF80020CBEB124202EB2342AF
:1079F0009BB243EA024381454FEA224B4EF8043BD7
:107A0000DBD256F80C3033B9019B043B9E421A4638
:107A100030D3C8F81040404601F01CFD002825DB9B
:107A2000013530464FF0000C57F8042BD0F800E039
:107A300093B2ACEB0303120C13FA8EF3C2EB1E42AB
:107A400002EB23429BB243EA0243B9454FEA224C80
:107A500040F8043BE8D256F8242006EB84032AB908
:107A6000043B9E421A460BD3C8F81040284603B088
:107A7000BDE8F08F1268043B002ACAD1013CC5E77B
:107A80001268043B002AEFD1013CEAE70020EEE750
:107A90002DE9F04F57EC106B97B0456A06910446FC
:107AA0000B921293DDF88080CDE900673DB910207C
:107AB000DDF7A4FF6062C0E901550560C560636A37
:107AC000196851B15A684A60012393408B6020467F
:107AD00001F0A0FA636A00221A603B1EBBBF23F0CC
:107AE0000043019300230122ACBFC8F80030C8F85E
:107AF0000020AF4BDDF8048033EA080314D1129A5A
:107B000042F20F731360009B23B9C8F313000028DF
:107B100000F04285219BDFF8ACB2002B00F04485D9
:107B20000BF1030300F03EBDDDE9006700220023F6
:107B300030463946FAF7B4FD814668B1129A0123FE
:107B40001360219B002B00F024859A4B219A03F1AE
:107B5000FF3B136000F028BD14AA15A947EC106B79
:107B6000204601F065FDC8F30A550490002D7CD035
:107B7000C7F3130343F07F5BB2464BF4401BA5F2FF
:107B8000FF35CDF84C9000228B4B50465946FAF702
:107B900067F981A3D3E90023FAF71AFB80A3D3E99D
:107BA0000023FAF75FF9064628460F46FAF7A6FAC9
:107BB0007DA3D3E90023FAF70BFB02460B463046C0
:107BC0003946FAF74FF906460F4603F0E3F900226B
:107BD0008246002330463946FAF76CFD48B15046DC
:107BE000FAF78CFA32463B46FAF75AFD08B90AF121
:107BF000FF3ABAF1160F59D8704901EBCA01DDE915
:107C00000023D1E90001FAF773FD002850D00AF1F2
:107C1000FF3A00230F93149B5D1BB5F1010849BF88
:107C2000C5F10103002305934FF0000858BF0593E9
:107C3000BAF1000F3EDB0023D044CDF838A0079303
:107C4000069B092B00F29080052BC4BF043B0693D2
:107C5000069BA3F10203CCBF00250125032B00F2F4
:107C60008F80DFE803F07D7F3171DDE914531D441F
:107C700005F23240202813DDC0F14000009B08FAD5
:107C800000F805F2124023FA00F048EA0000FAF783
:107C900025FA01238246A1F1F87B013D139372E797
:107CA000009BC0F1200003FA00F0F0E70123B1E7E8
:107CB0000F90B0E7059BA3EB0A030593CAF10003FD
:107CC000079300230E93BBE701230A930B9B002B22
:107CD00059DD02939946666A00227260042202F11D
:107CE00014009842716853D9204601F05FF9636A25
:107CF0003060B9F10E0FD3F800B000F2E680002D2D
:107D000000F0E3809DED007BBAF1000F8DED107B5C
:107D100074DD2A4A0AF00F0302EBC30393ED007BE4
:107D20004FEA2A16F0068DED087B65D5244BDDE978
:107D30001001D3E90823FAF775FBCDE9000106F03D
:107D40000F0603251E4F4CE001230A930B9B53445F
:107D500003F1010902934B46012BB8BF0123BAE797
:107D60000023B2E70023F0E70125002306930A95DC
:107D70004FF0FF3302939946002212230B92AAE799
:107D800001230A93F4E70123029399461A46F5E783
:107D9000013171605200A2E761436F63A787D23F50
:107DA000B3C8608B288AC63FFB799F501344D33FEA
:107DB0000000F07FE7FA05000000F83FF0F9050049
:107DC000C8F90500C3F90500F10708D5DDE9080188
:107DD000D7E90023FAF7FCF9CDE90801013576105F
:107DE0000837002EF0D1DDE90823DDE90001FAF7BC
:107DF00019FBCDE900011AE00225A3E700F0A080FD
:107E0000CAF100069F4BA04F06F00F0203EBC2031E
:107E1000D3E90023DDE91001FAF7DAF9CDE9000131
:107E2000361100230225002E7FD1002BE1D10F9BBC
:107E3000002B00F08780DDE900670022934B30467D
:107E40003946FAF737FC00287CD0B9F1000F79D019
:107E5000029B002B35DD0AF1FF33089339460022DF
:107E60008B4B3046FAF7B4F9CDE90001029F01359A
:107E70002846FAF743F9DDE90023FAF7A9F90022C9
:107E8000844BF9F7EFFF0546A1F15076002F5DD145
:107E90000022814BDDE90001F9F7E2FF2A46334673
:107EA000CDE90001FAF724FC002840F088822A4638
:107EB00006F10043DDE90001FAF7FCFB002840F081
:107EC0007C82DDE91023CDE90023159B002BC0F255
:107ED0005081BAF10E0F00F34C816A4B03EBCA03D9
:107EE00093ED007B0B9B002B8DED027B80F2D88005
:107EF000B9F1000F00F3D48040F05E820022664B9F
:107F000051EC170BFAF764F9DDE90023FAF7E6FB09
:107F10004F464E46002840F0348231230BF10105D4
:107F20008BF800300AF1010A2FE2F20705D5D7E9F4
:107F30000023FAF74DF9013501237610083772E76F
:107F4000022574E7CDF820A04F4691E74D4B03EB97
:107F5000C70353E902010A9B002B47D002460B4698
:107F600000204E49FAF75EFA2A463346F9F778FFC1
:107F7000CDE90C015D46DDE9000103F00BF8064692
:107F8000FAF7BCF802460B46DDE90001F9F768FF95
:107F9000303605F8016BDDE90C23CDE90001FAF775
:107FA00089FB002863D1DDE9002300203749F9F778
:107FB00057FFDDE90C23FAF77DFB002840F0B7807E
:107FC000A5EB0B039F427FF77CAF0022304BDDE92E
:107FD0000C01FAF7FDF80022CDE90C012C4BDDE98C
:107FE0000001FAF7F5F8CDE90001C4E72A46334667
:107FF000FAF7EEF8CDE90C010BEB07055E46DDE97B
:10800000000102F0C7FF0746FAF778F8303702465A
:108010000B46DDE90001F9F723FF06F8017BAE42CC
:10802000CDE900014FF0000226D11C4BDDE90C0127
:10803000F9F718FF02460B46DDE90001FAF758FB95
:10804000002874D1DDE90C2300201449F9F708FF5A
:1080500002460B46DDE90001FAF72CFB00283FF44D
:1080600030AF15F8013C302B05F1FF3202D0DDF8BE
:1080700020A04AE01546F4E7054BFAF7A9F8CDE948
:108080000001BCE7F0F90500C8F905000000F03F69
:108090000000244000001C40000014400000E03FAD
:1080A000DDE900675D46DDE9022330463946FAF72F
:1080B000B9F902F06FFF8046FAF720F8DDE90223F4
:1080C000FAF786F802460B463046394608F1300684
:1080D000F9F7C6FE05F8016BA5EB0B06B1450246A4
:1080E0000B4639D1F9F7BEFEDDE9022306460F46FD
:1080F000FAF7FEFAC8B9DDE9022330463946FAF745
:10810000CFFA10B118F0010F0FD10499204600F0FA
:1081100081FF0023129A2B700AF101031360219B47
:10812000002B00F041821D603EE2CDF820A015F842
:10813000012C392A05F1FF3308D19B450AD1089B50
:108140000133089330238BF800305B461A780132F4
:108150001A708CE71D46EAE700229B4BFAF738F8C5
:108160000022002306460F46FAF79AFA00289AD012
:10817000CBE70A9A002A00F08B80069A012A6EDC6F
:10818000139A002A67D003F23343079F059D059A8F
:1081900001211A4420460592984401F019F8064638
:1081A000002D0CDDB8F1000F09DD4545059A2B4681
:1081B000A8BF4346D21A0592ED1AA8EB0308079B05
:1081C000EBB10A9B002B67D08FB131463A4620466F
:1081D00001F09EF8049A01460646204601F001F897
:1081E00004990890204600F015FF089B0493079B14
:1081F000DA1B04D00499204601F08AF8049001218A
:10820000204600F0E5FF0E9B0746002B00F0D081D2
:108210001A460146204601F07BF8069B012B0746D3
:1082200040DC009B002B39D1019BC3F31303002BCF
:1082300036D1019B23F000431B0D1B052BB1059B81
:108240000133059308F10108012307930E9B002BCE
:108250002AD1012030E0149BC3F1360395E7079B38
:1082600009F1FF37BB42BFBF079B0797FA1A0E9B66
:10827000BBBF9B180E93DF1B0027B9F1000FB5BFE2
:10828000059B059DA3EB09054B46B8BF00237EE780
:10829000079F059D0A9E83E7079AABE70023D4E773
:1082A000009BD2E7002307933B6907EB8303186920
:1082B00000F040FFC0F12000404410F01F0047D004
:1082C000C0F12003042B3BDD059BC0F11C000344DF
:1082D000059305448044059B002B05DD1A4604994F
:1082E000204601F063F80490B8F1000F05DD39462F
:1082F0004246204601F05AF807460F9B53B33946D1
:10830000049801F0A7F8002824DA00230A2204992F
:10831000204600F096FE0A9B04900AF1FF3A002BDB
:1083200000F04D81002331460A22204600F089FEEC
:10833000029B002B06464FDC069B022B4CDD11E016
:10834000C9D0059A1C331A4405921D449844C2E7CB
:108350000346F6E7B9F1000F38DC069B022B35DD4A
:10836000CDF80890029B63B939460522204600F0FB
:1083700068FE01460746049801F06CF800283FF7B4
:10838000CCAD0B9B5D466FEA030A4FF000093946FE
:10839000204600F03FFE002E3FF4B7AEB9F1000FCB
:1083A00005D0B14503D04946204600F033FE3146A2
:1083B000204600F02FFEA8E600273E46E1E7DDF864
:1083C00020A03E46A9E500BF000024400A9BCDF84E
:1083D0000890002B00F0FA80002D05DD31462A467A
:1083E000204600F0E3FF0646079B002B4CD0716847
:1083F000204600F0DBFD326902320546920006F1AC
:108400000C010C30FBF79BF901222946204600F0B5
:10841000CDFF009BCDF814B003F00103B1460793E4
:10842000064639460498FFF7A7FA4946054600F183
:108430003008049801F00EF8324600903946204684
:1084400001F022F8C368024603BB01460890049875
:1084500001F000F8089A034611462046089300F000
:10846000D9FD089BA3B9069A92B9079A82B9B8F1C7
:10847000390F29D0009B002B01DD05F13108059B48
:108480005D1C83F8008082E73046C2E70123E3E702
:10849000009A002A04DB25D1069A1ABB079A0ABB68
:1084A000002BECDD01220499204600F07FFF3946C5
:1084B000049000F0CFFF002803DCE0D118F0010F9A
:1084C000DDD0B8F1390FD8D1059B059A5D1C392351
:1084D000137015F8013C392B05F1FF324FD00133F1
:1084E000137054E7059A002B02F1010506DDB8F17F
:1084F000390FE9D008F10108059BC2E7029A05F897
:10850000018CA5EB0B03934221D000230A2204998E
:10851000204600F096FDB14504904FF000034FF067
:108520000A024946204605D100F08BFD81460646E9
:10853000059576E700F085FD3146814600230A2245
:10854000204600F07EFD0646F2E74FF000090122CA
:108550000499204600F02AFF3946049000F07AFF83
:108560000028B6DC02D118F0010FB2D115F8013C99
:10857000302B05F1FF327FF40AAF1546F6E793453D
:1085800005D131230AF1010A8BF80030FFE61546C8
:108590009FE7DFF864B007E0219BDFF860B01BB114
:1085A0000BF10803219A1360584617B0BDE8F08F0D
:1085B000069B012B7FF735AE0E9B079349E6029B86
:1085C000002B03DC069B022B3FF7CCAE5D46394601
:1085D0000498FFF7D1F900F1300805F8018B029AF1
:1085E000A5EB0B039A42B0DD00230A220499204632
:1085F00000F027FD0490EAE7E6FA0500BAF9050065
:108600007FB54B68002B05460C461FDDFAF74EFF81
:10861000012822D004F15C06D4E90023009603A9C6
:108620002846FAF7DFFF421C07D0831C1ED12146E3
:108630002846FBF74BFF0028EED0A38943F0400308
:10864000A381FAF7C7FA8A23036003E0FBF73EFF32
:108650000028DBD04FF0FF3006E023685A1C226070
:1086600018786368013B636004B070BDD4E90023EF
:1086700010B901322260F5E70244181A60602260E6
:108680000398F1E738B50E4B1C68054624B1A36981
:1086900013B92046FAF7BAFB0A4B9D4206D165682A
:1086A00029462046BDE83840FFF7AABF064B9D4249
:1086B00001D1A568F4E7054B9D4208BFE568EFE7E7
:1086C00014620020BCF50500DCF505009CF50500F2
:1086D0002DE9F74380460E461446FAF7E7FE0128D7
:1086E0001CD1731EFE2B19D88DF804600546002797
:1086F0000DF10409AF4220D0A36817F80910013B1F
:10870000002BA36004DAA26993421ADB0A2918D06D
:1087100023685A1C226019700137EBE7324604F1D6
:108720005C0301A94046FEF72FF9421C0546DED145
:10873000A38943F04003A3810646304603B0BDE859
:10874000F08322464046FEF7CDF8431CE4D10646AE
:10875000F3E700000F4B70B51C6806460D4624B1C8
:10876000A36913B92046FAF751FB0B4B9D4207D181
:1087700065682A4631462046BDE87040FFF7A8BF2D
:10878000064B9D4201D1A568F3E7054B9D4208BF0A
:10879000E568EEE714620020BCF50500DCF5050095
:1087A0009CF5050038B5074C0023054608461146E0
:1087B000236002F01FFC431C02D1236803B12B602D
:1087C00038BD00BF249E0020F0B506694B119E42C3
:1087D00000F1140430DD11F01F0104EB860604EBF8
:1087E000830208D12146B2420B4611D252F8043B13
:1087F00041F8043BF7E754F82350C1F1200CCD4079
:1088000004322346B24217460CD31D6005B104332F
:108810001A1BA3424FEAA20208BF0023026108BF4D
:108820004361F0BD3F6807FA0CF73D4343F8045B32
:1088300052F8045BCD40E5E72346E9E7A0F13003B9
:10884000092B02D82038C0B27047A0F16103052B74
:1088500001D84738F7E7A0F14103052B01D82738A5
:10886000F1E7002070472DE9F04F8BB08A46029067
:1088700016980693904600F067FB0368039318462A
:10888000FCF75EFD039B019003444FF0000B13F8CF
:10889000013C0793DAF8003002331F4613F8010B4E
:1088A00030286CD0FFF7CAFF044600286AD1019A2D
:1088B00003993846FCF74CFD002866D1019BF85C13
:1088C000FE18FFF7BBFF002862D033461878302827
:1088D0001F4603F10103F9D0FFF7B0FFB0FA80F5AE
:1088E0006D0934464FF0010B3A4616460132307896
:1088F000FFF7A4FF0028F8D1019A03993046FCF74E
:1089000027FD50B954B9019BF4182246164601328E
:108910003078FFF793FF0028F8D10CB1A41BA40016
:108920003378502B01D0702B40D173782B2B31D062
:108930002D2B33D0711C4FF000090878FFF77EFF14
:10894000431EDBB2182B31D8A0F1100211F8010F31
:10895000FFF774FF431EDBB2182B22D9B9F1000FC9
:1089600000D052421444CAF800100DB3BBF1000FFE
:108970000CBF0627002738460BB0BDE8F08F0BF17F
:10898000010B8AE700252C46AEE73E460125C7E7E6
:108990000446FBE74FF00009B11CCEE74FF0010998
:1089A000FAE70A2303FB0202103ACFE73146DAE77F
:1089B000F31B013B2946072B49DC029800F0F6FA2D
:1089C000019B00F114094FF0000BC3F101030546B0
:1089D000CDF81090DA460893B7423BD3049840F89C
:1089E00004ABA0EB0900801028614701504600F05D
:1089F000A1FBD8F800603F1AB74264DDBF1B3946BF
:108A0000284600F0B1FE824678B17B1E591103F072
:108A10001F024FF0010A59F821100AFA02F20A4225
:108A200003D0534546DC4FF0020A39462846FFF78B
:108A3000CBFE3C44D8F80830A34252DA29460298CB
:108A400000F0E8FA149A00231360A32793E701319A
:108A50005B10B0E7731E0593079A16F8013C93422A
:108A600018D0BBF1200F07D1049BC3F800A004333A
:108A70004FF0000A0493D34616F8010CFFF7DEFE10
:108A800000F00F0000FA0BF04AEA000A0BF1040BA9
:108A9000059B0DE0059B089A1344BB42E1D31846A1
:108AA000019A03990993FCF753FC099B0028D8D13C
:108AB0001E4691E7B91E284600F056FE0028B2D0A7
:108AC0004FF0030AB1E709DAF71B29463A46029844
:108AD00000F06CFCE41B054600F114094FF0000A9D
:108AE000A8E7D8F80400A0426ADD041BA6422EDCE9
:108AF000D8F80C30022B22D0032B24D0012B15D117
:108B0000A64213D1012E0BDC069AD8F8043013606C
:108B100001232B61C9F80030149B62271D602AE7EE
:108B2000711E284600F020FE0028EDD1294602984B
:108B300000F070FA149A0023136050271BE7159B6E
:108B4000002BE1D0F2E7159B002BDDD1EEE7671E8D
:108B5000BAF1000F31D127B13946284600F004FEA2
:108B600082467A11012307F01F0703FA07F759F825
:108B7000223021461F42284618BF4AF0020A361BFF
:108B8000FFF722FED8F804400227BAF1000F48D0C0
:108B9000D8F80C30022B15D0032B17D0012B09D19C
:108BA0001AF0020F06D0D9F800304AEA030A1AF088
:108BB000010F0ED147F0100733E04FF0010AD0E764
:108BC0000127E2E7159BC3F101031593159B002BC9
:108BD000F0D0D5F8109005F114034FEA890A03EBA1
:108BE0000A014FF0000C184653F8042BB2F1FF3F76
:108BF0001CD001320260022F05F1140338D1D8F8DD
:108C00000020013AB2420AD17111012206F01F067A
:108C100053F8213002FA06F61E4218BF174647F0F5
:108C20002007149B1D60069B1C60A4E6994243F834
:108C300004CCD8D8AB68994512DB69680298013139
:108C400000F0B4F92A69023205F10C018346920062
:108C50000C30FAF774FD2946029800F0DBF95D4606
:108C60002B695A1C05EB83032A6101225A61C2E772
:108C70002A694A450BDD01212846FFF7A5FDD8F8F2
:108C800008300134A342FFF6D9AE0127C7E716F03A
:108C90001F06FAD09A44C6F120065AF8040C00F0D8
:108CA00049FAB042E7DBF0E7C2F10802920070B582
:108CB000C2F120064368046803FA06F52C43D3404A
:108CC000046040F8043F8842F4D370BD30B50368B7
:108CD000013311F8014B14B90360012030BD13F8C2
:108CE000012BA2F14105192D98BF2032A242F0D0EC
:108CF0000020F3E72DE9F04F0B6801685F1102EBEC
:108D0000870713F01F0387B018BF043700253E1FE5
:108D100082469046019347F8045CB146344602957A
:108D2000AB464A784B1C039342B31046059104921C
:108D3000FFF784FD002843D1049A0599202A18D80A
:108D4000029B9B4513DD4C4506D2072D04DC2A46C9
:108D500049462046FFF7A8FF444544D90023A4F123
:108D6000040944F8043CCDF808B04C461D4603996C
:108D7000D7E7292A4AD10231CAF80010BBF1000F07
:108D800044D04C4506D2072D04DC2A4649462046ED
:108D9000FFF78AFF444528D9434654F8042B43F88B
:108DA000042BA642F9D2002243F8042B9E42FBD2A8
:108DB00033681BB9464527D101233360052026E0DF
:108DC0000135082D0BF1010B06DD4445CFD90023F9
:108DD00044F8043C0125043C226800F00F0040EAFE
:108DE00002102060C3E70825C1E7019B002BDFD0FC
:108DF0004FF0FF32C3F1200322FA03F357F8042C9B
:108E00001A4047F8042CD3E7043ED1E7042007B00A
:108E1000BDE8F08F2DE9F84F07468B46904601F0EC
:108E200093FA194B1D689A463DB15C46234613F8E8
:108E3000012B2AB33D2A1C46F8D1384601F085FAA9
:108E40000020BDE8F88F4D46A94659F8040B0028CC
:108E5000F3D022465946FCF77BFA0028F3D159F8A3
:108E6000043C1E191B5D3D2BEDD1DAF80030ED1AE4
:108E7000AD103846C8F8005001F067FA701CE0E702
:108E8000A4EB0B04E0E700BF4864002007B501AA8B
:108E9000FFF7C0FF03B05DF804FB00000048704717
:108EA000F063002038B5064C0023054608462360D1
:108EB00002F0B0F8431C02D1236803B12B6038BD27
:108EC000249E002010B5044600F00AF830B9204670
:108ED000FAF777FA003018BF012010BD0120FCE737
:108EE000FF2810B5044606D8FAF7F2FA2044407875
:108EF00000F0030010BD0020FCE7FF2810B5044679
:108F00000BD8FAF7E5FA204490F90130002B06DB84
:108F1000A4F109035842584110BD0020FCE701208C
:108F2000FAE7FF2810B5044606D8FAF7D1FA20442C
:108F3000407800F0200010BD0020FCE7FAF776BA78
:108F40000028B8BF40427047F0307047044B1B68A0
:108F5000186A044B002808BF1846F030704700BF5D
:108F6000146200207862002038B5074C0546084698
:108F70001146002222601A4602F05CF8431C02D11E
:108F8000236803B12B6038BD249E002010B54AB180
:108F90000023CC5C40F8234014B101339342F8D154
:108FA000184610BD1346FBE77047704770B5456A19
:108FB00004460E463DB91020DCF720FD6062C0E992
:108FC00001550560C560656AEB6883B1636ADB685B
:108FD00053F82600B8B9012101FA06F56A1D92007E
:108FE0002046FAF7D8FB60B1C0E901650EE0212206
:108FF00004212046FAF7CFFB636AE860DB68002BA8
:10900000E4D1002070BD026843F826200023C0E9A7
:109010000333F7E770B5446A06460D463CB91020A5
:10902000DCF7ECFC7062C0E901440460C4603DB14F
:10903000736A6A68DB6853F82210296043F822508B
:1090400070BD2DE9F0410D691F4606460C4601F141
:10905000140C0023DCF8000081B202FB01710F0C3C
:10906000000C02FB007089B2013301EB00419D420C
:109070004FEA10474CF8041BECDCD7B1A368AB42B5
:1090800012DC616830460131FFF790FF226902323D
:1090900004F10C01804692000C30FAF750FB214697
:1090A0003046FFF7B7FF444604EB850301355F61A7
:1090B00025612046BDE8F0812DE9F8430C461546B0
:1090C0001F4609220833064693FBF2F300210122D2
:1090D0009A4220DB3046FFF769FF089B4361092D68
:1090E0004FF00103036119DD04F10908C1462C4466
:1090F00019F8013B0146303B0A223046FFF7A1FF39
:10910000A145F5D108EB0504083C2D1B6319BB42B2
:1091100007DBBDE8F88352000131D9E70A3409259D
:10912000F3E714F8013B0146303B0A223046FFF7D3
:1091300088FFEBE7020C12040346B2B903041020C7
:1091400013F07F4F04BF1B02083013F0704F04BFB1
:109150001B01043013F0404F04BF9B000230002B72
:1091600006DB5B0003D5013070470020E8E72020D4
:109170007047036813F0070201460BD0DA0723D4C7
:10918000980749BF5B089B0801200B605CBF0B6020
:109190000220704798B2A8B91B0C102013F0FF0FE3
:1091A00004BF1B0A08301A0704BF1B0904309A07C2
:1091B00004BF9B080230DA0702D45B0806D00130F6
:1091C0000B6070471046E9E7002070472020704789
:1091D00010B50C460121FFF7E9FE0122446102614E
:1091E00010BD2DE9F74F14460A6923699A42B8BFAA
:1091F0000B468846BCBFA0461C46D8F81070D4F871
:109200001090D8F80830D8F8041007EB0906B342DC
:10921000B8BF0131FFF7CAFE00F1140505EB860E59
:109220002B460022734516D304F1140208F11401F1
:1092300002EB890301EB87070093009B01929342A5
:109240000CD8002E03DD5EF8043D002B5DD00661D6
:1092500003B0BDE8F08F43F8042BE3E7B2F800B0A9
:10926000BBF1000F23D08946AC464FF0000859F8F7
:10927000044BDCF800A0A3B21FFA8AFA0BFB03A38D
:109280004FEA144ADCF8004043444FEA14480BFB11
:109290000A8404EB1344E2469BB243EA04434F457D
:1092A0004FEA14484AF8043B2BD8CCF80480019BC1
:1092B000B3F802A00432BAF1000F20D02B6889461F
:1092C000A8464FF0000BB9F800C0B8F802400AFBFE
:1092D0000C445C44C4469BB243EA04434CF8043B50
:1092E00059F8043BB8F804B01B0C0AFB03B303EBBA
:1092F00014434F454FEA134B05D8C8F804300435E2
:109300009BE7D446B3E7E046DDE7013E99E700007E
:109310002DE9F843154612F0030206460F4607D022
:10932000013A214C002354F82220FFF78AFE074619
:10933000AD1035D0746A3CB91020DCF75FFB706269
:10934000C0E901440460C460D6F82480D8F808401D
:109350004CB940F271213046FFF73AFF0023C8F8BC
:109360000800044603604FF00008EB070AD53946B1
:1093700022463046FFF735FF394681463046FFF733
:1093800049FE4F466D100BD0206838B92246214661
:109390003046FFF726FF2060C0F800800446E4E76F
:1093A0003846BDE8F88300BFB8FA05002DE9F0475C
:1093B0000C464FEA621A236949680AEB0309A3685D
:1093C0000746164609F10105AB4232DB3846FFF786
:1093D000EDFD0023804600F114011A4653452BDBB6
:1093E00020692AEAEA7A04F1140316F01F0201EB5D
:1093F0008A0103EB800C25D0C2F1200E00201E68EC
:109400008A46964030434AF8040B53F8040B9C45B7
:1094100020FA0EF014D8486008B109F10205013DA8
:109420003846C8F810502146FFF7F4FD4046BDE825
:10943000F08701315B00C7E741F823200133CDE716
:109440005146DCE7043953F8042B41F8042F9C45BE
:10945000F9D8E4E703690A699B1A30B50CD1920088
:10946000143014318418114454F8045D51F8042D5B
:10947000954203D005D30123184630BDA042F3D353
:10948000FAE74FF0FF33F7E72DE9F0470D460746BF
:10949000114628461446FFF7DDFF061E08D1314667
:1094A0003846FFF783FD0123C0E90436BDE8F087A5
:1094B000A4BF23462C4638466168A6BF1D46002639
:1094C0000126FFF773FD2B69C660266905F11409B3
:1094D00004F1140202EB860709EB830800F114057E
:1094E0004FF0000E52F804AB59F8044B1EFA8AF103
:1094F000A3B2C91A230CC3EB1A4303EB214389B26D
:109500004FEA234EC84541EA0343944645F8043BDD
:10951000E8D8BC4504D355F8043D83B10661C5E7DE
:109520005CF8041B1EFA81F31A1402EB11429BB281
:1095300043EA02434FEA224E45F8043BE9E7013E85
:10954000E9E70000124B10EE902A1A40A2F1507386
:10955000002B04DD0020194641EC100B70475B42E4
:109560001B15132B4FF000004FF0000104DC4FF4EB
:10957000002242FA03F1EFE7143B1E2B4FF00102E9
:10958000DABFC3F11F0302FA03F313461846E3E7F9
:109590000000F07FF8B5056900F1140707EB8505B9
:1095A0002E1F55F8044C2046FFF7C4FDC0F12003E0
:1095B0000A280B60DFF874C014DCC0F10B0E24FA2B
:1095C0000EF1B74241EA0C0334BF55F8081C0021E4
:1095D000153004FA00F021FA0EF140EA010243ECE2
:1095E000102BF8BDB7423ABFA5F1080655F8081C84
:1095F00000210B3815D08440C0F1200544F07F5481
:1096000044F44014BE4221FA05FC44EA0C038CBF2A
:1096100056F8044C002401FA00F0EC4040EA040241
:10962000DDE744EA0C030A46D9E700BF0000F03F3B
:109630002DE9F7430E46012159EC108B1546FFF733
:10964000B5FCC9F30A540746C9F3130334BB0193AD
:10965000B8F1000327D002A840F8083DFFF789FDC4
:109660000099F0B1019AC0F1200302FA03F30B4311
:10967000C2407B610192019BBB61002B14BF0221A0
:1096800001213961C4B1A4F2334404443460C0F10F
:1096900035002860384603B0BDE8F08343F48013FA
:1096A000D5E77961E7E701A8FFF763FD019B7B61DF
:1096B000012139612030E5E707EB8103A0F2324058
:1096C00030601869FFF736FDC0EB4110E1E72DE986
:1096D000F74F884669468146FFF75CFF01A940467F
:1096E00057EC106BFFF756FFD9F81030D8F8102060
:1096F000A3EB020CDDE900329B1A03EB4C135BEC8D
:1097000010AB002BCEBF3A46C3EB03335A46594643
:109710003D46D4BF02EB035102EB0355304610EE39
:10972000102A0B462946F8F77DFE41EC100B03B0DA
:10973000BDE8F08F013910B549111469013102F10A
:10974000140300EB810103EB8404A342024603D31C
:1097500000238A4205D310BD53F8042B40F8042B94
:10976000F3E742F8043BF4E700F1140200694B11FF
:10977000984210B511DB0ADD11F01F0107D052F835
:10978000234024FA01F000FA01F18C420BD102EBE4
:109790008303934203D8002010BD0346F7E753F834
:1097A000041D0029F5D00120F6E7F8B50746144658
:1097B0000E4621B91146BDE8F840FAF749B822B97A
:1097C000F9F7F8FF25462846F8BD00F0BFFDA04296
:1097D0000FD221463846FAF73BF805460028F2D06A
:1097E00031462246F9F7ABFF31463846F9F7E2FF3A
:1097F000E9E73546E7E72DE9F0478E689E42824665
:109800000C469046994637D88A8912F4906F31D029
:10981000256809696F1A6569022305EB450595FB03
:10982000F3F509F101033B449D4238BF1D46530542
:1098300030D52946FAF70CF8064650B90C23CAF879
:109840000030A38943F04003A3814FF0FF30BDE80F
:10985000F0873A462169F9F772FFA38923F49063F0
:1098600043F08003A381266165613E44ED1B2660C1
:10987000A5604E464E4500D94E46324641462068C8
:10988000F9F768FFA3689B1BA36023681E4426604A
:109890000020DCE72A46FFF788FF06460028E2D1D1
:1098A00021695046F9F786FFC8E700002DE9F04F1F
:1098B0009DB0804603938B891D060C4616460FD536
:1098C0000B696BB94021F9F7C3FF2060206128B90B
:1098D0000C23C8F800304FF0FF30C7E0402363612D
:1098E0000023099320238DF8293030238DF82A3066
:1098F0004FF0010B37463D4615F8013B0BB1252BC8
:109900003ED1B7EB060A0BD05346324621464046BD
:10991000FFF771FF013000F0A480099B53440993C5
:109920003B78002B00F09D8000234FF0FF32CDE903
:109930000523049307938DF853301A932F4605227D
:1099400017F8011B4F48F9F79BFE049BD0B9D906C5
:1099500044BF20228DF853201A0744BF2B228DF8D4
:1099600053202A782A2A15D0079A2F4600200A2544
:10997000394611F8013B303B092B4DD9B8B10FE006
:109980002F46B8E73F4A801A0BFA00F018430490BC
:109990003D46D3E7039A111D12680391002A01DBAB
:1099A000079204E0524243F00203079204933B788B
:1099B0002E2B0CD17B782A2B33D1039B1A1D1B68CD
:1099C0000392002BB8BF4FF0FF33023705932E4DA3
:1099D000397803222846F9F753FE38B14023401B5B
:1099E00003FA00F0049B03430137049339782748B6
:1099F0008DF8281006227E1CF9F742FE002838D088
:109A0000234B13BB039B073323F007030833039354
:109A1000099B4B4409936DE705FB023201200F4679
:109A2000A6E700230137059319460A25384610F8A2
:109A3000012B303A092A03D9002BC8D00591C6E77B
:109A400005FB012101230746F0E703AB0093224603
:109A5000104B04A94046FAF727F9B0F1FF3F8146C1
:109A6000D6D1A3895B063FF536AF09981DB0BDE896
:109A7000F08F03AB00932246064B04A94046FAF749
:109A8000C9FBEAE708F605000EF6050012F6050028
:109A9000A93C0500F797050038B54B1C144603D1C7
:109AA0004FF0FF35284638BD938923F0200393817A
:109AB000636B5268CDB28BB1A36B934208DD236810
:109AC0005A1E226003F8015C636801336360E9E7B2
:109AD0002146FCF7B3FD0028F1D0E1E721692368B6
:109AE00051B1994208D213F8011CA94204D1013B9B
:109AF000013223606260D5E7C4E90F3204F1440308
:109B000063630323A363234603F8465F23600123B3
:109B1000DCE710B50C46496B69B104F14403994286
:109B200001D0F9F747FE236C63600020606313B136
:109B3000E36B236010BD2369236000236360A38966
:109B400043F02003A3814FF0FF30F3E72DE9F04FFE
:109B5000ADF5257D0DF10C08019300234693479345
:109B60009E4BA293DFF87C929D4BCDF82081064658
:109B70000C469246A3930A279AF80030002B00F077
:109B80002A815546F9F7A4FC15F801BB58444378DF
:109B900013F008031CD06368002B12DDF9F798FC62
:109BA00023681A7810444278120701D4AA46E3E7E2
:109BB000479A0132479262680133013A626023603A
:109BC000E9E7A39B2146304698470028E6D0EDE719
:109BD000BBF1250F40F08280459343939AF8013002
:109BE0002A2B03D1102343930AF10205AA4615F844
:109BF000011BA1F13002092A22D903227948F9F781
:109C00003FFD38B1A0EB090301209840439B184366
:109C10004390AA469AF80030672B0AF101052BD829
:109C2000652B80F09F80472B10D8452B80F09A80C1
:109C3000002B6CD0252B51D003234993449727E068
:109C4000459B07FB0313303B4593CFE75B2B6AD063
:109C50000CD8582BF0D1439A42F400724392102250
:109C600044926E2B8CBF0423032310E0632B65D03A
:109C7000642BE1D14497F4E7702B4BD026D86E2BA0
:109C800062D04CD8692BD7D1002344930323499346
:109C90006368002B68DD439B590607D4F9F718FC6D
:109CA00023681A7810444278120764D4499B022B27
:109CB00073DC01AB224643A9304600F097F8012837
:109CC00000F0898002287FF471AF1DE0752BD1D0A0
:109CD000782BC0D0732BAFD10223D8E76368002B59
:109CE0000CDD23681A785A4575D101336268236008
:109CF000479B013A01336260479357E7A39B214694
:109D0000304698470028ECD04698002859D14FF0AB
:109D1000FF305CE0439A42F0200243929BE7082325
:109D200044930423B3E72946404600F0C9F9439B16
:109D300043F04003439305460123A8E7439B43F0C8
:109D4000400343930023A2E74398C3063FF52EAF99
:109D5000019B479A191D01911B68C0074CBF1A80CF
:109D60001A6023E7052392E7A39B214630469847D4
:109D7000002890D0C8E7479A013247926268013ABA
:109D8000002A626002DD0133236087E7A39B21463E
:109D900030469847002881D0B6E7042B06DC01AB9B
:109DA000224643A9304600F085F888E70E4B002B89
:109DB0003FF4FCAE01AB224643A93046AFF300802E
:109DC0007DE7A38913F0400F18BF4FF0FF300DF56A
:109DD000257DBDE8F08F4698F9E700BF999A050008
:109DE000139B05000EF60500000000002DE9F04170
:109DF00015468A6880460C4632B98A69002A14BF23
:109E00004FF0FF3201228A602268D1065FBF1A68D4
:109E1000111D196017680026A369DBB1012B07D15A
:109E20002B6862691B78D35CA3B9002E32D106E09F
:109E3000022B07D0002E2DD1A369012B2AD101209E
:109E4000BDE8F081F9F744FB2B681B781844437890
:109E50001B07EFD42368DA065EBF2B681B783B70C4
:109E60002A686B6802F101022A60A26803F1FF33DD
:109E700002F1FF326B6006F1010658BF0137A260A4
:109E800042B1002BC8DCD4F88031294640469847BF
:109E90000028C1D0236813F0100305D1E268013215
:109EA000E260A26902B13B7023691E442661002072
:109EB000C6E700002DE9F04F9A46744B0C468346E6
:109EC000164693E8070087B003ABA76883E807004E
:109ED0006F4BA1696F4A032908BF1A467B1EB3F571
:109EE000AE7F84BF40F25D13A3602368009243F409
:109EF000506388BF6FF4AE7504F11C0923608CBFFA
:109F00007F1900274B464FF000080193316803ABDF
:109F1000022253F828000978F9F7B2FB019B30B30D
:109F2000B8F1010F5AD162682AB92268082142F4B7
:109F3000007261602260226822F4A0622260A2683E
:109F4000511EA1609AB13268511C316012781A70AA
:109F50005D1C7368013B002B736007DCD4F8803113
:109F6000314658469847002840F086802B4608F135
:109F70000108B8F1030FC8D162680AB90A22626009
:109F80006268454960690193891A00F099F8019B5C
:109F90004FF000081D46A3682268002B3AD03168B4
:109FA000606991F800C010F80C00002832D0BCF1B4
:109FB000300F21D110051FD508F1010817B1013369
:109FC000013FA3607368013B002B73601BDD3368A6
:109FD00001333360A368013BA360DCE7B8F1020FF3
:109FE000ADD1226802F4C061B1F5007FBFD110216C
:109FF000616042F48072A1E722F4106222600B7863
:10A000002B700135DEE7D4F8803131465846984749
:10A010000028DFD02368D9050CD54D4508D915F89F
:10A02000011CD4F87C313246584698476F1E3D4695
:10A030004D4529D0226812F0100213D12A706368AE
:10A04000009E49465846B047DAF8003021681A1D8C
:10A05000CAF8002011F0200F1B6810D01860E368C8
:10A060000133E360A5EB0905A84425694544256152
:10A07000002007B0BDE8F08F4FF00008CAE7CA071C
:10A080004CBF18801860EAE70120F2E7C4FA050027
:10A090006161050079620500E0FA050038B5074CFA
:10A0A000054608461146002222601A4600F0CAFF03
:10A0B000431C02D1236803B12B6038BD249E0020CD
:10A0C00070B50B785E2B13BF4A1C8A1C4B7800219D
:10A0D00008BF0121441E00F1FF0504F8011FAC4236
:10A0E000FBD113B9013A104670BD81F00104C4548C
:10A0F000511C11F8015C2D2D01F1FF360A4606D0E6
:10A100005D2DF0D00DB93246EDE72B46EFE70E7826
:10A110005D2EFAD0B342F8DC01339E42C454FBDC1E
:10A120000231E6E79FED010A704700BF0000C07FE3
:10A130000CB430B5184BB1F1005F9DB00C461D68F2
:10A1400004D38B232B604FF0FF301EE04FF40273DB
:10A15000ADF8143002900690E1B101F18043013B6B
:10A160009B00049307934FF6FF73ADF81630209AC7
:10A1700021AB02A92846019300F05EF9002CE0D043
:10A18000029B0022A0421A60DBD21DB0BDE8304025
:10A1900002B070470B46E4E7146200202DE9F74F48
:10A1A0008046FEF77BFE40F2B173984540F39880FD
:10A1B0006FF4F66343449B1040F26D12A8F2B2753F
:10A1C00002FB05356FF06302A8F26D7393FBF2F3A7
:10A1D0001D444FF4C8736FF4C86298FBF3F703FB98
:10A1E00017874244B7FA87FC92FBF3F208F00303A7
:10A1F00015446422C0F8048098FBF2F64FEA5C1C18
:10A2000002FB1686044600F1500B00934FF0070E38
:10A21000227A63694A2A28D10099EA1801B906B955
:10A220000FBB3B2BD4BF0023012313445A1EA36949
:10A230002C4901FB0232A36A13441A46DB17C4E916
:10A2400008232834A345E3D1D0E90845D0E91223F7
:10A25000944275EB0303B4BF012300230360012084
:10A2600003B0BDE8F08F0023DFE7442A01D1EA18EC
:10A27000DDE7009A72BB002E0CBFE1464FF00109EA
:10A28000302202FB09F9E26801924FF000082A46E9
:10A2900008F10108144909EB880A8A4401995AF81F
:10A2A00004AC414518DC02F1040898FBFEF9C9EB47
:10A2B000C909A8EB0909B3EB0909236903F1FF33C5
:10A2C00048BF09F10709C3EBC3034B44534505DA03
:10A2D0001A44ACE7E146D3E75244D9E7073BF5E738
:10A2E0000020BDE780510100ECFA0500021F52F882
:10A2F000040F51F8043B984201D0C01A01E0002835
:10A30000F5D17047002303600439034651F8042F48
:10A310000AB91A60704743F8042BF7E710B50B46EB
:10A320006AB1013A09D053F8044B40F8044B002CB1
:10A33000F7D1581A8010013810BD0022026053F87E
:10A34000042B002AFBD1F4E77047704751F8043C16
:10A35000181F002BBCBF0B58C01870472DE9F04FD9
:10A3600085B0002B129F0E9EDDF84CB0DDE9101A6F
:10A370001D4627F02007BBBF03F100431D46002305
:10A380002D231446B8BF1446462F0B6004D0452F2A
:10A3900000D10136022100E0032103AB019302AB9F
:10A3A00000933246534645EC104BFDF771FB472FA7
:10A3B000804602D10F9BDB0726D5462F08EB060906
:10A3C00011D198F80030302B0AD10022002320460A
:10A3D0002946F8F765F918B9C6F10106CAF8006010
:10A3E000DAF8003099440022002320462946F8F785
:10A3F00057F938B93022039B4B4505D2591C0391BC
:10A400001A70F8E7CDF80C90039BA3EB0803CBF888
:10A4100000300023DBF800209A4202DD159A9342B7
:10A4200003DB149805B0BDE8F08F149918F80320E9
:10A4300041F823200133EDE72DE9F04FD7B01D4659
:10A4400000238B461D9307460B92FEF77FFD0368A2
:10A450001B781A93BBF80C301E0617D5DBF81030AA
:10A46000A3B940213846F9F7F3F9CBF80000CBF84F
:10A47000100040B90C233B604FF0FF330F930F984F
:10A4800057B0BDE8F08F4023CBF814309FEDBC7B74
:10A490008DED0C7B0023119313930F930B9E344689
:10A4A00054F8043B0BB1252B44D10B9B9E420ED09C
:10A4B000A6EB030843460B9A59463846FFF79BF92B
:10A4C000013000F0B0810F9B03EBA8030F933368BA
:10A4D000002B00F0A88100222346199211464FF06C
:10A4E000FF340E9292460A201E1DD3F800800B9670
:10A4F000B8F1630F00F0848100F29080B8F1300F62
:10A5000000F0758129D8B8F12A0F00F0478116D8DC
:10A51000B8F1200F00F02A81B8F1230F00F02A8152
:10A52000B8F1000F00F07F810023CDF8B8801993B7
:10A530000A9585E12646B2E71D460B9BD4E7B8F1A4
:10A540002D0F00F03481B8F12E0F00F03381B8F1F7
:10A550002B0FE5D101224146EFE7B8F1450F1FD09F
:10A5600013D8B8F1390FDBD800230E930E9B00FBF4
:10A570000388A8F130030E930B9B53F8048B0B93C5
:10A58000A8F13003092BF1D9B2E7B8F14C0F00F074
:10A590003181B8F1580F00F0CF80B8F1470FBFD12B
:10A5A00002B11991073525F0070595ED007B05F1FE
:10A5B00008038DED0C7B0A930C9B14930D9B23F0E9
:10A5C000004315934FF0FF326F4BDDE9140100F0AB
:10A5D000CBFC002840F03B814FF0FF326A4BDDE9B5
:10A5E0001401F8F771F8002840F0318100220023AF
:10A5F000DDE90C01F8F75EF808B12D231993634AE1
:10A60000634BB8F1470F8CBF9146994600232AF05F
:10A61000800A099303241E463546B7E1B8F16E0F50
:10A6200000F061822FD8B8F1670F20D8B8F1650F1C
:10A63000B6D202B119912A461AF0100F52F8043B13
:10A640000A9203D11AF0400F18BF1BB2002B02DA96
:10A650002D225B421992621C40F0AD82092B00F260
:10A66000D18230330DF5AC7949F8043DBFE2B8F141
:10A67000690FDED0C0F0C180B8F16C0F7FF450AF2D
:10A680004AF0100A59E7B8F1710FF9D026D8B8F19D
:10A690006F0F00F04382B8F1700F7FF441AF2B1DB4
:10A6A000302278210A93CDE91E212B68394A119274
:10A6B0004AF0020A022288460021601C199100F02B
:10A6C0007D8251462AF0800A002B40F07782002CD0
:10A6D00000F0B282012A40F07482C2E7B8F1750F2F
:10A6E00000F05882B8F1780F00F06182B8F1730F72
:10A6F0007FF416AF2B1D0A93D5F8009000231AF0B3
:10A700001005199340F02E82661C00F01582224637
:10A71000194648462646F8F7B3FF08B1A0EB0906EC
:10A72000272E40F20E82711C89003846F9F790F806
:10A73000002872D0099007E202B11991164B1193CB
:10A740002A461AF0100F52F8043B0A9203D11AF06D
:10A75000400F18BF9BB21AF0010F05D023B1302271
:10A76000CDE91E284AF0020A0222A5E700297FF45B
:10A77000E4AEEFE64AF0010ADFE600BFAFF3008087
:10A780000000000000000000FFFFEF7F5CFB050001
:10A790004CFB0500D0FB05008CFB05002B1D2D6834
:10A7A0000E95002DBFF6C8AE6D420E951D464AF0BF
:10A7B000040AC2E60B9C0B9BD4F80080B8F12A0F68
:10A7C00003F1040311D12C680B9344EAE4740435BB
:10A7D000B3E653F8048B00FB0464A8F13006092E9D
:10A7E000F7D944EAE4740B9382E60024F5E74AF0D3
:10A7F000800AA2E64AF0080A9FE64AF0400A9CE670
:10A8000002B119912B461AF0100F53F8040B0A935A
:10A8100012D1F8F78DF9441C0ED1BBF80C3043F07F
:10A820004003ABF80C30BBF80C3013F0400F0F9B1B
:10A8300018BF4FF0FF3321E600232E902F9319937A
:10A84000099301241E461D460DF1B8099EE0DDE97D
:10A850000C231046194600F087FB38B10D9BAC4A1B
:10A86000002BBCBF2D231993AA4BCAE6611C00F034
:10A87000FF8028F02003472B02D1002C08BF0124C1
:10A880004AF480731093282307931DABCDE904830A
:10A89000109B2EA91CAE1BAD0691CDE9004303967B
:10A8A0000295DDE90C2338460991FFF757FD099918
:10A8B0008842814640F0DE801D99282940F3DA80E5
:10A8C00089003846F8F7C4FF09900028A5D01D9BE1
:10A8D0000793099B06931DABCDE90483109BCDE93B
:10A8E0000256CDE900433846DDE90C23FFF736FD7B
:10A8F000814628F02003472B1C9D40F0BE80EA1CB7
:10A900001D9B02DBAC4280F2D880A8F102086B1ECE
:10A91000002B1C93BABFC5F101032D222B22092B5A
:10A92000CDF88080219240F3BC802EAA0A2493FBAC
:10A93000F4F004FB10333033092842F8043CA2F150
:10A940000401034600F3A680303341F8043C083A82
:10A9500022A92EA882420B46C0F09E8020AA9B1AF4
:10A960009B1013931D9B139A012B03EB020402DC33
:10A970001AF0010501D0013400251B9E002E00F0C5
:10A9800063812D23DDF840A019930026A6423346AB
:10A99000B8BF23461093199B13B1109B013310933A
:10A9A0001AF0020316931EBF109B023310931AF085
:10A9B0008403179300F04D81199B43B1042319AA16
:10A9C00059463846FEF717FF013000F05581169BB7
:10A9D00043B108231EAA59463846FEF70CFF013042
:10A9E00000F04A81179B802B12D10E9B109A9B1A64
:10A9F000002B12930CDD129B102B00F352819B0055
:10AA0000454A59463846FEF7F6FE013000F03481DB
:10AA1000361B002E0BDD102E00F34F81B3003E4A93
:10AA200059463846FEF7E7FE013000F025811AF45A
:10AA3000807F40F04C81A3004A4659463846FEF7D5
:10AA4000DAFE013000F018811AF0040F40F06B823A
:10AA5000DDE90E2310998A42ACBF9B185B180F9357
:10AA6000099B002B51D009993846F8F7A3FE4CE01A
:10AA7000062405E7002309933BE7B8F1660F7FF44E
:10AA800046AF002D13DD14B91AF0010F25D00134A3
:10AA90002C4472E70A464AE752F8043B41F8043B6B
:10AAA00058E7302213442393229224AB56E714B97B
:10AAB0001AF0010F13D002345FE7AB4206DC1AF044
:10AAC000010F0ED06C1C4FF0670856E7002DD4BF65
:10AAD000C5F1020401241C44F5E72C464DE701248E
:10AAE0004BE72C46EFE702B119912B1D1AF0100F1E
:10AAF0000A9303D02B680F9A1A6006E01AF0400FF1
:10AB0000F8D02B68BDF83C201A800A9DC6E400BF2F
:10AB10007CFB05006CFB05005CFC05002A461AF076
:10AB2000100152F8043B0A9204D11AF040023FF49B
:10AB3000C3AD9BB20022BFE54846FAF701FC0646CA
:10AB4000EEE5002309932EA80024A64204D1002696
:10AB500040F82460814619E719F8043040F82430A1
:10AB60000134F2E7651C10D0224600214846FCF76C
:10AB700051FE099000286AD0A0EB09039B109C426B
:10AB8000A8BF1C460023099345E54846FCF7C6FCD0
:10AB90000446F7E72A461AF0100F52F8043B0A92CF
:10ABA00003D11AF0400F00D09BB2012284E502B11C
:10ABB0001991B74BC3E55146012283E5012A3FF4C1
:10ABC0004DAD022A2CD056AA03F007013031DB0824
:10ABD000A2F1040942F8041C12D11AF0010F06D0A8
:10ABE000302904D0302349F8043CA2F1080956ABBF
:10ABF0002646A3EB09040023A41009931D46C5E6CD
:10AC00004A46E1E70DF5AC790A21B3FBF1F201FB0D
:10AC10001233303349F8043D1346002AF5D1E6E7F4
:10AC20000DF5AC7903F00F0211991B0951F82220A0
:10AC300049F8042DF6D1DAE70DF5AC79002AD6D122
:10AC4000C907D4D530230FE5DDF840A09EE6099E64
:10AC5000E2E40E9B109A9B1A002B12937FF7ACAE86
:10AC6000129B102B11DC9B008A4A59463846FEF78E
:10AC7000C2FD01307FF4A0AE099B002B3FF4D3ADA1
:10AC800019463846F8F796FDCDE54023814A5946E6
:10AC90003846FEF7B0FD0130EED0129B103B129308
:10ACA000DEE740237C4A59463846FEF7A4FD0130D2
:10ACB000E2D0129B103B12939DE64023764A594600
:10ACC0003846FEF798FD0130D6D0103EA3E6B8F125
:10ACD000650F40F2E58000220023DDE90C01F7F763
:10ACE000DFFC60B304236D4A59463846FEF783FD06
:10ACF0000130C1D0DDE91C239A4203DB1AF0010FB9
:10AD00003FF4A2AE04231AAA59463846FEF773FD53
:10AD10000130B1D01D9C013C002C7FF795AE5E4DFB
:10AD2000102C02DCA3005C4A87E640232A465946E1
:10AD30003846FEF760FD01309ED0103CF0E71C9BCA
:10AD4000002B35DC0423554A59463846FEF753FD9F
:10AD5000013091D01C9B2BB91D9B1BB91AF0010F20
:10AD60003FF472AE04231AAA59463846FEF743FD53
:10AD7000013081D01C9C002C0CDA474D6442102C11
:10AD80000BDCA300444A59463846FEF734FD013037
:10AD90003FF472AF1D9B9B004EE640232A46594666
:10ADA0003846FEF728FD01303FF466AF103CE6E779
:10ADB0001D9C44F31D04AC42A8BF2C46002C20DC93
:10ADC000002CACBF2C1B2C46002C0BDD324E102C63
:10ADD00020DCA300304A59463846FEF70CFD01300E
:10ADE0003FF44AAFDDE91C239A424FEA85051CDA9D
:10ADF00004231AAA59463846FEF7FDFC013017D144
:10AE00003AE7A3004A4659463846FEF7F4FC0130BB
:10AE1000D6D131E74023324659463846FEF7EBFC9F
:10AE200001303FF429AF103CD1E71AF0010FDFD118
:10AE30001D9BC5EB8304A2101C9C1C1B9442A8BF45
:10AE40001446002C09DDA30009EB050259463846DB
:10AE5000FEF7D1FC01303FF40FAFDDE91C23002CDD
:10AE6000A3EB0203ACBF1C1B1C46002C7FF7ECAD10
:10AE7000094D102C7FF756AF40232A4659463846D5
:10AE8000FEF7B9FC01303FF4F7AE103CF1E700BF2C
:10AE9000D0FB05001CFC05005CFC050014FC050053
:10AEA0001D9B012B4A464FF004035946384602DCED
:10AEB0001AF0010F1BD0FEF79EFC01303FF4DCAE10
:10AEC00004231AAA59463846FEF795FC01303FF490
:10AED000D3AE1D9C00220023DDE90C01013CF7F7F5
:10AEE000DFFB68B9A30009F1040259463846FEF7B2
:10AEF00082FC01303FF4C0AE139B20AA9B009CE56E
:10AF0000002CF9DD164D102C02DCA300144AECE7EE
:10AF100040232A4659463846FEF76DFC01303FF47F
:10AF2000ABAE103CEFE70E9B109A9C1A002C7FF7FB
:10AF30008FAD102C09DCA3000A4A59463846FEF7AB
:10AF40005AFC01307FF484AD96E64023054A594609
:10AF50003846FEF750FC01303FF48EAE103CE8E777
:10AF60005CFC05001CFC05004FEA410C7FEA6C5CB0
:10AF700002D150EA013C0AD14FEA430C7FEA6C5CF3
:10AF800002D152EA033C02D14FF0000070474FF06B
:10AF9000010070474FEA410212F5001215D211D597
:10AFA0006FF47873B3EB625212D94FEAC12343F0C6
:10AFB000004343EA505311F0004F23FA02F018BF48
:10AFC000404270474FF00000704750EA013005D111
:10AFD00011F0004008BF6FF0004070474FF00000D4
:10AFE000704700BF024B58221A604FF0FF30704785
:10AFF000249E0020024B58221A604FF0FF30704709
:10B00000249E0020024B58221A604FF0FF307047F8
:10B01000249E0020024B58221A600020704700BF77
:10B02000249E0020024B58221A604FF0FF307047D8
:10B03000249E0020024B58221A604FF0FF307047C8
:10B04000249E0020024B58221A604FF0FF307047B8
:10B05000249E0020FEE700BFF8B500BFF8BC08BC86
:10B060009E467047F8B500BFF8BC08BC9E467047C6
:10B0700054696E795553422053657269616C0000C2
:10B08000000000000000000031650200896302003A
:10B09000796302006D630200F16202003D63020009
:10B0A00011630200D1630200F0FFFFFF0000000007
:10B0B0002965020012010002000000409A23298045
:10B0C000000101020301000009020900000100A0C3
:10B0D00032000000303132333435363738394142AE
:10B0E000434445464C696C79676F0000542D496DA7
:10B0F00070756C73652D506C75732D6E52463532BC
:10B100003834300041646166727569740000000073
:10B110004D6173732053746F7261676500000000A6
:10B12000312E30007573626400000000050F390095
:10B13000021810050038B60834A909A0478BFDA0F5
:10B14000768815B665000101011C100500DF60DD81
:10B15000D88945C74C9CD2659D9E648A9F00000398
:10B1600006B2000200010300000000001970020096
:10B17000A9700200D57002001D7102002972020040
:10B18000FD7202000000000000000000757D02005A
:10B1900000000000857D0200957D02002D7E0200EA
:10B1A0007D7F02000000000000000000B574020076
:10B1B000CD740200D1740200E9740200B17502007E
:10B1C000D97702000000000000000000758C02002A
:10B1D000998C02009D8C0200C18C0200E98D020056
:10B1E000699502000000000000000000997802004C
:10B1F00009790200357902005D790200917A020036
:10B20000957A020000000000000000004D86020058
:10B21000A5860200C1860200E58602003D6D02009F
:10B220001D880200000000005F757362645F716436
:10B23000656600000000000000000000EDCB020089
:10B24000F5CB020001CC020019CC0200F1CB0200C8
:10B250005B5358313236325D200000002066616950
:10B260006C65642C20636F64652000005B5358316B
:10B270003236325D205472616E736D697474696E1A
:10B2800067207061636B657420000000202E2E2EF5
:10B290002000000073756363657373006661696CF9
:10B2A00065642C20636F64652000000053474D34B3
:10B2B00031353632787820696E697469616C697AE3
:10B2C0006174696F6E206661696C656400000000DE
:10B2D00053474D3431353632787820696E69746958
:10B2E000616C697A6174696F6E20737563636573ED
:10B2F0007366756C00000000696E697469616C6941
:10B300007A6174696F6E000063757272656E742085
:10B310006C696D697420636F6E66696775726174BC
:10B32000696F6E0043524320636F6E666967757282
:10B330006174696F6E000000542D496D70756C73F7
:10B340006520506C7573204C6F5261206365727478
:10B35000696669636174696F6E2074657374000057
:10B360004672657175656E63793A203931352E30D4
:10B37000204D487A0000000042616E647769647471
:10B38000683A203530302E30206B487A00000000BB
:10B390004F757470757420706F7765723A2037201E
:10B3A00064426D005472616E736D697420696E74CD
:10B3B000657276616C3A2033303030206D73000056
:10B3C000705F73706920213D204E554C4C00000089
:10B3D000433A5C55736572735C584B5C2E706C61BC
:10B3E00074666F726D696F5C7061636B61676573C2
:10B3F0005C6672616D65776F726B2D6172647569E1
:10B400006E6F61646166727569746E726635325C06
:10B410006C69627261726965735C5350495C535028
:10B42000492E637070000000535049436C61737380
:10B430003A3A535049436C617373284E52465F53F6
:10B4400050494D5F547970652A2C2075696E7438A7
:10B450005F742C2075696E74385F742C2075696E6A
:10B4600074385F7429000000000000000000000034
:10B47000F5D302001DD40200996A0200D9D302005C
:10B48000DDD30200E5D30200EDD302006C696272E5
:10B4900061726965735C6370705F6275735F64721B
:10B4A000697665725C7372635C6275735C69326342
:10B4B0005C68617264776172655F6932635F322EC6
:10B4C00063707000486172647761726549326332FB
:10B4D00020636F6E66696720616464726573733A96
:10B4E000202523580A000000486172647761726564
:10B4F0004932633220636F6E666967207364615FEF
:10B500003A2025640A000000486172647761726520
:10B510004932633220636F6E6669672073636C5FC4
:10B520003A2025640A000000486172647761726500
:10B530004932633220636F6E666967206672657197
:10B540005F687A3A20256420687A0A006164647230
:10B55000657373206973206E756C6C0A00000000BF
:10B560005772697465206661696C65640A00000041
:10B570006275666665722069732066756C6C20283A
:10B580007772697474656E3A2025752C2065787021
:10B5900065637465643A202575290A0064617461E5
:10B5A00020746F6F206C6F6E670A00006E61636BB2
:10B5B000206F6E207472616E736D6974206F6620E7
:10B5C000616464726573730A000000006E61636BEE
:10B5D000206F6E207472616E736D6974206F6620C7
:10B5E000646174610A0000006F746865722065729E
:10B5F000726F720A0000000072657175657374469F
:10B60000726F6D206661696C65640A00000000005D
:10B61000000000000000000000000000000000002A
:10B6200000000000AD590300AD590300AD590300FF
:10B63000AD590300AD59030099E402005CB6050062
:10B640001CB605001CB605005CB605000000000035
:10B65000000000000000000000000000F9D8020017
:10B6600019DC020009D9020039DC0200F5D9020018
:10B67000F5DA0200F9DB0200E9D90200E8B80500BA
:10B68000F4B8050000B905000CB9050018B90500AB
:10B69000526561642064657669636520696420662B
:10B6A00061696C65640A00004368697020697320F1
:10B6B0006E6F7420696E697469616C697A65640A79
:10B6C0000000000052656164207265736574207625
:10B6D000616C756573206661696C65640A000000C1
:10B6E000556E6B6E6F776E20696420307830302035
:10B6F00072657365742076616C7565732028524598
:10B700004730343A202523582C2052454730373AC9
:10B7100020252358290A00000078030773030640F8
:10B7200003051A030840030CCA0301A400780307A9
:10B73000B703064003051A0308400301A4000000F4
:10B74000556E6B6E6F776E0052656164207265672F
:10B750006973746572206661696C65640A00000033
:10B7600057726974652072656769737465722066C3
:10B7700061696C65640A00005368697070696E677E
:10B78000206D6F64652064656C6179206F7574202D
:10B790006F662072616E67650A0000005273742044
:10B7A0006661696C65640A00496E69742066616946
:10B7B0006C65640A00000000556E737570706F72DE
:10B7C0007465642053474D343135363278782069BA
:10B7D000643A202523580A00526573657420726507
:10B7E00067697374657273206661696C65640A00C9
:10B7F0004964656E746966792053474D3431353636
:10B80000327878206661696C6564202869643A2022
:10B81000252358290A000000496E69745365717523
:10B82000656E6365206661696C65640A00000000EE
:10B83000476574202573206964207375636365739D
:10B8400073202869643A20252358290A0000000043
:10B850006C69627261726965735C6370705F627556
:10B86000735F6472697665725C7372635C63686946
:10B87000705C6932635C73676D3431353632787869
:10B880002E637070000000004465696E6974206664
:10B8900061696C65640A000000000000000000009F
:10B8A0000000000000000000000000000000000098
:10B8B000C9E502006DE50200D8B80500A8B805008A
:10B8C000A8B80500D8B8050000000000000000007E
:10B8D0000000000000000000D1DD020011DD0200C8
:10B8E0001DDF0200C1DC020053474D3431353632D2
:10B8F0000000000053474D3431353632410000001E
:10B9000053474D34313536324200000053474D34F1
:10B91000313536325300000053474D34313536321D
:10B9200053410000DCB90500E4B9050034B9050055
:10B93000ECB905005761726E696E67005B637070E9
:10B940005F6275735F647269766572206C6F675DA4
:10B950005B25735D2D3E5B25735D5B2575206C69F2
:10B960006E655D3A202573006C696272617269656B
:10B97000735C6370705F6275735F64726976657221
:10B980005C7372635C746F6F6C2E63707000000088
:10B9900056616C7565206F7574206F662072616EDC
:10B9A000676520286770696F2070696E3A2025648A
:10B9B000290A0000496E76616C69642061726775BE
:10B9C0006D656E740A00000056616C7565206F75B8
:10B9D00074206F662072616E67650A004465627547
:10B9E00067000000496E666F000000004572726FCC
:10B9F0007200000052656164206661696C65640ACA
:10BA0000000000006C69627261726965735C63704A
:10BA1000705F6275735F6472697665725C7372637E
:10BA20005C6275735C6275735F67756964652E63CC
:10BA300070700000436869704932634775696465D6
:10BA400020496E697453657175656E63652073680E
:10BA50006F7274206461746120286572726F722045
:10BA6000696E6465783A20257A75290A000000001D
:10BA70004368697049326347756964652077726904
:10BA80007465206661696C656420286572726F72E6
:10BA900020696E6465783A20257A75290A000000CD
:10BAA00043686970493263477569646520496E6906
:10BAB0007453657175656E6365206661696C656454
:10BAC00020286572726F7220696E6465783A20254D
:10BAD0007A75290A0000000050726F626520666165
:10BAE000696C656420286E6F7420666F756E6420C3
:10BAF000616464726573733A20252358290A000033
:10BB00006C69627261726965735C6370705F6275A3
:10BB1000735F6472697665725C7372635C63686993
:10BB2000705C636869705F67756964652E637070C7
:10BB3000000000000000FFFF000080000000000087
:10BB4000080008000000000000000000E8030000FA
:10BB5000FFFFFFFFFFFFFFFFFFFFFFFFFFFFFFFFF5
:10BB6000FFFFFFFF000000000000000031FB0200AB
:10BB700021FB020011FB020001FB0200F5FA0200AA
:10BB8000EDFA020015FA0200E9FA0200B1FA020029
:10BB90009DFA02002DFA02008DFA02003DFA020021
:10BBA00085FA020035FA020061FB020041FB020047
:10BBB00071FA020065FA020061FA020029FA020035
:10BBC0000338FDD870470000535831323631000039
:10BBD0000000000000000000E9140300D10303008E
:10BBE00085040300AD4C0300C1120300C913030018
:10BBF000211E030099170300ED0C0300890D0300BB
:10BC0000C5040300410003006DFC020001070300AE
:10BC100001060300310903006D0A030075080300E3
:10BC2000EDFB0200C5FB0200A90B03000910030095
:10BC300019240300A90003002D050300410403009B
:10BC4000F1070300A5010300E1FF02007D000300EE
:10BC5000C90503008905030081350300413603004F
:10BC6000E9090300BDFF020029340300DD0E0300D3
:10BC70001104030095030300214D03001104030088
:10BC8000B103030011040300B10303001104030016
:10BC9000B1030300D1FC02004503030001000300CF
:10BCA00055000300FFFFFFFF0000000080010000BF
:10BCB0008001000012AD101B0108AC0012AD0000A5
:10BCC0000000000000000000E9140300D10303009D
:10BCD00085040300AD4C0300C1120300C913030027
:10BCE000211E030099170300ED0C0300890D0300CA
:10BCF000C504030041000300C54C03000107030015
:10BD000001060300310903006D0A030075080300F2
:10BD1000D54C0300DD4C0300A90B03000910030000
:10BD200019240300A90003002D05030041040300AA
:10BD3000F1070300A5010300E1FF02007D000300FD
:10BD4000C90503008905030081350300413603005E
:10BD5000E9090300BDFF020029340300DD0E0300E2
:10BD60001104030095030300214D03001104030097
:10BD7000B103030011040300B10303001104030025
:10BD8000B1030300AD4C03004503030001000300B1
:10BD90005500030001010000010001000000010046
:10BDA000010000005000B00018017801B002180333
:10BDB000C8053006300C980C0F060300001224361C
:10BDC000480416283A4C081A2C3E0C1E3042102209
:10BDD000344601132537490517293B4D091B2D3FD3
:10BDE0000D1F314311233547021426384A06182AFD
:10BDF0003C4E0A1C2E400E203244031527394B07B7
:10BE0000192B3D4F0B1D2F410F2133450000000022
:10BE100000000000954C0300A54C03002D4D0300CD
:10BE2000AD4C0300A54C0300B54C03009D4C030032
:10BE3000954C0300A54C03009D4C0300BD4C030032
:10BE4000A54C0300C54C0300C54C0300C54C0300C2
:10BE5000AD4C0300AD4C0300CD4C0300D54C0300AA
:10BE6000DD4C03009D4C0300BD4C0300E54C03007A
:10BE7000E54C0300F54C0300F94C0300F94C0300BA
:10BE8000014D0300014D0300054D0300BD4C0300AF
:10BE9000BD4C0300A54C03000D4D0300A54C030051
:10BEA000A54C03000D4D0300154D0300194D030073
:10BEB0001D4D0300214D0300194D0300294D0300C2
:10BEC000194D0300294D0300194D0300294D0300AE
:10BED000AD4C03000D4D0300AD590300302112039A
:10BEE0001203302103122130213003124370340732
:10BEF000251652615261251634074370073470438A
:10BF00006152162516256152704307343407437079
:10BF10005261251625165261437034077043073469
:10BF20001625615261521625073470430000000047
:10BF300000000000AD590300AD590300AD590300E6
:10BF4000AD590300AD590300AD590300AD590300CD
:10BF5000AD590300AD590300AD590300AD590300BD
:10BF6000AD590300AD590300AD590300AD590300AD
:10BF700099500300995003009D500300A150030005
:10BF800099500300A55003000000000001000000CC
:10BF90000200000003000000040000000500000093
:10BFA0000600000007000000080000000900000073
:10BFB0000A0000000B0000000C0000000D00000053
:10BFC0000E0000000F000000100000001100000033
:10BFD0001200000013000000140000001500000013
:10BFE00016000000170000001800000019000000F3
:10BFF0001A0000001B0000001C0000001D000000D3
:10C000001E0000001F0000002000000021000000B2
:10C010002200000023000000240000002500000092
:10C020002600000027000000280000002900000072
:10C030002A0000002B0000002C0000002D00000052
:10C040002E0000002F0000000D0A0000546D7251F8
:10C0500000000000546D7220537663006C6F6F70A7
:10C060000000000043616C6C6261636B00000000C3
:10C0700058980020949700203C9800208897002032
:10C080004498002090970020609800209C97002002
:10C090005C9800209897002068980020A4970020C2
:10C0A00064980020A0970020409800208C970020E2
:10C0B00044970020D497002028970020C89700209C
:10C0C00030970020D09700204C970020DC9700206C
:10C0D00048970020D897002054970020E49700202C
:10C0E00050970020E09700202C970020CC9700204C
:10C0F000000000000000000000000000FCEA050055
:10C10000499703008597030000000000F0EA05004E
:10C1100099970300D59703000000000094C905001B
:10C12000E9970300259803000000000088C9050076
:10C13000399803007598030000000000D8EA050054
:10C14000D99B03000D9C03000000000070C905008E
:10C15000219C0300559C0300747275650066616C38
:10C16000736500007400000072000000750000009C
:10C170006500000000000000660000006100000093
:10C180006C0000007300000065000000000000006B
:10C19000020300042D2B78583031323334353637D2
:10C1A000383961626364656630313233343536372D
:10C1B0003839414243444546002D2B7858303132BE
:10C1C00033343536373839616263646566414243DA
:10C1D000444546002D303132333435363738390056
:10C1E000474D540048535400414B5354005053544E
:10C1F000004D53540043535400455354004153548D
:10C20000004E53540043455400495354004545548F
:10C21000004A535400000000470000004D00000099
:10C22000540000000000000048000000530000001F
:10C230005400000000000000410000004B0000001E
:10C2400053000000540000000000000050000000F7
:10C250005300000054000000000000004D000000EA
:10C2600053000000540000000000000043000000E4
:10C2700053000000540000000000000045000000D2
:10C2800053000000540000000000000041000000C6
:10C290005300000054000000000000004E000000A9
:10C2A00053000000540000000000000043000000A4
:10C2B000450000005400000000000000490000009C
:10C2C0005300000054000000000000004500000082
:10C2D0004500000054000000000000004A0000007B
:10C2E0005300000054000000000000004300000064
:10C2F00034EF0500F8C205004E5374366C6F63616D
:10C300006C6535666163657445006C6F63616C656F
:10C310003A3A66616365743A3A5F535F6372656186
:10C3200074655F635F6C6F63616C65206E616D65E2
:10C33000206E6F742076616C696400254C66004342
:10C3400000000000C0EE05005CC3050008EB05001E
:10C35000C0EE050077C30500C0C9050053743763FC
:10C360006F646563767449636331305F6D627374C3
:10C370006174655F744500537437636F64656376F9
:10C380007449776331305F6D6273746174655F7493
:10C39000450000000000000044C30500E9A50300BB
:10C3A0000DA60300BBA50300C9A50300BBA50300A0
:10C3B000D1A50300D5A50300D9A50300D1A503008D
:10C3C0000000000050C3050021A6030045A603009D
:10C3D000B5100500C9A503006B110500D3110500B8
:10C3E000E5A50300E5110500E111050000000000CE
:10C3F00020C4050099A60300C1A6030000000000A8
:10C400002CC40500ADA60300D3A6030062617369C6
:10C41000635F696F733A3A636C6561720000000094
:10C42000C0EE050038C4050080E80500C0EE050038
:10C430005AC4050080E8050053743962617369636A
:10C440005F696F73496353743131636861725F74FC
:10C45000726169747349634545005374396261734D
:10C4600069635F696F7349775374313163686172CF
:10C470005F747261697473497745450062617369DD
:10C48000635F737472696E673A3A636F70790025FF
:10C49000733A205F5F706F73202877686963682044
:10C4A000697320257A7529203E20746869732D3EB2
:10C4B00073697A6528292028776869636820697319
:10C4C00020257A75290062617369635F73747269EC
:10C4D0006E673A3A5F4D5F7265706C6163650062CA
:10C4E000617369635F737472696E673A3A5F4D5F37
:10C4F000636F6E737472756374206E756C6C206EEE
:10C500006F742076616C69640062617369635F7344
:10C510007472696E673A3A5F4D5F7265706C616301
:10C52000655F6175780062617369635F73747269D6
:10C530006E673A3A65726173650062617369635F41
:10C54000737472696E673A3A617070656E64006206
:10C55000617369635F737472696E673A3A696E7387
:10C560006572740062617369635F737472696E6788
:10C570003A3A5F4D5F6372656174650000000000C8
:10C58000FCC50500E5AF030015B0030013AF0300C1
:10C5900015AF030017AF03002DAF030049AF030031
:10C5A0004DAF0300E5B0030051AF030057AF0300E8
:10C5B0006FAF030039B0030075AF03000000000047
:10C5C00004C60500FDAF030027B003007BAF0300E6
:10C5D0007DAF03007FAF030095AF0300B1AF030051
:10C5E000B5AF030037B10300B9AF0300BFAF03001D
:10C5F000D7AF03008BB00300DDAF030034EF0500BD
:10C600000CC6050034EF050035C6050053743135FE
:10C6100062617369635F73747265616D62756649A7
:10C620006353743131636861725F747261697473EA
:10C6300049634545005374313562617369635F73C3
:10C64000747265616D6275664977537431316368E0
:10C6500061725F7472616974734977454500537400
:10C660003974696D655F62617365000034EF0500C0
:10C670005EC605005374313063747970655F626122
:10C680007365000034EF050074C605005374313043
:10C690006D6F6E65795F62617365000034EF050050
:10C6A0008CC60500537431336D65737361676573B0
:10C6B0005F6261736500000034EF0500A4C60500E9
:10C6C00053743132636F64656376745F626173655E
:10C6D0000000000034EF0500C0C6050000000000A7
:10C6E000E0C90500E5B8030001B9030063B9030020
:10C6F000E5B90300BBB6030000000000A0C90500B7
:10C700000000000000000000AD590300AD59030017
:10C71000AD590300AD590300AD590300AD590300F5
:10C72000AD590300AD590300AD590300AD590300E5
:10C73000AD590300AD5903000000000024CA0500F4
:10C74000E19D0300019E0300A5B60300ABB6030004
:10C75000FFB703008BB803009FB803000000000080
:10C76000ECC90500F5B603007DB7030097EE0300A2
:10C7700061EE03002DF3030041F6030055F90300B9
:10C7800095FD03003D010400ADE903003DEA03000F
:10C79000CDEA03008BF9030000000000F8C9050092
:10C7A00009B703008FB703004FD2030029D203005B
:10C7B00053D4030017D603005BD7030089D90300C5
:10C7C000B3DB030079D40300000000007CC905003E
:10C7D0001DB70300A1B703000000000064C90500F5
:10C7E00015B9030051B903000000000044C9050059
:10C7F000719B0300919B030043B6030049B60300FD
:10C80000EBB703004FB8030063B8030077B8030029
:10C810004FB6030055B603007DB6030000000000CC
:10C8200024C90500A59B0300C59B0300E1B50300D7
:10C83000E7B50300D7B7030013B8030027B8030018
:10C840003BB80300EDB50300F3B503001BB60300CE
:10C850000000000004CA0500B5B80300D1B8030009
:10C86000B5B60300171C0500B9B6030000000000B0
:10C87000C0C905000000000000000000AD59030021
:10C88000AD590300AD590300AD590300AD59030084
:10C89000AD590300AD590300000000005CCA05005B
:10C8A000CDB6030059B70300150C0400990C040021
:10C8B0000000000068CA0500E1B603006BB7030082
:10C8C000C5CE0300D5CF03000000000050CA05000C
:10C8D00031B70300B3B70300D9DB03000000000049
:10C8E00030CA050045B70300C5B70300B1B6030061
:10C8F00073010400E501040057020400FB02040078
:10C900009F030400256D2F25642F25790025483AC3
:10C91000254D0025483A254D3A255300252E2A4C11
:10C920006600000060EE050074CA0500000000000B
:10C9300002000000F0C20500020000009CC60500D5
:10C940000200000060EE05008ACA05000000000039
:10C9500002000000F0C20500020000009CC60500B5
:10C9600002000000C0EE0500A0CA0500F0C20500EC
:10C97000C0EE0500B3CA0500F0C20500C0EE050018
:10C98000CBCA0500F0C20500C0EE0500E4CA0500F0
:10C99000F0C20500C0EE050002CB0500F0C20500A4
:10C9A00060EE050020CB0500000000000200000042
:10C9B000F0C205000200000084C60500020000006D
:10C9C00060EE05003DCB0500000000000200000005
:10C9D000F0C2050002000000D4C6050002000000FD
:10C9E000C0EE050069CB0500F0C20500C0EE0500F1
:10C9F00077CB0500F0C20500C0EE0500B1CB050005
:10CA0000F0C2050060EE0500EBCB05000000000061
:10CA100002000000F0C2050002000000B8C60500D8
:10CA200002000000C0EE0500FACB0500F0C20500D0
:10CA300060EE050009CC05000000000002000000C7
:10CA4000F0C20500020000006CC6050002000000F4
:10CA5000C0EE050044CC0500F0C20500C0EE0500A4
:10CA60007FCC0500F0C20500C0EE0500BBCC050080
:10CA7000F0C20500537431306D6F6E657970756E5C
:10CA8000637449774C6230454500537431306D6FA3
:10CA90006E657970756E637449774C6231454500F7
:10CAA000537431315F5F74696D6570756E6374497D
:10CAB000774500537431365F5F6E756D70756E63C8
:10CAC000745F636163686549774500537431375F0C
:10CAD0005F74696D6570756E63745F6361636865CB
:10CAE00049774500537431385F5F6D6F6E657970BB
:10CAF000756E63745F636163686549774C62304546
:10CB00004500537431385F5F6D6F6E657970756E77
:10CB100063745F636163686549774C6231454500C2
:10CB2000537432315F5F63747970655F61627374EF
:10CB3000726163745F626173654977450053743253
:10CB4000335F5F636F64656376745F616273747291
:10CB50006163745F6261736549776331305F6D62F1
:10CB600073746174655F744500537437636F6C6CE4
:10CB7000617465497745005374376E756D5F6765FD
:10CB8000744977537431396973747265616D627574
:10CB9000665F6974657261746F724977537431317D
:10CBA000636861725F747261697473497745454562
:10CBB000005374376E756D5F7075744977537431B7
:10CBC000396F73747265616D6275665F69746572E1
:10CBD00061746F72497753743131636861725F7445
:10CBE00072616974734977454545005374386D65C2
:10CBF000737361676573497745005374386E756D5B
:10CC000070756E63744977450053743874696D6547
:10CC10005F676574497753743139697374726561FC
:10CC20006D6275665F6974657261746F724977537E
:10CC3000743131636861725F7472616974734977CA
:10CC40004545450053743874696D655F7075744966
:10CC500077537431396F73747265616D6275665F95
:10CC60006974657261746F724977537431316368A6
:10CC700061725F7472616974734977454545005309
:10CC800074396D6F6E65795F676574497753743178
:10CC9000396973747265616D6275665F6974657216
:10CCA00061746F72497753743131636861725F7474
:10CCB00072616974734977454545005374396D6FE6
:10CCC0006E65795F7075744977537431396F737419
:10CCD0007265616D6275665F6974657261746F72A9
:10CCE000497753743131636861725F74726169743A
:10CCF0007349774545450062617369635F73747278
:10CD0000696E673A3A5F535F636F6E7374727563EF
:10CD100074206E756C6C206E6F742076616C696423
:10CD20000062617369635F737472696E673A3A5F38
:10CD3000535F6372656174650062617369635F73F9
:10CD40007472696E673A3A61737369676E00626103
:10CD50007369635F737472696E673A3A7265736977
:10CD60007A65000000000000E4CD0500051604000F
:10CD70001916040013AF030015AF0300AD1604002D
:10CD80009D1504007D1604004DAF0300FB17040041
:10CD90004B1604003D1604005F160400E91704005A
:10CDA0008916040000000000F0CD0500F115040014
:10CDB0002B1604007BAF03007DAF0300EB160400CD
:10CDC000C715040083160400B5AF0300371704002D
:10CDD0006F1704002917040083170400C517040007
:10CDE000A1170400C0EE0500FCCD0500FCC5050040
:10CDF000C0EE050032CE050004C605004E395F5F67
:10CE0000676E755F6378783138737464696F5F73C8
:10CE1000796E635F66696C656275664963537431E8
:10CE200031636861725F7472616974734963454507
:10CE300045004E395F5F676E755F63787831387390
:10CE40007464696F5F73796E635F66696C65627540
:10CE500066497753743131636861725F74726169D6
:10CE600074734977454545007CCE050090CE05009A
:10CE70000400000000000000C8CE05005D1804009A
:10CE8000B5180400FCFFFFFFFCFFFFFFC8CE050044
:10CE900079180400C7180400ACCE0500C0CE050008
:10CEA0000400000000000000E0CE05008918040026
:10CEB000D7180400FCFFFFFFFCFFFFFFE0CE0500DA
:10CEC000A5180400E918040060EE0500F8CE05007E
:10CED000000000000100000020C4050003F4FFFF73
:10CEE00060EE0500FBCE0500000000000100000020
:10CEF0002CC4050003F4FFFF536F005374313362F9
:10CF0000617369635F6F73747265616D49775374A0
:10CF10003131636861725F74726169747349774516
:10CF200045004E5374366C6F63616C6535666163A2
:10CF30006574365F5F7368696D45000034EF050006
:10CF400022CF0500756E696E697469616C697A65D6
:10CF500064205F5F616E795F737472696E670063EE
:10CF6000616E6E6F742063726561746520736869A9
:10CF70006D20666F7220756E6B6E6F776E206C6FB2
:10CF800063616C653A3A66616365740060EE050042
:10CF90008CD10500000000000200000028EB050015
:10CFA000020000003CCF0500020C000060EE05000E
:10CFB000C0D105000000000002000000E0C905002B
:10CFC000020000003CCF0500020C000060EE0500EE
:10CFD000F4D1050000000000020000004CEB050049
:10CFE000020000003CCF05000210000060EE0500CA
:10CFF00029D20500000000000200000004CA05005C
:10D00000020000003CCF05000210000060EE0500A9
:10D010005ED2050000000000020000006CEB05007D
:10D02000020000003CCF0500020C000060EE05008D
:10D0300093D20500000000000200000024CA050091
:10D04000020000003CCF0500020C000060EE05006D
:10D05000C8D20500000000000200000078EB0500C7
:10D06000020000003CCF05000208000060EE050051
:10D07000FDD20500000000000200000030CA0500DB
:10D08000020000003CCF05000208000060EE050031
:10D0900032D305000000000002000000A4EB0500F0
:10D0A000020000003CCF05000208000060EE050011
:10D0B00068D3050000000000020000005CCA050003
:10D0C000020000003CCF05000208000060EE0500F1
:10D0D0009ED305000000000002000000B0EB050038
:10D0E000020000003CCF05000208000060EE0500D1
:10D0F000D4D30500000000000200000068CA05004B
:10D10000020000003CCF05000208000060EE0500B0
:10D110000AD4050000000000020000008CEA0500AF
:10D12000020000003CCF0500020C000060EE05008C
:10D1300045D405000000000002000000ACEA050034
:10D14000020000003CCF0500020C000060EE05006C
:10D1500080D40500000000000200000024C9050082
:10D16000020000003CCF0500020C000060EE05004C
:10D17000BBD40500000000000200000044C9050007
:10D18000020000003CCF0500020C00002A4E537440
:10D1900031335F5F66616365745F7368696D7331B6
:10D1A000325F474C4F42414C5F5F4E5F31313263DB
:10D1B0006F6C6C6174655F7368696D4963454500A8
:10D1C0002A4E537431335F5F66616365745F7368C1
:10D1D000696D7331325F474C4F42414C5F5F4E5F28
:10D1E000313132636F6C6C6174655F7368696D496E
:10D1F000774545002A4E537431335F5F666163653E
:10D20000745F7368696D7331325F474C4F42414CB4
:10D210005F5F4E5F3131336D657373616765735F57
:10D220007368696D49634545002A4E537431335F15
:10D230005F66616365745F7368696D7331325F4700
:10D240004C4F42414C5F5F4E5F3131336D657373BC
:10D25000616765735F7368696D49774545002A4E5C
:10D26000537431335F5F66616365745F7368696DC2
:10D270007331325F474C4F42414C5F5F4E5F3131FB
:10D28000336E756D70756E63745F7368696D496335
:10D290004545002A4E537431335F5F6661636574A0
:10D2A0005F7368696D7331325F474C4F42414C5F29
:10D2B0005F4E5F3131336E756D70756E63745F7381
:10D2C00068696D49774545002A4E537431335F5F75
:10D2D00066616365745F7368696D7331325F474C73
:10D2E0004F42414C5F5F4E5F31313374696D655F12
:10D2F0006765745F7368696D49634545002A4E53DD
:10D300007431335F5F66616365745F7368696D7301
:10D3100031325F474C4F42414C5F5F4E5F3131339A
:10D3200074696D655F6765745F7368696D4977459A
:10D3300045002A4E537431335F5F66616365745FE5
:10D340007368696D7331325F474C4F42414C5F5F88
:10D350004E5F3131346D6F6E65795F6765745F73F1
:10D3600068696D49634545002A4E537431335F5FE8
:10D3700066616365745F7368696D7331325F474CD2
:10D380004F42414C5F5F4E5F3131346D6F6E657956
:10D390005F6765745F7368696D49774545002A4E1C
:10D3A000537431335F5F66616365745F7368696D81
:10D3B0007331325F474C4F42414C5F5F4E5F3131BA
:10D3C000346D6F6E65795F7075745F7368696D49F0
:10D3D000634545002A4E537431335F5F6661636570
:10D3E000745F7368696D7331325F474C4F42414CD3
:10D3F0005F5F4E5F3131346D6F6E65795F7075744C
:10D400005F7368696D49774545002A4E537431331F
:10D410005F5F66616365745F7368696D7331325F06
:10D42000474C4F42414C5F5F4E5F3131356D6F6EFF
:10D43000657970756E63745F7368696D49634C627A
:10D4400030454545002A4E537431335F5F66616352
:10D4500065745F7368696D7331325F474C4F424149
:10D460004C5F5F4E5F3131356D6F6E657970756EF3
:10D4700063745F7368696D49634C6231454545006B
:10D480002A4E537431335F5F66616365745F7368FE
:10D49000696D7331325F474C4F42414C5F5F4E5F65
:10D4A0003131356D6F6E657970756E63745F736859
:10D4B000696D49774C6230454545002A4E537431B9
:10D4C000335F5F66616365745F7368696D73313282
:10D4D0005F474C4F42414C5F5F4E5F3131356D6F5E
:10D4E0006E657970756E63745F7368696D49774CAA
:10D4F0006231454545000000000000008CCF05006A
:10D50000891F0400A51F0400BD1A0400B52C0400E7
:10D51000CDB1040000000000ACCF050039210400AB
:10D5200055210400FB1C0400A52F0400BBB603001A
:10D5300000000000CCCF0500D1200400ED20040045
:10D54000DF1C0400DF2C0400D31C040000000000DA
:10D55000ECCF0500812204009D2204001B1F040063
:10D56000CF2F04000F1F0400000000000CD00500A6
:10D57000511F0400751F0400B3B10400BBB10400C7
:10D580008BB304009FB30400B3B304000000000099
:10D590002CD005000121040025210400A5B60300BC
:10D5A000ABB60300FFB703008BB803009FB80300BE
:10D5B000000000004CD00500B91F0400D51F040076
:10D5C000211C0400DF1B04009D1B04005B1B0400E6
:10D5D000191B0400D71A0400000000006CD00500DD
:10D5E00069210400852104005F1E04001D1E040043
:10D5F000DB1D0400991D0400571D0400151D0400C7
:10D60000000000008CD00500E91F04000520040084
:10D610002B1C04007F2D040000000000ACD005008E
:10D6200099210400B5210400691E04006B30040038
:10D6300000000000CCD005001920040035200400B3
:10D640009B1C0400312E040000000000ECD00500FB
:10D65000C9210400E5210400D91E04001931040089
:10D66000000000000CD105008D200400BD20040046
:10D67000EFB00400F5B00400EBB20400FFB2040008
:10D6800013B3040027B30400FBB0040001B104008D
:10D6900029B10400000000002CD10500492004003D
:10D6A0007920040051B1040057B104003BB30400D9
:10D6B0004FB3040063B3040077B304005DB104000A
:10D6C00063B104008BB10400000000004CD10500E0
:10D6D0003D2204006D220400E1B50300E7B503001C
:10D6E000D7B7030013B8030027B803003BB8030003
:10D6F000EDB50300F3B503001BB603000000000006
:10D700006CD10500F92104002922040043B603006E
:10D7100049B60300EBB703004FB8030063B803003A
:10D7200077B803004FB6030055B603007DB603007B
:10D730000000000090D80500013404001D340400EE
:10D7400049350400C53504004733040000000000DB
:10D75000BCD805003D1605005D1605002D330400FC
:10D76000353304000B3704001B3704002B3704004B
:10D770000000000070D805007D1305009D13050012
:10D78000CB320400D1320400CB360400DB36040077
:10D79000EB360400FB360400D7320400DD3204000F
:10D7A000053304000000000050D80500B113050047
:10D7B000D1130500693204006F3204008B36040077
:10D7C0009B360400AB360400BB36040075320400FF
:10D7D0007B320400A3320400000000009CD8050046
:10D7E000D1330400ED33040041330400ED1B050088
:10D7F0004533040000000000E8D805005933040058
:10D800006D330400E5560400755704000000000065
:10D81000F4D8050081330400953304003940040036
:10D820004D41040000000000C8D80500A9330400E1
:10D83000BD3304003D330400954B0400034C040049
:10D84000714C04003F4D0400E34D0400794E040088
:10D8500060EE050000D90500000000000200000095
:10D86000F0C20500020000009CC605000200000096
:10D8700060EE050020D90500000000000200000055
:10D88000F0C20500020000009CC605000200000076
:10D89000C0EE050040D90500F0C2050060EE0500AD
:10D8A00058D905000000000002000000F0C2050089
:10D8B00002000000B8C6050002000000C0EE05002E
:10D8C00071D90500F0C2050060EE05008AD9050097
:10D8D0000000000002000000F0C20500020000008D
:10D8E0006CC6050002000000C0EE0500CFD905009F
:10D8F000F0C20500C0EE050015DA0500F0C2050013
:10D900004E5374375F5F637878313131306D6F6EAD
:10D91000657970756E637449634C623045454500A6
:10D920004E5374375F5F637878313131306D6F6E8D
:10D93000657970756E637449634C62314545450085
:10D940004E5374375F5F637878313137636F6C6C37
:10D9500061746549634545004E5374375F5F637872
:10D96000783131386D657373616765734963454517
:10D97000004E5374375F5F6378783131386E756D60
:10D9800070756E637449634545004E5374375F5F2D
:10D9900063787831313874696D655F6765744963A0
:10D9A000537431396973747265616D6275665F694C
:10D9B00074657261746F7249635374313163686165
:10D9C000725F747261697473496345454545004EE1
:10D9D0005374375F5F6378783131396D6F6E657975
:10D9E0005F67657449635374313969737472656133
:10D9F0006D6275665F6974657261746F72496353B5
:10DA0000743131636861725F747261697473496300
:10DA100045454545004E5374375F5F637878313133
:10DA2000396D6F6E65795F70757449635374313900
:10DA30006F73747265616D6275665F69746572613A
:10DA4000746F72496353743131636861725F7472C9
:10DA50006169747349634545454500000000000055
:10DA6000BCDB0500215A04003D5A0400ED5B0400B4
:10DA7000715C04006759040000000000E8DB050049
:10DA80000D1705002D1705005159040057590400C2
:10DA9000955B0400B75D0400C75D04000000000052
:10DAA0009CDB05002D1505004D150500EF58040001
:10DAB000F5580400855B0400875D0400975D040051
:10DAC000A75D0400FB580400015904002959040013
:10DAD000000000007CDB05006115050081150500D4
:10DAE0008D58040093580400755B0400575D0400D2
:10DAF000675D0400775D0400995804009F58040096
:10DB0000C758040000000000C8DB0500F1590400FC
:10DB10000D5A040061590400FB1B050065590400FF
:10DB20000000000014DC0500795904008D59040040
:10DB30001D7C0400AD7C04000000000020DC05001A
:10DB4000A1590400B5590400016604000D670400E2
:10DB500000000000F4DB0500C9590400DD59040091
:10DB60005D590400FD7004006B710400D97104005C
:10DB7000A77204004B730400E173040060EE05001B
:10DB80002CDC05000000000002000000F0C20500CF
:10DB9000020000009CC605000200000060EE0500C7
:10DBA0004CDC05000000000002000000F0C205008F
:10DBB000020000009CC6050002000000C0EE050047
:10DBC0006CDC0500F0C2050060EE050084DC050099
:10DBD0000000000002000000F0C20500020000008A
:10DBE000B8C6050002000000C0EE05009DDC05007F
:10DBF000F0C2050060EE0500B6DC05000000000084
:10DC000002000000F0C20500020000006CC6050022
:10DC100002000000C0EE0500FBDC0500F0C20500BC
:10DC2000C0EE050041DD0500F0C205004E5374371B
:10DC30005F5F637878313131306D6F6E6579707503
:10DC40006E637449774C6230454545004E537437D6
:10DC50005F5F637878313131306D6F6E65797075E3
:10DC60006E637449774C6231454545004E537437B5
:10DC70005F5F637878313137636F6C6C61746549CD
:10DC8000774545004E5374375F5F6378783131389C
:10DC90006D6573736167657349774545004E5374CD
:10DCA000375F5F6378783131386E756D70756E638C
:10DCB0007449774545004E5374375F5F6378783118
:10DCC000313874696D655F676574497753743139AC
:10DCD0006973747265616D6275665F69746572619E
:10DCE000746F72497753743131636861725F747213
:10DCF00061697473497745454545004E5374375FF4
:10DD00005F6378783131396D6F6E65795F676574FF
:10DD10004977537431396973747265616D627566E0
:10DD20005F6974657261746F7249775374313163DE
:10DD30006861725F747261697473497745454545DE
:10DD4000004E5374375F5F6378783131396D6F6E91
:10DD500065795F7075744977537431396F73747274
:10DD600065616D6275665F6974657261746F724931
:10DD70007753743131636861725F7472616974736F
:10DD80004977454545450073706163650070726968
:10DD90006E7400636E74726C007570706572006CE6
:10DDA0006F77657200616C7068610070756E637486
:10DDB0000078646967697400616C6E756D006772E4
:10DDC0006170680060EE0500F0DD050000000000F5
:10DDD00002000000F0C205000200000084C6050039
:10DDE00002000000C0EE0500FCDD0500A0C9050032
:10DDF00053743563747970654963450053743563B2
:10DE0000747970654977450000000000C4DD0500A5
:10DE1000D98704000188040081B5030091B503008F
:10DE2000B1B50300C1B50300F58404000D850400FD
:10DE3000F9840400FD84040000000000E4DD050016
:10DE40001588040039880400F9850400338604002D
:10DE5000758604009F860400B9850400BF85040010
:10DE6000D9850400DF850400C9860400D18604003A
:10DE7000ED860400118704008CDE0500A0DE05009D
:10DE80000800000000000000D8DE05001D9004001E
:10DE90007D900400F8FFFFFFF8FFFFFFD8DE0500CC
:10DEA0003D9004008F900400BCDE0500D0DE05002C
:10DEB0000800000000000000F0DE05004D900400A6
:10DEC0009F900400F8FFFFFFF8FFFFFFF0DE050062
:10DED0006D900400B190040060EE050008DF0500BD
:10DEE000000000000100000020C4050003F4FFFF53
:10DEF00060EE05000BDF05000000000001000000DF
:10DF00002CC4050003F4FFFF5369005374313362DE
:10DF1000617369635F6973747265616D4977537486
:10DF20003131636861725F747261697473497745F6
:10DF30004500000060EE050034E10500000000002F
:10DF40000200000090D80500020000003CCF050050
:10DF5000020C000060EE050068E105000000000012
:10DF600002000000BCDB0500020000003CCF050001
:10DF7000020C000060EE05009CE1050000000000BE
:10DF8000020000009CD80500020000003CCF050004
:10DF90000210000060EE0500D1E105000000000065
:10DFA00002000000C8DB0500020000003CCF0500B5
:10DFB0000210000060EE050006E20500000000000F
:10DFC00002000000BCD80500020000003CCF0500A4
:10DFD000020C000060EE05003BE2050000000000BE
:10DFE00002000000E8DB0500020000003CCF050055
:10DFF000020C000060EE050070E205000000000069
:10E0000002000000C8D80500020000003CCF050057
:10E010000208000060EE0500A5E205000000000017
:10E0200002000000F4DB0500020000003CCF050008
:10E030000208000060EE0500DAE2050000000000C2
:10E0400002000000E8D80500020000003CCF0500F7
:10E050000208000060EE050010E30500000000006B
:10E060000200000014DC0500020000003CCF0500A7
:10E070000208000060EE050046E305000000000015
:10E0800002000000F4D80500020000003CCF0500AB
:10E090000208000060EE05007CE3050000000000BF
:10E0A0000200000020DC0500020000003CCF05005B
:10E0B0000208000060EE0500B2E305000000000069
:10E0C0000200000050D80500020000003CCF05000F
:10E0D000020C000060EE0500EDE30500000000000A
:10E0E0000200000070D80500020000003CCF0500CF
:10E0F000020C000060EE050028E4050000000000AE
:10E10000020000007CDB0500020000003CCF05009F
:10E11000020C000060EE050063E405000000000052
:10E12000020000009CDB0500020000003CCF05005F
:10E13000020C00002A4E537431335F5F66616365E1
:10E14000745F7368696D7331325F474C4F42414C65
:10E150005F5F4E5F313132636F6C6C6174655F730A
:10E1600068696D49634545002A4E537431335F5FDA
:10E1700066616365745F7368696D7331325F474CC4
:10E180004F42414C5F5F4E5F313132636F6C6C6167
:10E1900074655F7368696D49774545002A4E53740D
:10E1A00031335F5F66616365745F7368696D733196
:10E1B000325F474C4F42414C5F5F4E5F3131336DB0
:10E1C000657373616765735F7368696D496345451E
:10E1D000002A4E537431335F5F66616365745F7309
:10E1E00068696D7331325F474C4F42414C5F5F4EFF
:10E1F0005F3131336D657373616765735F73686930
:10E200006D49774545002A4E537431335F5F66612F
:10E210006365745F7368696D7331325F474C4F4259
:10E22000414C5F5F4E5F3131336E756D70756E635B
:10E23000745F7368696D49634545002A4E537431B4
:10E24000335F5F66616365745F7368696D733132F4
:10E250005F474C4F42414C5F5F4E5F3131336E75CB
:10E260006D70756E63745F7368696D4977454500BD
:10E270002A4E537431335F5F66616365745F736800
:10E28000696D7331325F474C4F42414C5F5F4E5F67
:10E2900031313374696D655F6765745F7368696D8B
:10E2A00049634545002A4E537431335F5F666163AD
:10E2B00065745F7368696D7331325F474C4F4241DB
:10E2C0004C5F5F4E5F31313374696D655F676574B4
:10E2D0005F7368696D49774545002A4E5374313341
:10E2E0005F5F66616365745F7368696D7331325F28
:10E2F000474C4F42414C5F5F4E5F3131346D6F6E22
:10E3000065795F6765745F7368696D49634545004A
:10E310002A4E537431335F5F66616365745F73685F
:10E32000696D7331325F474C4F42414C5F5F4E5FC6
:10E330003131346D6F6E65795F6765745F736869DD
:10E340006D49774545002A4E537431335F5F6661EE
:10E350006365745F7368696D7331325F474C4F4218
:10E36000414C5F5F4E5F3131346D6F6E65795F7028
:10E3700075745F7368696D49634545002A4E53742F
:10E3800031335F5F66616365745F7368696D7331B4
:10E39000325F474C4F42414C5F5F4E5F3131346DCD
:10E3A0006F6E65795F7075745F7368696D497745E5
:10E3B00045002A4E537431335F5F66616365745F55
:10E3C0007368696D7331325F474C4F42414C5F5FF8
:10E3D0004E5F3131356D6F6E657970756E63745F48
:10E3E0007368696D49634C6230454545002A4E5358
:10E3F0007431335F5F66616365745F7368696D7301
:10E4000031325F474C4F42414C5F5F4E5F31313597
:10E410006D6F6E657970756E63745F7368696D4951
:10E42000634C6231454545002A4E537431335F5F7A
:10E4300066616365745F7368696D7331325F474C01
:10E440004F42414C5F5F4E5F3131356D6F6E657984
:10E4500070756E63745F7368696D49774C6230459F
:10E460004545002A4E537431335F5F6661636574BE
:10E470005F7368696D7331325F474C4F42414C5F47
:10E480005F4E5F3131356D6F6E657970756E637497
:10E490005F7368696D49774C6231454545000000FE
:10E4A0000000000034DF05008D970400A9970400E8
:10E4B0005192040027A50400473304000000000027
:10E4C00054DF05003D990400599904008B94040021
:10E4D00017A80400675904000000000074DF05005D
:10E4E000D5980400F198040073940400D7A50400A3
:10E4F000679404000000000094DF0500859A040082
:10E50000A19A0400AB960400C7A804009F960400DB
:10E5100000000000B4DF050055970400799704005F
:10E520002D330400353304000B3704001B3704007F
:10E530002B37040000000000D4DF0500059904001B
:10E54000299904005159040057590400955B0400AF
:10E55000B75D0400C75D040000000000F4DF0500A3
:10E56000BD970400D9970400B59304007393040089
:10E5700031930400EF920400AD9204006B9204000A
:10E58000794E04000000000014E005006D990400BD
:10E5900089990400EF950400AD9504006B95040083
:10E5A00029950400E7940400A5940400E173040095
:10E5B0000000000034E00500ED9704000998040015
:10E5C000BF93040051A504000000000054E00500C2
:10E5D0009D990400B9990400F995040041A804002C
:10E5E0000000000074E005001D9804003998040044
:10E5F0002F940400F1A604000000000094E0050040
:10E60000CD990400E999040069960400E1A9040089
:10E6100000000000B4E0050091980400C1980400D7
:10E62000693204006F3204008B3604009B3604000C
:10E63000AB360400BB360400753204007B320400A4
:10E64000A332040000000000D4E005004D9804004F
:10E650007D980400CB320400D1320400CB36040094
:10E66000DB360400EB360400FB360400D73204002E
:10E67000DD3204000533040000000000F4E0050072
:10E68000419A0400719A04008D58040093580400C4
:10E69000755B0400575D0400675D0400775D04004E
:10E6A000995804009F580400C75804000000000057
:10E6B00014E10500FD9904002D9A0400EF580400B0
:10E6C000F5580400855B0400875D0400975D040035
:10E6D000A75D0400FB5804000159040029590400F7
:10E6E000000000005CE705000000000000000000E2
:10E6F000AD590300AD590300AD590300AD590300F6
:10E70000AD590300AD590300AD59030000000000EE
:10E710003CE705000000000000000000AD590300C8
:10E72000AD590300AD590300AD590300AD590300C5
:10E73000AD590300AD590300EFBBBF0060EE05000B
:10E7400094E705000000000002000000F0C2050090
:10E7500002000000D4C605000200000060EE0500C3
:10E76000C1E705000000000002000000F0C2050043
:10E7700002000000D4C6050002000000C0EE050043
:10E78000EEE705003CE70500C0EE05000AE80500DD
:10E790005CE70500537432335F5F636F64656376D3
:10E7A000745F61627374726163745F6261736549FF
:10E7B00044696331305F6D6273746174655F744581
:10E7C00000537432335F5F636F64656376745F61B7
:10E7D000627374726163745F6261736549447363E9
:10E7E00031305F6D6273746174655F74450053749A
:10E7F00037636F64656376744944696331305F6D74
:10E800006273746174655F744500537437636F6439
:10E81000656376744944736331305F6D627374610C
:10E8200074655F7445000000000000007CE705008F
:10E8300005AF040019AF0400EDAF0400AFAB040056
:10E840003DAD0400B7AB0400BBAB04009DAD0400BC
:10E85000BFAB04000000000088E705002DAF0400F6
:10E8600041AF040055AF0400AFAB04005DAE04003F
:10E87000B7AB0400BBAB0400E5AE0400BFAB0400C3
:10E8800034EF050088E80500537438696F735F62E0
:10E89000617365000000000080E80500A5B0040079
:10E8A000DDB004000000000028EB0500F9B304000F
:10E8B00015B4040077B40400F5B40400CDB104002D
:10E8C000000000006CEB0500119D0300319D03006A
:10E8D000B3B10400BBB104008BB304009FB30400C8
:10E8E000B3B304000000000034EB050009B20400DB
:10E8F00091B2040097E8040061E8040049ED0400C7
:10E900007DF00400B1F3040011F80400D5FB04000D
:10E9100091E3040021E40400B1E40400E7F30400FF
:10E920000000000040EB05001DB20400A3B204008B
:10E930000DCC0400E5CB040025CE0400FFCF04007D
:10E9400053D1040091D30400CBD504004DCE040074
:10E9500000000000E4EA050031B20400B5B2040092
:10E9600000000000CCEA050029B4040065B40400EE
:10E9700000000000ACEA0500C1990300E199030022
:10E9800051B1040057B104003BB304004FB304007D
:10E9900063B3040077B304005DB1040063B1040005
:10E9A0008BB10400000000008CEA0500F59903001B
:10E9B000159A0300EFB00400F5B00400EBB20400B8
:10E9C000FFB2040013B3040027B30400FBB004003B
:10E9D00001B1040029B10400000000004CEB050067
:10E9E000C9B30400E5B30400C7B10400091C050065
:10E9F000CBB104000000000008EB0500000000009F
:10EA000000000000AD590300AD590300AD590300EB
:10EA1000AD590300AD590300AD590300AD590300D2
:10EA200000000000A4EB0500E1B104006DB2040099
:10EA3000B50605003907050000000000B0EB050031
:10EA4000F5B104007FB2040051C9040069CA040092
:10EA50000000000098EB050045B20400C7B20400B6
:10EA6000F3D504000000000078EB050059B2040063
:10EA7000D9B20400C3B104000BFC04007DFC040007
:10EA8000EFFC040093FD040037FE040060EE050077
:10EA9000BCEB05000000000002000000F0C2050011
:10EAA000020000009CC605000200000060EE0500A8
:10EAB000D2EB05000000000002000000F0C20500DB
:10EAC000020000009CC6050002000000C0EE050028
:10EAD000E8EB0500F0C20500C0EE0500FBEB050009
:10EAE000F0C20500C0EE050013EC0500F0C2050001
:10EAF000C0EE05002CEC0500F0C20500C0EE0500DC
:10EB00004AEC0500F0C2050060EE050068EC050067
:10EB10000000000002000000F0C20500020000003A
:10EB2000D4C6050002000000C0EE050094EC05000C
:10EB3000F0C20500C0EE0500A2EC0500F0C2050021
:10EB4000C0EE0500DCEC0500F0C2050060EE05003B
:10EB500016ED05000000000002000000F0C20500F4
:10EB600002000000B8C6050002000000C0EE05006B
:10EB700025ED0500F0C2050060EE050034ED05004E
:10EB80000000000002000000F0C2050002000000CA
:10EB90006CC6050002000000C0EE05006FED050028
:10EBA000F0C20500C0EE0500AAED0500F0C20500A8
:10EBB000C0EE0500E6ED0500F0C2050053743130EB
:10EBC0006D6F6E657970756E637449634C62304524
:10EBD0004500537431306D6F6E657970756E637476
:10EBE00049634C6231454500537431315F5F74694C
:10EBF0006D6570756E637449634500537431365F9B
:10EC00005F6E756D70756E63745F6361636865498F
:10EC1000634500537431375F5F74696D6570756E5D
:10EC200063745F6361636865496345005374313899
:10EC30005F5F6D6F6E657970756E63745F6361633E
:10EC4000686549634C6230454500537431385F5FF5
:10EC50006D6F6E657970756E63745F63616368650F
:10EC600049634C6231454500537432335F5F636FD3
:10EC700064656376745F61627374726163745F620A
:10EC800061736549636331305F6D6273746174658C
:10EC90005F744500537437636F6C6C6174654963CE
:10ECA00045005374376E756D5F67657449635374BF
:10ECB00031396973747265616D6275665F69746517
:10ECC0007261746F72496353743131636861725F4A
:10ECD0007472616974734963454545005374376EB6
:10ECE000756D5F7075744963537431396F737472E5
:10ECF00065616D6275665F6974657261746F724992
:10ED00006353743131636861725F747261697473E3
:10ED10004963454545005374386D65737361676594
:10ED200073496345005374386E756D70756E637406
:10ED30004963450053743874696D655F676574494C
:10ED400063537431396973747265616D6275665F9E
:10ED50006974657261746F724963537431316368A9
:10ED600061725F747261697473496345454500530C
:10ED7000743874696D655F707574496353743139A3
:10ED80006F73747265616D6275665F6974657261D7
:10ED9000746F72496353743131636861725F747266
:10EDA000616974734963454545005374396D6F6EED
:10EDB00065795F6765744963537431396973747237
:10EDC00065616D6275665F6974657261746F7249C1
:10EDD0006353743131636861725F74726169747313
:10EDE0004963454545005374396D6F6E65795F70B1
:10EDF00075744963537431396F73747265616D62F0
:10EE000075665F6974657261746F724963537431BA
:10EE100031636861725F74726169747349634545F7
:10EE200045000000C0EE050030EE0500FCEE0500D8
:10EE30004E31305F5F637878616269763132315F7D
:10EE40005F766D695F636C6173735F747970655F22
:10EE5000696E666F450000000000000024EE0500AA
:10EE60008D090500A1090500ED0E0500ED0E050058
:10EE7000D70F05001D0F0500C90C0500530A05003A
:10EE8000B5090500C0EE050090EE0500FCEE05009A
:10EE90004E31305F5F637878616269763132305F1E
:10EEA0005F73695F636C6173735F747970655F69C9
:10EEB0006E666F45000000000000000084EE050053
:10EEC000ED0D0500010E0500ED0E0500ED0E05002F
:10EED000D70F05001D0F0500C10E05004D0E0500E2
:10EEE000150E050034EF0500ECEE0500537439747F
:10EEF0007970655F696E666F00000000C0EE050006
:10EF000008EF0500E4EE05004E31305F5F6378786E
:10EF1000616269763131375F5F636C6173735F740F
:10EF20007970655F696E666F450000000000000043
:10EF3000FCEE05005D0F0500710F0500ED0E0500EC
:10EF4000ED0E0500D70F05001D0F0500BF0F0500D2
:10EF5000850F0500510F0500414D00504D005375C0
:10EF60006E646179004D6F6E6461790054756573EC
:10EF7000646179005765646E6573646179005468F3
:10EF800075727364617900467269646179005361D6
:10EF90007475726461790053756E004D6F6E005424
:10EFA00075650057656400546875004672690053C2
:10EFB0006174004A616E75617279004665627275AE
:10EFC000617279004D6172636800417072696C0012
:10EFD0004D6179004A756E65004A756C790041751E
:10EFE000677573740053657074656D626572004F68
:10EFF00063746F626572004E6F76656D6265720054
:10F00000446563656D626572004A616E00466562C3
:10F01000004D617200417072004A756E004A756C55
:10F020000041756700536570004F6374004E6F7642
:10F030000044656300000000250000006D00000032
:10F040002F00000025000000640000002F000000D9
:10F0500025000000790000000000000025000000ED
:10F06000480000003A000000250000004D000000AC
:10F070003A000000250000005300000000000000DE
:10F08000410000004D0000000000000050000000A2
:10F090004D0000000000000053000000750000005B
:10F0A0006E000000640000006100000079000000B4
:10F0B000000000004D0000006F0000006E00000026
:10F0C0006400000061000000790000000000000002
:10F0D000540000007500000065000000730000008F
:10F0E00064000000610000007900000000000000E2
:10F0F0005700000065000000640000006E00000082
:10F100006500000073000000640000006100000062
:10F1100079000000000000005400000068000000BA
:10F120007500000072000000730000006400000021
:10F1300061000000790000000000000046000000AF
:10F14000720000006900000064000000610000001F
:10F150007900000000000000530000006100000082
:10F1600074000000750000007200000064000000E0
:10F170006100000079000000000000005300000062
:10F18000750000006E000000000000004D0000004F
:10F190006F0000006E00000000000000540000003E
:10F1A000750000006500000000000000570000002E
:10F1B0006500000064000000000000005400000032
:10F1C000680000007500000000000000460000001C
:10F1D0007200000069000000000000005300000001
:10F1E0006100000074000000000000004A00000000
:10F1F000610000006E00000075000000610000006A
:10F2000072000000790000000000000046000000CD
:10F210006500000062000000720000007500000040
:10F220006100000072000000790000000000000092
:10F230004D0000006100000072000000630000004B
:10F2400068000000000000004100000070000000A5
:10F2500072000000690000006C0000000000000067
:10F260004D00000061000000790000000000000077
:10F270004A000000750000006E00000065000000FC
:10F28000000000004A000000750000006C00000053
:10F29000790000000000000041000000750000003F
:10F2A000670000007500000073000000740000009B
:10F2B0000000000053000000650000007000000026
:10F2C00074000000650000006D0000006200000096
:10F2D0006500000072000000000000004F00000008
:10F2E00063000000740000006F0000006200000076
:10F2F0006500000072000000000000004E000000E9
:10F300006F00000076000000650000006D00000046
:10F3100062000000650000007200000000000000B4
:10F32000440000006500000063000000650000006C
:10F330006D00000062000000650000007200000027
:10F34000000000004A000000610000006E000000A4
:10F3500000000000460000006500000062000000A0
:10F36000000000004D00000061000000720000007D
:10F37000000000004100000070000000720000006A
:10F38000000000004A000000750000006E00000050
:10F39000000000004A000000750000006C00000042
:10F3A0000000000041000000750000006700000040
:10F3B0000000000053000000650000007000000025
:10F3C000000000004F000000630000007400000017
:10F3D000000000004E0000006F00000076000000FA
:10F3E0000000000044000000650000006300000011
:10F3F000000000006E6F7420656E6F756768207383
:10F400007061636520666F7220666F726D61742033
:10F41000657870616E73696F6E2028506C656173DA
:10F4200065207375626D69742066756C6C206275F9
:10F4300067207265706F72742061742068747470D4
:10F44000733A2F2F6763632E676E752E6F72672F67
:10F45000627567732F293A0A20202020002C20662D
:10F46000756E6374696F6E3A2000617373657274B0
:10F47000696F6E2022257322206661696C65643A8B
:10F480002066696C6520222573222C206C696E65CC
:10F49000202564257325730A0000202020202020C9
:10F4A0002020202828282828202020202020202034
:10F4B0002020202020202020202088101010101034
:10F4C0001010101010101010101004040404040484
:10F4D0000404040410101010101010414141414167
:10F4E00041010101010101010101010101010101CC
:10F4F000010101010110101010101042424242425D
:10F50000420202020202020202020202020202029B
:10F510000202020202101010102000000000000081
:10F5200000000000000000000000000000000000DB
:10F5300000000000000000000000000000000000CB
:10F5400000000000000000000000000000000000BB
:10F5500000000000000000000000000000000000AB
:10F56000000000000000000000000000000000009B
:10F57000000000000000000000000000000000008B
:10F58000000000000000000000000000000000007B
:10F59000000000000000000000000000000000006B
:10F5A000000000000000000000000000000000005B
:10F5B000000000000000000000000000000000004B
:10F5C000000000000000000000000000000000003B
:10F5D000000000000000000000000000000000002B
:10F5E000000000000000000000000000000000001B
:10F5F0000000000000000000000000001862002071
:10F60000504F534958002E00232D302B2000686C9A
:10F610004C0065666745464700494E4600696E6680
:10F62000004E414E006E616E00303132333435365B
:10F63000373839616263646566002573252E2A6454
:10F6400000257325302E2A64002B00253264002506
:10F650002E32642F252E32642F252E326400256C25
:10F660007500592D256D2D2564002E2A7500252E37
:10F67000336400256C6C6400252E32643A252E32EA
:10F68000643A252E326400252B30336C64252E32EB
:10F690006C64000035000000CEFBFFFFCB030000D0
:10F6A000010000000000000034000000CEFBFFFF5E
:10F6B000CB0300000100000000000000000000007B
:10F6C000BC89D897B2D29C3C33A7A8D523F6493938
:10F6D0003DA7F444FD0FA5329D978CCF08BA5B255A
:10F6E000436FAC642806681109F005000DF00500B1
:10F6F00011F0050015F00500D0EF050019F0050028
:10F700001DF0050021F0050025F0050029F0050099
:10F710002DF0050031F00500B3EF0500BBEF05004B
:10F72000C4EF0500CAEF0500D0EF0500D4EF0500D7
:10F73000D9EF0500DEEF0500E5EF0500EFEF05006E
:10F74000F7EF050000F0050097EF05009BEF0500BF
:10F750009FEF0500A3EF0500A7EF0500ABEF050045
:10F76000AFEF05005EEF050065EF05006CEF0500EB
:10F7700074EF05007EEF050087EF05008EEF0500B2
:10F7800013C9050004C90500E4F7050058EF05009A
:10F790005BEF0500F9F70500B3EF0500BBEF0500CF
:10F7A000C4EF0500CAEF0500D0EF0500D4EF050057
:10F7B000D9EF0500DEEF0500E5EF0500EFEF0500EE
:10F7C000F7EF050000F0050011F8050014F805003A
:10F7D00098F4050098F4050098F4050098F40500E5
:10F7E00098F4050025612025622025652025483AEA
:10F7F000254D3A25532025590025612025622025D5
:10F80000652025483A254D3A255320255A2025596B
:10F81000006D640025493A254D3A25532025700096
:10F82000545A002531305B5E302D392C2B2D5D254F
:10F830006E004D256875256E2E256875256E2E2562
:10F840006875256E002F256875256E3A2568752523
:10F850006E3A256875256E002500000073000000D3
:10F86000250000002E0000002A00000064000000B7
:10F8700000000000250000007300000025000000CB
:10F88000300000002E0000002A000000640000008C
:10F8900000000000250000003200000064000000AD
:10F8A00000000000250000002E00000032000000D3
:10F8B000640000002F000000250000002E00000062
:10F8C00032000000640000002F000000250000004E
:10F8D0002E00000032000000640000000000000064
:10F8E000250000006C000000750000000000000012
:10F8F000590000002D000000250000006D000000F0
:10F900002D00000025000000640000000000000041
:10F910002E0000002A00000075000000000000001A
:10F92000250000002E0000003300000064000000ED
:10F9300000000000250000006C0000006C000000CA
:10F940006400000000000000250000002E00000000
:10F9500032000000640000003A00000025000000B2
:10F960002E00000032000000640000003A00000099
:10F97000250000002E00000032000000640000009E
:10F9800000000000250000002B00000030000000F7
:10F99000330000006C00000064000000250000003F
:10F9A0002E000000320000006C0000006400000027
:10F9B00000000000626C616E6B00496E66696E69E2
:10F9C0007479004E614E00000080E03779C34143F6
:10F9D000176E05B5B5B89346F5F93FE9034F384DB5
:10F9E000321D30F94877825A3CBF737FDD4F157561
:10F9F000000000000000F03F000000000000244074
:10FA000000000000000059400000000000408F404E
:10FA1000000000000088C34000000000006AF840B9
:10FA20000000000080842E4100000000D0126341DD
:10FA30000000000084D797410000000065CDCD4153
:10FA4000000000205FA00242000000E87648374234
:10FA5000000000A2941A6D42000040E59C30A242D2
:10FA60000000901EC4BCD64200003426F56B0C4347
:10FA70000080E03779C3414300A0D88557347643EE
:10FA800000C84E676DC1AB43003D9160E458E1434F
:10FA9000408CB5781DAF154450EFE2D6E41A4B44C4
:10FAA00092D54D06CFF08044F64AE1C7022DB54409
:10FAB000B49DD9794378EA4405000000190000009C
:10FAC0007D000000E2FA0500E5FA0500E8FA05000D
:10FAD000412D46612D663839303132333435363771
:10FAE0005D002B2D00303000785800001F00000012
:10FAF0001C0000001F0000001E0000001F0000008E
:10FB00001E0000001F0000001F0000001E0000007B
:10FB10001F0000001E0000001F0000001F0000006A
:10FB20001D0000001F0000001E0000001F0000005C
:10FB30001E0000001F0000001F0000001E0000004B
:10FB40001F0000001E0000001F0000004900000010
:10FB50004E000000460000000000000069000000A8
:10FB60006E00000066000000000000004E00000073
:10FB7000410000004E000000000000006E00000088
:10FB8000610000006E000000000000003000000076
:10FB9000310000003200000033000000340000009B
:10FBA000350000003600000037000000380000007B
:10FBB0003900000041000000420000004300000046
:10FBC0004400000045000000460000000000000066
:10FBD000300000003100000032000000330000005F
:10FBE000340000003500000036000000370000003F
:10FBF00038000000390000006100000062000000D1
:10FC00006300000064000000650000006600000062
:10FC10000000000030000000000000002000000094
:10FC20002000000020000000200000002000000054
:10FC30002000000020000000200000002000000044
:10FC40002000000020000000200000002000000034
:10FC50002000000020000000200000003000000014
:10FC600030000000300000003000000030000000D4
:10FC700030000000300000003000000030000000C4
:10FC800030000000300000003000000030000000B4
:10FC900030000000300000003000000000000000D4
:08FCA000B065FC7F01000000CB
:10FCA800000000000A00000000000306B20008007F
:10FCB80001000000A800080002000000A0001400D5
:10FCC800030057494E555342000000000000000051
:10FCD80000008400040007002A0044006500760044
:10FCE80069006300650049006E00740065007200D9
:10FCF8006600610063006500470055004900440044
:10FD08007300000050007B003900370035004600C2
:10FD180034003400440039002D0030004400300025
:10FD280038002D0034003300460044002D00380010
:10FD38004200330045002D003100320037004300F7
:10FD480041003800410046004600460039004400A2
:10FD58007D000000000000000400000010000C00FE
:10FD6800D473002028B20500000000000000000045
:10FD7800000000000000000000000000000000007B
:10FD8800000000000000000000000000000000006B
:10FD9800000000000000000000000000000000005B
:10FDA800000000000000000000000000000000004B
:10FDB8000000000000000000FF000000010000003B
:10FDC800000000000000000000000000000000002B
:10FDD8000000000002000000000000000000000019
:10FDE8000000000000000000000000000300000008
:10FDF80000000000000000000000000000000000FB
:10FE080000000000000000000000000000000000EA
:10FE1800000000000000000000000000289E0020F4
:10FE28000090D00374870020888700209C870020DA
:10FE3800B0870020B9C1050094C10500D4C10500F0
:10FE4800E0C10500E4C10500E8C10500EDC10500F9
:10FE5800F1C10500F5C10500F9C10500FDC10500A6
:10FE680001C2050005C2050009C205000DC2050052
:10FE7800F5C1050011C2050018C2050028C2050019
:10FE880038C205004CC205005CC205006CC2050002
:10FE98007CC205008CC205009CC20500ACC20500EE
:10FEA800BCC20500CCC205006CC20500DCC205005E
:10FEB800010000001862002000000000BCF50500E9
:10FEC800DCF505009CF505000000000000000000BE
:10FED800000000000000000000000000000000001A
:10FEE800000000000000000000000000000000000A
:10FEF80000000000000000000000000000000000FA
:10FF080000000000000000000000000000000000E9
:10FF18000000000000000000430000000000000096
:10FF280000000000000000000000000000000000C9
:10FF38000000000000000000430000000000000076
:10FF480000000000000000000000000000000000A9
:10FF58000000000000000000430000000000000056
:10FF68000000000000000000000000000000000089
:10FF78000000000000000000430000000000000036
:10FF88000000000000000000000000000000000069
:10FF98000000000000000000430000000000000016
:10FFA8000000000000000000000000000000000049
:10FFB80000000000000000004300000000000000F6
:10FFC8000000000000000000000000000000000029
:10FFD80000000000000000004300000000000000D6
:10FFE8000000000000000000000000000000000009
:08FFF800000000000000000001
:0200000260009C
:10000000D9760500553605000000000099F405007A
:1000100006F6050098F4050098F4050098F405002C
:1000200098F4050098F4050098F4050098F405008C
:1000300098F4050098F40500FFFFFFFFFFFFFFFFA6
:10004000FFFFFFFFFFFF000001004153434949004C
:1000500000000000000000000000000000000000A0
:100060000000000000000000000041534349490027
:100070000000000000000000000000000000000080
:10008000000000000000000000000000E0C10500CA
:10009000E0C10500000000000100000000000000B9
:1000A0004A00000000000000000000000000000006
:1000B0000000000000000000000000000000000040
:1000C00000000000000000004A00000000000000E6
:1000D0000000000000000000000000000000000020
:1000E0000000000000000000000000000000000010
:1000F000009E0020016202003562020025660200B7
:1001000065CE02009DD3020075D8020091DC02008A
:1001100031E2020075E4020049E5020089E70200CD
:10012000CD4E0300355003004D5603003D8F0300B4
:10013000410D040009580400417D0400E107050059
:040140001162020046
:0400000330007DD577
:00000001FF
