:020000022000DC
:1060000000000420FD1003003D1103003F110300B8
:10601000411103004311030045110300000000007B
:1060200000000000000000000000000079100300E4
:106030004911030000000000991003004D110300F6
:10604000ED1203004F11030031EB0200F5D3020003
:10605000A5D402004F110300B1EC02004F11030060
:106060004F1103004F1103004F1103004F110300A4
:106070004F1103004F1103004F1103004F11030094
:106080004F110300FD0D03004F1103004F110300DA
:106090004F1103004F1103004F1103004F11030074
:1060A0004F1103004F1103004F1103004F11030064
:1060B0004F1103004F11030000000000000000001A
:1060C0004F1103004F1103004F110300851503000A
:1060D0004F1103004F1103004F110300F16C020038
:1060E0007DEB02004F1103004F1103000000000080
:1060F000000000004F11030000000000FD15030028
:10610000000000000000000000000000000000008F
:10611000000000000000000000000000000000007F
:10612000000000000000000000000000000000006F
:10613000000000000000000000000000000000005F
:10614000000000000000000000000000000000004F
:10615000000000000000000000000000000000003F
:10616000000000000000000000000000000000002F
:10617000000000000000000000000000000000001F
:10618000000000000000000000000000000000000F
:1061900000000000000000000000000000000000FF
:1061A00000000000000000000000000000000000EF
:1061B00000000000000000000000000000000000DF
:1061C00000000000000000000000000000000000CF
:1061D00000000000000000000000000000000000BF
:1061E00000000000000000000000000000000000AF
:1061F000000000000000000000000000000000009F
:10620000F1EE103A43F08073E1EE103A704700BFB0
:1062100010B5054C237833B9044B13B10448AFF3E0
:1062200000800123237010BD2064002000000000C6
:10623000BC82050008B5034B1BB103490348AFF30B
:10624000008008BD0000000024640020BC8205001E
:10625000154B002B08BF134B9D46A3F5803A002138
:106260008B460F461348144A121A26F054F80F4B67
:10627000002B00D098470E4B002B00D098470020F1
:10628000002104000D000D48002802D00C48AFF397
:10629000008025F019FE200029000AF081FF25F07A
:1062A0007DFA00BF0000080000000420000000008C
:1062B0000000000020640020649C0020000000001A
:1062C000000000000146014800F08EBA586400202A
:1062D00038B5064B1D783DB100242046013400F04E
:1062E00049FEE0B28542F9D838BD00BF54640020B1
:1062F000407DFF2806D010B500F088FD044618B197
:10630000204610BD002070470BF096FA204610BDC5
:10631000407DFF280ED000B583B00DF1070100F0DD
:10632000C9FD20B19DF8070003B05DF804FB4FF0F4
:10633000FF30F9E74FF0FF30704700BF407DFF2886
:1063400011D000B583B001220DF1070100F06AFD04
:1063500020B94FF0FF3003B05DF804FB9DF8070053
:1063600003B05DF804FB4FF0FF307047407DFF281D
:1063700001D000F0FFBD7047407DFF2801D000F044
:106380003FBE0020704700BFF8B50646407DFF289D
:106390001CD017465AB10D46144600F011FD29468F
:1063A000224680B1707D00F08FFD241A01D138465D
:1063B000F8BD05440BF040FA707D00F001FD294660
:1063C00022460028EED13F1B3846F1E70020F8BDF9
:1063D0000AB32DE9F043524991F81C6191F81D511F
:1063E00091F81E7193B0994614467B1CAA1C8046F6
:1063F000B01C81F81C0181F81D2181F81E3101A813
:106400004222002125F087FFB9F1410F05D8002075
:1064100013B0BDE8F083422070478DF806608DF818
:106420000E608DF82660721C40F20126D2B2ADF8E3
:106430001060DFF8F0C08DF81E20242640F6083EDC
:106440006B1C8DF827208DF83120ADF804E08DF815
:1064500016608DF820608DF82460CDF818C00426F1
:106460004FF0060C65F07F0540F209424FF0010E37
:1064700098F81410ADF80C208DF81CE005228DF86A
:106480001F608DF830608DF822C040F207568DF8FD
:1064900025C08DF82A5020464FF0030E63F07F048C
:1064A0004FF0080C02234FF411658DF814108DF88D
:1064B00007308DF808308DF809308DF812308DF8DE
:1064C00021308DF815208DF823208DF82BE08DF8E4
:1064D0002CC04FF00A0EADF82E504FF0400C01A921
:1064E000ADF8286007258DF833308DF840208DF801
:1064F0004140422244F20204ADF838608DF83B304E
:106500008DF83A708DF834E08DF83CC08DF83F502E
:10651000ADF8424025F0DBFE422013B0BDE8F08329
:106520005864002020010524A0F11000FFF750BF9F
:1065300070B50368184A5B6882B093428DF8071003
:1065400024D10546407DFF281DD000F039FC0DF117
:10655000070601243146224688B1687D00F0B4FC6C
:10656000241A02D1012002B070BD06440BF064F978
:10657000687D00F025FC314622460028EDD1C4F1AB
:10658000010002B070BD002002B070BD01220DF10B
:106590000701984702B070BD89630200437DFF2B5D
:1065A00000D07047094B1A78002AFAD110B500F1D3
:1065B000100442750649204601221A7000F0E0F9E5
:1065C00021460448BDE8104000F0F0B854640020B3
:1065D000E03C050058640020407DFF2807D000B54E
:1065E00083B000F0EDFB20B103B05DF804FB0020A8
:1065F000704701900BF020F9019803B05DF804FB9F
:1066000001B900B1704700B583B0694600F0EEFBF8
:10661000009BB3F5966F02D003B05DF804FB00F069
:106620007DFBF9E730B4084B084A4FF47F4102F193
:106630000805002430324FF47A7099821D60C3E956
:1066400001401A6130BC70473C640020F03C0500FA
:106650002DE9F0410024484E2546435D4719A3B17A
:1066600003F14002D2B2012A0AD9F42B08D81A0643
:106670000ED44FF0010EA3F55842B2F5006F56D27A
:1066800001354719435D002BEAD12046BDE8F08172
:1066900003F0E002C02A57D003F0F002E02A66D0EF
:1066A00003F0F802F02AEBD103F007024FF0040EDA
:1066B0007B7803F0C00CBCF1800FE1D197F802C0E9
:1066C0000CF0C00803F03F03B8F1800F43EA8213D7
:1066D000D6D10CF03F0CBEF1030F4CEA83132DD042
:1066E000FA7802F0C007802FCAD102F03F0242EAD6
:1066F0008313A3F58032B242C2D8A3F55847B7F549
:10670000006FBDD3B3F5803F05F1040510D31E2CF7
:10671000BBDC6300970A0B44C2F30902A7F52057BC
:10672000A2F5105221F814705A80023495E775448E
:10673000202CAAD021F8143001348EE7A3F5006292
:10674000B2F5784F97D39BE77A7802F0C007802F95
:1067500003F01F0394D102F03F0242EA8313A3F136
:106760008002B2F5F06F8BD24FF0020E83E703F098
:106770000F024FF0030E9BE7FFFF0F0090F8503120
:106780000B2B0CD871B103F1480210B45C1C80F8DB
:10679000504140F822105DF8044B18467047002322
:1067A000184670470B461846704700BF70B5044640
:1067B0000E68B4F81821B4F81A31656936689B1A66
:1067C00008469BB294F81C112A44B04758B1B4F85B
:1067D00018216369104480B2A4F81801588094F815
:1067E0001C211A71012070BD2DE9F043284DDFF8FE
:1067F000B090AC4604468846BCE80F0089B003AFB1
:106800000FC703AE0FCE05F1140E25460FC59EE847
:106810000700DCF800303B806B4636682E8003C3EF
:106820006B4603CB012504F118034FF480766361B6
:10683000A061E16184F8202004F59870C4F81891F3
:106840002022A4F81C61002184F81E5125F063FD6C
:1068500040F20947042240F2EF230E4E0E48C4F8DE
:1068600028010021C4F82C1184F85021A3804FF492
:10687000E131A571C4F82071C4F824610748FFF71D
:106880008DFE404600F038FA284609B0BDE8F08396
:10689000243D0500543D05005C3D05003C6400209E
:1068A000090000010048704758640020014B5869F6
:1068B000704700BF586400202DE9F04F89B0F8B14F
:1068C000032816D02B4C94F8503183424FD94830CE
:1068D00004F5AA7154F82000FFF7BAFEC0B20130E7
:1068E000400040F44070A4F85201234809B0BDE8CC
:1068F000F08F204CD4F82C0150B104F5AA71EBE7CD
:106900001C4CD4F82031A4F854314FF44170EAE71C
:10691000684600F005FA054610B300F1FF3A0DF1A4
:106920000103164FE94653FA8AFAA64604AE97E8E1
:106930000F0019F801CB86E80F000CF00F080DF1DD
:10694000200BD8440BEB1C1C18F8108C1CF8103CC6
:10695000AEF85681D145AEF854310EF1040EE6D1B1
:106960006800C0B20130400040F44070BBE7002036
:10697000BCE700BF58640020AA650020443D050024
:1069800010B504460248FFF7F9FE207110BD00BFA4
:106990005864002030B5144C236883B013B31868D2
:1069A00051B906F023FB236893F90400012103B0D9
:1069B000BDE830400BF074B90C4B00930025012367
:1069C0008DF805308DF8045002AB13E9060006F08F
:1069D000A9FA236893F90400294603B0BDE83040C2
:1069E0000BF05EB903B030BDEC65002080BA8C01BD
:1069F0000448006828B108B5006806F0FDFA0120D7
:106A000008BD7047EC650020084B1B6843B141B9D5
:106A1000074B4022C3F88020BFF34F8FBFF36F8F27
:106A20007047034B40221A60704700BFEC6500209E
:106A300000E100E0024B53F8200000B1C06870474D
:106A4000F065002030B4094CBDF8085054F82040DF
:106A500044B1246934B10846A44611461A462B466F
:106A600030BC6047002030BC704700BFF06500209C
:106A700030B4084CBDF8085054F8204044B1646963
:106A800034B10846A44611461A462B4630BC60472E
:106A900030BC7047F065002000207047024B18683A
:106AA00008B190F860007047F86500202DE9F843C0
:106AB000234C2568002D3CD01E462C2303FB00539D
:106AC0001746D3F8209088460446B9F1000F32D01B
:106AD000484627F0F5F92C2303FB0454D4E9095464
:106AE000DFF864C0174B08280246494628BF082231
:106AF0004046002D08BF6546002C08BF1C4625F007
:106B0000E6FB284627F0DCF910280246294628BF74
:106B10001022384625F0DBFB204627F0D1F9042867
:106B200002462146304628BF0422BDE8F84325F03E
:106B3000CEBBBDE8F883DFF814900820CBE700BF98
:106B4000F8650020903D0500803D0500743D05007E
:106B500070B5104E3368D3B12C2404FB00340546C5
:106B600062691AB19047336884F832002C2202FB24
:106B7000053393F8324014B10124204670BD2846F5
:106B800023463A22022101F0E7F8204670BD1C4658
:106B9000204670BDF8650020074B1B6853B110B448
:106BA0002C2404FB0030C46A038E0C6013805DF853
:106BB000044B7047704700BFF865002008B52022DD
:106BC0000023052101F0C8F84FF0FF3008BD00BFD9
:106BD00030B4094C24685CB10D4611462C2202FBEE
:106BE0000044E46924B11A462846234630BC1847BD
:106BF000012030BC704700BFF865002030B4094C5C
:106C0000029A246854B10D462C2101FB0044A4686B
:106C100024B119462846234630BC18474FF0FF30B0
:106C200030BC7047F865002030B4094C029A2468E3
:106C300054B10D462C2101FB0044E46824B11946EF
:106C40002846234630BC18474FF0FF3030BC704711
:106C5000F8650020044B1B682BB12C2202FB00308E
:106C6000036903B118477047F8650020054B1B689E
:106C70002BB12C2202FB0030836903B1184701209D
:106C8000704700BFF865002005F0DCBB00B5164B6F
:106C900083B04022002483F8272301A90123204642
:106CA0008DF804308DF8054002F0DAFE4FF0804395
:106CB00002A8D3F8385400F8084D0AF0D1FA0B4B6B
:106CC000019301A80AF0F8FA0AF008FBEB0707D4D1
:106CD00000214FF0FF3002F04DFFFFF7F9FAF7E720
:106CE000204605F0AFFBF3E700E100E0896C02000D
:106CF000002005F01DB800BF00B5002383B00322BB
:106D0000CDE9002303490448C82209F037F803B04D
:106D10005DF804FB943D05008D6C02000AF038BF5D
:106D20004FF08052536E1BBA0360136E1BBA436060
:106D300008207047004870479C3D050070B51E4C08
:106D40002368D3B1012901D0012070BD1578C5F3A6
:106D50004115012D13D0022D0FD15478012C21D0D3
:106D6000022CF1D19388072B07D1144C11462389AB
:106D70002246BDE8704003F035BE002070BD51785A
:106D80002229E1D111465288003218BF01225A75DA
:106D900003F010FE2268D369002BD5D0507D9847B0
:106DA000284670BD9C69002CE7D011462378224606
:106DB000BDE8704003F016BEFC65002004600020B2
:106DC00010B5044602F034FE08B9002010BD02F0F0
:106DD00037FE0028F9D1044B4FF4367202FB04341D
:106DE000207900F0010010BD80660020064A4FF4B3
:106DF000367303FB00230833186808609A889B7970
:106E00008B718A80704700BF8066002008B5044AF5
:106E10004FF4367303FB0020103002F055FC08BD20
:106E2000806600202DE9F8434FF4367404FB00F42B
:106E30001E4E4FF6FF73074604F110054FF6FE7025
:106E4000824288BF1A463544284692B202F066FC58
:106E5000804602F0EDFD10B94046BDE8F88302F02F
:106E6000EFFD81460028F7D13444E378002BF3D0BE
:106E7000284602F041FC3F28EED9E178484603F06D
:106E8000E7FC0028E8D0284602F036FC3F2804D86A
:106E9000E178484603F0ECFCDEE7054AE178484635
:106EA00002EBC712402303F0F3FCD5E78066002015
:106EB00000660020034A4FF4367303FB00201030B5
:106EC00002F096BC806600202DE9F8434FF4367539
:106ED00005FB00F5244F4FF6FF73064605F1240429
:106EE0004FF6FE70824288BF1A463C4492B220465A
:106EF00002F0B8FC8046204602F0E6FB3F2802D8AC
:106F00004046BDE8F88302F093FD0028F8D002F077
:106F100097FD81460028F3D1204602F0D5FB0028DA
:106F2000EED03D444846A97803F092FC0028E7D013
:106F30000E4B402202EBC6161E442046314602F09C
:106F4000EDFB034660B13246A978484603F0A0FC49
:106F50000028D5D1064B1B68DB07D1D500BECFE793
:106F6000A97803F085FCCBE780660020006600204E
:106F7000F0ED00E02DE9F041804602F059FD10B936
:106F80000020BDE8F08102F05BFD07460028F7D144
:106F90004FF4367404FB08F4164E04F1240535440E
:106FA000284602F091FB0028EAD026443846B17802
:106FB00003F04EFC0028E3D040220F4B02EBC81830
:106FC00098442846414602F0A9FB044660B1424677
:106FD000B1783846234603F05BFC40B9074B1B6889
:106FE000DB07CDD500BECCE7B17803F041FC2046ED
:106FF000C7E700BF8066002000660020F0ED00E0DB
:1070000008B5044A4FF4367303FB0020243002F025
:1070100073FB08BD8066002070B5204C82B0002153
:107020004FF4367220460D4625F075F9FF234FF4D4
:10703000E132082604F138016371A26001234FF4A4
:107040008072009504F11000A67302F001FB144B4E
:107050001B78C3F38003009304F59C7101234FF464
:10706000807204F1240002F0F3FA04F50E7101209D
:1070700008F0C8F804F522710646012008F0C2F8AD
:1070800006B130B9074B1B68DB0700D500BE02B064
:1070900070BDC4E90756C4E90C05F8E78066002016
:1070A000B8600020F0ED00E038B5094C206A256B8F
:1070B00020B108F0CBFC0023C4E907332DB12846EA
:1070C00008F0C4FC0023C4E90C33012038BD00BF24
:1070D0008066002010B50E4C0E4823780022026016
:1070E0000271DA0709D59B070DD521780A48C1F34B
:1070F0008001BDE8104002F063BC103002F040FC9B
:1071000023789B07F1D4044802F03AFCEDE700BF76
:10711000B860002080660020A46600202DE9F041C0
:107120004B79022B82B004D00025284602B0BDE87E
:10713000F0818B79022BF7D1364EB3782BB1364BD9
:107140001B68DB07F0D500BEEEE78B7833700C7858
:107150000C4407466378242B4FF009050BD1082A0D
:1071600002D822E0AA4220D323781C441D4463782D
:10717000242BADB2F6D0052B38D0042B15D1637972
:107180000A2B12D1254A94F8008001920223013281
:107190000092384604EB08011A4603F095FA0028DD
:1071A000CDD00E3518FA85F5ADB202F041FC0028BD
:1071B000BBD002F045FC04460028B6D1F378002B82
:1071C000B3D0174802F098FA3F28AED9F17820469C
:1071D00003F03EFB0028A8D0114802F08DFA3F28AA
:1071E000F17811D8204603F043FB9EE7214638464C
:1071F00003F00AFB0028A2D0A378737023781C4404
:107200001D44ADB26378B8E7064A2046402303F038
:107210003FFB8AE780660020F0ED00E082660020F8
:10722000906600200066002038B5137803F06003F4
:10723000202B01D0002038BD294C938825789D4211
:10724000F8D15378203B032BF4D8DFE803F008157E
:107250001E02012936D0032939D0012038BD012969
:107260000CD00329F9D11F4B002BF6D01E4900206A
:10727000AFF30080012038BD0129EED1114607236C
:10728000194A03F0AFFB012038BD01291AD00329A8
:10729000E3D1164B55881B781548257113F004016E
:1072A0001CBFE94301F0010102F08AFB114B002BE6
:1072B000D3D0C5F3400205F001010020FFF7A0F98B
:1072C000012038BD114603F075FB012038BD0A4B83
:1072D000002BC2D051880020AFF30080BDE700BF73
:1072E000806600200000000088660020B860002052
:1072F000A466002001660200000000002DE9F047AE
:107300005F4CE2788A420D4680461F4659D15D4E59
:107310009AB2314604F1100002F0A4FA5A4BC3B1FC
:107320006379FF2B15D0A7B106EB070A04F110090A
:1073300002E056450DD0637916F8012B9A42F8D138
:10734000484602F0D1F90028F3D16179AFF300800B
:10735000EFE74E4B23B14E4802F0C6F9002863D048
:1073600002F066FB002862D1A3789D4202D0012082
:10737000BDE8F087474B13B10020AFF3008002F067
:1073800057FB00282BD1444802F09EF90028EED18B
:10739000002FECD017F03F07E9D1A178404603F069
:1073A00057FA0028E3D0A17840463B463A4603F01E
:1073B0006FFA0028DBD1394B1B68DA070CD500BE09
:1073C000D6E7A3788B42D5D0344B1B68DB0703D5B7
:1073D00000BE0020BDE8F0870020BDE8F08702F085
:1073E0002FFB05460028CED12B4802F06DF900286E
:1073F000C9D0A178284603F02BFA0028C3D0402238
:107400002749254802F08AF9034600282CD028464F
:10741000234AA17803F03CFA0028A8D11F4B1B682F
:10742000D907B0D500BEAEE7AFF3008098E702F011
:1074300007FB0646002897D1E378002B94D0144828
:1074400002F05AF93F288FD9E178304603F000FA6C
:10745000002889D00E4802F04FF93F28304607D85F
:10746000E17803F005FA7FE7A17803F001FA8AE7F3
:107470004023044AE17803F00BFAA37875E700BFD4
:107480008066002000660020000000000000000070
:107490009066002000000000A4660020F0ED00E0EF
:1074A00040660020704700BF01207047704700BF52
:1074B000704700BF044B0022C3E90022C3E9022247
:1074C000C3E90422704700BFD86A0020012070473A
:1074D000044B0022C3E90022C3E90222C3E90422CB
:1074E000704700BFD86A00202DE9F0434B79032B89
:1074F00083B004D00024204603B0BDE8F0830B79AC
:10750000C3EBC3041234A4B2944205D9254B1B68C3
:10751000DA07EFD500BEEDE7234A5578002D3ED0BF
:10752000557B002DF2D102F10C054FF4A0770E78B7
:107530008A1992F801C0BCF1210FE7D1AA608946EF
:10754000895D80466E1CA81C1144CDE900061A46D0
:107550004046032303F0B8F80028D7D099F8063046
:10756000A978012B04BF99F80730EB700123AB71A8
:1075700099F80220AB682A70B3F80730AB80002975
:10758000B9D00A4A40463A44402303F081F9002822
:10759000B1D1044B1B68DB07ADD500BEABE7154688
:1075A0008027C4E7F0ED00E0D86A00205869002089
:1075B0002DE9F047137803F01F06012E82B003D0A7
:1075C000002002B0BDE8F087DFF80882978898F8BD
:1075D0000040FFB2BC4200F0B08098F80C40BC42C2
:1075E000EED13746B4464FF0C00E4FF0130A4FF0BD
:1075F000120913F060030C460546164604D1012912
:1076000000F0A4800120DCE7202BD9D15378013B86
:107610000A2BD5D801A252F823F000BFF176020060
:10762000E7760200D1760200C1750200C175020042
:10763000C1750200C1750200C17502009176020099
:10764000697602004976020001291BD00329D9D1AD
:1076500073880C2606FB0786DBB260461946B371B9
:10766000FFF720FF0120ACE70129CBD173880C2262
:1076700002FB07871B0A60461946FB71FFF714FFE0
:1076800000289DD03146284603F094F9012098E760
:10769000012900F086800329B4D1F48871884B4B0E
:1076A000402C4FEA1122204628BF402011F0FF0154
:1076B000734407D0012C05D91C788C4202D10138C3
:1076C00080B2013300906046FFF7D2F9012078E7DD
:1076D000012997D108EB090231462846234603F0D9
:1076E00081F920466DE701298CD108EB0A02F3E706
:1076F000012987D1F3887188344F402B4FEA11223A
:10770000184628BF402011F0FF01774454D0012BC8
:1077100052D9013880B239707B1C00906046FFF767
:1077200091F90444A3B2002B49D1294A1268D20727
:107730007FF546AF00BE184643E74FF0000E774690
:10774000F4464FF0070A4FF0060952E75378062B2C
:107750007FF436AF53881B0A212B12D0222B7FF4E3
:107760002FAF6046FFF766F97B001F4408EB8708E0
:10777000024631462846B8F8043003F033F9204673
:107780001FE77B001F4408EB8708D8F80820002A71
:107790003FF416AF1378314602B0BDE8F04703F06E
:1077A00021B9F388402B3FF60BAF084A31467244AB
:1077B00003F018F9204604E73B460024ADE73A46BB
:1077C0003146284603F00EF90120FAE658690020F8
:1077D000F0ED00E0D86A0020F0B52C4CA678657872
:1077E0008E4283B0074610D0A9422CD0A07B657B87
:1077F00088423FD0A94244D0254B1B68DA0702D407
:10780000002003B0F0BD00BEFAE780264FF0400C28
:107810000020A9429BB21AD01E4D3544FAB90093FC
:1078200011462B460222FFF723F92A46A178384653
:10783000402303F02DF80028E3D1154B1B68DB072C
:10784000DED500BEDDE74FF0400C00209BB21149B1
:1078500061444AB91A46FFF729FE0120D1E72A46BA
:107860000221FFF725FEE0E70A460121FFF720FE8F
:107870000120C6E70C344FF4A0764FF4807C012041
:10788000C7E74FF4807C0120E0E700BFD86A002002
:10789000F0ED00E05869002070B5194C82B000216D
:1078A0000D464FF4EC72204624F035FD04F138010A
:1078B0000123802204F11000009501F0C9FE04F1BB
:1078C000B80101238022009504F1240001F0C0FEDC
:1078D00004F59C71012007F095FC04F5C47106467F
:1078E000012007F08FFC30B9064B1B68DB0700D581
:1078F00000BE02B070BDC4E90756C4E90C05F8E744
:10790000706B0020F0ED00E038B5094C206A256B63
:1079100020B108F09BF80023C4E907332DB12846B5
:1079200008F094F80023C4E90C33012038BD00BFEF
:10793000706B002010B5084C002304F11000C4E95E
:107940000033C4E9023302F01BF804F12400BDE85F
:10795000104002F015B800BF706B00202DE9F04315
:107960004B79012B83B004D00025284603B0BDE835
:10797000F0838B79012B0C46064616D049780429F2
:10798000F2D10025032BEFD1E379002BECD1DFF806
:10799000FC8098F8013013B998F802700FB3384B97
:1079A0001B68DB07E0D500BEDEE7CB79002BDBD11F
:1079B0000B781C449DB2617824290BD1954202D9E1
:1079C000D2E7AA42D0D323781C442B4461782429DF
:1079D0009DB2F6D00429C7D16379012BC4D1A37914
:1079E000D0E7A37888F8003094F8009021794D44CE
:1079F000ADB2A14439B925E099F800308F421D4459
:107A0000ADB299441ED2AA421CD399F80130052B7D
:107A1000F2D149463046019202F0F6FE019A002862
:107A2000BDD099F80230D90914BF88F8013088F820
:107A3000023099F80030217901371D44FFB2ADB210
:107A40009944D9E70F4801F057FE3F288DD998F89F
:107A50000210002002F0FCFE002886D0094801F048
:107A60004BFE3F2898F8021003D8002002F000FFD8
:107A70007BE7054A4023002002F00AFF75E700BFBC
:107A8000F0ED00E0806B0020306B0020706B002078
:107A900000207047F8B53C4DAA788A421F4612D1A3
:107AA0009AB23A4905F1100001F0DCFE384B13B1EF
:107AB0000020AFF30080374801F01EFE3F282CD88D
:107AC00001242046F8BD6B788B4208D0324B1C68ED
:107AD00014F00104F5D000BE00242046F8BD06468F
:107AE00005F1240001F0F0FD40BB2C4801F0ECFD55
:107AF0000028E5D1002FE3D017F03F07E0D16978E7
:107B0000304602F0A5FE04460028D9D069783046F8
:107B10003B463A4602F0BCFED3E7A978002002F0CB
:107B200097FE04460028CBD01A4801F0E5FD3F2817
:107B3000A9781ED8002002F09BFEC2E769780020D9
:107B400002F086FE0028D0D04022154905F124001D
:107B500001F0E4FD034690B1114A6978002002F07B
:107B600097FE0028ACD10C4B1B68DB07BDD500BECF
:107B7000BBE7064A4023002002F08AFEA1E76978AD
:107B800002F076FEB1E700BF706B0020306B002082
:107B900000000000806B0020F0ED00E0946B0020FE
:107BA000F06A002030B4114B9C689A6B93F83C50FB
:107BB00083F82C10A21A022183F830109A6225B99A
:107BC00042F2050183F83E50998744B13AB11A7BDD
:107BD000D20906D193F82F1030BC02F099BE30BC08
:107BE000704793F82E1030BC02F092BE486F002010
:107BF00038B5214B214C05461BB1607BFFF736F8A9
:107C0000A8B1A06BA36894F82F101D4A1B1AB3F5F6
:107C1000007F28BF4FF4007328469BB202F038FE65
:107C200020B9184B1B68DB0700D500BE38BDA26821
:107C3000A36B84F83E0042F20771D31A0120A1879A
:107C40000221A36284F82C0084F83010002AEDD0C1
:107C5000002BEBD0237BDB0906D194F82F102846AC
:107C6000BDE8384002F054BE94F82E102846BDE816
:107C7000384002F04DBE00BF6D6C0200486F00201E
:107C8000486D0020F0ED00E070B5304CE28AA3684A
:107C900052BA92B286B0054612B1B3FBF2F292B27A
:107CA000A66BD4F81110607B9B1BB3F5007F28BF37
:107CB0004FF4007309BA0093B6FBF2F302FB1362B0
:107CC0001944234BFEF79AFF031E20DB94F82E2065
:107CD0000DD011469BB228461D4A02F0D9FDA0B92D
:107CE0001C4B1B68DB0710D500BE06B070BD072417
:107CF000194603A88DF80C508DF8102005938DF8C7
:107D000011308DF80D4002F0B7FB06B070BDA268CF
:107D1000A36B43F602200021D31AA08784F83E10FB
:107D200001200221A36284F82C0084F83010002A7C
:107D3000EBD0002BE9D0237BDB0914BF94F82E1085
:107D400094F82F10284602F0E3FDDEE7486F00208C
:107D5000486D0020F0ED00E010B4054C012084F8DF
:107D60003C1084F83D2084F83E305DF8044B7047A9
:107D7000486F002040220021014824F0CCBA00BF07
:107D8000486F002040220021014824F0C4BA00BFFF
:107D9000486F00204B79082B01D0002070478B7969
:107DA000062BFAD1CB79502BF7D1162A06D81C4BCB
:107DB0001B68D907F1D500BE0020704770B5194D7A
:107DC0008B7885F82D300B7882B005F12F0205F104
:107DD0002E0619440223CDE900261A46044602F075
:107DE00073FC48B90E4B1B68DA0702D500BE02B01F
:107DF00070BD002002B070BD204695F82F100A4AD1
:107E000000241F2385F8304002F042FD30B9044BB6
:107E10001B68DB0702D500BE1720E8E71720E6E75E
:107E2000F0ED00E0486F0020486D0020012901D0EE
:107E300001207047F0B5137803F07F01022985B067
:107E4000054606D003F06003202B1AD0002005B0B1
:107E5000F0BD5478012CF5D15388002BF6D1434E58
:107E6000918896F83030042BC9B279D096F82E401C
:107E70008C423DD096F82F408C4257D0012005B05F
:107E8000F0BD5378FE2B16D0FF2BDFD15388002B8B
:107E9000DCD1D488A3B2002BD8D1344E1146284669
:107EA00086F83030C6E90D33B48786F83E3002F0EC
:107EB00081FD0120CBE75388002BC7D1D388012B4C
:107EC000C4D12B498DF80F3000294DD00192FEF717
:107ED000E5FD019A0028B9D0431EDBB204AC11467F
:107EE00004F8013D28462246012302F07BFDC5E748
:107EF000022BC3D1B26BB3681E4F9B1AB36206F15B
:107F000020030FCB07C73A46214602F80C39032459
:107F100028460D2386F8304002F0BAFC0028ADD187
:107F2000154B1B68DB0791D500BE90E7002BA5D150
:107F3000214602F0DFFC0028A0D12146284602F0AD
:107F400005FD00289AD1002496F82F10094A86F8DA
:107F5000304028461F2302F09BFC0028E0D08DE72C
:107F600002F0D6FC204672E70B46B7E7486F0020C8
:107F70009D6A0200486D0020F0ED00E02DE9F0411F
:107F8000B44C94F83050012D8EB01E46074645D0B3
:107F900028D3032D05D0022D5FD001200EB0BDE8FF
:107FA000F08194F82E308B42F7D10D2EF5D1E37B82
:107FB000282B00F01A812A2B40F00D81A64B13B11B
:107FC000607BFEF747FE002594F82F10A34A84F843
:107FD00030501F23384602F05BFC002861D094F833
:107FE0003050D8E794F82F508D42D6D11F2B06D1B0
:107FF000DFF868829A4BD8F800209A4271D00423A7
:1080000094F82E1084F83030384602F081FC38465F
:1080100094F82F1002F07CFC0020BFE7B3F5007F3E
:1080200008D9904B1B68D90700D500BE00200EB0C0
:10803000BDE8F081E27BA36B282A00F087802A2A22
:1080400000F08F80217B626B1E44CB09A66336D083
:1080500096422CD3022384F8303094F82E10384600
:1080600002F074FC002898D1A368A26B94F82E60EB
:10807000934202D9217BC9092ED19B1A7A4AA36265
:108080000FCA764D07C52A46314602F80C3903253A
:1080900038460D2384F8305002F0FAFB00287FF4B4
:1080A0007CAF704B1B68DB07C0D500BE76E76D4B1D
:1080B0001B68DA0793D500BE94F830506BE793B293
:1080C000607B664A04F10F01FEF778FD0028C0F2DC
:1080D0009F80A66B626BBBE73146384602F018FC06
:1080E0005BE7C446BCE80F0026460FC69CE80F00BD
:1080F00007C626F8023B1B0C3370D4E90123E17B51
:108100005A4E626201200022282963632662A2621D
:1081100084F82C20A26384F8300000F0AD802A2976
:1081200000F0DF80002B00F0EF80227BD20940F0CE
:10813000EB80B3F5007F00F26F819BB22946474A7E
:10814000384602F0A5FB0028ABD048E7626B1E441E
:108150009642A663BFF47EAFFFF796FD94F83050C9
:1081600019E7E28A52BA92B21AB1A168B1FBF2F2EF
:1081700092B2D4F81110394DB3FBF2FC09BA02FBEC
:108180001C32607B009661442B46FEF74DFD0028B3
:10819000C0F2FB81864230D9361A40B1A36B291850
:1081A00013FA80F332462846A36324F09BF8002399
:1081B00094F82F508DF818500722194605A88DF80D
:1081C000147007968DF819308DF8152002F054F9C7
:1081D00094F83050DFE6264B002B3FF4F4AE04F168
:1081E0000F01607BAFF30080EDE6224B002B3FF4E4
:1081F000EAAE607BAFF30080E5E6D4E90D231E44D0
:108200009642A663BFF426AF3846FFF7F1FCE6E6D8
:10821000A368A66B94F83C1084F82C509A1B02209B
:10822000A26284F8300021B942F2050084F83E10C1
:10823000A087002B3FF44EAF002A3FF44BAF237BC7
:10824000DB0940F0E58194F82F10384602F060FB1E
:108250003FE700BF486F0020556C0200486D0020CA
:1082600055534243F0ED00E0686F002055534253F0
:108270000000000000000000E28A52BA92B20BBB7C
:10828000002A3FF4E7AE94F83C10A362022284F87F
:108290002C2084F8302000297FF4DFAE42F2050163
:1082A0000022A18784F83E20002B3FF4D6AE237B2A
:1082B000DB0940F09A812946384602F029FB94F800
:1082C000305068E6207BC00913D0002A00F080817E
:1082D000B3FBF2F2002A00F0A3812829384694D19A
:1082E0003AE7E28A52BA92B2002BC9D0207BC00989
:1082F000EBD094F83C10A362022284F82C2084F87E
:1083000030200029CAD0D2E7667B252900F22B81D4
:10831000DFE811F0220129012901E50029012901E5
:1083200029012901290129012901290129012901FD
:108330002901290129012901BD002901290129015A
:108340002901290129012901990087002901290111
:10835000710029012901290129014C002901260068
:10836000304604AA05A9FEF717FC059B002B00F078
:108370004481BDF81020002A00F03F81013B1BBA68
:1083800012BAC8E900320820A368002B44D09842F2
:1083900028BF184683B26063A64A94F82E10384668
:1083A00002F076FA00283FF47CAE18E605AD002313
:1083B0000DF10E02304604A96B600593AB60FEF729
:1083C000EBFB049A002A00F01881BDF80E30002B58
:1083D00000F0138112BA082106925BBA0222ADF8AE
:1083E0001E308DF817108DF81C2095E8070088E8DE
:1083F00007000C20C8E7904B03B33046227DE17C98
:10840000AFF30080D0B994F83C302BB943F6022288
:108410000023A28784F83E3001213846FFF7C2FBD3
:10842000DDE5864B53B1E17C3046C1F3400301F0FA
:1084300001020909FEF7CCFB0028E4D0A368002B59
:108440003FF408AEE8E79DF816307D49002203F0BE
:10845000800362F3C7138DF8163003238DF81520BF
:108460008DF817208DF81430002900F0E180304697
:10847000FEF7FCFB9DF8163080F0010060F3C71397
:108480008DF81630059BC8F8003004207CE74FF0CB
:10849000203302250022CDE90522304607A909AA8A
:1084A00008934FF0800C079309930D93CDE90A339D
:1084B0000C931F260DAB8DF816508DF8175005AD97
:1084C0008DF818608DF815C0FEF7F0FA0FCD594EF3
:1084D0000FC60FCD0FC62B683360242054E794F8E5
:1084E0003C2094F83D0094F83E10DFF848C1DFF8D6
:1084F00058E14FF000084FF00003CDE90588CDE9C1
:10850000078862F303038DF81630F0220A23ADF8D2
:1085100024808DF820008DF821108DF814208DF81E
:108520001B3005AD0FCDACE80F002B68ACF8003068
:10853000BEF1000F76D0ACF1100130464FF400725E
:10854000AFF300800028A4F83C8084F83E800FDB65
:1085500000283FF473AF17E73046FEF7F9FA00281A
:108560003FF451AF6AE794F83C30002B7FF454AFEE
:10857000A38E304A3349607BFEF720FB0028FFF6CC
:108580004BAF00283FF45AAFFEE6A36BA2681E442F
:1085900043F602200021931BA08784F83E1001209F
:1085A0000221A663A36284F82C0084F83010002A0C
:1085B0003FF453AD002B3FF450AD237BDB0914D1C6
:1085C00094F82F10384602F0A3F994F83050E2E402
:1085D000012294F83C1084F82C200222A36284F833
:1085E000302000293FF45AAE5EE694F82E1038464B
:1085F00002F08EF994F83050CDE494F83C30002B22
:108600007FF40AAF43F6022284F83E30A28703E7E4
:1086100094F82E10384602F07BF9D4E90D2617E5C0
:108620000222D6E7A4F83CE084F83EE01220ABE654
:1086300001201FE7486D002000000000D16B020000
:108640006D6C0200576F00200000000070B5134CE5
:10865000134E84B020464FF4AE72002123F05BFE2F
:108660004025002304F58E720092CDE901561A468A
:10867000194604F1B000039504F068F92E4404F1A2
:1086800070020023CDE90025CDE90265201D1946C1
:10869000012204F05BF904B070BD00BF0870002037
:1086A000886F002010B5054C04F1B00004F07AF991
:1086B000201D04F077F9012010BD00BF08700020D4
:1086C00038B5074C2046002500F8B85B01F058F992
:1086D00004F10C0001F054F984F8B150657138BD13
:1086E000087000204B79FF2B01D0002070472DE946
:1086F000F04FDFF824B19BF8B13083B04BBB9BF84F
:10870000053033BB0B788A460AEB02050AEB0304FB
:1087100089788BF80010A542064614D91AF8032070
:10872000A3189D420FD36278042A0CD00B2A0AD0DA
:10873000052A0BF1B8080BF1B0070BF10C0917D0A3
:108740009D421C4609D8A4EB0A0080B203B0BDE8E4
:10875000F08F002003B0BDE8F08F1A7813449D42DB
:10876000F1D36278042AEED00B2AECD0052AE7D1A7
:108770002146304602F048F8002843D0A378DB09B0
:1087800005D19BF8B1301BB32278A318D8E79BF82A
:108790000530002BF8D14846019301F0F1F8A2789A
:1087A0008BF80520A2889BF804C0019B1849C2F3EE
:1087B0000A02A2F50072B2FA82F2520962F3410C87
:1087C00018468BF804C004F037F92278A318B7E7ED
:1087D000404601F0D5F8A3788BF8B130A3889BF818
:1087E000B020C3F30A03A3F50073B3FA83F35B0964
:1087F00063F34102394630468BF8B02004F064F947
:108800000028C1D1034B1B68DB07A2D500BEA1E73E
:108810000C700020F0ED00E00870002070B51C4CDA
:1088200094F8B1208A4205461E460FD1B4F8BC2008
:10883000F2B9184B23B1B2B217490020AFF3008050
:108840002846164904F040F9012070BD63798B4237
:1088500001D0002070BD124B1BB1B1B20020AFF3AC
:1088600000801049284604F0E7F848B1012070BDA7
:10887000B2B2D4F8B41004F1B80000F0F3FFD8E7B6
:1088800032462846074904F099F8012070BD00BF20
:108890000870002000000000886F0020B8700020E1
:1088A000000000000C700020F8B50E688D88B778C5
:1088B0003544AE420BD23B469F42344603D10BE0D7
:1088C0006378042B05D023781C44A542F8D80020F7
:1088D000F8BDA3789F42F6D1E3789A42F3D1A5423E
:1088E000F5D9237D012B06D9144B1B68DA07EED589
:1088F00000BE0020ECE723790D46DBB1012BE6D169
:108900002278E389617A1344114423442144994233
:1089100004D3DCE70A7811448B42D8D94A78052A77
:10892000F8D101F071FF28B9044B1B68DB07CED5E5
:1089300000BEF8BDA41BEC800120F8BDF0ED00E006
:10894000C28832B9654B1B68DB0700D500BE00202A
:108950007047F0B40378624803EB830403EB4403ED
:10896000C058831803D08E781C7BA64207D95B4B76
:108970001B68D90700D500BE0020F0BC70472EB997
:10898000012C01D90120F8E701268E7001248C60AA
:10899000C1F80E404C7700256FF03F0481F822505B
:1089A0008C766FF003056FF06404CD760C774D4D37
:1089B000C1F81E50082481F82340825CB3F80D40B2
:1089C00014441C441344A342D1D2474F9D78102D28
:1089D0000CD827FA05F0C04310F0010006D1DA7870
:1089E000964203D107E05A78242AEFD01A7813442C
:1089F0009C42F8D8BBE79C42B9D0062D06D0102D7A
:108A000004D0042DB9D1012248730A73CF781A79A2
:108A1000974218D81FB9012AB4D80127CF701A7805
:108A20001A44A2420FD2967806F0FD0CBCF1050F55
:108A30000FD0112E03D10CE05678242EF3D01678E7
:108A400032449442F8D8254B1B68DA0794D500BE0F
:108A500093E7D678B742F2D19442F4D0D1F81240DD
:108A60008CB9062D30D0102D2ED0042D09D1B2F89E
:108A70000560B2F807505C7D05FB06F304FB03F4C8
:108A8000E408C1F812404B6863B9557E012D3FF6EA
:108A900079AFD2F81A3025B9D2F81E209A427FF465
:108AA00071AF4B60114AA2FB03235A0BCBD0631E5C
:108AB0001344B3FBF2F30233B3F5807F28BF4FF4C6
:108AC0008073C1F816305DE7B2F80530B2F80740A0
:108AD00004FB03F42401E408D3E700BFF0ED00E059
:108AE0006471002003010101501001005917B7D132
:108AF0002DE9F84F0B785D4C03EB83050E4603EB35
:108B000045030989E7589146804679B13944CB78C5
:108B100003F00303012B00F09480738933B13B44CD
:108B2000DA7802F00302012A00F091807488B58897
:108B300000233C44B381F38133827382B382F38296
:108B40003D44A278AC4238BF134609D29A4203D1C1
:108B50000CE06378042B06D023781C44A542F8D897
:108B60000020BDE8F88FA3789A42F5D1E3789945C3
:108B7000F2D1A542F4D994F804A0BAF1020F15D8A5
:108B8000E31BF380B9F1000F16D023781C44BAF12F
:108B9000000F4CD04FF0000B06E06378052B28D077
:108BA000042B03D023781C44A542F6D8304B1B6815
:108BB000DA07D5D500BED3E7737F012B12D006F1BB
:108BC0001E03494686F81D90A6F81890A6F81A903C
:108BD0001846302223F09FFB01463046FFF7B0FED7
:108BE0000028BDD023781C44BAF1000FD2D1012057
:108BF000B7E7E37803F00303B9F1000F01D0012BCD
:108C000018D0022BACD12146404601F0FDFD28B31F
:108C100006EB4B03E21B1A8122780BF101039A4504
:108C200014444FF0010BBFD8B9F1000FDFD002237D
:108C30007377DCE7A388B269C3F30A039342E2D2F5
:108C40008EE700233381897801F08EFE65E70022EC
:108C500072819978404601F087FE67E7044B1B68F4
:108C6000DB077FF57DAF00BE7BE700BF64710020AE
:108C7000F0ED00E010B4064C06480023C4E90033D0
:108C80001946C4F807304E225DF8044B23F043BB6D
:108C900064710020707200200120704710B4064CEF
:108CA00006480023C4E900331946C4F807304E22B1
:108CB0005DF8044B23F02FBB64710020707200201C
:108CC0002DE9F0414B790E2B04D04FF000084046BF
:108CD000BDE8F0818B79012BF7D1CB79012BF4D151
:108CE0003E4E33682BB13E4B1B68DB07EDD500BE13
:108CF000EBE714460F461A46314605463760B48006
:108D0000FFF7D2FD0028E0D0F2883368B978134429
:108D10003C44A74293F814C03B4605D308E05A7878
:108D2000042A4DD00B2A4BD01A7813449C42F6D813
:108D3000BCF1000F4ED02B494A88002AD3D1D81B52
:108D40001FFA80F83272A1F802809C4293F802E088
:108D50000A8098BF034605D80BE05A78042A2BD026
:108D60000B2A29D01A7813449C42F6D8DB1B1FFA31
:108D700083F80022BCF1010FA1F804804A77B2D138
:108D800017FA80F017FA83F3984281780AD2827832
:108D90008A4203D118E04278042AF8D002781044BD
:108DA0008342F8D8284600220E49FFF7A1FE00288A
:108DB0008BD0A6F804808AE79A787245D2D0D5E79E
:108DC0009A788A42B0D0B3E7C278012AE6D18342CA
:108DD000EFD1E7E7DB1B1FFA83F8EAE764710020B5
:108DE000F0ED00E0707200202DE9F047167806F0F3
:108DF0001F04012C8CB004D0002420460CB0BDE828
:108E0000F087DFF8F892B2F804C0D9F80070804615
:108E100015465FFA8CF317B1BA789A422CD0B44F4A
:108E20007C88002CE9D03A7802EB820002EB400209
:108E300059F802E07444A2789A42DDD1C6F3411693
:108E4000F3B2002B00F09C80012B12D15FEA1C2CA6
:108E50000FD16B881B0A022B00F02E81062B00F02D
:108E60001781012B00F0F580A24B1B68DB0700D5B2
:108E700000BE07233B77BFE7C6F34116F4B2002CD0
:108E800047D0012C25D15FEA1C2C26D0B9F806204A
:108E9000BB18B95CDA89114419448B420ED29A7816
:108EA000023A052A06D8DA78624503D107E05A78F3
:108EB000242AF4D01A7813449942F8D849B10023EF
:108EC00089F80930012498E78A4B1B68D90700D537
:108ED00000BE072389F809308EE76B881B0A012B37
:108EE00000F09580022BEFD16B78812B00F0478149
:108EF000862BE9D10129E2D10B46404629467E4A1C
:108F000001F070FD0028DAD1FF2389F80930002430
:108F100073E76B780A2B4AD00B2B3ED10129CED1B7
:108F2000EB88002BF0D1B9F80630FA181179A9B105
:108F3000F85CD189537A0144034413440A449342B0
:108F400005D395E119780B449A4240F29181597802
:108F50000529F7D19978404601F006FD0026A9F8C9
:108F600006606A8865494046FFF79EFC0446002873
:108F7000CAD02946404601F01DFD89F809603CE74A
:108F80006B780A2B27D00B2B7FF46EAF012900F0F2
:108F9000BD8000233B7701242FE7564B1B6813F05D
:108FA00001032FD107221C4689F8092025E7012952
:108FB00085D1EB88012BA7D1B9F80620BF18A3D023
:108FC0000CAAF97802F8301D294601F00BFD044681
:108FD0000028D2D198E70129DBD1EB88012B35D1CC
:108FE000FB889BB31EEB030330D00CAADB7802F89E
:108FF000303D40460B46294601F0F4FC044628B3B8
:109000003E77FAE600BE072389F80930F5E66B786B
:10901000812B00F0D180862B00F0BE80012B7FF4E5
:1090200053AF012900F0CB8002297FF448AF344BC5
:10903000002B3FF444AF99F80A100020AFF30080F2
:10904000B0FA80F489F809006409D6E6FF233B777B
:10905000D2E67B7F0BB187F81DC06C78842C61D879
:10906000822C65D2012C00F00A81812C7FF4FCAEA9
:1090700001298ED1EB883BB1294640463023214A55
:1090800001F0B0FC002884D1FF233B770024B4E634
:109090006B78812B00F0A180862B7FF4E5AE01294F
:1090A0007FF477AF294640460123134A01F09AFC2A
:1090B00000287FF46EAFE7E76B78812BD8D040F2C1
:1090C000B080852B00F09780862B7FF4CDAE0129F0
:1090D0007FF45FAFEB88012BD6D10B464046294683
:1090E000094A01F07FFC00287FF453AFCCE700BFB2
:1090F00070720020F0ED00E0D53D050064710020A5
:10910000000000008E720020D63D05006A883946B6
:109110004046FFF7EDFC002898D02946404601F074
:1091200049FC36E7862CD2D065D3872C7FF49CAEE1
:1091300001297FF42EAFEB88002BA5D0B64EE9466F
:1091400006F1300A30687168B268F368CC46ACE862
:109150000F0010365645E146F4D19DF80210002963
:1091600040F09F80832C00F08381872C00F0648185
:10917000822C00F0618108233B7700243DE6012921
:109180007FF49DAE294640460123A44A01F02AFC03
:1091900000287FF494AEB7E601297FF490AEEB8807
:1091A000012B7FF4B1AE294640469D4A01F01AFCDE
:1091B00000287FF484AEA7E601297FF480AEEB8817
:1091C000012B7FF4A1AE294640460123954A01F0C8
:1091D00009FC00287FF473AE96E601297FF4D9AE2E
:1091E0000B464046294607F11C0201F0FBFB002814
:1091F0007FF4CFAE48E701297FF4CBAEEB88022B9A
:109200007FF442AF0CAA302122F8301D4046294697
:1092100001F0E8FB044600283FF436AF00233B771B
:10922000EBE5012B7FF420AE01293FF425AF0229A5
:109230007FF4AFAE7849A1F11E00FFF781FB044631
:1092400060B3794B7A6BBA613BB1734A79783878FD
:10925000AFF3008000287FF49CAE74490023022005
:109260004FF480720880C7E903337B61BA83C4E599
:109270006F4B1B68D8077FF547AE00BE44E6012957
:109280003FF4FAAE02297FF484AE6349A1F11E00D7
:10929000FFF756FB044600287FF47BAE08233B779C
:1092A000ABE59DF8030000287FD1FA88002A3AD068
:1092B0001EEB020337D01EF80220B3F80D005D4EFE
:1092C00010441844134498420FD99A78102A04D8AD
:1092D00026FA02F2D20700F1D5801A781344984298
:1092E000F1D95A78242AF8D1EDE70346832C5AD0D5
:1092F000872C4CD0822C7FF43EAF01218DF80310D7
:109300001A781A44904237D9947804F0FD06052E55
:1093100010D0112C0ED0147822449042F2D95478F7
:10932000242CF8D1EEE7424B1B68D9077FF523AF19
:1093300000BE20E7D478A142EDD1997806291DD04E
:1093400010291BD004297FF416AFB2F80510B2F82B
:1093500007205B7D02FB01F203FB02F3DB08CDF883
:1093600012306A4629464046302301F03BFB044652
:1093700000283FF489AE51E70246DEE7B2F8051057
:10938000B2F8073003FB01F31B01DB08E7E79A782B
:10939000062A06D0102A02D0042A7FF4ECAE997D6A
:1093A000ACE79979AAE71979A8E7019B002BD8D1F6
:1093B000FA88002AB7D01EEB0203B4D01EF802E0F0
:1093C000B3F80D20DFF86CC072449E1873449E42BF
:1093D0000ED99A78102A03D82CFA02F2D20756D462
:1093E0001A7813449E42F2D95A78242AF8D1EEE72B
:1093F00033461A7813449E4264D99A7802F0FD01EC
:10940000052948D0112A46D01A7813449E42F2D931
:109410005A78242AF8D1EEE78E7200206D71002070
:10942000D63D05006E710020000000007071002024
:10943000F0ED00E05010010001238DF8023001230F
:109440004FF00112029300230392ADF810304FF653
:10945000C0428DF8223040F29B13ADF81A20ADF8CF
:109460001C30404ACDF81E2008238DF8233078E7C1
:10947000FB88002BE3D01EEB0303E0D01B7B8DF8B1
:109480000230DCE7DA7891427FF427AF2EE7DA7812
:109490009142A5D1ADE7DA789042B5D1823C052C56
:1094A0003FF669AE01A252F824F000BF2D950200EC
:1094B00011950200F3940200779102007791020067
:1094C000C99402003346E9E7D3F8151042F210734D
:1094D000B1FBF3F3019100293ED0DDF812208BB9E6
:1094E000931CB3F5807F28BF4FF48073CDF81630FE
:1094F00037E75A7E72BBD3F8221042F21073B1FBE9
:10950000F3F3E7E7013A1A44B2FBF3F30233E8E777
:109510005A7ECAB1053203EB8202D2F80210D3F8A8
:109520001A3042F21072B3FBF2F3D3E75A7E72B1F3
:10953000053203EB8202D2F80220D3F81A1042F26D
:109540001073B2FBF3F3C5E7D3F81E10E7E7D3F8C7
:109550001E20F2E7002301930023ADF81630ADF88A
:109560001830FEE6030101012DE9F84F334C238941
:1095700053B12278324F02EB820502EB45057D594B
:109580002B449F788F420AD02E4B1B68DB0703D5F4
:1095900000BE0020BDE8F88F0020BDE8F88FD4E9B8
:1095A00004369E4205460BD327490023C4E9033302
:1095B000636119B161781046AFF300800120E9E7DB
:1095C00001F046F90028E7D0DFF88090A36999F808
:1095D0000000D4E9042BA2EB0B0808EB00069E4226
:1095E00028BF1E46B04213D9164B1B6813F0010367
:1095F00001D000BE002339462846144A01F048F93C
:109600000028DBD10F4B1B68DA07C5D500BEC1E7C8
:10961000E168A6EB000A59444844524622F057FE3E
:109620000BEB0A03D0456361B3B2E4D199F8012092
:1096300042F0020289F80120DDE700BF70720020CD
:1096400064710020F0ED00E0000000007071002067
:109650002DE9F041B2F5004F9DF8188030D804464E
:10966000C0681E460F46154618B14FF0FF3106F090
:1096700037F8206918B14FF0FF3106F031F8E28871
:10968000E068276066F30E02C2F30721002368F347
:10969000C711E2806381A580E171238118B11A4668
:1096A000194605F0D5FB206938B100231A46194642
:1096B00005F0CEFB0120BDE8F0810120BDE8F0817E
:1096C0000020BDE8F08100BF03894289808892B202
:1096D0009BB2934236BFC2EB40029B1A9B189BB2CF
:1096E000984228BF18467047028943899BB2981A4E
:1096F000B0FA80F04009704703894289808892B2AD
:109700009BB2934236BFC2EB40029B1A9B189BB29E
:10971000984286BFC01A80B2002070472DE9F843F6
:10972000054600690E46174618B14FF0FF3105F0A7
:10973000D7FF2B896989A8889BB289B28B4236BF33
:10974000C1EB40045C1AE418A4B2002C4AD0A04239
:1097500006D283422CBF191A191889B269810446AE
:10976000BC4228BF3C468842A4B203D8091A89B239
:109770008842FBD9EA882B68401AC2F30E0887B2E8
:109780001FFA88F2BC4202FB013125D917FB08F908
:109790001FFA89F94A46304622F099FDE21B12FB76
:1097A00008F206EB090092B2296822F090FD6A895E
:1097B000A88892B211198BB29A4215D940001B1A8F
:1097C0009BB228696B8120B100231A46194605F027
:1097D0003FFB2046BDE8F88302FB04F2304622F04E
:1097E00076FDE4E769898BB240008342E9DBE6E776
:1097F00038B5054600690C4618B14FF0FF3105F049
:109800006FFF29896B89AA8889B29BB2994236BFBA
:10981000C3EB4200C81A401880B200B3824209D29A
:1098200091422CBF8B1A8B189BB29A426B8103D842
:109830009B1A9BB29A42FBD9EA882968C2F30E02AE
:10984000204602FB031122F042FD0124286920B1C9
:1098500000231A46194605F0FBFA204638BD044697
:10986000F4E700BF2DE9F0471446002A4FD0054623
:10987000C0680F4618B14FF0FF3105F031FFEA79AB
:109880002E896989AB88D209B6B289B242D18E429B
:1098900036BFC1EB4301711A891989B2994252D27C
:1098A000591A89B28C42E88828BF0C46C0F30E08CA
:1098B000B342304603D8C01A80B29842FBD21B1A7A
:1098C0002A681FFA83F9A14508FB002047D219FB3B
:1098D00008FA1FFA8AFA5246394622F0F8FCA4EB3D
:1098E000090212FB08F207EB0A0192B2286822F083
:1098F000EEFCA3199BB2AA88B3424FEA420201D3FD
:10990000934201DB9B1A9BB2E8682B81F8B9204691
:10991000BDE8F087E8889C42C0F30E080FD28E4263
:1099200023D3721A92B2580022448242C0DBCE186E
:10993000361BB6B2B14220D9361AB6B2B8E7E41A2D
:1099400008FB0477B3B9E86800240028DFD00023BF
:109950001A46194605F07CFA2046BDE8F08708FB58
:1099600004F2394622F0B3FCC3E75800421A3244ED
:1099700092B2D9E70E461C4698E7B04298DCDBE786
:1099800010B50446C06818B14FF0FF3105F0A8FECD
:10999000206918B14FF0FF3105F0A2FEE068002306
:1099A0006381238118B11A46194605F051FA2069DE
:1099B00020B100231A46194605F04AFA012010BDCD
:1099C00038B5C379B1EBD31F1FD00446C0680D462C
:1099D00018B14FF0FF3105F083FE206918B14FF048
:1099E000FF3105F07DFEE379E06865F3C713E371AD
:1099F00020B100231A46194605F02AFA206920B141
:109A000000231A46194605F023FA012038BD00BF8D
:109A1000704700BF704700BF0020704700207047AC
:109A2000704700BF704700BF704700BF704700BF5E
:109A3000024B5878003018BF01207047187300207F
:109A4000024B1878C0F38000704700BF18730020E5
:109A5000024B1878FF3818BF0120704718610020AA
:109A60002DE9F047374E3378FF2B82B004D0012523
:109A7000284602B0BDE8F087002946D03822884643
:109A800007460021304822F046FC304B3049002583
:109A900001201D7005F0B6FB2E4B1860002834D055
:109AA0002D4C2346626833F80C0B6188009505F055
:109AB0005DF9A168054605F0EDFF284B1D6075B303
:109AC000274B23B12748AFF30080274B1860254C64
:109AD000DFF89CA02278DFF8909000252B460EE05E
:109AE000D9F8003013EB45130FD05B686BB1984782
:109AF00022780135EDB2511DA9422B4615DBAA4251
:109B0000EED89B1A0AEB4313EFE7184B1B68DA07F2
:109B100000D500BE0025284602B0BDE8F087134BF3
:109B20001B68DB07F6D500BEA2E741463846377012
:109B300001F050FE05460028F1D0384601F04CFEF9
:109B400096E700BF186100201873002018740020E9
:109B5000C872002050730020BC60002054730020A5
:109B600000000000C4720020C0720020F0ED00E090
:109B7000D83D0500B94B1B78FF2B00F0A1812DE9E2
:109B8000F04F04468BB04FF47A7200238002A10D8F
:109B900021F024FCB24DDFF8E4B2B24E8246671CDD
:109BA000286800F02481002C00F02181BAF1000F18
:109BB00014BF5246012207A905F000FCC0B19DF870
:109BC0001D30013B072B00F21481DFE813F0F20097
:109BD000D300CA00BF00B700410014000800089B72
:109BE0000BB109989847286805F026FF0028D6D1C0
:109BF0000BB0BDE8F08F9DF820109B4B01F07F0764
:109C000003EB470303EBD11393F826006FF3000037
:109C100083F8260093F826006FF3820083F826006D
:109C2000002F00F04581914A1B7D12789342C0F0CD
:109C30003381501D9842C0F234819B1A0BEB4313C1
:109C40009F699DF82120099B9DF81C00B847CAE731
:109C5000874A1378002B00F024811378013BDBB294
:109C60001370137803F0FF00002BBCD1DFF8F891DC
:109C70009DF81C8099F8003043F0010389F800300A
:109C800099F8263060F3000389F8263099F82630D9
:109C900060F3820389F8263099F8273060F30003D7
:109CA00089F8273099F8273060F3820389F8273044
:109CB00000F002FF9DF8203003F06002602A00F0FF
:109CC0000681402A00F00A8103F01F03012B00F0F7
:109CD000D581C0F01281022B40F0F9809DF824104C
:109CE00001F07F07082F00F2F2807B00C809019382
:109CF0004B44034400905D481F7D03789F4280F0F1
:109D00000F82336803EB4717002A00F0108257B127
:109D1000786900F0D1FE7B69404608AA0121984786
:109D200000287FF460AF9DF81C00002101F0BEFF09
:109D300080219DF81C0001F0B9FF54E74A4B1B78C5
:109D4000D8077FF550AFFFF771FE4CE7464B1A7806
:109D5000D7077FF548AF1878C0F3C000FFF764FE5F
:109D600041E7414BDB78D9077FF53DAF0898FFF716
:109D700051FE38E73D4F9DF81C903A7800239846F5
:109D800010E0336813EB481300F08080DB6848462E
:109D900098473A7808F101085FFA88F8511D88451C
:109DA000434645DC9045A3EB0203EAD30BEB431398
:109DB000ECE72E4F9DF81C903A78002398460FE070
:109DC000336813EB48135BD0DB68484698473A7812
:109DD00008F101085FFA88F8511D884543460FDCF9
:109DE0009045A3EB0203EBD30BEB4313ECE72246C6
:109DF000E1E6204B1B68DA077FF5F5AE00BEF2E620
:109E000038220021184822F086FA1B4A4FF0FF330F
:109E1000C2E90533C2E90033C2E90233D3611384D6
:109E2000136100F03FFE104B9DF820209A70DAE697
:109E3000382200210C4822F06EFA0F4A4FF0FF330F
:109E4000C2E90533C2E90033C2E90233D3611384A6
:109E5000136100F027FEFFF7E5FDC4E6186100205E
:109E600054730020C072002018730020C4720020B8
:109E700018740020F0ED00E01C730020D83D0500B0
:109E8000A44B1B68D907CCD500BECAE7A14B1B6801
:109E9000DA07DED500BEDCE7326812EB43137FF44D
:109EA000CFAE9C4B1B68DB077FF5A2AE00BE9FE6E2
:109EB000099B9DF821209DF81C0000F013FE92E6FE
:109EC0007047FCF7F3FC0246002840F0E981914B13
:109ED0001B68DA077FF527AF00BE24E78E4800280D
:109EE0003FF421AF00F0E8FD404608AA0121FCF74D
:109EF00025FF00287FF477AE15E7202A00F0F180D7
:109F0000002AE4D19DF82130092BE0D801A252F8B3
:109F100023F000BF3BA002001BA00200CF9E020066
:109F20005DA00200CF9E0200FD9F0200A99F0200DB
:109F3000CF9E0200939F02003D9F02009DF82230B9
:109F400001931A4699F801309A4200F0548199F829
:109F50000130002B40F05481019B89F80130002B27
:109F600000F04781581EC0B2FCF7A0FC18B143783E
:109F7000022B00F0C181674B1B68DB0700D500BED8
:109F8000644B1B68D80700D500BE002389F8013058
:109F9000C9E60AAA99F8013002F80E3D40460123AD
:109FA00008A900F01FFD1EE6BDF82200030A5A1E94
:109FB000C0B20E2A3FF6B7AE01A151F822F000BFA1
:109FC000B3A202008FA202007FA20200279D02001E
:109FD000279D020061A202008FA20200279D0200BD
:109FE000279D0200279D0200279D0200279D020059
:109FF000279D0200279D0200E3A2020008A800F0AE
:10A0000061FD40469DF8221001F0ECFB99F800300C
:10A0100043F0020389F80030E5E5BDF82230012B5A
:10A020007FF481AE99F8003040466FF3C30308A96E
:10A0300089F8003000F0BEFCD5E599F800309908A9
:10A0400001F00201C3F340130AAA0B4322F80E3DAC
:10A050004046022308A900F0C5FCC4E5BDF8223043
:10A06000012B7FF460AE99F80030404643F00803BE
:10A0700008A989F8003000F09DFCB4E59DF8243073
:10A080000F2B3FF650AE4B44244A1B791778BB4246
:10A0900038D2376817EB43173FF445AE786900F0C4
:10A0A0000BFD7B6908AA01214046984700287FF4F0
:10A0B0009AAD9DF8203013F060077FF434AE9DF820
:10A0C00021300A3B012B3FF62EAE00F0F5FC9DF847
:10A0D00021300A2B00F0FC8008A9404600F06AFC01
:10A0E00081E59DF824300F2B3FF61DAE4B440B4A03
:10A0F0001B791778BB4260D2376817EB43173FF4E0
:10A1000012AE05E67A1D9A42FFF60DAEDB1B0BEB95
:10A110004317C3E7F0ED00E03D6D0200C47200207C
:10A12000581DB84239DA002A7FF4FDAD17469DF874
:10A130002130012B03D036D3032B7FF4C8AEBDF8FA
:10A1400022200292AAB9B84A012B10783DD001F022
:10A15000ADFD019B009A4B44134493F8262042F036
:10A16000020283F8262093F8262042F0010283F8A9
:10A170002620002F3FF437AD786900F09DFC7B6905
:10A18000012108AA40469847002000F095FC99F864
:10A190002730D9073FF527AD9EE7FB1A0BEB431796
:10A1A000002AC4D0B4E5019B009A4B4413442033E9
:10A1B0000AAA9B79C3F3400348E77A1D9A42FFF647
:10A1C000B2ADDB1B0BEB4317A2E501F097FD019B42
:10A1D000009A02994B44134493F8262061F34102FC
:10A1E00083F8262093F8262061F3000283F82620C6
:10A1F000BFE7FFF717FC404608A900F0DBFBF2E4DD
:10A200000021404601F000FB404601F09FFB874FD4
:10A2100099F802300293002300943A781C460CE02F
:10A220000BEB4313DB68404698473A780134E4B2BD
:10A23000501D8442234600F3CE809442A3EB0203D8
:10A24000EED2336813EB4413ECD1794B009C1B68BE
:10A25000DB0700D500BE9DF8083089F802307BE6A8
:10A26000FFF7DAFB024600283FF45DAD4046137865
:10A2700008A900F0B7FB00287FF4B5AC53E5BDF8A2
:10A280002410FCF719FB02460028EFD14BE5022B06
:10A290003FF417AEFFF7C2FB024600283FF443AD80
:10A2A0004046538808A900F09DFB00287FF49BAC32
:10A2B00039E5FCF7F7FA024600283FF408AE4046BD
:10A2C000122308A900F08EFB00287FF48CAC2AE54D
:10A2D0000AAA08A902F80E7D4046012300F082FB7D
:10A2E00081E4544B002B3FF41EADFCF723FD0246E6
:10A2F00000283FF418ADD3E7C27999F80030511126
:10A3000061F30413921162F3451389F80030438816
:10A31000CDF81080CDE900A4C318039300F109071C
:10A32000039BBB4237D97B780B2B03BF3B7897F855
:10A3300003A0FF184FF0010A7B78042B43D1039B45
:10A340003A4ACDF814A0DB1B00219BB2029112788F
:10A3500088469A4617E0346814EB481433D05246C6
:10A360003946049823699847082808F1010201D961
:10A37000824543D22D4B5FFA82F81A78CDF80880D7
:10A38000511D88451CDC029B9045A3EB0202E2D3E1
:10A390000BEB4214E3E7DDF81080DDE900A4FFF7E2
:10A3A0003FFB28E70246434604463946224802F06E
:10A3B000B1FA1E4B029A1B78053393422744AFDA59
:10A3C000DDE900A4D7E51A4B1B68DF07DDE900A42F
:10A3D0007FF5D6ADD3E5382200211848009C21F046
:10A3E0009AFF174A4FF0FF33C2E90533D361138454
:10A3F000C2E90033C2E9023313612CE7DDF814A08F
:10A40000BAF1010F1ED00021CBB2534501F1010179
:10A41000C8D2BA78134459FA83F31A79FF2AD2D1F1
:10A4200083F80480F0E700BF18610020C4720020A8
:10A43000F0ED00E0356D02002C7300201873002051
:10A440001C73002023690A4A0A498B4208BF4FF057
:10A45000020A9342D7D17B79012BD4D1BB79012B4E
:10A46000D1D1FB79002B08BF4FF0020ACBE700BF28
:10A470005D7902001D7102002DE9F0434378023B33
:10A4800085B005460E46042B0CD8DFE803F0495D85
:10A49000037E3F00844B1A78D70715D51A7842F00F
:10A4A00004021A70814B18688EB933464FF0FF32A0
:10A4B000294604F0CDFC003018BF0120F0B97C4BD8
:10A4C0001B68DB0700D500BE05B0BDE8F08304AA19
:10A4D000002342F80C3D294604F0CAFE019B43B11B
:10A4E000744B4FF080525A6040BFBFF34F8FBFF3A1
:10A4F0006F8F003018BF01200028E0D03246697805
:10A500002878FFF785FA05B0BDE8F0836A4A13782A
:10A510000133DBB21370654B1868002ED7D1C4E746
:10A52000614B1A786FF300021A701A7800216FF3EA
:10A5300041021A7059701A7861F382021A705B4BEB
:10A540001868002EC3D1B0E75C4FDFF874913978FA
:10A55000DFF87081002423460AE0D8F8003013EBBE
:10A5600044130AD10134E4B24A1DA242234615DB4A
:10A570008C42F2D35B1A09EB4313DB69002BF1D059
:10A580006968287898473978ECE7474B1A78D407F8
:10A590009AD51A786FF382021A7083E7424C2378B7
:10A5A00058072FD5237841496FF3820323702B7806
:10A5B0008DF8043005220023CDF80A30CDF806309E
:10A5C000ADF80E3008688DF80520002E59D004AA89
:10A5D00001A942F8103D04F04BFE009B43B1354BFE
:10A5E0004FF080525A6040BFBFF34F8FBFF36F8F61
:10A5F000003018BF012000284DD12D4B1B68D90712
:10A6000000D500BEE378DA077FF55EAF274A2B78E6
:10A61000696810688DF8043003220023CDF80A30F1
:10A62000CDF80630ADF80E3002918DF80520F6B168
:10A6300004AA01A942F8103D04F01AFE009B43B1A0
:10A640001C4B4FF080525A6040BFBFF34F8FBFF397
:10A650006F8F003018BF012000283FF430AF324622
:10A660009DF805109DF80400FFF7D2F92CE733465A
:10A670004FF0FF3201A904F0EBFB003018BF0120BE
:10A68000EAE733464FF0FF3201A904F0E1FB003066
:10A6900018BF0120AFE732469DF805109DF8040071
:10A6A000FFF7B6F9AEE700BF18730020547300201F
:10A6B000F0ED00E000ED00E018740020C47200200E
:10A6C000D83D0500C07200202DE9F84F0A9F002AEE
:10A6D0004CD090464A78052A0C460ED1CE7806F02A
:10A6E0000306B34209D18A7802F07F02082A0DD905
:10A6F000204B1B68DA0700D500BE1E4B1B68DB072A
:10A7000002D40020BDE8F88F00BEFAE7DFF868B099
:10A71000DFF868A09BF8009000250EE06278052A1B
:10A72000EBD1E27802F00302B242E6D1A27802F065
:10A730007F02082ADCD89BF800909AF802100022C9
:10A74000204602F095F80028D2D04846214601F074
:10A750006FF80028D1D0A278D30916BF0B9B3A70AE
:10A760001A702278013545451444D7D10120BDE83F
:10A77000F88F00BFF0ED00E0186100201873002092
:10A7800030B51E4D85B0082400230290019303913B
:10A790008DF805402868144682B9134601A94FF088
:10A7A000FF3204F055FB003018BF0120E0B9144B14
:10A7B0001B68DB0700D500BE05B030BD04AA01A9A7
:10A7C00042F8103D04F054FD009B43B10D4B4FF097
:10A7D00080525A6040BFBFF34F8FBFF36F8F00307E
:10A7E00018BF01200028E2D022469DF805109DF8F0
:10A7F0000400FFF70DF905B030BD00BF5473002011
:10A80000F0ED00E000ED00E038B58B7803F07F0359
:10A81000082B06D90B4B1B68DB0700D500BE0020B8
:10A8200038BD094A094B0C46204691781D78002214
:10A8300002F01EF80028EDD021462846BDE8384039
:10A8400000F0F6BFF0ED00E0187300201861002062
:10A85000CB09263301F07F010348044A03EB410191
:10A860000844116801F0BABF18730020507300202B
:10A87000CB09263301F07F010348044A03EB410171
:10A880000844116801F0D6BF1873002050730020EF
:10A8900038B5154C01F07F0504EB450404EBD114E9
:10A8A0002034A079C00706D5104B1B68DA0700D505
:10A8B00000BE002038BDA5790D4845F0010500789F
:10A8C000A57101F0F1F80028F4D1A379074A60F3EB
:10A8D0000003A371A37960F38203A3711368DB07FC
:10A8E000E7D500BE38BD00BF18730020F0ED00E0D2
:10A8F00018610020054B01F07F0203EB420303EBDC
:10A90000D11191F8260000F0010070471873002063
:10A9100010B50C4B18780C4601F0C8F90A4904F040
:10A920007F0301EB430101EBD41191F8263043F092
:10A93000020381F8263091F8263043F0010381F8B4
:10A94000263010BD1861002018730020054B01F05F
:10A950007F0203EB420303EBD11191F82600C0F311
:10A96000400070471873002010B50F4B18780C4644
:10A9700001F036F80D4904F07F0301EB430101EBD0
:10A98000D41191F826306FF3410381F8263091F805
:10A9900026306FF3000381F8263091F826306FF3EC
:10A9A000820381F8263010BD186100201873002042
:10A9B000704700BF0A4630B4094C49680546106824
:10A9C000234603C30023C4E9023392F900209A42CC
:10A9D0002846ACBF802119461A4630BCFFF758BF45
:10A9E0005C740020F0B50E462B4C49680746306871
:10A9F000A260254603C50021E181F588AB4228BF4E
:10AA00002B4683B0A381ADB13BB3002A3DD094F96E
:10AA10000000402B28BF402300282CDB1F4A38466B
:10AA2000FFF736FF98B91E4B1B68DB0712D500BE37
:10AA300003B0F0BD96F90030002BACBF802100219F
:10AA400038462B462A46FFF723FF0028EBD001208B
:10AA500003B0F0BD002003B0F0BD94F90020002A3F
:10AA6000ACBF194680211A463846FFF711FF00286F
:10AA7000D9D00120ECE71146084801931A4621F08D
:10AA800026FC064A019B8021EEE7054B1B68D9078F
:10AA9000E0D500BE1046CBE75C7400201C7400209B
:10AAA000F0ED00E0034B0022C3E90022C3E90222DB
:10AAB0001A6170475C740020014B1861704700BF39
:10AAC0005C7400200346064A5968006810B41346B7
:10AAD000002403C3C2E902445DF8044B704700BF81
:10AAE0005C74002070B5404C2278C909B1EBD21FCC
:10AAF00082B0064615D03BB13C4B1B68DA0700D547
:10AB000000BE002002B070BD2146FFF751FF23694F
:10AB1000002B40D02246304603219847012002B046
:10AB200070BD94F90020A068002A08DB0028E8D056
:10AB30001A462F49019321F0CAFBA068019BE589C1
:10AB4000E2881D44ADB21844AA42A060E58101D05C
:10AB50003F2B23D8236923B1234A0221304698474B
:10AB600088B194F9002000239A42ACBF8021194695
:10AB700030461A46FFF78CFE68B91C4B1B68DB0792
:10AB8000BFD500BEBEE70146304601F08FF8304623
:10AB9000802101F08BF8012002B070BDA28994F9E8
:10ABA0000010531B9BB2402B28BF402300290ADB17
:10ABB00095424FF0000112D00D4A3046FFF768FE73
:10ABC0000028DAD0E7E795420BD001461A4608483C
:10ABD000019321F07CFB8021054A019BEDE70A46A9
:10ABE000EBE780210022E8E75C740020F0ED00E054
:10ABF0001C74002000B1704706F0E8B800B170473F
:10AC000006F0EEB80138C3B2042B07D856230D4A1C
:10AC100003FB00F013181B79DB0706D40A4B1B68F3
:10AC2000DB0700D500BE00207047CB09363301F0AA
:10AC30007F0103EB4101054B08441044196801F002
:10AC4000CDBD00BF70740020F0ED00E02076002044
:10AC50000138C3B2042B07D856230A4A03FB00F07D
:10AC600013181B79DB0701D400207047CB0936335A
:10AC700001F07F0103EB4101034B084410441968C4
:10AC800001F0D8BD7074002020760020F0B5441E7D
:10AC9000E5B2042D83B017D8562505FB04F5174EF1
:10ACA00001F07F0405EB4404344404EBD114303448
:10ACB000A779FF070BD5124B186810F0010001D0DF
:10ACC00000BE002003B0F0BD002003B0F0BD1F4661
:10ACD00013460A460146705DA579009745F00105C7
:10ACE000A57100F0BDFB0028ECD1A37960F300034F
:10ACF000A371A37960F38203A371E3E7707400206A
:10AD0000F0ED00E02DE9F047764DAF798F4284B049
:10AD100091461E4604465BD0E2234FF0000AA9711B
:10AD20008DF809108DF80830ADF80CA0002E00F059
:10AD3000B380012103AF0DF10808FBF72BFE41465C
:10AD40003A4602232046FBF753FE51462046FBF7C6
:10AD500021FE9DF80C30EB702223D9F800908DF87D
:10AD60000730002E3ED020460121FBF713FE3A4665
:10AD70000DF1070101232046FBF73AFE9DF80C3048
:10AD8000EB704946082300222046FBF731FE20469F
:10AD90000021FBF7FFFD0026102241F2F2032046BE
:10ADA0000121EA71ADF80830ADF80C60FBF7F2FD57
:10ADB0003A46414602232046FBF71AFE314620461A
:10ADC000FBF7E8FD9DF80C30EB7004B0BDE8F087B0
:10ADD000222303AF0DF10808D9F800908DF8073051
:10ADE000002EC0D14FF0FF31E86D04F079FC314600
:10ADF0002046FBF709FE20460121FBF7CBFD3A4632
:10AE00000DF1070101232046FBF7F2FD9DF80C3000
:10AE1000EB703246082349462046FBF7E9FD3146F0
:10AE20002046FBF7B7FD20460121FBF7EDFD334639
:10AE300032463146E86D04F00BF8102241F2F2037D
:10AE40004FF0FF31E86DEA71ADF80830ADF80C60F5
:10AE500004F046FC31462046FBF7D6FD2046012192
:10AE6000FBF798FD3A46022341462046FBF7C0FD1A
:10AE700031462046FBF78EFD20460121FBF7C4FD3D
:10AE8000334632463146E86D03F0E2FF9DF80C3060
:10AE9000EB7004B0BDE8F0874FF0FF31E86D04F0CF
:10AEA0001FFC31462046FBF7AFFD03AF20460121D2
:10AEB0000DF10808FBF76EFD3A4602234146204695
:10AEC000FBF796FD31462046FBF764FD2046012145
:10AED000FBF79AFD334632463146E86D03F0B8FF82
:10AEE00037E700BF247600202DE9F04F4B781D078F
:10AEF0000E4685B090460978044662D1DA0600F124
:10AF00004881B26812B1B288002A5AD1E24D03F0EA
:10AF10002006AB7966F07F068B42F6B200F06481C2
:10AF2000E2230027A9718DF809108DF80830ADF8DB
:10AF30000C70B8F1000F00F06C82012120460DF179
:10AF40000C090DF1080AFBF725FD51464A4602237C
:10AF50002046FBF74DFD39462046FBF71BFD9DF8CB
:10AF60000C30EB70F223EE718DF8096000268DF83D
:10AF70000830ADF80C60B8F1000F40F0D980E86DF2
:10AF80004FF0FF3104F0ACFB41462046FBF73CFD9F
:10AF900020460121FBF7FEFC4A460223514620468B
:10AFA000FBF726FD41462046FBF7F4FC2046012135
:10AFB000FBF72AFD434642464146E86D03F048FF51
:10AFC00045E0B54D13F02007AA7946D1914240F0F3
:10AFD000BE800DF10C090DF1080AB37813F0100FC3
:10AFE0000CBF10222022EA2300278DF809208DF8BB
:10AFF0000830ADF80C70B8F1000F00F0FA800121B4
:10B000002046FBF7C7FC02234A4651462046FBF781
:10B01000EFFC39462046FBF7BDFC9DF80C30EB7089
:10B020007378EB71F222012120468DF809308DF8FA
:10B030000820ADF80C70FBF7ADFC51464A460223E0
:10B040002046FBF7D5FC39462046FBF7A3FC9DF8CC
:10B050000C30EB7005B0BDE8F08F914240F0A1805C
:10B060000DF10C090DF1080AB37813F0100F0CBFA5
:10B0700040228022EA2300278DF809208DF808302D
:10B08000ADF80C70B8F1000F00F0E480012120460B
:10B09000FBF780FC514602234A462046FBF7A8FCFA
:10B0A00039462046FBF776FC9DF80C30EB70328871
:10B0B0002B899A422AD0B788F2887388BF1ABFB208
:10B0C0005B099F4228BF1F4617F0FF0740F0088129
:10B0D0003A23AF708DF8097000278DF80830ADF86D
:10B0E0000C70B8F1000F00F0D98001212046FBF769
:10B0F00051FC514602234A462046FBF779FC39466B
:10B100002046FBF747FC9DF80C30EB7033782B7230
:10B1100073786B727378EB71F22200268DF8093028
:10B120008DF80820ADF80C60B8F1000F3FF427AFA0
:10B1300020460121FBF72EFC51464A4602232046B9
:10B14000FBF756FC31462046FBF724FC7FE7E22361
:10B15000A9718DF80910ADF80C708DF80830B8F1B0
:10B16000000F00F0DE80012120460DF10C090DF1E9
:10B17000080AFBF70FFC51464A4602232046FBF71C
:10B1800037FC39462046FBF705FC9DF80C30EB7088
:10B1900023E7434606F10802FFF7B4FD05B0BDE81A
:10B1A000F08FE2230027A9718DF809108DF808307F
:10B1B000ADF80C70B8F1000F00F0D98001212046E5
:10B1C0000DF10C090DF1080AFBF7E4FB51464A4664
:10B1D00002232046FBF70CFC39462046FBF7DAFB3E
:10B1E0009DF80C30EB703FE70DF10C090DF1080AEA
:10B1F000B8E64FF0FF31E86D04F072FA41462046A0
:10B20000FBF702FC01212046FBF7C4FB02234A4660
:10B2100051462046FBF7ECFB41462046FBF7BAFBC4
:10B2200001212046FBF7F0FB434642464146E86DCC
:10B2300003F00EFE9DF80C30EB707378E86DEB7147
:10B24000F2224FF0FF318DF80930ADF80C808DF807
:10B25000082097E64FF0FF31E86D04F041FA4146CF
:10B260002046FBF7D1FB20460121FBF793FB4A4622
:10B27000022351462046FBF7BBFB41462046FBF725
:10B2800089FB20460121FBF7BFFB4346424641466E
:10B29000E86D03F0DDFD07E7247600204FF0FF3175
:10B2A000E86D04F01DFA41462046FBF7ADFB204651
:10B2B0000121FBF76FFB4A46022351462046FBF76C
:10B2C00097FB41462046FBF765FB20460121FBF733
:10B2D0009BFB434642464146E86D03F0B9FD12E749
:10B2E00012238DF80730D6F808B0B8F1000F64D0FB
:10B2F00020460121FBF74EFB4A460DF107010123D1
:10B300002046FBF775FB9DF80C30EB7059463B4629
:10B3100000222046FBF76CFB00212046FBF73AFB9E
:10B32000D6E64FF0FF31E86D04F0DAF941462046E9
:10B33000FBF76AFB0DF10C09204601210DF1080A0B
:10B34000FBF728FB4A46022351462046FBF750FBF9
:10B3500041462046FBF71EFB20460121FBF754FB2C
:10B36000434642464146E86D03F072FD0DE74FF05B
:10B37000FF31E86D04F0B4F941462046FBF744FB89
:10B380000DF10C09204601210DF1080AFBF702FB23
:10B390004A46022351462046FBF72AFB41462046F7
:10B3A000FBF7F8FA20460121FBF72EFB4346424605
:10B3B0004146E86D03F04CFD12E74FF0FF31E86DB8
:10B3C00004F08EF941462046FBF71EFB2046012182
:10B3D000FBF7E0FA4A460DF1070101232046FBF78F
:10B3E00007FB9DF80C30EB7042463B465946204621
:10B3F000FBF7FEFA41462046FBF7CCFA2046012136
:10B40000FBF702FB434642464146E86D03F020FD50
:10B410005EE64FF0FF31E86D04F062F941462046E8
:10B42000FBF7F2FA0DF10C09204601210DF1080A93
:10B43000FBF7B0FA4A46022351462046FBF7D8FAFA
:10B4400041462046FBF7A6FA20460121FBF7DCFA2D
:10B45000434642464146E86D03F0FAFC7FE500BFF3
:10B460002DE9F04102F07F0CBDF818E0D20981BB54
:10B47000BCF1000F5ED13E4EA6F160077178B47842
:10B4800082F0010262F345110A466FF3041244F0A0
:10B4900010017270B170B278B360032363F30302DA
:10B4A00000258046A6F804E0B270F5802846FFF734
:10B4B000A1FBBC7AC4BB01252046BD72FFF79EFBF1
:10B4C0002246404631462C46FFF70EFD2046BDE899
:10B4D000F08182F00108BCF1000F2ED0254F01222F
:10B4E0003C4604E00132142A04F10C0418D094F80C
:10B4F0006C508D42F6D102EB420507EB850595F8BD
:10B50000615005F00F066645ECD1C5F34015454581
:10B5100004F16C06BFD00132142A04F10C04E6D108
:10B5200000242046BDE8F0812846FFF767FB20464F
:10B53000BDE8F08182F00108D0E70E4F01243D46BE
:10B5400002E00134142CEBD095F86C608E4205F1CA
:10B550000C05F6D104EB4406B60007EB060C9CF88C
:10B5600061C01CF00F0FECD160363E4486E700BF8F
:10B57000847600202476002042DF704743DF704746
:10B5800044DF704712DF7047F0B5334CBFF35B8F79
:10B59000014604F590730125D3E84F2FC3E8405FBF
:10B5A0000028F9D1BFF35B8F12F0FF0F48D10829B3
:10B5B00029D04E01A21954F806C028489388284F74
:10B5C00001F5947601EB810E50F82660D2889A1A24
:10B5D00093B2B6B200EB8E0209B2B34228BF334633
:10B5E000C2F800C707EB8100C2F8043747F82150C2
:10B5F000BFF36F8FBFF34F8F1A4B984218D0043BA5
:10B60000984215D0F0BD154BD3F8C024D1030FD408
:10B6100094F80B1161B11449D4F80001C3F8A007E4
:10B62000C3F8A4270D60BFF36F8FBFF34F8FF0BD3A
:10B630000023BFF35B8F84F82031BFF35B8FF0BD35
:10B640000A4B0B485A68C2F30802003218BF0122A5
:10B65000BDE8F040FFF794B8747700200070024016
:10B6600028700240507002404870024000ED00E037
:10B67000E9B60200174BBFF35B8F01460122D3E806
:10B680004F0FC3E84C2FBCF1000FF8D1BFF35B8F15
:10B6900010F0FF0F14D10A60BFF36F8FBFF34F8F0D
:10B6A0000D4B994203D0043B994200D070470B4B9D
:10B6B000BFF35B8F002283F82021BFF35B8F7047BD
:10B6C000074B08485A68C2F30802003218BF01222B
:10B6D000FFF756B89478002050700240747700202D
:10B6E00000ED00E075B60200F0B5334CBFF35B8FA0
:10B6F000C1B204F590730126D3E84F2FC3E8406F21
:10B700000028F9D1BFF35B8F12F0FF0F47D1082952
:10B7100028D04D01621954F805E028489388DFF8D5
:10B72000B0C001F5947550F82570D2888D009A1A32
:10B7300093B2BFB26A1800EB8202BB4228BF3B46FD
:10B74000C2F800E76544C2F804374CF82160BFF343
:10B750006F8FBFF34F8F1A4B9D4218D0043B9D4211
:10B7600015D0F0BD154BD3F8C024D1030FD494F8F5
:10B770000B1161B11349D4F80001C3F8A007C3F855
:10B78000A4270E60BFF36F8FBFF34F8FF0BD002370
:10B79000BFF35B8F84F82031BFF35B8FF0BD0A4BA2
:10B7A0000A485A68C2F30802003218BF0122BDE8F5
:10B7B000F040FEF7E5BF00BF747700200070024044
:10B7C000507002404870024000ED00E0E9B602000F
:10B7D0002870024001207047014B80225A60704758
:10B7E00000E100E0074BD3F80014D3F80024002058
:10B7F0000A434FF48001C3F80024C3F85801C3F88A
:10B800000413704700700240074B4FF4001229B92F
:10B81000C3F80823054B83F821117047C3F80423AC
:10B82000024B83F8211170470070024074770020AA
:10B8300070B48A788C88414EC97802F07F03D509AC
:10B8400005EB430006EB001001F00301C4F30A040A
:10B85000012904812BD0012101FA03F4BDB138483C
:10B8600002339940C0F80413D0F810352343C0F8D0
:10B870001035334B42F48071C3F81825C3F80C150A
:10B88000BFF36F8FBFF34F8F012070BC70472C4800
:10B8900003F10C06B140C0F80413D0F8141503F5F9
:10B8A00094730C43C0F8144540F82350E1E7082B8B
:10B8B00008D0244B186810F00100E6D000BE00202C
:10B8C00070BC7047EDB9B6F818311BB11C4B802223
:10B8D000C3F81C251A4A0023C2F85031D2F80033AD
:10B8E00013F4001308BFC2F85431154B4FF4401243
:10B8F000C3F80423D3F8142542F48072C3F8142546
:10B90000BEE7B6F808210E4B0021C3F82C1112B186
:10B910008022C3F81C250A4AD2F8003313F400131E
:10B9200008BFC2F85431064B074AC3F80423D3F8C2
:10B93000102542F48072C3F81025A1E77477002027
:10B9400000700240F0ED00E0000820001F4B802254
:10B950002DE9F041C3F88420BFF34F8FBFF36F8F01
:10B9600001241B4D1B4FA0460026A30004F10C022E
:10B97000A11C03F1804303F51C3308FA01F108FA16
:10B9800002F20A43C7F8082328465E6001342022E9
:10B990009E62002120F0BFFC082C05F12005E4D1B7
:10B9A0000D4BC7F808332022C7F81C6500217E62C2
:10B9B0000A48BE6420F0AFFCC7F81485C7F81085AC
:10B9C000024B80225A60BDE8F08100BF00E100E038
:10B9D0009477002000700240000830007478002046
:10B9E00001F07F02082A70B44FEAD11128D0012358
:10B9F00003FA02F0C043B1B1294C951CAB40C4F826
:10BA00000833D4F81055274B2840C4F8100501EB33
:10BA1000420103EB01110023CB72BFF36F8FBFF321
:10BA20004F8F70BC70471E4C02F10C05AB40C4F840
:10BA30000833D4F814551B4B2840C4F81405E6E726
:10BA4000184B03EB01100024A0F808411448D1B1B1
:10BA50004FF40064C0F80843D0F8104524F4807413
:10BA6000C0F81045B3F81841B3F808510C48EC423F
:10BA70004FF0000608BF4FF40014C0F81C6508BF63
:10BA8000C0F80843C3E74FF48014C0F80843D0F867
:10BA9000144524F48074C0F81445C0F85011E1E74F
:10BAA000007002407477002001F07F004FEAD11C43
:10BAB000F0B50CEB4005744E2D01771985B0FC7A7A
:10BAC0004CB1724B1C6814F0010401D000BE00247C
:10BAD000204605B0F0BD04F0FF0E7251BB80A7F800
:10BAE00006E0002843D1002B57D0BCF1000F00F036
:10BAF0008E8006EB401100EB8003CD8A8A8A0C8B86
:10BB00000969521B9B0092B203F1804303F51C3379
:10BB1000A24228BF22465E4DC3F8001600B2C3F809
:10BB200004265C4BBFF35B8F05EB80010122D3E859
:10BB30004F4FC3E8472F002FF9D1BFF35B8FE4B21B
:10BB4000002C40F0908045F82020BFF36F8FBFF3AA
:10BB50004F8F514B994202D0043B994219D1BFF308
:10BB60005B8F002386F82031BFF35B8F11E0BCF1BF
:10BB7000000FBED106EB40160123F372BFF36F8FA7
:10BB8000BFF34F8FB37A23B1F37A03F0FF04002B96
:10BB900074D10124204605B0F0BD404AD2F880247B
:10BBA000C2F3C0126245A0D03D4D6A688DF80810FE
:10BBB000C2F3080100314FF4E06218BF012101A86F
:10BBC00003938DF80930ADF80420FEF755FCBFF360
:10BBD0005B8F06F590720123D2E84F1FC2E8403F09
:10BBE0000028F9D1BFF35B8FCCB2002C38D12A4AA0
:10BBF0001360BFF36F8FBFF34F8F1C46BFF35B8F94
:10BC0000204686F82011BFF35B8F05B0F0BD0123FD
:10BC1000204AF372BFF35B8FD2E84F4FC2E8413F37
:10BC20000029F9D1BFF35B8FE4B26CB91D4A1360F0
:10BC3000BFF36F8FBFF34F8FBFF35B8F86F820C1C9
:10BC40001C46BFF35B8F43E7154B16495A681648ED
:10BC5000C2F30802003218BF0122FEF791FD37E758
:10BC60006A680D49F3E70E4B0F485A68C2F30802A1
:10BC7000003218BF0122FEF783FD29E786F80AC0CB
:10BC8000FFF782FC24E700BF74770020F0ED00E0AE
:10BC9000047002409478002050700240007002400E
:10BCA00000ED00E04C70024075B6020011F07F001C
:10BCB00008B512D008280BD00E4B41F48072C90988
:10BCC000C3F8182504D10C4B03EB40139A7A62B9E0
:10BCD000BFF36F8FBFF34F8F08BD064B01225A652C
:10BCE000BFF36F8FBFF34F8F08BD9972FFF74CFC06
:10BCF000EEE700BF007002407477002011F0770F6C
:10BD000012D00A4B41F48072C3F80C15C3F80C250D
:10BD1000CA09C3F8181504BF01F5947143F821202E
:10BD2000BFF36F8FBFF34F8F704700BF00700240AB
:10BD30002DE9F04FA54BA64CD3F8000300238BB0A0
:10BD40001E461F46012520FA03F11A19C9074FEABA
:10BD5000820209D5116839B105FA03F117600E4363
:10BD6000BFF36F8FBFF34F8F0133192BEBD1F20766
:10BD700000F13582974D330508D5944BD3F8A8369A
:10BD800001229BB2A5F8163185F81C21B70206F4F2
:10BD9000800424D58D4BD3F81425D00540F1FC81C7
:10BDA000002C00F0A182D3F80024D20740F19C823D
:10BDB000D3F81035DA0540F1FB8195F81C3107AF57
:10BDC000002B40F0BD82814BD3F8203508933846D4
:10BDD0004FF440730121ADF81C30FEF74DFB04B366
:10BDE0007A4AD2F8004440F201732340C2F800348A
:10BDF000E30500F15682670510D5744B0122C3F8A4
:10BE000008259A65D3F8002312F4001208BFC3F87E
:10BE100054216E4B4FF40012C3F80423A00500F127
:10BE2000358231023DD5694BD3F880C4D3F88414F0
:10BE3000D3F888E4D3F88C74D3F89084D3F894447E
:10BE4000D3F89804D3F89C245FFA8CF35FFA80FC53
:10BE5000D0B25A06C9B25FFA8EFEFFB25FFA88F816
:10BE60005FFA84F901D105291BD00024224668F32A
:10BE7000070263F3070461F30F2469F30F226EF3E3
:10BE800017446CF3174260F31F6267F31F644FF4AB
:10BE9000C063012107A8CDE90842ADF81C30FEF7C8
:10BEA000EBFA4D4B3340002B40F09181DFF82491A9
:10BEB000464F4D46CA4609F5907800241DE02B44B4
:10BEC000DA7A002A00F0D781DA88AAF80420002262
:10BED000DA72D98809914FF4E063012107A88DF83F
:10BEE00020B08DF82120ADF81C30FEF7C5FABBF16B
:10BEF000080F47D001340AF1200A04F10C0326FA96
:10BF000003F3DB075FFA84FBF1D504EB840307EB53
:10BF10008303DAF80020D3F80807630112FA80F2ED
:10BF2000E918CAF80020CA8880B2024492B2082CEC
:10BF3000CA80C4D0BAF808208242C0D1CA88BAF8F0
:10BF400004109142BBD9BBF1000FD0D10122BFF345
:10BF50005B8FD8E84F3FC8E8412F0029F9D1BFF3E4
:10BF60005B8F13F0FF0F40F052821C490A60BFF351
:10BF70006F8FBFF34F8FBFF35B8F85F82031BFF317
:10BF80005B8FB7E7164B3340002B00F002810F4B5D
:10BF9000D3F86C240192C3F86C24BFF36F8FBFF306
:10BFA0004F8F16F4806600F06E81D3F88024D3F8AA
:10BFB000803483F08003C3F3C0130593C2F3C0132E
:10BFC0000493DFF808A00024A84613E000700240A4
:10BFD000409C001074770020FCFB1F004C70024056
:10BFE00000040001002C00F0F281072E52D0013431
:10BFF00009F120090199E14004EB8403C9070AEB28
:10C00000830308EB4412E6B2ECD5D3F80816D9F84E
:10C010001070C9B20F44C9F81070D08A014489B2B7
:10C02000D182A849D08AB9F8145061188900854294
:10C0300002914FF0010C66F07F0103914FF4E06B29
:10C040004FF0000E614607A840F2B480D18AB9F8DB
:10C050001820C3F800766D1AADB2954228BF154678
:10C06000994AC3F80456BFF35B8FD2E84F3FC2E84A
:10C0700041CF0029F9D1BFF35B8F13F0FF0F40F0E0
:10C08000ED80029BC3F800C0BFF36F8FBFF34F8FEB
:10C09000072EACD1019BDB03454601D4059B43B180
:10C0A000EB7A23B1EB88AA889A4200F271810123CE
:10C0B000AB72019B9F030BD595F82B3023B1EB8C12
:10C0C000AA8C9A4200F28881012385F82A30019BCC
:10C0D0005E030DD595F84B3033B1B5F84630B5F861
:10C0E00044209A4200F27D81012385F84A30019B69
:10C0F0001C030DD595F86B3033B1B5F86630B5F843
:10C1000064209A4200F27E81012385F86A30019B07
:10C11000D8020DD595F88B3033B1B5F88630B5F827
:10C1200084209A4200F23881012385F88A30019BED
:10C1300099020DD595F8AB3033B1B5F8A630B5F806
:10C14000A4209A4200F22D81012385F8AA30019B98
:10C150005A020DD595F8CB3033B1B5F8C630B5F8E5
:10C16000C4209A4200F22281012385F8CA30019B43
:10C170001B020ED595F8EB30002B00F0F380B5F8DC
:10C18000E630B5F8E4209A4240F2EC800720FFF751
:10C19000FBF90BB0BDE8F08FD3F81025D1053FF5C2
:10C1A0000CAE95F821211AB94FF40012C3F80823F8
:10C1B00007AF08E6D38A09939DF80C30ADF81CB0A0
:10C1C0008DF820308DF821E0FEF756F90DE70023B9
:10C1D000BFF35B8F85F82031BFF35B8F66E63B4B87
:10C1E0003B4A3C4D3C4800240127C2F81475C2F874
:10C1F0001075546094625C609C629C60DC62DC60E0
:10C200001C631C615C635C619C639C61DC63DC613E
:10C210001C6454629464C2F85841D2F80034D2F8D5
:10C2200000140B43C2F80034D2F80033C2F80833CC
:10C230002146C2F8040328464FF4927220F06BF8AE
:10C2400040234FF48072394607A82B832B818DF849
:10C250002040ADF81C20FEF70FF98CE51F4B20485D
:10C260005A680299C2F30802B2EB0E0218BF01220B
:10C27000FEF786FAB9E61B4B1B68D80789D500BEC6
:10C280000BB0BDE8F08FCDE904669AE600220523E5
:10C29000012107A88DF81C208DF81D30FEF7ECF861
:10C2A000BFE50121C2F82C150423002207A88DF850
:10C2B0001C208DF81D30FEF7DFF867057FF5AEAD69
:10C2C0009BE500BF019C00109478002004700240A0
:10C2D00000700240747700200514C00100ED00E0FA
:10C2E00075B60200F0ED00E04F4BBFF35B8F01220B
:10C2F000D3E84F1FC3E8402F0028F9D1BFF35B8F6D
:10C3000011F0FF0F32D1494BD3F8C004C70352D408
:10C3100095F80B1101F0FF07002967D04449D5F8C3
:10C320000071C3F8A077C3F8A4070A60BFF36F8F4A
:10C33000BFF34F8FD3F81035D8053FF53EAD37E743
:10C34000B5F816310993002285F81C2188234FF493
:10C35000E06238460121ADF81C20ADF82030FEF730
:10C360008BF830E5012385F8EA3012E7314B32488B
:10C370005A68C2F30802003218BF01220821FEF7F2
:10C38000FFF92A4BD3F81035DB053FF516AD0FE763
:10C390000020FFF7F9F88CE60420FFF7F5F8019B81
:10C3A000C6E60520FFF7F0F8019BD1E60620FFF76F
:10C3B000EBF8019BDCE6BFF35B8F85F82011BFF340
:10C3C0005B8FD3F81035DF053FF5F7ACF0E6049945
:10C3D00000293FF40CAE18E60120FFF7D5F8019BC9
:10C3E00076E60220FFF7D0F8019B81E6BFF35B8F72
:10C3F00085F82071BFF35B8FD3F81035D9053FF571
:10C40000DCACD5E60320FFF7BFF8019B80E6094BC3
:10C410000A485A680A49C2F30802003218BF0122CA
:10C42000FEF7AEF966E500BF947800200070024088
:10C430004870024000ED00E0E9B6020075B6020067
:10C440004C70024030B5012885B000F09F8057D372
:10C45000022840D1BA4BD3F80435002B40F0D780E6
:10C46000B74AD2F800341C05FBD54FF40063C2F87C
:10C470000034BFF36F8FBFF34F8FB24AB24B1268D5
:10C480001B68082A00F0D780AD4BB04D80240122F4
:10C49000C3F81C45C3F80423C5F88441FDF7D8FA56
:10C4A000002840F0F880AA4D43F204044FF0804386
:10C4B0002268AA4211D0D3F80C14D3F80C24D0036C
:10C4C000F6D5CA07F4D59E4B0122C3F80425BFF365
:10C4D0006F8FBFF34F8F05B030BD04AA002102F863
:10C4E0000C1D1046FFF74EF89DF804000028E2D01E
:10C4F00010460191FFF744F8019A002AD8D0E2E7EC
:10C500008F4BD3F80025002AE5D14FF480014FF47A
:10C510000062C3F80813C3F80024BFF36F8FBFF3A2
:10C520004F8F884B1B68082B00F0B780844B01228B
:10C53000C3F80025BFF36F8FBFF34F8F43F20402A0
:10C5400003F18D5303F57723126803F2DB539A420C
:10C5500000F0CA804FF08043D3F80C24D3F80C3499
:10C56000D90301D5D207B6D443F20402784B12683E
:10C570009A4200F01881774B00221A601B680193E1
:10C580004FF08043012201991A60A4E76C4BD3F865
:10C590000025002A9FD00022C3F80425BFF36F8F27
:10C5A000BFF34F8F69498020C1F88400BFF34F8FDC
:10C5B000BFF36F8FD3F80013C3F80813C3F8002537
:10C5C000BFF36F8FBFF34F8F43F2040103F18D531D
:10C5D00003F57723096803F2DB53994200F0998051
:10C5E00001AB5D4A012111605C4A5168C1F3080149
:10C5F000003118464FF000024FF0020318BF01212E
:10C600008DF804208DF80530FDF736FF63E743F21F
:10C6100004024F4B12689A4200F0B0804FF0804302
:10C62000D3F80C24D3F80C34DB037FF519AFD5070E
:10C630007FF516AF4FE7032B0AD8494A1168002946
:10C6400040F09880474C49F27530106021601060CE
:10C650005A1E022A10D8424A1168002967D1424D59
:10C660003848394B00681B6849F2753414602960FA
:10C67000146008287FF408AF032B3FF605AF3B4951
:10C680003B4B40F2E370402208601A60BFF36F8FAB
:10C69000BFF34F8FF8E66C6005E72B4B1B685A1E03
:10C6A000022A12D82E4B1A68002A40F08E802E499A
:10C6B00049F2753203201A6008601A60214A224B41
:10C6C00012681B68082A7FF431AF032B3FF62EAFA8
:10C6D000234B1A68002A74D1224949F27532C020CE
:10C6E0001A6008601A6021E704AB002203F80C2DE1
:10C6F0001846FEF747FF9DF8041000293FF42AAFC3
:10C7000018460192FEF73CFF019B002B7FF4E3AE3D
:10C710002AE704AB03F80C2D1846FEF733FF9DF80B
:10C720000420002A3FF45DAFFEF728FF5CE70549CF
:10C73000054B0D4A08681B680021116099E700BF8E
:10C7400000700240300100103401001000E100E0F0
:10C75000DBE5B151000100400400004000ED00E0C5
:10C7600000EC064014EC064014ED06400078024050
:10C7700004780240174A0021116069E704AB0022E7
:10C7800003F80C2D1846FEF7FDFE9DF80410002955
:10C790003FF444AF18460192FEF7F2FE019B002BD6
:10C7A0007FF499AE5CE604A8002300F80C3DFEF788
:10C7B000E9FE9DF80430002B3FF4DDAEFEF7DCFE11
:10C7C00089E6044BC0221A60B0E6034B03221A60CC
:10C7D00074E700BF14EC064014ED0640F8B503788A
:10C7E00013F0010405D10678C6F3800626B1204671
:10C7F000F8BD00242046F8BD0F4605464FF0FF3136
:10C80000384602F06DFF2A7812F001040FD12B7820
:10C810005B0704D42B7843F004032B70012400231E
:10C8200038461A46194602F013FB2046F8BD344636
:10C83000F5E700BF70B505460E4608464FF0FF31DC
:10C8400002F04EFF2878C0F3800444B9002400238E
:10C8500030461A46194602F0FBFA204670BD2B7886
:10C8600013F00102F2D12B7862F382032B70EEE712
:10C8700010B4C378848803F00303022BC4F30A04C2
:10C8800026D019D8012B04D0002318465DF8044B9C
:10C890007047022940F2FF3208BF4FF48062A24283
:10C8A000F3D21A4B1B6813F00103EED000BE002335
:10C8B00018465DF8044B7047022914BF40234FF41B
:10C8C0008063A342EDD3012318465DF8044B704703
:10C8D00002290BD012B1B4F5007F11D0A4F10803E6
:10C8E0009BB2182B06D9402CEDD0DAE7B4F5007FC7
:10C8F000D7D1E8E7064A22FA03F3DB07D1D5E2E70E
:10C9000000244021134644710171BEE7F0ED00E0C0
:10C91000010100010A44914216D230B44C78052C32
:10C9200005D00C7821448A42F8D830BC70478C7806
:10C9300004F07F0500EB4505E4092B550C782144F4
:10C940008A42EBD830BC7047704700BF2DE9F041F8
:10C9500082B00678089DBDF82470009361F300064C
:10C960000446294600F8086B012316463A46BDF8EE
:10C970002C80FCF76DFE05B13FB90A9B6360012076
:10C98000A4F8028002B0BDE8F08104F11C0101208E
:10C9900002F038FC26B903463046C4E90503ECE74B
:10C9A0000023FAE710B50446406908B103F04EF8D9
:10C9B000A06908B103F04AF8012010BDF0B50B469C
:10C9C0000D4613F8081B83B011F0020F07461846F6
:10C9D00040F2FF130CBF3F241C461646FCF774FEC2
:10C9E000E8B9E6B126421AD12B786978DA073846D9
:10C9F00018D5FEF707F990B12B78697813F0010389
:10CA000013D000233846CDE900331A46FEF73EF92D
:10CA100030B9084B1B68DB0701D500BE00E00020E1
:10CA200003B0F0BDFDF714FFE5E738461A46FDF701
:10CA30002FFFEDE7F0ED00E070B501F1080582B0E1
:10CA4000064628460C46FCF73FFE38B1237861784D
:10CA5000DB07304605D5FEF7D5F830B9002002B027
:10CA600070BDFDF7F5FE0028F8D0284662886168A1
:10CA7000FCF754FE054690B1237862686178D807C8
:10CA800017D50023CDE9003330462B46FEF7FEF8DC
:10CA9000B0B90C4B1B68DB07E0D500BEDFE72078A0
:10CAA000617810F00104304608D1FDF7E1FE204620
:10CAB000D5E730462B46FDF7EBFEE9E7FEF7C8F871
:10CAC0002846CCE7F0ED00E02DE9F0418A890B78AB
:10CAD00082B00C460646E2B9DD07497857D5FEF725
:10CAE00091F800284FD0227863886178D20751D519
:10CAF000002B5DD0626800253046CDE90055FEF779
:10CB0000C5F800284DD1374B1B68DB073BD500BE6D
:10CB10003AE003F0020301F10808002B40460CBF85
:10CB200040274FF40077304D08BF6FF03F05FCF70A
:10CB3000E3FD874227D823786178DB07304634D578
:10CB4000FEF760F8F8B14046FCF7D6FD874233D8CF
:10CB500005EA000265882378617890B2854228BF93
:10CB60000546DA0732D5002D37D062680023CDE9BB
:10CB7000003330462B46FEF789F80028C3D02846FC
:10CB800002E0FEF765F8002002B0BDE8F081FDF795
:10CB90005FFEA6E773B162683046FDF779FE0028B4
:10CBA000B1D0608802B0BDE8F081FDF751FEC9E761
:10CBB0001A46A0E71A46EFE72078617810F00104E2
:10CBC0003046DED1FDF754FE2046DDE73DB1626818
:10CBD00030462B46FDF75CFECFE72A46C6E72A46DD
:10CBE000F6E700BFF0ED00E000FEFFFF704700BF7A
:10CBF0000020704710B5044604F016FB204610BD17
:10CC0000044A0369D2E9010150F8102C18469950E2
:10CC100004F00ABBB840050004F006BB38B5446810
:10CC200005461CB16368013B63600BB1284638BD03
:10CC3000236820469B689847A368013BA360002BAC
:10CC4000F4D123682046DB689847284638BD00BFEA
:10CC500070B5046805467CB10F4AA668D2E9013177
:10CC600053F8102C2360A1501EB17368013B736010
:10CC700023B1204604F0D8FA284670BD3368304608
:10CC80009B689847B368013BB360002BF1D13368D0
:10CC90003046DB689847ECE734430500F0B556486A
:10CCA000564D83B006F024F8554A5649524805F0CF
:10CCB000B1F80023C5E90033182004F0B1FA524B53
:10CCC000524A0446D3E9011051F8103C5049E05053
:10CCD00028230B20226063604FF6FF724FF0FF3372
:10CCE000A060228263611420E16004F099FA6E680A
:10CCF000484A2C600123046102606860C0E9013386
:10CD000026B17368013B7360002B52D03C4A424904
:10CD10003A4805F07FF8414B6C682E68D3E90173FF
:10CD20000193002C53D0636801336360182004F032
:10CD300077FA63680133636057F8101C0760054693
:10CD4000032201986850C5E90164AA81636013B3A6
:10CD500063683349334A2960013B4FF0FF300021BB
:10CD6000C5E90401156063603BB1254A2E492D4891
:10CD700003B0BDE8F04005F04DB8236820469B683D
:10CD80009847A368013BA360002BEED1236820469F
:10CD9000DB689847E9E7236820469B689847A368C3
:10CDA000013BA360002BD3D123682046DB68984762
:10CDB000CEE7336830469B689847B368013BB36061
:10CDC000002BA3D133683046DB6898479EE71820D4
:10CDD00004F026FA57F8102C0199124B81500325C4
:10CDE0000F4946604FF0FF328460446185810160E5
:10CDF00002611860B9E700BF98780020A078002091
:10CE000000600020092E0300B8400500D84005004E
:10CE1000BC780020AC3E05001DCC02003443050068
:10CE2000544305009C78002051CC020010B501212C
:10CE30000E2004F0B1FE01210E2004F031FF642029
:10CE400001F07AFF00210E2004F02AFF642001F097
:10CE500073FF1E4C01210E2004F022FF642001F01C
:10CE60006BFF20684FF0FF3100F0C8FE68B94FF447
:10CE700016411748F9F792FB1649154801F008FBCF
:10CE80004FF47A7001F058FFFAE72068002100F0B3
:10CE9000DBFF4FF4164104460D48F9F77FFB002CE9
:10CEA000EAD001212A2004F077FE00212A2004F094
:10CEB000F7FE2C2108482B2201F02EFE4FF41641DC
:10CEC0000548BDE8104001F011BC00BF9C7800206F
:10CED0003C640020C03E0500F07A002038B50F4CBD
:10CEE0000F4D05E001F08CFBC1B22846F9F720FB9D
:10CEF000204601F07DFB00282046F3DC084C074D5E
:10CF000005E0F9F71BFAC1B2284601F09DFB204667
:10CF1000F9F7EEF900282046F3DC38BDF07A00205E
:10CF20003C64002010B483B002AB03E906009DF816
:10CF300005309DF80410026813F1FF3318BF012378
:10CF400000240229C2F800451C460374C17332D084
:10CF500003292DD0012925D0224B0099B3FBF1F3F1
:10CF6000B3F5007FC2F854451FD2FF2B0FD87F2B9B
:10CF700024D83F2B25D81F2B26D80F2B27D8072B9B
:10CF800002D819498A4225D04FF0004101E04FF004
:10CF900080610723C2F82415C2F8003503B05DF89C
:10CFA000044B704743F00204D6E74FF00071F0E7FE
:10CFB00043F00604D0E743F00404CDE74FF00061EE
:10CFC000E7E74FF08051E4E74FF00051E1E74FF021
:10CFD0008041DEE7042B34BF4FF0A0514FF02061B9
:10CFE000D7E700BF0090D00300F0024003680022A2
:10CFF000C3F80025704700BF002B3AD02DE9F04759
:10D00000814684B00D4617461E464FF6FF784FF016
:10D01000000A4645344628BF4446002D14BF234627
:10D02000002300950297361B01938FB100226946B9
:10D030004846039404F0D0F905B125442744002E56
:10D04000E7D104B0BDE8F087CDE900550295361B65
:10D05000002269464846CDF80CA004F0BDF94DB950
:10D060004645344628BF4446002EEDD104B0BDE805
:10D07000F08770472544002ECBD1E2E730B40B4A4D
:10D080000B4BD2F8B840D2F8BC00D2F8B4101C73E5
:10D0900000220124074D1C7198735973DA731A74B6
:10D0A0001D605A749A6030BC704700BFB0450500DF
:10D0B000A878002000F00240704700BF203001F047
:10D0C00029BA00BF203001F017BA00BF203001F0AC
:10D0D00027BA00BF38B5437F0BB9002038BD00F137
:10D0E000680420460D4601F023FA0028F5D12046B9
:10D0F000294601F0EFF9012038BD00BF2DE9F047C6
:10D100005AB30646DFF8588033681B684D1E434506
:10D1100017464FF0000400F1680915F801AF16D169
:10D12000737F13B92046BDE8F087484601F000FA46
:10D130000028F7D15146484601F0CCF90134A74206
:10D14000F0D0336815F801AF1B684345E8D051466D
:10D15000304698470028F1D1E4E71446E2E700BFE3
:10D16000D5D0020010B4837E1F2B4FF0010288BF80
:10D1700003F01F03C27603F5E0738CBF284A4FF01B
:10D18000A04240F20C6142F82310437E1F2B86BF61
:10D1900003F01F03224A4FF0A04203F5E07340F270
:10D1A0000C6142F8231003694FF0CC72C3F82425B8
:10D1B00003690622C3F800250369827EC3F80825A7
:10D1C0000369427EC3F80C2590F91830002B14DA5D
:10D1D000144A03F00F031A446023137690F91830B1
:10D1E000002B07DB104903F01F0001225B0982407E
:10D1F00041F823205DF8044B70475909603103F072
:10D200001F030124084A04FA03F342F8213090F97D
:10D210001830002BDCDB1344602283F80023DDE7A9
:10D2200000030050FCEC00E000E100E0C37EE3B14D
:10D230000E4B026910B499424FF00004C2F8004549
:10D2400010D90B4B994294BF4FF080614FF0C861E9
:10D2500003695DF8044BC3F8241503690622C3F87B
:10D26000002570474FF0CC71F2E77047A0860100AF
:10D2700090D00300034B53F82110417653F822302D
:10D2800083767047B0450500C37E1BB94269C2F87A
:10D290000035704703690022C3F80025704700BFBE
:10D2A0000AB910467047F8B5054600F12007384620
:10D2B00014460E4601F01CF92B69C3F888652A69EB
:10D2C000012313622A69C2F834752A69C2F8384505
:10D2D0002A6913602B6902E0D3F824211AB9D3F824
:10D2E0004C21002AF8D00022C3F84C212B6902E01F
:10D2F000D3F824211AB9D3F85C21002AF8D00022EF
:10D30000C3F85C212B6901225A612A69D2F80431E1
:10D31000002BFBD00021C2F804112B69D3F8242183
:10D3200012B1C3F824112B69D3F83C052866C0B2AA
:10D33000F8BD00BF10B50446683084F8B01001F0A5
:10D34000D7F80123637710BD70B5026990F8B0106B
:10D3500000234377C2F888150269C2F804310369D3
:10D3600001261E62036900F168050446C3F84455AE
:10D37000284601F0CFF82369C3F8480523699E6069
:10D38000236902E0D3F824211AB9D3F85021002AE6
:10D39000F8D00022C3F85021284601F0BBF82369D9
:10D3A00018BB0022C3F86021236901225A61226957
:10D3B000D2F80431002BFBD00021C2F804112369FC
:10D3C000D3F8240160B1C3F824112369D3F8C4044D
:10D3D000C3F8C404022803D0042814BF0420032087
:10D3E00070BDD3F82421002ADBD1D3F86021002AB4
:10D3F000F7D0D6E770B5294C6369D3F86421002AC9
:10D400003AD1D3F86821E2B9D3F8042162B1227F7E
:10D410000021C3F804113AB1D4F8B820D3F83C0580
:10D4200020660AB190476369D3F8242142B10022F3
:10D43000C3F82421D3F8D024C3F8D02401225A61A0
:10D4400070BD0022C3F86821154822770123637755
:10D4500001F04EF8D4F8B43003B19847636910482E
:10D46000C3F844050023637701F054F8636901228F
:10D47000C3F848055A63C7E7002204F12006C3F841
:10D48000642101253046257701F032F86369402296
:10D49000C3F83465C3F838251D63B2E7BC780020B3
:10D4A0002479002070B5294C6369D3F86421002ADF
:10D4B0003AD1D3F86821E2B9D3F8042162B1227FCE
:10D4C0000021C3F804113AB1D4F8B820D3F83C05D0
:10D4D00020660AB190476369D3F8242142B1002243
:10D4E000C3F82421D3F8D024C3F8D02401225A61F0
:10D4F00070BD0022C3F868211548227701236377A5
:10D5000000F0F6FFD4F8B43003B1984763691048CF
:10D51000C3F844050023637700F0FCFF6369012230
:10D52000C3F848055A63C7E7002204F12006C3F890
:10D53000642101253046257700F0DAFF6369402237
:10D54000C3F83465C3F838251D63B2E77879002045
:10D55000E07900202DE9F8431A4DDFF878901A4C55
:10D560001A4F284600264FF47A7840F8209BC5E9E8
:10D57000016800F0A5FF05F1680000F0A1FF03239A
:10D580002B76BB6E6B76C4E901682046104BFA6EB1
:10D5900040F8209BAA76C5E904336E7700F090FF2F
:10D5A00004F1680000F08CFFD7E91A1204204FF054
:10D5B0004023667720766176A276C4E90433BDE81D
:10D5C000F88300BFBC78002078790020B0450500C2
:10D5D00000300040EC3E0500704700BF036853F880
:10D5E0000C3C1844704700BFF0B51646026883B083
:10D5F0004B1C044652F8100C08BF2C4F2C4B2D4AE4
:10D60000009318BF0D4620444FF010034FF0010166
:10D6100001960CBF3D462F4600F0B6FCD4E900321F
:10D6200053F8100C244B019220440093214A1623F6
:10D63000012100F0A9FC2368A26853F8100C1F4BCD
:10D640000192204400931B4A1823012100F09CFC06
:10D6500022681B4B52F8100C0093164A01951A23AE
:10D660002044012100F090FC4FF6FF739E4210D041
:10D67000227A2179E068FFF7FDFD2946E068FFF78F
:10D68000D5FDE068FFF76EFD01206761268203B0DB
:10D69000F0BD22680B4B52F8100C0093054A204451
:10D6A0001E23022100F070FCE2E700BFA08601000B
:10D6B000403F0500083F0500643F0500843F05002A
:10D6C000A43F0500C83F050008B5C068FFF7DCFDB2
:10D6D000012008BD70B504460D4684B0C068217CA9
:10D6E0001646FFF727FEE068036829465B68324666
:10D6F00098470546D8B186420FD022682E4B52F883
:10D70000100C02962044CDE900352C4A9B230321BE
:10D7100000F03AFC002004B070BDE068FFF714FE92
:10D720000138032845D8DFE800F0372A1D102268A9
:10D73000234B52F8100C00932044204A98230321D5
:10D7400000F022FC284604B070BD22681D4B52F840
:10D75000100C00932044194AAF23032100F014FC5D
:10D760000020D8E72268184B52F8100C0093204490
:10D77000124AAC23032100F007FC0020CBE722680B
:10D78000124B52F8100C009320440C4AA82303219A
:10D7900000F0FAFB0020BEE722680D4B52F8100C97
:10D7A00000932044054AA423032100F0EDFB002050
:10D7B000B1E70120AFE700BFEC3F0500083F0500DF
:10D7C000DC3F050064400500484005002840050096
:10D7D00018400500F0B504460D4685B0C068217CB0
:10D7E00016461F46FFF7A6FDE068036829465B68FA
:10D7F00032469847054628B386420FD02268304B00
:10D8000052F8100C02962044CDE900352D4AD3235E
:10D81000032100F0B9FB002005B0F0BDE068FFF780
:10D8200093FD01281CD0022827D12268264B52F8EC
:10D83000100C00932044234AE123032100F0A4FBB1
:10D840000020E9E72268214B52F8100C0093204495
:10D850001C4AD023032100F097FB284605B0F0BDF9
:10D8600022681B4B52F8100C00932044154ADD230C
:10D87000032100F089FB0020CEE70A9A217CE068B2
:10D88000FFF70EFD0A9B83420DD153B1FD18013DF8
:10D89000013FE06803685B69984707F8010FAF42F2
:10D8A000F7D10120B8E722680A4B52F8100C009318
:10D8B0002044044AEC23032100F066FB0020ABE780
:10D8C000EC3F0500083F050028400500DC3F05004F
:10D8D000184005007440050010B50446C9B2C06880
:10D8E000FFF728FDE068FFF72FFD0138032894BFFC
:10D8F0000020012010BD00BF10B5044603F094FCC9
:10D90000204610BD036810B553F80C4C0444204663
:10D9100003F08AFC204610BD70B5064682B00C4666
:10D92000C068317C1546FFF7BBFC85420ED155B16E
:10D930002544013D013CF06803685B69984704F8A1
:10D94000010FAC42F7D1012002B070BD3268064B26
:10D9500052F8100C00933044044A7A23032100F05B
:10D9600013FB002002B070BD74400500083F0500A5
:10D9700010B5054C204605F0BBF92046034A044982
:10D98000BDE8104004F046BA347A00200060002060
:10D99000092E0300704700BF03685B68184700BF8B
:10D9A00030B583B0054600F051FC044678B12969D2
:10D9B0004B1C07D02B6853F8100C284400F0A0FB38
:10D9C0000440E4B2002320466B6103B030BD2A68F6
:10D9D000054B52F8100C0093044A2844712303218C
:10D9E00000F0D2FAE3E700BF04430500CC42050093
:10D9F00038B58568124B036004461DB16B68013B66
:10DA00006B6023B1204603F00FFC204638BD2B6825
:10DA10000C4A9B6893420DD1AB68013BAB60002B75
:10DA2000F0D12B680849DA688A4206D15B6828463B
:10DA30009847E7E728469847EEE728469047E1E70A
:10DA40002443050095D9020099D9020038B503682E
:10DA5000144A53F80C3CC518C250AC681CB163683A
:10DA6000013B636023B1284603F0DEFB284638BD46
:10DA700023680D4A9B6893420DD1A368013BA360C4
:10DA8000002BF0D123680949DA688A4206D15B6825
:10DA900020469847E7E720469847EEE7204690471C
:10DAA000E1E700BF2443050095D9020099D902009F
:10DAB00038B58468114B036005461CB16368013BAF
:10DAC00063600BB1284638BD23680D4A9B689342BA
:10DAD0000DD1A368013BA360002BF3D12368094952
:10DAE000DA688A4206D15B6820469847EAE7204612
:10DAF0009847EEE720469047E4E700BF244305003F
:10DB000095D9020099D9020038B50368124A53F832
:10DB10000C3CC518C250AC681CB16368013B636023
:10DB20000BB1284638BD23680C4A9B6893420DD13F
:10DB3000A368013BA360002BF3D123680849DA688E
:10DB40008A4206D15B6820469847EAE72046984714
:10DB5000EEE720469047E4E72443050095D902000C
:10DB600099D9020030B587B00025044601234068EA
:10DB70008DF816500DF1160204218DF8175000F0A3
:10DB800011FB08B301230DF117020721606800F0B3
:10DB900009FBC8B19DF816309DF81720A32B21D0A2
:10DBA0008D2B01D1732A21D02068114950F8100C17
:10DBB0000292CDE900132044C1230E4A022100F055
:10DBC000E3F9002007B030BD22680B4B52F8100C6F
:10DBD00000932044074AB223032100F0D5F9002026
:10DBE00007B030BD372ADFD10320F9E70520F7E77A
:10DBF0005C410500CC42050040410500F0B50369D9
:10DC000000265A1C87B0044646610F462CD0026895
:10DC100052F8100C194602220123204400F0E4F9C6
:10DC200023682169054653F8100C3246204400F061
:10DC300049FA236853F8103C05400A21E01800F027
:10DC400085FA2368216953F8100C0122204400F062
:10DC500039FA236853F8103CEDB205400A21E01868
:10DC600000F074FA002D4DD03946204600F01CFB20
:10DC70000546002838D006AE002306F8013D0B21EA
:10DC800001233246606800F08DFA0546002847D02F
:10DC90009DF81770092F61D840F21525FD40ED431E
:10DCA00015F001055AD132460123022160688DF832
:10DCB000175000F077FA48B19DF81720606842F0DD
:10DCC0008002022100F090FA002837D12268514BDF
:10DCD00052F8100C009320444F4ACD23032100F04A
:10DCE00053F9284607B0F0BD22684C4B52F8100C8F
:10DCF0000093494A20443B23032100F045F928467C
:10DD000007B0F0BD2268464B52F8100C0093204437
:10DD1000414A3523032100F037F9284607B0F0BD0A
:10DD20002268404B52F8100C009320443A4A80235A
:10DD3000032100F029F9284607B0F0BD236853F805
:10DD4000100C0A21204400F001FA092F49D8DFE81D
:10DD500007F0334813484648484848412268324B48
:10DD600052F8100C00932C4A0197204448230321B9
:10DD700000F00AF90025C2E702232C496361112251
:10DD8000204600F0DDFA22680546002836D0636997
:10DD900052F8100C013B042B96BF254A254A52F835
:10DDA0002320254B0093CDE90127204467231A4AFD
:10DDB000012100F0E9F8A2E72046FFF7D3FE80B189
:10DDC000021F1A4B1D496061022A2ABF19461422FC
:10DDD0001122D5E70423636118491422D0E70123F7
:10DDE000CBE72268164B52F8100C009301972044A1
:10DDF0005323094A032100F0C7F880E752F8100CBA
:10DE0000104B0093044A20446223032100F0BCF825
:10DE1000656174E754420500CC42050024420500C8
:10DE2000184205000C41050034420500A8410500D8
:10DE3000F8400500BC410500AC42050094410500D6
:10DE40006C4205009442050070B5446984B00646F2
:10DE5000002C37D0CDB2032D24D804AA002302F819
:10DE6000013D09210123406800F09CF90446002887
:10DE700036D09DF80F20706802F03F0242EA85120A
:10DE8000D2B2092100F0B0F90446C0B932681B4B88
:10DE900052F8100C00931A4A3044E123032100F099
:10DEA00073F80CE00268174B52F8100C0093144AF8
:10DEB00030444FF4FD73022100F066F80024204640
:10DEC00004B070BD0268104B52F8100C009330443F
:10DED0000B4AFA23032100F057F8204604B070BD26
:10DEE00032680A4B52F8100C00933044044ADA238B
:10DEF000032100F049F8204604B070BDDC41050064
:10DF0000CC420500F441050024410500C441050050
:10DF100010B5054C204604F0EBFE2046034A0449A8
:10DF2000BDE8104003F076BF387A00200060002082
:10DF3000092E0300F0B587B00CAA4FF4806052F8A8
:10DF4000046B05921F46054603F06CF92A46002132
:10DF500004461EF0E0F9094A094B00922946094A95
:10DF6000CDE9017620461FF085F90599204621F07C
:10DF700015FA204603F05AF907B0F0BDE443050056
:10DF8000B0430500B8430500481E022800D9704779
:10DF9000F0B587B01F464FF480600DAB15460C46B8
:10DFA000059303F03FF94FF48062002106461EF00E
:10DFB000B2F90B4B0C9A53F824300292CDE900577A
:10DFC000084A30464FF480611FF054F905993046F5
:10DFD00021F0E4F9304603F029F907B0F0BD00BFA5
:10DFE000A0430500B843050030B50D1E85B047DBE2
:10DFF000012A2C462FD0022A17D0EAB12D4B0093CC
:10E000002D4A40F249130221FFF794FF1F2DC6BF8E
:10E0100005F01F04294B4FF0A04304F5E0740222E1
:10E0200043F82420002005B030BD2846012103F02C
:10E03000B3FD012005B030BD1F2DC6BF05F01F0484
:10E040001E4B4FF0A04304F5E0740222012043F878
:10E05000242005B030BD012B0AD0022B039221D021
:10E06000CBB12846002103F097FD039A1046DAE76A
:10E0700028460221039303F08FFD039B1846D2E745
:10E080000F4B0D4ACDE900350221E823FFF752FF7F
:10E09000002005B030BD2846194603F07DFD039AE7
:10E0A0001046C0E72846032103F076FD039A104688
:10E0B000B9E700BF44440500E443050000030050F5
:10E0C0000C44050000B50B1E83B007DB1846114653
:10E0D00003F0E6FD012003B05DF804FB064A0221CF
:10E0E000CDE9002340F25713044AFFF723FF002035
:10E0F00003B05DF804FB00BF0C440500E4430500D9
:10E1000000290DDB1F29C6BF01F01F010C4A4FF08B
:10E11000A04201F5E071022342F82130012070474E
:10E1200000B5084B084A83B0CDE900314FF4C673FF
:10E130000221FFF7FFFE002003B05DF804FB00BFE3
:10E14000000300500C440500E4430500084600F0BD
:10E15000F3BD00BF10B5054C204604F0C9FD2046B4
:10E16000034A0449BDE8104003F054BE3C7A002045
:10E1700000600020092E030000B50368074953F82A
:10E18000103C074A83B0184400913B230321FFF75A
:10E19000FBFE002003B05DF804FB00BF0443050054
:10E1A0008044050070B584B004AC066804F8011D15
:10E1B000009321461346766901220546B04704467E
:10E1C00050B92A68064B52F8100C0093054A2844AF
:10E1D00042230321FFF7D8FE204604B070BD00BFE4
:10E1E000704405008044050030B5036885B01B69A4
:10E1F0008DF80C108DF80D2003A9022205469847D2
:10E20000044650B92A68064B52F8100C0093054A90
:10E2100028446B230321FFF7B7FE204605B030BD2D
:10E22000DC3F05008044050010B5054C204604F095
:10E230005FFD2046034A0449BDE8104003F0EABDF3
:10E24000407A002000600020092E030030B54468A9
:10E2500083B005469CB123682046DB699847044695
:10E2600050B92A680D4B52F8100C00930C4A284400
:10E270003E230321FFF788FE204603B030BD02682D
:10E28000084B52F8100C00932844054A3923022108
:10E29000FFF77AFE204603B030BD00BF04430500FF
:10E2A0007C4505003044050030B5446883B0054620
:10E2B000002C2FD0236882899B682046984704460B
:10E2C000D0B16868A98903689B699847044610B172
:10E2D000204603B030BD2B68B5F90C2053F8100C64
:10E2E000134B019228440093124A30230321FFF775
:10E2F0004BFE204603B030BD2A680F4B52F8100C7D
:10E30000009328440B4A2B230321FFF73DFE2046B0
:10E3100003B030BD0268094B52F8100C009328443A
:10E32000044A26230221FFF72FFE204603B030BD0A
:10E33000544505007C450500244205003044050095
:10E340002DE9F043D0E90036054653F8100C83B0B0
:10E350002844002E4DD00F46F1B19046E2B1002482
:10E3600017F80490B9F1000F33D0611CB9F1030F15
:10E370004FF002023944A8EB040319D1022B43D910
:10E38000686803681B6998470646002854D0033420
:10E390004445E5D3012607E02E4B00932E4A4B233C
:10E3A0000221FFF7F1FD0026304603B0BDE8F083FF
:10E3B0002A682A4B52F8100C00932844264A0194EC
:10E3C0006C230321FFF7E0FD0026304603B0BDE8D3
:10E3D000F0832B6853F8103CA8EB04022B44012A6D
:10E3E00007EB040118461DD04978FFF7AFFE023451
:10E3F000CEE7184B0093184A46230221FFF7C4FDCD
:10E40000304603B0BDE8F0832A68154B52F8100C73
:10E4100000930194494628445E230F4AFFF7B4FD58
:10E420000026C1E70E4A5423CDE9002403210A4AFD
:10E430004E46FFF7A9FDB7E72A680A4B52F8100CC1
:10E4400000930194494628446423034AFFF79CFD46
:10E45000AAE700BF304405007C4505001C450500C7
:10E46000B0440500EC44050010B5054C204604F00E
:10E470003FFC2046034A0449BDE8104003F0CABCF3
:10E48000447A002000600020092E0300704700BF7E
:10E49000036870B505460C465E6849B108461FF032
:10E4A0000FFD214602462846B0472B685E680446A9
:10E4B000284602220149B047204470BD704605003D
:10E4C00008B5402200211DF026FF0022C0E91022DD
:10E4D00008BD00BF10B4D0E91024531C03F03F0363
:10E4E0009C4218BF81545DF8044B18BF0364704709
:10E4F0000023C0E910337047D0E91023934206D0BF
:10E500005A1CC35C02F03F024264184670474FF049
:10E51000FF307047D0E91030181A48BF40307047BC
:10E52000D0E91023934214BFC05C4FF0FF30704716
:10E53000D0E91030013303F03F03181AB0FA80F02D
:10E540004009704790F8A300704700BF38B590F9B4
:10E550009D30002B04460DDB5A092032012123484F
:10E5600003F01F0301FA03F340F82230BFF34F8F8B
:10E57000BFF36F8F23694FF48872C3F808232269B1
:10E580000023C2F844312269C2F8583122690123BC
:10E5900053602269D36001E003F04EF92369D3F898
:10E5A0005821002AF8D0D3F84421002AF4D00025BD
:10E5B000C3F8005522694FF0FF33C2F80C352269C9
:10E5C000C2F814352269C2F80835226904F1140032
:10E5D000C2F81035FFF78CFFD4F8A40001F036FA2A
:10E5E000C4F8A45084F8A35038BD00BF00E100E097
:10E5F0001430FFF78FBF00BF1430FFF791BF00BF8B
:10E600001430FFF779BF00BF08B5D0F8A40001F0BF
:10E6100013FA002814BF4020002008BD90F8A33052
:10E6200003B9704710B54FF0FF310446D0F8A4008D
:10E6300001F056F80023D4F8A4001A461946BDE8A4
:10E64000104000F005BC00BF10B50368104A5B68BD
:10E6500082B093428DF8071013D104464FF0FF317A
:10E66000D0F8A40001F03CF822699DF8073084F846
:10E670005D300123C2F8483522691846936002B024
:10E6800010BD01220DF10701984702B010BD00BF77
:10E6900095E602002DE9F0471AB31746884606466C
:10E6A00000F15D0A00254FF001097C1B402C28BFBA
:10E6B00040244FF0FF31D6F8A40001F011F808EB28
:10E6C0000501224650461DF002FE3369C3F8484555
:10E6D00033692544AF42C3F80890E6D82846BDE820
:10E6E000F08715462846BDE8F08700BF70B504687E
:10E6F0007D4A246A944240F0B68090F8A3200346F5
:10E70000002A40F0AF800D46016990F89F00C1F8E3
:10E710000C05196993F89E00C1F8140593F8A2102E
:10E72000012900F0AF801969C1F86C25B5F5966F25
:10E7300045D9B5F5166F40F29B80B5F5965F40F26E
:10E74000AF80B5F5165F40F2AD80B5F5615F40F280
:10E75000AB80B5F5964F40F2A980B5F5E14F40F298
:10E76000A78047F61222954240F2A480B5F5164FD5
:10E7700040F2A3804DF6C022954240F2A180B5F54B
:10E78000614F40F2A080B5F5963F40F29F80B5F50D
:10E79000E13F40F2A080B5F5613F40F29980534AD5
:10E7A000954240F29E80B5F5E12F40F29780B5F595
:10E7B000612F8CBF4FF080524FF0706201E04FF438
:10E7C0009E221969C1F824251A690821C2F800158A
:10E7D0001A6903F15D01C2F844151A690021C2F8F3
:10E7E00020111A6903F15C01C2F834151A6901217C
:10E7F000C2F838151A6911601A694FF48870C2F8A6
:10E80000040393F99D20002A35DB5409603402F09B
:10E810001F02374801FA02F240F8242093F99D20A4
:10E82000002A28DB0244602182F8001393F99D201E
:10E83000002A07DB2E4802F01F0401215209A140E3
:10E8400040F822100322002101201C4600F0BEFAED
:10E8500000231A461946C4F8A40000F0F9FA01236F
:10E8600084F8A33070BD23460022BDE870401847ED
:10E870004FF41D22A5E71F4902F00F021144602248
:10E880000A76D3E71A6993F8A000C2F810051A694E
:10E8900093F8A100C2F808051A69C2F86C1545E79B
:10E8A000154A8EE7154A8CE7154A8AE7154A88E724
:10E8B000154A86E74FF4000283E74FF41D0280E714
:10E8C0004FF465027DE74FF46B027AE70F4A78E771
:10E8D0004FF06C7275E74FF0EB7272E74FF0E86241
:10E8E0006FE74FF080626CE711E9020090D00300FF
:10E8F00000E100E0FCEC00E000B013000050270055
:10E9000000F03A0000A04E0000C0750000903A01EF
:10E9100090F8A330002B5BD110B5036990F89F40AD
:10E92000C3F80C45036990F89E40C3F8144590F86D
:10E93000A230012B036900F0A080C3F86C25B1F56B
:10E94000966F46D9B1F5166F40F2A680B1F5965F85
:10E9500040F2AC80B1F5165F40F2AA80B1F5615F7C
:10E9600040F2A880B1F5964F40F2A680B1F5E14F94
:10E9700040F2A48047F61223994240F2A180B1F5FB
:10E98000164F40F2A0804DF6C023994240F29E807F
:10E99000B1F5614F40F29D80B1F5963F40F29C8009
:10E9A000B1F5E13F40F29A80B1F5613F40F29980C4
:10E9B000504B994240F29B80B1F5E12F40F2948098
:10E9C000B1F5612F8CBF4FF080534FF0706302E0C0
:10E9D00070474FF49E230269C2F824350369082268
:10E9E000C3F80025036900F15D02C3F844250369FB
:10E9F0000022C3F82021036900F15C02C3F834252A
:10EA000003690122C3F8382503691A6003694FF4CA
:10EA10008871C3F8041390F99D30002B3FDB5C092B
:10EA2000603403F01F03344902FA03F341F8243041
:10EA300090F99D30002B32DB0B44602283F80023D9
:10EA400090F99D30002B07DB2B4903F01F040122B6
:10EA50005B09A24041F82320044603220021012043
:10EA600000F0B4F900231A461946C4F8A40000F0D7
:10EA7000EFF9012384F8A33010BD90F8A040C3F84B
:10EA80001045036990F8A140C3F80845036942F0B6
:10EA90000102C3F86C2552E74FF41D239BE7174A88
:10EAA00003F00F031A4460231376C9E7144B92E76F
:10EAB000144B90E7144B8EE7144B8CE7144B8AE70A
:10EAC0004FF4000387E74FF41D0384E74FF4650319
:10EAD00081E74FF46B037EE70E4B7CE74FF0EB735F
:10EAE00079E74FF06C7376E74FF0E86373E74FF028
:10EAF000806370E790D0030000E100E0FCEC00E0F0
:10EB000000B013000050270000F03A0000A04E00B3
:10EB100000C0750000903A01044B53F8211080F8B2
:10EB20009E1053F8223080F89F307047B0450500A2
:10EB300010B5114C2369D3F810213AB10022C3F863
:10EB40001021D3F83C2572B901221A60D3F8202194
:10EB500002B910BD0021D4F8A400C3F82011BDE80B
:10EB6000104000F0FFBB94F85C1004F11400FFF7B4
:10EB7000B1FC2369E8E700BF487A002010B5114CCA
:10EB80002369D3F810213AB10022C3F81021D3F839
:10EB90003C2572B901221A60D3F8202102B910BDB8
:10EBA0000021D4F8A400C3F82011BDE8104000F003
:10EBB000D9BB94F85C1004F11400FFF78BFC2369B7
:10EBC000E8E700BFF07A00202DE9F8431D4D1E4C08
:10EBD000DFF884901D4F284600264FF47A7840F8DD
:10EBE000149BC5E90168FFF76BFCC4E90168204686
:10EBF000174B2B610223D7F8842085F89D3040F80D
:10EC0000149BD7F8883085F89E2085F89F3085F8CA
:10EC1000A260C5F8A46085F8A360FFF751FC0D4819
:10EC20003A6ABB6984F8A2602821C4F8A46084F819
:10EC3000A360206184F89D1084F89E2084F89F30A2
:10EC4000BDE8F883487A0020F07A0020B04505003E
:10EC500000200040008002407C46050008B50E4BB5
:10EC60001BB10E48F7F744FB90B90D4B1BB10D4893
:10EC7000FFF750FC48B90C4B1BB10C48FFF74AFC9E
:10EC800000B908BDAFF3008008BDAFF30080F2E724
:10EC9000AFF30080E9E700BF000000003C64002003
:10ECA000000000005C7A002000000000047B0020CF
:10ECB0002DE9F0431B4B1C4FD3F80463DFF86C8045
:10ECC000DFF86C9085B000240123A200A34002F17C
:10ECD0008045334205F5C0450FD0D5F8003163B10A
:10ECE000E357013306D052F808201AB114F809305E
:10ECF0007BB990470023C5F800310134082CE3D1DB
:10ED0000BFF34F8F00BF00BF00BF00BF05B0BDE81D
:10ED1000F08304AB002143F8041D0846009102F083
:10ED200065FEE7E700600040C07B0020A07B00207C
:10ED3000987B0020FEE700BF014638B54FF47A7299
:10ED400000238002890D1CF049FB054601F0F6F90D
:10ED50000446F7F7BDFA01F0F1F9001B854200D82F
:10ED600038BD281ABDE8384001F00CBB38B51C4648
:10ED70009DF8105043B3002908BF1A460123C4E987
:10ED80000F01226084F8463002F020F8D4E90F1316
:10ED90002268A26001FB03F1CB1A134400200A444D
:10EDA000FF21A063E36084F84410626084F845109A
:10EDB00004F1100002F090FF04F1240002F08CFF37
:10EDC00002F00EF884F84C50204638BDF8B50746DE
:10EDD00015460E4669B100FB01F0503002F0FAFF13
:10EDE000044690B3002200F1500380F846200360EF
:10EDF00007E0502002F0EEFF044630B384F846608E
:10EE00002460C4E90F7601F0E1FFD4E90F13226812
:10EE1000A26001FB03F1CB1A134400200A44FF2136
:10EE2000A063E36084F84410626084F8451004F144
:10EE3000100002F051FF04F1240002F04DFF01F038
:10EE4000CFFF84F84C502046F8BD00242046F8BD82
:10EE50002DE9F04F044685B01D460192884601F029
:10EE6000B5FFA26BE36BA84F4FF000099A424E46E4
:10EE7000C0F08B80022D00F006810198002800F080
:10EE80003081B9F1000F00F0958001F0A9FF01F089
:10EE90004DF901F09BFF94F84430FF2B08BF84F834
:10EEA000446094F84530FF2B08BF84F8456001F0BA
:10EEB00097FF01A902A801F067FC002840F0188123
:10EEC00001F084FFA26BE36B9A4277D001F088FFD8
:10EED00001F07CFF94F845304FFA83FABAF1000F45
:10EEE0001ADD636AC3B104F1240907E00AF1FF33B4
:10EEF000DBB24FFA83FA7BB1636A6BB1484601F02B
:10EF0000E9FB0028F2D001F077FC0AF1FF33DBB215
:10EF10004FFA83FA002BEFD1FF2384F8453001F03C
:10EF20005FFF01F053FF94F844304FFA83FABAF1CF
:10EF3000000F1ADD2369C3B104F1100907E00AF1DB
:10EF4000FF33DBB24FFA83FA7BB123696BB14846DA
:10EF500001F0C0FB0028F2D001F04EFC0AF1FF33B3
:10EF6000DBB24FFA83FA002BEFD1FF2384F8443051
:10EF700001F036FF01F080F901F028FFA26BE36B8E
:10EF80009A424FF00109BFF475AF226CA66B002ABC
:10EF900040F0FC8025680136002D00F01881A66342
:10EFA000636A002B40F08C8001F01AFF012005B04D
:10EFB000BDE8F08F02A801F0DBFB66E704F1100961
:10EFC00001F00EFF4846019901F008FB01F0FEFE3A
:10EFD00094F845A04FFA8AFABAF1000F1CDD636A73
:10EFE000D3B104F1240B08E00AF1FF3A5FFA8AF387
:10EFF0004FFA83FA83B1636A73B1584601F06AFB32
:10F000000028F1D00AF1FF3A01F0F6FB5FFA8AF32B
:10F010004FFA83FA002BEED1FF2384F8453001F03C
:10F02000DFFE01F0D3FE94F844304FFA83FABAF1D0
:10F03000000F06DC15E00AF1FF33DBB24FFA83FA6A
:10F040007BB123696BB1484601F044FB0028F2D044
:10F0500001F0D2FB0AF1FF33DBB24FFA83FA002B47
:10F06000EFD1FF2384F8443001F0BAFE01F004F937
:10F07000002881D14FF080537B6040BFBFF34F8F9A
:10F08000BFF36F8F78E7226CA66B002A82D04146CF
:10F09000E0681DF01CF9236CE26821685B421A44A9
:10F0A0008A42E26080F0898062681344E360022D46
:10F0B00000F083800136A663636A002B3FF474AFCF
:10F0C00004F1240001F006FB00283FF46DAF0E4B65
:10F0D0004FF080525A6040BFBFF34F8FBFF36F8F26
:10F0E00062E7009001F07CFE009805B0BDE8F08F6B
:10F0F00001F06CFE94F845506DB2002D18DD636A86
:10F10000B3B104F1240607E000ED00E0013DEBB2ED
:10F110005DB26BB1636A5BB1304601F0DBFA002887
:10F12000F4D0013D01F068FBEBB25DB2002BF1D1F0
:10F13000FF2384F8453001F053FE01F047FE94F8B8
:10F1400044506DB2002D16DD2369A3B104F1100601
:10F1500005E0013DEBB25DB26BB123695BB13046B6
:10F1600001F0B8FA0028F4D0013D01F045FBEBB204
:10F170005DB2002BF1D1FF2384F8443001F030FE62
:10F1800001F07AF8002005B0BDE8F08F41465DBB84
:10F19000A0681DF09CF8A368216C62680B44934240
:10F1A00006F10106A360FFF4FAAEA663636A226863
:10F1B000A260002B3FF4F8AE82E7002E7FF4EFAEA2
:10F1C0000123A363636A002B3FF4EEAE78E7606827
:10F1D00001F084FBA663636A6560002B7FF470AF67
:10F1E00000287FF474AFDFE6E0681DF070F8236C50
:10F1F000E26821685B421A448A42E260BFF457AF7A
:10F2000052E700BFF8B50C4679B300250123216011
:10F2100081F84630C1E90F35064601F0D7FDD4E943
:10F220000F322168A56303FB02F39A1A0A440B44C8
:10F23000FF27C4E90131E26084F8447004F1100052
:10F2400084F8457002F048FD04F1240002F044FD0A
:10F2500001F0C6FDC4E90055E56084F84C602B461A
:10F260002A4629462046FFF7F3FD2046F8BD00BF99
:10F270002DE9F0418C4682B004461746EFF3118623
:10F28000402282F31188806BE26B904221D3022BE3
:10F2900005D0002086F3118802B0BDE8F08194F813
:10F2A0004550226CD4F838806DB252BB236808F107
:10F2B0000108002B4FD06B1CC4F8388037D00135C3
:10F2C0006DB284F84550012086F3118802B0BDE884
:10F2D000F08194F84550226CD4F838806DB2002A41
:10F2E000E4D073B9A0681CF0F2FFA368216C6268D7
:10F2F0000B44934208F10108A360DCD32368A360A8
:10F30000D9E76146E06801931CF0E1FF206CE268F8
:10F310002168019B404202448A42E26002D2626854
:10F320001044E060022B10D008F10108C3E7636AC3
:10F33000002BC8D004F1240001F0CCF90028C2D081
:10F34000002FC0D001203860A4E7B8F1000F08BF3B
:10F350004FF00108AFE76068019301F0BFFA019B2D
:10F360006360A8E738B5EFF31184402383F3118875
:10F37000826BC36B93420ED990F8453001325BB279
:10F3800082635A1C0BD001335BB280F845300120F8
:10F3900084F3118838BD002084F3118838BD436A96
:10F3A000002BF4D024300D4601F094F90028EED063
:10F3B000002DECD001202860EAE700BF2DE9F047DE
:10F3C000044684B08846019201F000FDD4F83890DC
:10F3D000B9F1000F40F09380019B002B00F00A81EF
:10F3E00002A801F0C5F9B34F4E4604F1240501F01F
:10F3F000F7FC00F09BFE01F0E9FC94F84430FF2B91
:10F4000008BF84F8446094F84530FF2B08BF84F8A7
:10F41000456001F0E5FC01A902A801F0B5F900285A
:10F4200040F0878001F0D2FCA36B002B40F0E88015
:10F4300001F0D6FC0199284601F0D0F801F0C6FC95
:10F4400094F845304FFA83F9B9F1000F06DC15E066
:10F4500009F1FF33DBB24FFA83F97BB1636A6BB119
:10F46000284601F037F90028F2D001F0C5F909F17A
:10F47000FF33DBB24FFA83F9002BEFD1FF2384F87F
:10F48000453001F0ADFC01F0A1FC94F844304FFA96
:10F4900083FABAF1000F1ADD2369C3B104F1100930
:10F4A00007E00AF1FF33DBB24FFA83FA7BB123693D
:10F4B0006BB1484601F00EF90028F2D001F09CF93A
:10F4C0000AF1FF33DBB24FFA83FA002BEFD1FF23AF
:10F4D00084F8443001F084FC00F0CEFE00287ED198
:10F4E0004FF080537B6040BFBFF34F8FBFF36F8FF0
:10F4F00001F06CFCD4F83890B9F1000F76D0226C92
:10F5000052B1E168636811449942E16024BF216807
:10F51000E16040461CF0DBFE09F1FF33A363236981
:10F52000002B40F0C98001F05BFC012004B0BDE875
:10F53000F08701F04BFC94F845304FFA83F9B9F1AC
:10F54000000F06DC15E009F1FF33DBB24FFA83F957
:10F550007BB1636A6BB1284601F0BCF80028F2D099
:10F5600001F04AF909F1FF33DBB24FFA83F9002BBE
:10F57000EFD1FF2384F8453001F032FC01F026FC86
:10F5800094F844304FFA83FABAF1000F1ADD236978
:10F59000C3B104F1100907E00AF1FF33DBB24FFAFF
:10F5A00083FA7BB123696BB1484601F093F80028D8
:10F5B000F2D001F021F90AF1FF33DBB24FFA83FAFE
:10F5C000002BEFD1FF2384F8443001F009FC00F058
:10F5D00053FE01F0FBFBA36B63B101F001FC01F0F2
:10F5E000F5FBD4F83890B9F1000F88D1019B002BBE
:10F5F0007FF4FDAE01F0F4FB002004B0BDE8F0871D
:10F6000001F0EEFB01F0E2FB94F845304FFA83F98C
:10F61000B9F1000F06DC15E009F1FF33DBB24FFA58
:10F6200083F97BB1636A6BB1284601F053F8002877
:10F63000F2D001F0E1F809F1FF33DBB24FFA83F9C0
:10F64000002BEFD1FF2384F8453001F0C9FB01F016
:10F65000BDFB94F844304FFA83FABAF1000F1ADD7B
:10F660002369C3B104F1100907E00AF1FF33DBB2EB
:10F670004FFA83FA7BB123696BB1484601F02AF84F
:10F680000028F2D001F0B8F80AF1FF33DBB24FFAEC
:10F6900083FA002BEFD1FF2384F8443001F0A0FB64
:10F6A00000F0EAFD01F092FBD4F83890B9F1000FB8
:10F6B0009CD024E700ED00E004F1100001F00AF80E
:10F6C00000283FF430AF054B4FF080525A6040BFE6
:10F6D000BFF34F8FBFF36F8F25E700BF00ED00E052
:10F6E0002DE9F043044685B00026019101F06EFB40
:10F6F000A36BB24FB0463546002B40F0F380019B20
:10F70000002B00F05D81B8F1000F00F0FC8001F0EB
:10F7100067FB00F00BFD01F059FB94F84430FF2B20
:10F7200008BF84F8445094F84530FF2B08BF84F894
:10F73000455001F055FB01A902A801F025F8002869
:10F740006CD101F043FBA36B002B40F0E08001F093
:10F7500047FB2368002B00F03C8104F12409484654
:10F76000019900F03BFF01F031FB94F845304FFA6E
:10F7700083F8B8F1000F06DC15E008F1FF33DBB2C7
:10F780004FFA83F87BB1636A6BB1484600F0A2FF81
:10F790000028F2D001F030F808F1FF33DBB24FFA65
:10F7A00083F8002BEFD1FF2384F8453001F018FBDC
:10F7B00001F00CFB94F844304FFA83F8B8F1000FD5
:10F7C0001ADD2369C3B104F1100907E008F1FF3322
:10F7D000DBB24FFA83F87BB123696BB1484600F086
:10F7E00079FF0028F2D001F007F808F1FF33DBB20F
:10F7F0004FFA83F8002BEFD1FF2384F8443001F057
:10F80000EFFA00F039FD002864D14FF080537B609F
:10F8100040BFBFF34F8FBFF36F8F5BE001F0D6FAAD
:10F8200094F845304FFA83F8B8F1000F1ADD636A97
:10F83000C3B104F1240907E008F1FF33DBB24FFA4A
:10F8400083F87BB1636A6BB1484600F043FF002840
:10F85000F2D000F0D1FF08F1FF33DBB24FFA83F8AA
:10F86000002BEFD1FF2384F8453001F0B9FA01F005
:10F87000ADFA94F844304FFA83F8B8F1000F1ADD6E
:10F880002369C3B104F1100907E008F1FF33DBB2CB
:10F890004FFA83F87BB123696BB1484600F01AFF39
:10F8A0000028F2D000F0A8FF08F1FF33DBB24FFAD6
:10F8B00083F8002BEFD1FF2384F8443001F090FA55
:10F8C00000F0DAFC01F082FAA36B002B00F08A80D2
:10F8D00001F086FA01F07AFAA36B4FF00108002BD1
:10F8E0003FF40DAF2268013BA363002A00F09E8025
:10F8F0002369002B40F0898001F072FA012630461E
:10F9000005B0BDE8F08302A800F032FFFFE601F089
:10F9100067FA01F05BFA94F845304FFA83F8B8F1D2
:10F92000000F1ADD636AC3B104F1240907E008F18E
:10F93000FF33DBB24FFA83F87BB1636A6BB14846A1
:10F9400000F0C8FE0028F2D000F056FF08F1FF33A7
:10F95000DBB24FFA83F8002BEFD1FF2384F8453058
:10F9600001F03EFA01F032FA94F844304FFA83F88D
:10F97000B8F1000F1ADD2369C3B104F1100907E0E3
:10F9800008F1FF33DBB24FFA83F87BB123696BB127
:10F99000484600F09FFE0028F2D000F02DFF08F14D
:10F9A000FF33DBB24FFA83F8002BEFD1FF2384F84B
:10F9B000443001F015FA00F05FFC8BE700ED00E049
:10F9C000009301F00DFA009B1E46304605B0BDE8DD
:10F9D000F08301F0FBF9606800F03EFF064601F09D
:10F9E000FFF9BAE601F0FCF9002E88D001F0EEF93B
:10F9F000616A19B1236B1968C1F10501606800F0F3
:10FA000099FF002601F0ECF979E704F1100000F00D
:10FA100061FE00283FF470AF064B4FF080525A60F1
:10FA200040BFBFF34F8FBFF36F8F65E700F0B8FFA4
:10FA300060605DE700ED00E010B5044601F0C6F936
:10FA4000A46B01F0CDF9204610BD00BF104B5A68E1
:10FA5000904208D0DA68904208BF012204D090F8A2
:10FA6000463093B170470022002110B403EBC2046A
:10FA700043F8321090F84630616013B15DF8044BE2
:10FA800070475DF8044B02F0B7B902F0B5B900BF9A
:10FA9000409C0020074B1A681AB19A6802B170475F
:10FAA000012210B403EBC20443F8321060605DF829
:10FAB000044B7047409C002070B505460C46164626
:10FAC00001F084F995F84430FF2B04BF002385F83A
:10FAD000443095F84530FF2B04BF002385F84530AE
:10FAE00001F07EF9AB6B2BB93246214605F12400BB
:10FAF00000F0B0FD01F06AF995F8454064B2002CC1
:10FB000016DD6B6AA3B105F1240605E0013CE3B202
:10FB10005CB26BB16B6A5BB1304600F0DBFD002874
:10FB2000F4D0013C00F068FEE3B25CB2002BF1D1EE
:10FB3000FF2385F8453001F053F901F047F995F8B6
:10FB4000444064B2002C16DD2B69A3B105F1100608
:10FB500005E0013CE3B25CB26BB12B695BB13046AE
:10FB600000F0B8FD0028F4D0013C00F045FEE3B2FF
:10FB70005CB2002BF1D1FF2385F84430BDE8704022
:10FB800001F02EB92DE9F041044601F01FF9344A85
:10FB9000344D1368013313602B68002B2FD0324E85
:10FBA000E36A32682AB33148314907680A689F42DC
:10FBB00038BF03602F48013203EB83030A6000EB78
:10FBC0008300E263211D02F097F801F009F9336820
:10FBD0006BB12A68E36AD26A9A4208D2264B4FF088
:10FBE00080525A6040BFBFF34F8FBFF36F8FBDE8A5
:10FBF000F0812A68D26A9A4298BF2C60D3E72C60C1
:10FC00001368012B02D0E36A174ECCE71948DFF8DE
:10FC100094801A4F144E02F05FF8194802F05CF815
:10FC2000184802F059F8184802F056F8174802F040
:10FC300053F8404602F050F8384602F04DF81448A8
:10FC400002F04AF8134802F047F8134802F044F86B
:10FC5000124B134AC2F800801F60E36AA3E700BF9B
:10FC6000387C0020C87B0020987C00204C7C002041
:10FC7000487C0020D47B002000ED00E0647C002064
:10FC8000E87B0020FC7B0020107C0020247C0020EE
:10FC9000847C0020B07C00209C7C0020D07B002055
:10FCA000CC7B0020507C00202DE9F843DDE909647D
:10FCB000002C60D016B93046BDE8F8830D46970099
:10FCC000984602233A4684F85130814626633046EE
:10FCD000A5211CF020FB2A78236B84F83420043FF4
:10FCE0002A781F4427F0070702B36B7884F8353071
:10FCF0006B78DBB1AB7884F83630AB78B3B1EB78A6
:10FD000084F83730EB788BB12B7984F838302B7945
:10FD100063B16B7984F839306B793BB1AB7984F896
:10FD20003A30AB7913B1EB7984F83B30089D042D60
:10FD300028BF04250026E5626564201D84F83B6029
:10FD4000A66401F0D5FFC5F1050504F1180001F026
:10FD5000CFFFE66442464946A561246184F85060BD
:10FD60006462384600F0F6FF20602046FFF70AFF85
:10FD70002046BDE8F8832046BDE8F8832DE9F0472A
:10FD80009600804630460D469946099F02F022F8BB
:10FD9000002869D08246542002F01CF8044600284E
:10FDA0005BD00023C0F830A03246504684F8513072
:10FDB000A5211CF0B0FA2A78236B84F83420043E85
:10FDC0002A781E4426F0070A02B36B7884F835308F
:10FDD0006B78DBB1AB7884F83630AB78B3B1EB78C5
:10FDE00084F83730EB788BB12B7984F838302B7965
:10FDF00063B16B7984F839306B793BB1AB7984F8B6
:10FE00003A30AB7913B1EB7984F83B30089D042D7F
:10FE100028BF04250026E5626564201D84F83B6048
:10FE2000A66401F065FFC5F1050504F1180001F0B5
:10FE30005FFFE664A561246184F8506064624A460D
:10FE40004146504600F086FF206007B13C602046E6
:10FE5000FFF798FE0120BDE8F087504601F0CCFF87
:10FE60004FF0FF30BDE8F0874FF0FF30F3E700BF01
:10FE700070B504464C4E00F0A9FF002C39D0251D6A
:10FE8000284601F063FFA36A1BB104F1180001F0DA
:10FE90005DFF29464548464D01F02EFF94F850304D
:10FEA000012B04BF002384F8503000F099FF2B6829
:10FEB00093B93368A34200D070BD2B68DBB93B49CE
:10FEC0003C4A09681268914226D03B4B1B682BB311
:10FED0003A4B01221A6070BD00F078FF384B1A6867
:10FEE000126892B9374B4FF0FF321A6000F078FF7A
:10FEF000DFE73468C3E7344B4FF080525A6040BFAD
:10FF0000BFF34F8FBFF36F8F70BD1A682D4BD26850
:10FF1000D26852681A60E9E7336070BD274A1360FF
:10FF20003268336812681B6B9A4236D9274C2849CD
:10FF300022689300981880000858E0B9551EAB005D
:10FF400058198000085830BB951EAB005819800026
:10FF5000085800BBD51EAB00581980000858D0B90E
:10FF6000151FAB00581980000858A0B9053A930036
:10FF700098188000085813449B00CD18083368680F
:10FF8000406868600B44984204BF40686860C3687A
:10FF90003360226070BD2A46EDE730683168343145
:10FFA00001F05AFCC2E700BFC87B00209C7C002007
:10FFB000987C0020387C0020447C0020C87C0020F5
:10FFC000CC7B00207C7C002000ED00E04C7C0020FD
:10FFD000D47B002080B170B51B4D2B6883420AD0C2
:10FFE000044600F0F3FE194B62699A4205D0BDE861
:10FFF000704000F0F5BE70BD7047A36A144A93428A
:020000023000CC
:10000000F5D0002BF3D1261D304601F09FFE114A9A
:10001000E36A116810488B4288BF136003EB8303C7
:1000200000EB8300314601F067FE2B68E26ADB6A71
:100030009A42DCD3094B4FF080525A6040BFBFF365
:100040004F8FBFF36F8FD2E7C87B00209C7C0020CE
:10005000847C00204C7C0020D47B002000ED00E05C
:1000600070B584B0002503AA02A901A8CDE9015505
:1000700001F0F6FB019C002C46D00298002843D0EA
:10008000039E20630223B600A521324684F8513036
:100090001CF041F9236B1F4A6263201D84F838501D
:1000A000043E84F83B50E562C4E911551E4401F05A
:1000B0001FFE04F1180001F01BFE26F007060523C1
:1000C000A3612A461449E56430462461646284F8D9
:1000D000505000F03FFE20602046FFF753FD0F4BCD
:1000E0001C6000F0DBFD012811D1402383F311884F
:1000F0000B490C4A0C4B4FF0FF340C6010601D6034
:1001000000F03EFE04B070BD044B00221A6004B043
:1001100070BD00BF49444C4509040300787C0020B1
:100120007C7C0020987C0020C47C0020024A13685C
:1001300001331360704700BF447C0020014B1868F6
:10014000704700BFC47C0020024A13681844106046
:10015000704700BFC47C00202DE9F04F3B4B1B686B
:1001600083B0002B42D13A4B1F6801371F60002F2C
:100170004AD0384B01931B68BB423BD8364EDFF860
:10018000EC80DFF8ECA0DFF8EC90002525E0336888
:10019000DB68DC68636804F1040B9F42584651D366
:1001A00001F0D4FDA36A04F118000BB101F0CEFDFB
:1001B000E36AD8F8002003EB8300934259460AEB28
:1001C000800088BFC8F8003001F096FDD9F80030F3
:1001D000E26ADB6A9A4228BF012533681B68002B5C
:1001E000D5D1019A4FF0FF33136004E01B4A136826
:1001F0000133136000251A4B1B68002B0CBF2846E7
:10020000012003B0BDE8F08F134E164B3168164A3B
:1002100018683060196013680133136033681B6815
:100220003BB90C4B01931A464FF0FF331360134652
:10023000A1E73368074ADB680192DB685B681360FB
:10024000134698E7019A1360D5E700BF447C00206D
:10025000C47C00207C7C0020CC7B0020407C0020E3
:10026000C87C0020D07B0020807C00204C7C0020BB
:10027000D47B0020C87B00202DE9F04700F0A6FDCC
:10028000354B1A68013A1A601C68002C57D1334B61
:100290001B68002B53D0DFF8E0A0314E314FDFF860
:1002A000DC90DFF8DC80336813B3F368DC68251D6D
:1002B00004F1180001F04AFD284601F047FDE36A09
:1002C0003A6803EB83009342294609EB800088BF1C
:1002D0003B6001F011FDD8F80030E26ADB6A9A4217
:1002E0004FF00103DFD3CAF800303368002BDCD1B4
:1002F0003CB11D4B1A6812683ABB1C4B4FF0FF32E1
:100300001A601B4D2C6844B10126FFF725FF08B188
:10031000CAF80060013CF8D12C60DAF8003073B103
:10032000144B4FF080525A6040BFBFF34F8FBFF362
:100330006F8F012400F054FD2046BDE8F0870024B3
:1003400000F04EFD2046BDE8F0871A68074BD268E2
:10035000D26852681A60D4E7447C0020387C0020C0
:10036000847C00204C7C0020CC7B00207C7C002006
:10037000407C002000ED00E0C87C0020D47B002001
:10038000C87B002070B548B9184B4FF080525A60B6
:1003900040BFBFF34F8FBFF36F8F70BD144A154935
:1003A0001368154E013313600D680446306804303D
:1003B00001F0CCFC336864195C600FD20F4B1868F5
:1003C0003168043101F0A8FC0D4B1A68944238BF23
:1003D0001C60FFF751FF0028D6D070BD094B18688C
:1003E0003168043101F098FCF3E700BF00ED00E054
:1003F000447C0020C47C0020C87B0020CC7B0020F3
:100400007C7C0020D07B00202DE9F84F3C4E3D4DF8
:100410003D4CDFF80891DFF80881DFF808B14FF0B4
:10042000805A2368D3B100F0D1FCF368DF68381D2F
:1004300001F08CFC2B68013B2B602368013B23609F
:1004400000F0CEFC97F85130002B37D0012BE8D1CB
:10045000384601F0D1FC2368002BE4D12B4B1B68FC
:10046000012B06D9CBF804A040BFBFF34F8FBFF3D9
:100470006F8F00F041FED9F8003033BBD8F8003060
:10048000DB6A002BCDD1214B1B68012BC9D8204B37
:10049000204A1B6812689B1A012BC2D91E4A136896
:1004A00001331360D9F80030BBB1D8F80030DB6AF3
:1004B0000BB9164B1B68FFF7DFFEB2E7386B01F094
:1004C0009BFC384601F098FCABE7D8F80030DB6ABB
:1004D000002BA6D10D4B1B68A3E7D8F80030DB6AD0
:1004E000002BE8D1094B1B68012BE4D8084B186896
:1004F000084B1B68C01A0128DDD900F0DDFCDAE7E3
:10050000B07C0020387C00203C7C0020D47B002084
:100510007C7C0020C47C0020447C00204C7C00209B
:10052000C87B002000ED00E0274B1B68002B40D16A
:10053000264A70B5264C13602268236812681B6B2C
:100540009A423AD9234D24492A689300981880008A
:100550000858E0B9561EB30098198000085830BBFF
:10056000961EB30098198000085800BBD61EB30031
:10057000981980000858D0B9161FB3009819800048
:100580000858A0B9053A93009818800008581344F9
:100590009B00CE1808337068406870600B44984226
:1005A00004BF40687060C36823602A6070BD324633
:1005B000EDE7064B01221A6070472068216834314C
:1005C00001F04AF9BEE700BF447C0020C87C00204F
:1005D000C87B00204C7C0020D47B002070B5174DD8
:1005E0002B680C4603F1180101F096FB144B1E68B2
:1005F0002868043001F0AAFB631C17D02B68A419EB
:100600005C600BD20F4B18682968043101F084FB41
:100610000D4B1A68944238BF1C6070BD0B4B1868B4
:100620002968BDE87040043101F076BB29680848AC
:100630000431BDE8704001F05FBB00BFC87B002003
:10064000C47C0020CC7B00207C7C0020D07B002060
:100650009C7C002070B5194D2B680C46164603F1A2
:10066000180101F049FB164B5EB11B682868043085
:1006700001F06CFB296813480431BDE8704001F0BB
:100680003BBB1E682868043001F060FB2B68A4198E
:100690005C600BD20C4B18682968043101F03CFBFC
:1006A0000A4B1A68944238BF1C6070BD084B18682A
:1006B0002968BDE87040043101F02EBBC87B0020E2
:1006C000C47C00209C7C0020CC7B00207C7C002013
:1006D000D07B002038B5C368DC6804F118052846D3
:1006E00001F034FB1A4B1B682BBB251D284601F07B
:1006F0002DFB184AE36A116817488B4288BF1360C4
:1007000003EB8303294600EB830001F0F5FA134B5A
:10071000E26A1B68DB6A9A4282BF114B01201860B3
:10072000104B1A68126898BF00204AB90E4B4FF060
:10073000FF321A6038BD29460C4801F0DDFAE6E7C1
:100740001A68094BD268D26852681A6038BD00BF77
:10075000447C00204C7C0020D47B0020C87B0020FF
:10076000C87C0020CC7B00207C7C0020847C002086
:10077000034A044B12681B68C0E90023704700BF9E
:10078000807C0020C47C0020F8B50D46044600F0B3
:100790001DFB2B681649581C0A6813D0DFF854C09B
:1007A000D4E90060DCF80070BE4201D090421AD952
:1007B000121A93420BD800232B60012500F010FB86
:1007C0002846F8BD002500F00BFB2846F8BDDCF8F4
:1007D00000009B1A0A682B60C4E90002002500F0A3
:1007E000FFFA2846F8BD012500F0FAFA2846F8BDC0
:1007F000C47C0020807C0020014B01221A607047DD
:10080000C87C0020084B186860B9084B1B6853B9B6
:10081000074A084B10681B68013B984214BF01202F
:100820000220704700207047847C0020C87C002094
:100830009C7C0020387C0020054B1B6833B1054BA5
:100840001B68002B0CBF022000207047012070475E
:10085000987C0020447C002018B3F8B51C4CC36A77
:100860002268D26A934214D28269002A04DB226889
:10087000D26AC2F105028261164D426903EB83031D
:1008800005EB83039A420DD02368DB6AC362012023
:10089000F8BD2368406CDB6A98422CBF0020012021
:1008A000F8BD7047061D0746304601F04FFA226832
:1008B000094BD06A1A68F862904200D9186000EBC0
:1008C000800005EB8000314601F016FA0120F8BDEA
:1008D000C87B0020D47B00204C7C002050B138B570
:1008E000C16A836C426C013B9142836400D01BB1AE
:1008F000002038BD00207047051D0446284601F041
:1009000025FA0A4A636C1168E362C3F105008B4261
:10091000A061074888BF136003EB830300EB8300EB
:10092000294601F0E9F9012038BD00BF4C7C0020C8
:10093000D47B002048B1426CC36A914238BF114653
:100940008B4202D0826C012A00D07047826970B558
:10095000114DC162002A03EB83034269A8BFC1F1B4
:10096000050105EB8303A8BF81619A4200D070BDE9
:10097000061D0446304601F0E9F9084BE06A1A68A2
:10098000904288BF186000EB800005EB8000314684
:10099000BDE8704001F0B0B9D47B00204C7C002051
:1009A000044B1A681AB119688A6C01328A64186893
:1009B000704700BFC87B00202DE9F04FAD4EDFF837
:1009C000C482AD4D89B033681C68002C00F08E8065
:1009D000DB681C68FFF7AAFBFFF7B0FBD8F8003014
:1009E000984207465DD38442C8F8000040F20B816C
:1009F0000022E11B2868FFF75FF8FFF73DFC88B98C
:100A00009E4A4FF08053536040BFBFF34F8FBFF3F8
:100A10006F8F07E0019B039920469847009B002BAE
:100A200080F23881286800226946FEF7C7FC00285A
:100A3000C9D0009B029C002BECDB636913B1201D25
:100A400001F084F9FFF77AFBD8F80030984281462C
:100A500043D3009BC8F80090092BE3D8012202FA87
:100A600003F313F4047F69D113F0C70F40F0A180A2
:100A70009B06D7D594F82C30002BD3D1204601F01B
:100A8000BBF9CFE7DB68DC68D3F800A004F1040908
:100A9000484601F05BF9636A20469847E369012BF9
:100AA00036D033681A68002AECD17549C8F800704E
:100AB0000A6832600B60FFF7DFFBB3E7DB68DF68D3
:100AC000D3F800B007F1040A504601F03FF97B6A01
:100AD00038469847FB69012B25D033681A68002AED
:100AE000ECD167490A6832600B60B2E7FFF71EFB82
:100AF000FFF724FBD8F8003083420746D1D8604B7B
:100B0000C8F800701B681A68B2FA82F2520970E7DE
:100B1000A36953449A45494622D2636024613068F0
:100B200001F0FAF8BDE7BB695B449B45514627D20B
:100B30007B603F61306801F0EFF8CEE7019B2461F4
:100B400003EB09024A45A36162602CD8002B3FF4F5
:100B500069AF4B4B211D186801F0DEF8286862E789
:100B60002B68002B9DD00023CDE9043A0694FFF7B3
:100B700063FE00231A4604A92868FEF769F990E786
:100B80002B68002BA9D00023CDE9043B0697FFF783
:100B900053FE00231A4604A92868FEF759F99CE77A
:100BA0004B4500D998B13068211D01F0B5F828688F
:100BB00039E7019BA269246199182CBF012000200C
:100BC00049456160ECD8A9EB03039A42C1D8636A36
:100BD00020469847E369012B7FF424AF019BA2696B
:100BE0002868134400283FF41EAF0022CDE90423F7
:100BF0000694FFF721FE00231A4604A92868FEF791
:100C000027F928680FE7FFF737FB3368DB68D3F86D
:100C10000C9009F1040A504601F098F8D9F81C30FC
:100C2000012B04D0D9F8243048469847FAE6D9F881
:100C30001830C9F81090E218BA42C9F8042004D953
:100C40005146306801F068F8ECE73F1BBB421BD807
:100C50002B68002BE6D00023CDE90434CDF81890A2
:100C6000FFF7EAFD00231A4604A92868FEF7F0F80A
:100C7000D8E700BFCC7C0020507F002000ED00E0D2
:100C8000D07C0020FC7E0020034B5146186801F008
:100C900043F8C7E7029CD0E6D07C0020F0B5204C9A
:100CA00089B000F093F82568FDB100F099F820684C
:100CB000C8B1002407AA06A905A8CDE9054400F09B
:100CC000DDFDDDE905300221CDE90010079A029330
:100CD000144915482346FEF7E7FF144A0346001B54
:100CE00018BF0120136009B0F0BD114F114E3846F6
:100CF00000F0F2FF304600F0EFFF0F4A0F49009579
:100D00000F4B17600E600F4A10212020FEF72EF8BF
:100D100020600028C9D00C49FEF7BCFEC5E700BF23
:100D2000507F0020B0460500B9090300547F002021
:100D3000D47E0020E87E0020CC7C0020D07C0020E7
:100D4000007F0020D47C0020A8460500402383F3C8
:100D50001188FEE730B46FF002034FF08075074C46
:100D600040F8045C40F80C4C40F8081C40F8202C7B
:100D700040F8243C30BC4438704700BF4D0D0300A0
:100D80000F4C08B5E02384F8223000F077F80D4BC3
:100D90000D4A00211960D4F8883043F47003C4F878
:100DA0008830536843F040435360236943F0100395
:100DB000236100F04FF9402383F31188FEE700BF61
:100DC00000ED00E0587F002030EF00E0402383F387
:100DD0001188024A1368013313607047587F00205E
:100DE000034A1368013B13600BB983F31188704702
:100DF000587F002041DF704712DF704770B51B4BF2
:100E000000251D6082B01B680193019BEFF31186E2
:100E1000402383F31188164A164BD2F804451D600F
:100E20001B680093009BFFF789F9241A24F07F4484
:100E3000012C0DD844B1FFF78FF9054625B10E4BB3
:100E40004FF080525A6040BF86F3118802B070BDE7
:100E5000FFF7F2FC0228EED1013CFFF77DF9013CDF
:100E6000631C45EA0005F8D1E8E700BF40110140E6
:100E7000001001400011014000ED00E00B4B0C4957
:100E800030B41F200B4DC3F8080501220224E020D6
:100E9000C3F804232A601A60C3F8444381F811039D
:100EA0004FF400330B6030BC704700BF00100140AE
:100EB00000E100E0081001402DE9F041804684B0D7
:100EC000EFF3108272B6584CA36883B9574B584859
:100ED0000121A160D3F8801001402160C3F8800097
:100EE000D3F8841061604FF0FF31C3F8841002B969
:100EF00062B6504ED6F80475FFF784FC00283DD04A
:100F00004D4A4E49424528BF4246BB1823F07F4315
:100F100001200025C6F80803C6F840350D600B68AF
:100F200001934FF480330199C6F80433BFF34F8F18
:100F3000B8F1000F54D13F4B404D41494FF4803040
:100F4000C3F80803002028602D680395039D0860FE
:100F50000968029101210298C3F80413D3F80435FB
:100F60003249DB1B23F07F45954228BF15464FF4DD
:100F70000033012DC1F8803111D827D0A3685BB1AF
:100F8000EFF3108372B6294A2168116061685160DD
:100F90000022A26003B962B604B0BDE8F081681E09
:100FA000FFF7D2F8274BDB68DA010FD5264A136822
:100FB000DB070BD5254B516803FB05F5A5F574251B
:100FC000A5F51075AD0A01EB85155560FFF7C4F85E
:100FD0000028D3D01E4B4FF080525A6040BFCDE75F
:100FE000F1EE103A23F09F03E1EE103AF1EE103AE1
:100FF0000E4B04A84FF480614026C3F88461C3F807
:10100000841100F8045DFFF7F7FE9DF80C1039B964
:1010100020BFD3F80001D3F804110143F8D08AE7C8
:10102000FFF7E8FE87E700BF549C002000E100E0E6
:10103000FC06FFBD00100140FDFFFF004011014014
:1010400000110140F0ED00E0001000E040420F0010
:1010500000ED00E00748006880F3088862B661B6DA
:10106000BFF34F8FBFF36F8F4FF0E00080F3118815
:1010700000DF00BF00600200064B19680868B0E896
:10108000F04F80F30988BFF36F8F4FF0000080F3BB
:1010900011887047C87B0020EFF30980BFF36F8F82
:1010A000144B1A681EF0100F08BF20ED108A20E9BB
:1010B000F04F10604DF8043D4FF0400080F3118870
:1010C000BFF34F8FBFF36F8FFFF72EFA4FF0000083
:1010D00080F3118808BC19680868B0E8F04F1EF06A
:1010E000100F08BFB0EC108A80F30988BFF36F8F30
:1010F000704700BFC87B0020704700BF0A490B4AF9
:101100000B4B9B1A03DD043BC858D050FBDC09484D
:1011100009494FF0AD32026004300439FBD100F0D0
:10112000ADFAF5F795F80000C882050000600020D0
:101130002064002000F8032000080000FEE7FEE71E
:10114000FEE7FEE7FEE7FEE7FEE7FEE7FEE7FEE777
:1011500008B50020F5F7B6F8FBF768FE0E4B43B173
:101160000E4B7BB1FBF7BAFE00F066FBFDF776FD98
:10117000F8E7FBF7B3FE00F05FFBFBF7AFFE00F014
:101180005BFBF6E7FBF7AAFE00F056FBFBF7A6FEBB
:1011900000F052FBF6E700BF000000005DEC02002B
:1011A00000B583B000F0B4FCFDF770F90E4B01936D
:1011B00001234FF480620D4900930D480023FEF790
:1011C000DDFD4FF4407000F057FCFEF749FFBFF320
:1011D0004F8F0849084BCA6802F4E0621343CB60A2
:1011E000BFF34F8F00BFFDE75C7F0020B8460500CE
:1011F0005111030000ED00E00400FA0538B507487E
:101200000C461546F5F7E8F900B938BD2A462146DF
:101210000248BDE83840F5F7B7B800BF3C6400208D
:1012200000F0A8BD00F0A6BD00F0BEBD00F0BCBD42
:1012300000F0BABD084A094908B513681844884245
:1012400002D81060184608BD1AF0A2FA0C230360F9
:101250004FF0FF33184608BD1C61002000F8032042
:10126000114B1A78EAB90178104810B40A464FF0C9
:10127000804402F00102C1F34001C4F88015C4F8B3
:1012800078250268D20706D4E021012280F80013F5
:10129000C0F880210260012205481A705DF8044BF5
:1012A00070470448704700BF509C002000E100E0F8
:1012B0000000AD0B0C00AD0B0268074B4FF08040F7
:1012C00010B400214FF46074C0F80843196002B1F3
:1012D0001A605DF8044B7047687F00204FF0804330
:1012E0004FF46072C3F80423704700BF10B54FF08D
:1012F000804386B0D3F80443620705D5D3F80821AC
:1013000003F58473002A4ED1A30603D52A4B1A682D
:10131000002A3FD1600603D5284B1A68002A2FD136
:10132000210602D5264B1A680ABBE20502D5254BD9
:101330001A6892B9A3050ED5234B1A685AB1002238
:101340001A601A68214B0592059A1B68022006B0A4
:10135000BDE81040184706B010BD00221A601B4AB5
:101360001B68049301201368049A9847E2E7002061
:101370001860164A1B6803931368039A9847D4E7CA
:1013800000221A60124A1B68029301201368029A15
:101390009847C5E7002018600D4A1B680193136841
:1013A000019A9847B6E700221A600A4A1B68009320
:1013B0001368009A9847A7E71401004018010040FD
:1013C0001C0100402001004024010040687F0020F3
:1013D000647F0020607F00202DE9F04F0479644F86
:1013E0004FEAC40C0CEB04039B008646F8180E462B
:1013F000417F83B0002940F0918057F803909046D8
:10140000B9F1000F04D012F0140F04BF0123437789
:101410000CEB040507EB850596E80F0095F81FA077
:1014200005F10C0BBAF1FF0F8BE80F0010D0AA7F6B
:101430005346002A76D0BAF11F0F86BF0AF01F0369
:101440004C494FF0A041012202FA03F3C1F80835DC
:1014500032686AB102F06043B3F1005F08D06444BF
:1014600007EB8407002344487B7703B0BDE8F08F87
:10147000B16821B101F06043B3F1005FEFD1DEF854
:1014800000307568F068C3F844250022C3F8485559
:10149000C3F83415C3F83805C3F81821D3F8182158
:1014A0000192019A18F0010218BF0122C3F85025D9
:1014B00018F0020218BF012218F0080FC3F84025E7
:1014C00004BF01221A61B9F1000F0BD02B48402252
:1014D00018F0040F14BFC3F80823C3F8042303B0A3
:1014E000BDE8F08FD3F81821002AFBD0BAF1FF0F26
:1014F0002CD0644407EB8407BB7F4BB3BAF11F0FBA
:1015000084BF0AF01F0A1B4A1C4898BF4FF0A04234
:10151000012303FA0AF3C2F80C35A6E7184803B012
:10152000BDE8F08FBAF11F0F4FF0010288BF0AF03B
:101530001F0302FA03F388BF0E49326898BF4FF0C9
:10154000A041C1F80C35002A84D191E70B488CE703
:10155000BAF11F0F84BF0AF01F0A064A074898BF56
:101560004FF0A042012303FA0AF3C2F808357CE7E2
:101570006C7F0020000300500A00AD0B0000AD0B93
:101580000B00AD0B194BD3F8182102B9704700219D
:10159000174AC3F81811D3F81811D37F82B0FF2B64
:1015A000019101990DD0917F99B11F2B86BF03F056
:1015B0001F0310484FF0A040012101FA03F3C0F8C7
:1015C0000C35002353771372D2E900310A4802B078
:1015D00018471F2B86BF03F01F0306484FF0A0409B
:1015E000012101FA03F3C0F80835EAE700300240B0
:1015F0006C7F002000030050747F00201B4BD3F849
:10160000182102B970470021194AC3F81811D3F8FC
:10161000181192F8433082B0FF2B019101990ED03E
:1016200092F84210A9B11F2B86BF03F01F03114887
:101630004FF0A040012101FA03F3C0F80C3500235C
:1016400082F8413082F82C30D2E909310A4802B0E0
:1016500018471F2B86BF03F01F0306484FF0A0401A
:10166000012101FA03F3C0F80835E8E700F0024071
:101670006C7F002000030050987F0020604B1B68A7
:1016800030B45C1C37D05F4A082B126800F08F80A2
:101690005B4B5C4A1B681268082B15D0591C23D081
:1016A000584A1268082B12D0574AD2F8883043F4AF
:1016B0007003C2F88830BFF34F8FBFF36F8F534B67
:1016C000534A1A6030BC7047002A00F08280032A17
:1016D000EAD84FF08043D3F80024D20744BF6FF01C
:1016E0000102C3F80024DFE74A4A4B4B12681B781B
:1016F000C2F30312D6E7484A464B12781B68082A01
:10170000C3F3031301D1032B53D9424A424B12684E
:101710001B78C2F30312082BBAD1032AB8D84FF0B2
:1017200080523E4BD2F80414C3F82015D2F80814A6
:10173000C3F82415D2F80C14C3F82815D2F81014E5
:10174000C3F82C15D2F81414C3F83015D2F81814B5
:10175000C3F83415D2F81C14C3F84015D2F820147D
:10176000C3F84415D2F82414C3F84815D2F8281445
:10177000C3F84C15D2F82C14C3F85015D2F8301415
:10178000C3F85415D2F83414C3F86015D2F83814DD
:10179000C3F86415D2F83C14C3F86815D2F84014A5
:1017A000C3F86C15D2F84424C3F8702570E7032AF7
:1017B0000CD8134B1B684FF080420021581CC2F814
:1017C0000C11C2F81011C2F838159ED00D4A1268DB
:1017D000A1E7134C1349144D25601448144AFB2407
:1017E000C1F8184501681268124C21F00F0102F08F
:1017F0000F020A434FF400710260216050E700BFFE
:10180000300100103401001000ED00E020610020E4
:101810000090D003E80F00F0E00F00F000C000409F
:101820008C56004000F0004048810300E40E004068
:10183000580200104096024008B5F4F749FD054BE8
:101840004FF080525A6040BFBFF34F8FBFF36F8F8E
:1018500008BD00BF00ED00E0704700BF704700BF4B
:10186000044B036010B46423034C0C6013605DF8F8
:10187000044B7047B47F002008800020054B0360B4
:1018800010B44FF48073044C0C6013605DF8044B8B
:10189000704700BF98810020EC81002070B51F4C7C
:1018A00084B04FF0FF3203A92068FDF787FD0028C0
:1018B000F7D00398037A4568052B0DD8DFE803F0CD
:1018C000272A221C1503D0E90361D0E90523C0694A
:1018D00000903046A847039803681BB1184600F0F3
:1018E00063FA039800F060FADBE7D0E90523D0E95A
:1018F0000301A8470398EFE7D0E90412C068A8479E
:101900000398E9E7D0E90301A8470398E4E7A8476B
:101910000398E1E7C068A8470398DDE7F085002059
:101920002DE9F0432D4B2E4C5B6885B0C3F30803C3
:10193000019001AF2068002B44D0002339461A469D
:10194000FDF796FC01283AD0DFF89880D8F800001F
:10195000002240000421FDF739FA064678B3DFF88B
:101960008890D9F80000FEF783FAFFF72FFA02E01B
:101970003046FDF76DFA002203A92068FDF71EFD31
:1019800000230546642203A90028F1D12068FEF750
:101990005DF82660FFF724FAD9F80000FEF71AFB7D
:1019A000D8F800300D4A20685B00C8F80030536852
:1019B000C3F30803394653B96422FDF749FA05B069
:1019C000BDE8F08339466422FDF742FABAE72B46B8
:1019D0002A46FDF74DFC05B0BDE8F08300ED00E0C0
:1019E000F0850020EC850020F48500202DE9F843E7
:1019F0009DF8205006460F4691469846CDB1A80066
:101A00000C3000F0B7F9044688B10023C0F8049008
:101A10000572036006B177B92DB1AA00414604F101
:101A20000C001AF054FC2046FFF77AFF0120BDE8B5
:101A3000F8831020E5E7384600F09CF981462060E5
:101A4000A0B13A4631461AF042FC002DEBD0691E97
:101A5000C9B208EB8101A8F1040353F8042FB24284
:101A600008BFC3F800909942F7D1D6E7204600F0AE
:101A70009BF94846DBE700BF30B540230B4D83B0F0
:101A800004460022184604212B60FDF79FF9084BFD
:101A9000084918600223CDE90031A2B200230649AB
:101AA0000648FEF76BF903B030BD00BFEC8500209F
:101AB000F0850020F4850020C04605009D18030035
:101AC00011DF704708B50446FFF7FAFF0D4B4FF0E2
:101AD00080414FF0FF32C3F88020C3F88021C3F863
:101AE0008420C3F88421C1F81C45BFF34F8F0649F9
:101AF000064BCA6802F4E0621343CB60BFF34F8F1A
:101B000000BFFDE700E100E000ED00E00400FA05A1
:101B10004FF08043194AD3F80014194830B41160CB
:101B2000D3F80054D3F80024164C17492A43C3F8BD
:101B30000024D4F84025026001224FF40030C3F89D
:101B400018259A60C1F88000BFF34F8FBFF36F8FE5
:101B50000E4C03F588334FF0A0454FF480304FF022
:101B6000FF31C3F84803C3F808035A609A60C5F808
:101B70000815C4F8081530BC704700BFF885002070
:101B8000FC85002000A0004000E100E000030050C0
:101B900008B54E20FFF796FF2F281BD83C4B53F873
:101BA00020301F2B86BF03F01F033A4A4FF0A0429C
:101BB0000E290FD8DFE801F0655F59534D474039D2
:101BC000322B241D160F080003F5E07340F2037159
:101BD00042F82310704703F5E07340F2036142F8C6
:101BE0002310704703F5E07340F2035142F82310CD
:101BF000704703F5E07340F2034142F82310704749
:101C000003F5E07340F2033142F82310704703F507
:101C1000E07340F2032142F82310704703F5E073AC
:101C200040F2031142F82310704703F5E0734FF4BC
:101C3000403142F82310704703F5E0734FF4003150
:101C400042F82310704703F5E073134942F823105C
:101C5000704703F5E073114942F82310704703F50C
:101C6000E073042142F82310704703F5E0730C2160
:101C700042F82310704703F5E073032142F8231064
:101C8000704703F5E073002142F82310704700BF4E
:101C9000B045050000030050040002000C000300E2
:101CA0002F2811D80A4B53F820301F2B88BF03F080
:101CB0001F034FF001028CBF06484FF0A04002FA0C
:101CC00003F311B1C0F808357047C0F80C35704700
:101CD000B04505000003005000F108034FF0FF314C
:101CE0000022816002604360C0E90333704700BF97
:101CF00000230361704700BF4368026810B49C680A
:101D00008C609C684B600132616099605DF8044BA7
:101D100008610260704700BF30B40D686B1C11D0C1
:101D200000F1080200E01A4653681C68AC42FAD978
:101D300004684B60013499608A60516008610460F6
:101D400030BC704702695368F2E700BF426881689F
:101D5000036910B4916081685C684A601A688442C3
:101D600008BF5960013A002101611A6018685DF8E6
:101D7000044B704710B50446FEF75EFD022804D000
:101D80002046BDE810401AF0E9B9FEF7CFF9204629
:101D90001AF0E4F90446FEF76FFA0CB1204610BDC4
:101DA000FFF75CFDFAE700BF10B50446FEF744FDFF
:101DB00002280AD144B1FEF7B9F920461AF0D6F943
:101DC000BDE81040FEF758BA10BD2046BDE81040EF
:101DD0001AF0CCB910B50446FEF7A8F920461AF05F
:101DE000BDF90446FEF748FA0CB1204610BDFFF7D6
:101DF00035FD204610BD00BF50B110B50446FEF7BA
:101E000095F920461AF0B2F9BDE81040FEF734BA51
:101E1000704700BF0B460146184619F0ABBC0000E6
:101E200010B5074C2378BFF35B8FDB0706D4204641
:101E300017F030FC10B1204617F038FC014810BDF7
:101E400000860020649400202DE9F04F2E2383604B
:101E5000C84A0160002389B00746194642F823109A
:101E600001332E2BFAD17A600023C34A1C4642F874
:101E7000234001332E2BFAD1C04BC14DFA60C3E988
:101E80000144C3E903445C611D603B6101F00AF851
:101E9000002203882B8011460123BA48DFF8DCB307
:101EA000B94EDFF8DCA3DFF8DC93B84D02F038FA66
:101EB000B44AB749384601F061F80121B54801F04C
:101EC000C5FA3846B34AB44901F058F8B34AB44B9E
:101ED00013604FF00108C2F80480C2E90244147490
:101EE000C2E90544C2E90744948482F86440AB49DE
:101EF000AC4842460AF04CFC3846AA4AAA4901F0CE
:101F00003DF8AA4AAA4BC2F8048013603846A94992
:101F100001F034F8A84AA94B1360C2F8048038468F
:101F2000A74901F02BF84146A6480AF00DFD3846B6
:101F3000A44AA54901F022F8A44BA54AC3F804809D
:101F40001A60C3E902441C745C749C74C3E90544C0
:101F5000C3E90744C3E90944C3E90B445C6383F85C
:101F60004340194642469B4801930AF021FB3846FC
:101F7000984A994901F002F8984ACBF8002059464E
:101F8000424697488BF81040CBE902448BF8114049
:101F90008BF81240CBE90544CBE90744CBE909446F
:101FA000CBE90B44CBF834408BF84340CBF80480AA
:101FB0000AF040FB38468A4A8A4900F0DFFF8A4A25
:101FC0008A49C2F8048011603846894900F0D6FF7A
:101FD000884A8949C2F8048011603846874900F070
:101FE000CDFF874A3260314642468648C6F80480B3
:101FF000C6E90244C6E90444C6E90644C6E9084401
:10200000C6E90A44C6E90C44C6E90E44C6E91044D0
:10201000C6E91244C6E91444C6E91644C6E91844A0
:10202000C6E91A44C6E91C44C6E91E44C6E9204470
:10203000C6E92244C6E92444C6E92644C6E9284440
:10204000C6E92A44C6E92C44C6E92E44C6F8C04075
:1020500086F8C44012F01EFB38466A4A6A4900F00E
:102060008DFF6A4A6A49C2F804801160384669499E
:1020700000F084FF684A6949C2F80480116038465C
:10208000674900F07BFF414666480AF03BFC654A21
:102090006549384600F072FF414664480FF0ECFA9B
:1020A000624A6349384600F069FF4146614801F0E1
:1020B000DDF938465F4A604900F060FF5F4B604AD7
:1020C000C3F804801A60C3E902441C74C3E90544E0
:1020D000C3E90744C3E9094483F824411946424649
:1020E00058480CF05FFE3846564A574900F046FF04
:1020F000564A5749C2F8048011603846554900F0E5
:102100003DFF554A5549C2F804801160384654498C
:1021100000F034FF414653480CF020FF3846514A46
:10212000514900F02BFF514ACAF80020514642465F
:102130004F488AF81040CAE90244CAE90544CAE98E
:102140000744CAE90944CAE90B44CAE90D44CAF87C
:102150003C408AF86C40CAF804800CF035FD3846E3
:10216000434A444900F00AFF434AC9F8002049465F
:10217000424689E08C930020A49200208C9200209B
:10218000808B00208C8B00208888002050890020C4
:10219000349600205C9300207C940020F886002078
:1021A0009C47050024860020D09500204494002000
:1021B000486F05009096002054940020846F05001D
:1021C0008C96002074930020C4950020188A00206B
:1021D0006C470500C8860020E09500205C4705009C
:1021E000D4860020DC9500206C860020585E050017
:1021F000D89500207C860020705E0500D4950020D4
:10220000B46F05008C860020889600203C86002054
:10221000885E0500CC9500204C860020B470050037
:102220008496002004860020C8950020AC8D0020F4
:10223000389600206893002080940020608700205A
:10224000AC47050030860020109600204C940020FA
:10225000C04D05007C9500205C940020FC4D0500DD
:102260007895002080930020049600208C4705007C
:10227000E0860020209600207C4705005C8A002034
:10228000A08A0020108B00206F4889F81040C9E90F
:102290000244C9E90544C9E90744C9E90944C9E94F
:1022A0000B44C9E90D44C9F83C4089F86C40C9F8B1
:1022B00004800CF0CBFC3846634A644900F05EFEB3
:1022C000634A6449C2F8048011603846624900F0EC
:1022D00055FE624A6249C2F804801160384661497D
:1022E00000F04CFE604A2A60C5E90244C5E9044496
:1022F000C5E90644C5E90844C5E90A44C5E90C44F2
:10230000C5E90E44C5E91044C5E91244C5E91444C1
:10231000C5E91644C5E91844C5E91A44C5E91C4491
:10232000C5E91E4442462946C5F804804F48C5E920
:102330002044C5E92244C5E92444C5E92644C5E949
:102340002844C5E92A44C5E92C44C5E92E44C5F80A
:10235000C04085F8C44002F05DFC3846434A444919
:1023600000F00CFE434A4449C2F80480116038462C
:10237000424900F003FE424A4249C2F8048011601B
:102380003846414900F0FAFD414640480CF0C4FD92
:1023900038463E4A3E4900F0F1FD3E4A3E49C2F809
:1023A0000480116038463D4900F0E8FD3C4A3D4953
:1023B000C2F80480116038463B4900F0DFFD019B04
:1023C0003A4A0292CDE9033B394BCDF81C9002A961
:1023D0003846CDE9053A01F031FE3648FC6800F098
:1023E000C1FD324A44F820203348FC6800F0BAFDB1
:1023F000019B44F820303148FC6800F0B3FD44F8FC
:1024000020B02F48FC6800F0ADFD44F820602D4856
:10241000FC6800F0A7FD264B44F820302A48FC68F1
:1024200000F0A0FD44F820A00848FC6800F09AFDE8
:1024300044F820900E48FC6800F094FD44F82050C9
:10244000384609B0BDE8F08FEC8600201C960020CD
:102450007486002084610500189600208486002080
:102460009C610500149600202C4E0500A0860020DB
:102470007495002044860020B46105000C9600206D
:10248000548600202C4F05007095002014860020F3
:10249000089600205C860020B86E0500409600205B
:1024A000648600208C6E05003C960020F886002093
:1024B00060870020D0950020E0950020DC9500206A
:1024C00088960020109600202096002010B5054C1C
:1024D00002212046FFF7B8FC034B1C60034B1C6035
:1024E00010BD00BFB48600206C94002078940020BA
:1024F000024B1B680BB9FFF7E9BF70476C940020D3
:1025000038B500230B4D03600446FFF7F1FF2B683D
:10251000094A23601268934204D11A6801321A6092
:10252000204638BDFFF77CFC2B681A6801321A6020
:102530002360F5E7789400206C94002010B50D4BD3
:10254000036090F8433004467BB1806808B1FEF721
:102550006DFE606908B1FEF769FEE06908B1FEF73B
:1025600065FE606A08B1FEF761FE204600F076FC69
:10257000204610BD5C47050010B50446FFF7DEFF9E
:102580002046FEF751FE204610BD000010B50D4B51
:10259000036090F8433004467BB1806808B1FEF7D1
:1025A00045FE606908B1FEF741FEE06908B1FEF73B
:1025B0003DFE606A08B1FEF739FE204600F04EFC91
:1025C000204610BD6C47050010B50446FFF7DEFF3E
:1025D0002046FEF729FE204610BD000010B50D4B29
:1025E000036090F86C3004467BB1806808B1FEF758
:1025F0001DFEE06908B1FEF719FE606A08B1FEF73A
:1026000015FEE06A08B1FEF711FE204600F026FC38
:10261000204610BD7C47050010B50446FFF7DEFFDD
:102620002046FEF701FE204610BD000010B50D4B00
:10263000036090F86C3004467BB1806808B1FEF707
:10264000F5FDE06908B1FEF7F1FD606A08B1FEF73B
:10265000EDFDE06A08B1FEF7E9FD204600F0FEFB63
:10266000204610BD8C47050010B50446FFF7DEFF7D
:102670002046FEF7D9FD204610BD000038B584681D
:102680000546B4B94420FEF7CBFDC0E90244C0E9D9
:102690000544C0E90744C0E90944C0E90B441A4BAA
:1026A00044600360047444748474446380F8434059
:1026B000A860AB682E225A74AB682C229A74AB685F
:1026C000124A9A60A9680023CB60A9684A61A96888
:1026D0008B61A968CA61A9680B62A9684A62AA6885
:1026E0000B499362AA680868D362AA681063AA6853
:1026F0005063084A1068AA68C15C1A4401330B2B66
:1027000082F83810F7D138BD5C470500B87A05006B
:10271000EC4705002C61002038B584680546B4B943
:102720004420FEF77DFDC0E90244C0E90544C0E94C
:102730000744C0E90944C0E90B441A4B44600360F4
:10274000047444748474446380F84340A860AB68A4
:102750002E225A74AB682C229A74AB68124A9A6083
:10276000A9680023CB60A9684A61A9688B61A96840
:10277000CA61A9680B62A9684A62AA680B49936298
:10278000AA680868D362AA681063AA685063084AF6
:102790001068AA68C15C1A4401330B2B82F8381008
:1027A000F7D138BD6C470500B87A0500EC47050045
:1027B0002C610020064B10B504460360806810B100
:1027C00003685B689847204600F048FB204610BD30
:1027D000D46F050010B50446FFF7ECFF2046FEF766
:1027E00023FD204610BD0000064B10B504460360D3
:1027F000806810B103685B689847204600F02EFBA4
:10280000204610BD0870050010B50446FFF7ECFF28
:102810002046FEF709FD204610BD000038B584684B
:102820000546B4B97020FEF7FBFCC0E90244C0E9DC
:102830000544C0E90744C0E90944C0E90B44C0E9C4
:102840000D441A4B446003600474C46380F86C4008
:10285000A860AB682E225A61AB682C229A61AB68E3
:10286000134A9A60AA680023D360A968114ACA6112
:10287000A9680B62A9684A62A9688B62A968CA62E2
:10288000AA680D491363AA6808685363AA6890632D
:10289000AA68D063094A1468E05CAA6803F11001D1
:1028A00001330B2B42F82100F6D138BD7C470500DF
:1028B000B87A050038820500EC4705002C6100203D
:1028C00038B584680546B4B97020FEF7A9FCC0E9A4
:1028D0000244C0E90544C0E90744C0E90944C0E92D
:1028E0000B44C0E90D441A4B446003600474C46394
:1028F00080F86C40A860AB682E225A61AB682C222D
:102900009A61AB68134A9A60AA680023D360A968E9
:10291000114ACA61A9680B62A9684A62A9688B62F8
:10292000A968CA62AA680D491363AA680868536354
:10293000AA689063AA68D063094A1468E05CAA6830
:1029400003F1100101330B2B42F82100F6D138BD01
:102950008C470500B87A050038820500EC47050071
:102960002C610020064B10B504460360806810B14E
:1029700003685B689847204600F070FA204610BD57
:102980004C4E050010B50446FFF7ECFF2046FEF75D
:102990004BFC204610BD0000064B10B504460360FA
:1029A000806810B103685B689847204600F056FACB
:1029B000204610BD804E050010B50446FFF7ECFF21
:1029C0002046FEF731FC204610BD000010B50B4B31
:1029D000036090F8643004465BB1806808B1FEF78C
:1029E00025FC606908B1FEF721FCE06908B1FEF73B
:1029F0001DFC204600F032FA204610BD9C47050021
:102A000010B50446FFF7E2FF2046FEF70DFC204616
:102A100010BD00000B4B10B5036090F82431044644
:102A20005BB1806808B1FEF701FC606908B1FEF790
:102A3000FDFBE06908B1FEF7F9FB204600F00EFA55
:102A4000204610BDAC47050010B50446FFF7E2FF75
:102A50002046FEF7E9FB204610BD000038B585682A
:102A6000044685B96820FEF7DBFBC0E90255C0E9E2
:102A70000555C0E907551D4B456003600574858405
:102A800080F86450A060A368194A9A60A268002385
:102A9000D360A2681374A2682E2182F82410A26861
:102AA0002C2182F82510134A1068A268C15C1A44D0
:102AB0000133242B82F82610F7D10F4B186800231E
:102AC000A268C15C1A4401331A2B82F84A10F7D16C
:102AD000A3680A4A5A61A36804229A61A368084A53
:102AE000DA61A36805221A6238BD00BF9C47050061
:102AF000B87A05002861002024610020B447050051
:102B0000B9470500064B10B504460360806810B154
:102B100003685B689847204600F0A0F9204610BD86
:102B2000246F050010B50446FFF7ECFF2046FEF7C2
:102B30007BFB204610BD000038B58468054694B97B
:102B40004FF49470FEF76CFBC0E90244C0E9054401
:102B5000C0E90744C0E90944184B446003600474A9
:102B600080F82441A860AB68154A9A6000222E21A3
:102B7000DA601A742C22C3E90912124A126803F1AE
:102B80002C00511E233211F8014F40F8044B9142A2
:102B9000F9D10D4A126803F1BC00511E193211F827
:102BA000014F40F8044B9142F9D1084A5A6104227E
:102BB0009A61074ADA6105221A6238BDAC470500FE
:102BC000B87A05002861002024610020C047050074
:102BD000D4470500064B10B504460360806810B169
:102BE00003685B689847204600F038F9204610BD1E
:102BF0009C4D050010B50446FFF7ECFF2046FEF79C
:102C000013FB204610BD30B5C468252320050B708A
:102C100043BF2B23881C4B70481C630548BF2323EC
:102C200004F4827144BF03700130B1F5827F034622
:102C300029D02E2503F8025B2A2545700AB11A70A7
:102C40000133042903F1010204D166211970002324
:102C5000137030BDB1F5807F04F4804004D10028AA
:102C60000CBF65214521F1E7B1F5827F06D114F44F
:102C7000804F0CBF612141215A1CE7E700280CBF9F
:102C800067214721E2E7002AD9D1F0E7013B01396A
:102C9000994270B528BF19460646002501208D428D
:102CA0000BD050B1705DD45CA4EB000CDCF10000E3
:102CB00040EB0C00013B0135F1E7715C134493429A
:102CC00006D028B113F80109441A60426041F6E7C2
:102CD0004BB2002B05DD13788B428CBF002000F037
:102CE000010070BD126852F80C3CFFF7CFBF000026
:102CF0002DE9F843334D2B685A1C07462A60002BF8
:102D00005CD1314C314B3248DFF8F080DFF8F09085
:102D1000304E01221A702368996807F079FC236805
:102D20002D48596807F074FC23682C48D96807F0CF
:102D30006FFC2749404607F0E7FC274948460FF05B
:102D4000C9F82649304607F0DFFC2449244807F03B
:102D5000DBFC3369C6F8748043F4005333612368A5
:102D600020489968C9F8788007F062FC23681E48FB
:102D700059681E4EDFF88C8007F05AFC23681C4807
:102D8000D9681C4C07F054FC1649304607F012FD78
:102D9000154940460FF0E8F81549204607F00AFDAE
:102DA0001349154807F006FD2369C8F8786043F415
:102DB000005323612B68666701332B603846BDE8FA
:102DC000F88300BF44960020A4610020A061002089
:102DD000F896002028980020A8960020D096002081
:102DE000B49800207097002020970020809B00203E
:102DF00048970020609A0020F09A00204099002017
:102E000098970020CC9900200D4A1368591E022B78
:102E100010B50446116011D10A4807F0A7FC0A4812
:102E200007F0A4FC094807F0A1FC094807F0F4FCEE
:102E3000084807F0F1FC084807F0EEFC204610BDFA
:102E4000449600204099002028980020B498002043
:102E5000809B0020609A0020F09A00207047426812
:102E6000511E012A416002D103685B681847704710
:102E70000B6803601A6801321A6070470022024929
:102E8000024800F07FBA00BF484905007494002052
:102E900010B5034C22680AB9FFF7F0FF206810BD97
:102EA00074940020004870474849050038B54368CD
:102EB00004465BB10025D4E90132AA4206D953F891
:102EC000250008B1FFF7CBFF0135F4E7606808B1D2
:102ED000FEF7ACF9E3685BB10025D4E90223AA420E
:102EE00006D953F8250008B1FFF7B9FF0135F4E71B
:102EF000E06808B1FEF79AF9236943B10025236918
:102F0000585908B1FEF792F90435182DF7D1206908
:102F100008B1FEF78BF9204638BD03685A1E012B15
:102F200010B50446026006D1FFF7C0FF2046BDE899
:102F30001040FEF779B910BD10B504460068FFF7E0
:102F4000ECFF204610BD0A6838B513680D46013302
:102F5000044613600068FFF7E0FF2B6823602046FB
:102F600038BD0000036823B9034A136801331360B6
:102F70000360006801387047709400202DE9F84F15
:102F800004461646002A00F0A4800846FFF7EAFF30
:102F9000A368013B984205464AD94F4BD4F804A098
:102FA00000F10408984594BF4FEA880B4FF0FF3BAF
:102FB0005846FEF737F9A368074600EB830C014635
:102FC000614506D10022984509D947F823200133ED
:102FD000F9E7C81B6268125841F8042BF0E758461D
:102FE000D4F80C90FEF71EF9A268014600EB820EA1
:102FF0008E4506D1002390450BD940F8223001328E
:10300000F9E7A1EB000CE36853F80C3041F8043BFE
:10301000EEE7C4E90178E060BAF1000F02D0504653
:10302000FEF704F9B9F1000F02D04846FEF7FEF8AA
:10303000736867680133736057F825300BB327490D
:103040000868D0B1FFF78EFF85422CD14868D4F8CC
:103050000480FFF787FF58F8203081466BB149683C
:1030600030460FF0FDFE436801338246436058F856
:103070002900FFF7F4FE48F829A057F82500FFF7CC
:10308000EEFE47F8256000252E46A368AB4220D906
:10309000E36853F8250020B1FFF7E1FEE36843F849
:1030A00025600135F1E74868FFF75CFF85420ED1E6
:1030B0000868D4F80480FFF755FF58F8203081469F
:1030C000002BDAD00968304608F0C6FACBE70831A1
:1030D000B6E7BDE8F88F00BFFEFFFF1FCC46050036
:1030E0002DE9F041214D2B78BFF35B8F0746D807C0
:1030F0000C46164606D4284616F0CCFA10B12846DF
:1031000016F0D4FA1A490868F0B1FFF72BFFB04265
:1031100048680DD1FFF726FF0546FA6852F82630B9
:10312000ABB104B3236820465B68BDE8F0411847A3
:10313000FFF718FFB042054604D10868FFF712FFF9
:103140000646EAE70831DEE74FF0FF35E5E763685A
:10315000591C6160691C18BF023342F826401CBF2D
:10316000636042F82540BDE8F08100BF689400200C
:10317000CC4605002DE9F7430C46002107460846DA
:10318000164618F07FFF81461AF09AFE00F10108FA
:103190004046FEF747F842464946054619F097F87B
:1031A0001A49002018F06EFF01A938461BF0B4FC44
:1031B000019B84ED000ABB4201D01B7813B10023B0
:1031C000236014E0DFED127AB4EEE70AF1EE10FAB4
:1031D00006DC9FED107AB4EEC70AF1EE10FA08D5BE
:1031E000B5EEC00AF1EE10FA0DDDC4ED007A04234D
:1031F00033602946002018F045FF2846FEF716F8F0
:1032000003B0BDE8F0836FF40003D9E79B490500E4
:10321000FFFF7F7FFFFF7FFF2DE9F7430C46002173
:1032200081460846904618F02DFF07461AF048FEE2
:10323000461C3046FDF7F6FF32463946054619F082
:1032400046F82149002018F01DFF01A948461BF04F
:103250004FFC019B4B4557EC106B84ED000B01D0EC
:103260001B7883B100220023C4E900230423C8F89B
:1032700000302946002018F005FF2846FDF7D6FF4C
:1032800003B0BDE8F0834FF0FF32104B10EE100A90
:10329000394618F099F848B94FF0FF326FF48013AF
:1032A0003046394618F072F80028E2D00022002398
:1032B0003046394618F088F84FF0FF3208B1034B1A
:1032C000D2E76FF48013CFE79B490500FFFFEF7F44
:1032D0002DE9F8430C46002107460846904618F0B1
:1032E000D1FE81461AF0ECFD461C3046FDF79AFFF0
:1032F00032464946054618F0EAFF1F49002018F0FB
:10330000C1FE22461D49384619F0E8FF0130012868
:103310000FD800220023C4E900230423C8F800309A
:103320002946002018F0AEFE2846BDE8F843FDF718
:103330007DBFD4E900674FF0FF32114B304639466C
:1033400018F042F848B94FF0FF326FF4801330465E
:10335000394618F01BF80028E2D00022002330463E
:10336000394618F031F84FF0FF3208B1044BD2E77C
:103370006FF48013CFE700BF9B4905009749050014
:10338000FFFFEF7F08B500220B4602600449184694
:103390001AF013F810B1034810F091FA08BD00BFFD
:1033A0009B49050066490500002303607047009BA8
:1033B0001A60039B019A1A6003207047009B032048
:1033C0001A60704701207047012070470099981AD1
:1033D000884228BF084670470020704710B5064B4A
:1033E000044640F8083BFFF7DFFF044B236020460C
:1033F000FFF734FD204610BDF84905005870050060
:1034000010B50446FFF7EAFF2046FDF70DFF204602
:1034100010BD000010B5064B044640F8083BFFF70E
:10342000C3FF044B23602046FFF718FD204610BD64
:10343000244A0500D04E050010B50446FFF7EAFF08
:103440002046FDF7F1FE204610BD0000003110B50A
:1034500018BF0121044B416003600446FFF718FDCB
:10346000A060204610BD00BFF8490500003110B52E
:1034700018BF0121044B416003600446FFF708FDBB
:10348000A060204610BD00BF244A050010B5034BC4
:103490000360044610F0FEFC204610BD504A0500B3
:1034A00010B5034B0360044610F0F4FC204610BD39
:1034B000604A050010B50446FFF7E8FF2046FDF717
:1034C000B3FE204610BD10B50446FFF7E9FF2046C5
:1034D000FDF7AAFE204610BD08B5836F3BB14161E0
:1034E000D0E904231A4205D0034810F08FFC41F0C4
:1034F0000101F4E708BD00BF684A050008B543694B
:103500001943FFF7E9FF08BD10B5044610F082FC2F
:10351000064B23600023236784F8743084F87530E9
:10352000C4E91E33C4E92033204610BD504A0500CB
:1035300038B5044608460D4611F0DCFC10B12846AB
:1035400011F002FAE067284611F0F2FC10B12846AB
:1035500011F0D6FAC4F88000284611F007FD10B12A
:10356000284611F0EBFAC4F8840038BD38B504469B
:103570000D4616F081FC04F16C012046FFF7D8FFE0
:10358000A567B5FA85F500236D0984F8743084F8D1
:10359000753023672361656138BD000008B5C36FCE
:1035A0003BB14161D0E904231A4205D0034810F031
:1035B0002DFC41F00101F4E708BD00BF684A050099
:1035C00008B543691943FFF7E9FF08BD10B5044684
:1035D00010F020FC064B23600023C4E91C3384F860
:1035E0007830C4E91F33C4E92133204610BD00BF41
:1035F000604A050038B5044608460D4601F036FD20
:1036000010B1284601F060FCC4F88000284601F0A3
:103610004BFD10B1284601F093FCC4F88400284605
:1036200001F060FD10B1284601F0A8FCC4F8880044
:1036300038BD38B504460D4616F01EFC04F16C0189
:103640002046FFF7D7FFE567B5FA85F500236D093A
:10365000636784F8783023672361656138BD13465A
:103660000A4611B119681CF081BE084670470AB1BC
:103670001CF08BBE704703684160002243F8212094
:103680007047000008B50B68B3F1005F02D30D4826
:1036900010F0F7F8934209D95200934206D2B2F1E2
:1036A000005F2ABF6FF060430A600B60086801305A
:1036B000B0F1804F01D310F0DBF88000BDE8084086
:1036C000FDF7AEBDC04B0500034653F8080B98420A
:1036D00001D0FDF7A9BD70474368994210B5144663
:1036E00004D90A460248214610F0CEF8084610BD1B
:1036F000EB4A050001F1005140680139091A914275
:1037000008B502D2184610F0BCF808BD03688B4219
:1037100007D8406803EB8000814294BF002001205D
:10372000704701207047012A10B502D10A68026073
:1037300010BDFFF79CFFFBE7012A30B403D10B68F3
:10374000036030BC7047002AFBD030BC1CF020BEA8
:103750000B46012B10B41146044603D122605DF8DC
:10376000044B7047002BFAD01A465DF8044B1CF04E
:1037700012BE37B5032904460191154606D9002229
:1037800001A9FFF77FFF019B2060A360019919B198
:103790002A462068FFF7DCFF01992046FFF76BFF00
:1037A00003B030BD08B5521A9210FFF7BCFF08BD38
:1037B00008B5521A9210FFF7B6FF08BD8842F7B558
:1037C00004460E461FD002684D6800F108039A4275
:1037D00014BF82680322AA420BD202A941F8045DF9
:1037E000FFF750FF07462046FFF76EFF019B27605B
:1037F000A36025B12A4631682068FFF794FF294667
:103800002046FFF738FF03B0F0BD2DE9F347DDF8A0
:103810002880164642689A46A8EB0603571A1344B6
:103820000268019300F108039A420D4614BF8268B2
:10383000032201A90446FFF725FFBF1B81461DB1E6
:103840002A462168FFF76FFFBAF1000F08D0B8F1E0
:10385000000F05D04246514609EB8500FFF763FF94
:1038600057B121682E4405EB08003A4601EB86016A
:1038700009EB8000FFF757FF2046FFF725FF019B6C
:10388000C4F80090A36002B0BDE8F08738B51446D4
:103890004268521A121B05460B4608D03CB100681C
:1038A000214400EB810100EB8300FFF745FF6968CD
:1038B0002846091BFFF7DFFE38BDF8B50B46064664
:1038C00053F8087B56F8082BBB4205460C4616D029
:1038D000496841609642A16818BFD0F808C00760E7
:1038E00008BF0022816042B12260C4F808C022688B
:1038F0000023636028461360F8BD2360F7E7FFF7F5
:103900005DFFF4E737B5436801910546994255F8E4
:10391000081B38BF01938D4218BF82680446019886
:1039200008BF0322904212D001D8032811D901A95F
:103930002046FFF7A7FE6268216801320546FFF7BF
:10394000F2FE2046FFF7C0FE019B2560A36003B096
:1039500030BD8D42FBD05A1C2846FFF7E4FE20689C
:10396000FDF762FC2560F2E7F7B50268456800F1F3
:1039700008039A4218BF836805F1010608BF0323B4
:103980009E4204460F4606D90123009300231A469F
:103990002946FFF73AFF2368314643F82570204651
:1039A000FFF769FE03B0F0BD70B516460C4A044639
:1039B0000D46FFF791FE731C05D129462046FFF7FF
:1039C0005AFE204670BD002EFBD06268521BB242E8
:1039D00028BF324629462046FFF758FFF1E700BFCF
:1039E000824B05002DE9F34116461D4604461D4B4A
:1039F0002A4688463146FFF77DFE2346626853F823
:103A0000080B9842A5EB060718BFA368174408BF28
:103A10000323BB421DD3A2EB0802921B09D0AE4286
:103A200007D000EB880000EB860100EB8500FFF774
:103A300083FE35B12068089A294600EB8800FFF71D
:103A400087FE20463946FFF716FE204602B0BDE845
:103A5000F08100950023324641462046FFF7D5FE0F
:103A6000E7E700BF654B050007B500920B46002253
:103A70004168FFF7B7FF03B05DF804FB43688B4272
:103A800010B503D2C91AFFF7EFFF10BDFDD9FFF73C
:103A9000F2FDFAE708B50022FFF7F0FF08BD07B511
:103AA00000920B4642680021FFF79CFF03B05DF8CF
:103AB00004FB000073B51546064A1E460446FFF790
:103AC0000BFE009601462B4600222046FFF78AFF98
:103AD00002B070BDAB4B05002DE9F74F0C9D1446AD
:103AE00081462A460F46984621463A4BFFF702FE8A
:103AF0004A46D9F8043052F8086B9642A5EB040BFD
:103B000018BFD9F808200BEB030A08BF032252455F
:103B100055D306EB87064146DF1B48463F1BFFF7A0
:103B2000F5FD80B147B1AC4206D03A4606EB8401C0
:103B300006EB8500FFF700FE2DB32A4641463046CE
:103B4000FFF7F1FD1FE035B1AC4240D32A464146B4
:103B50003046FFF7F1FDB7B1AC4214D03A4606EB60
:103B6000840106EB8500FFF7E7FDAC420BD2AF0006
:103B700006EB840408EB07039C420CD32A4641461B
:103B80003046FFF7D9FD48465146FFF774FD4846D9
:103B900003B0BDE8F08F444503D82A4608EB8B01FB
:103BA000CDE7A4EB08044FEAA40B5A464146304641
:103BB000FFF7C2FDA5EB0B02F1193019C0E7009524
:103BC0004346224639464846FFF71FFEDBE7002FF3
:103BD000CDD0C3E7224B050007B500920B464268E3
:103BE0000021FFF779FF03B05DF804FB73B50446CD
:103BF0002546406855F8083BAB4218BFA56800EB66
:103C0000020608BF0325AE420BD81AB103EB8000B1
:103C1000FFF789FD20463146FFF72DFD204602B013
:103C200070BD00920B46002201462046FFF7EDFDD5
:103C3000F0E708B5D1E90012FFF7D8FF08BD08B5D5
:103C4000FFF7F7FF08BD000070B5064B04460D46B0
:103C500016460021FFF74EFD324629462046FFF763
:103C6000C5FF70BD964B05002DE9F0410646904614
:103C70000F460A4A19461D46FFF72EFD7268541B6F
:103C8000444528BF444634B13168224601EB8501E2
:103C90003846FFF748FD2046BDE8F081D84A0500C8
:103CA00073B5044616460D4619B912B10D480FF00A
:103CB000E5FD731B9B10032B019307D9002201A97B
:103CC0002046FFF7DFFC019B2060A36032462946B7
:103CD0002068FFF767FD01992046FFF7CCFC02B092
:103CE00070BD00BF3B4B050000F1080210B502603B
:103CF000D1E9001204464FF0000301EB8202FFF706
:103D0000CFFF204610BD7047704730B500224FF0FE
:103D1000FF344FF0FF35C0E90045C0E9022230BD55
:103D200082B08DE80C004FF0FF334FF0FF32C0E956
:103D300000230023C0E9023302B07047002070471F
:103D4000002070474FF0FF307047036810B55B6A82
:103D500004469847431C1EBFA36813F8010BA360D9
:103D600010BD4FF0FF3070474FF0FF307047704785
:103D7000704730B500224FF0FF344FF0FF35C0E9F7
:103D80000045C0E9022230BD82B08DE80C004FF042
:103D9000FF334FF0FF32C0E900230023C0E90233B4
:103DA00002B0704700207047002070474FF0FF308E
:103DB0007047036810B55B6A04469847431C1EBFF2
:103DC000A36853F8040BA36010BD4FF0FF30704799
:103DD0004FF0FF307047000010B5044B044640F828
:103DE0001C3BFFF7A9F8204610BD00BFE04B0500C3
:103DF00010B5044B044640F81C3BFFF79DF82046E5
:103E000010BD00BF204C050010B50446FFF7E4FFCD
:103E10002046FDF709FA204610BD10B50446FFF70D
:103E2000E7FF2046FDF700FA204610BD2DE9F041DE
:103E300006460D469046002444451DDAD6E905079E
:103E40003B1A0FD0A8EB04079F42A8BF1F463A4673
:103E5000294618F03CFA73693C443D44A0451F4490
:103E60007761E9DD336829785B6B3046984701302C
:103E700002D001340135DFE72046BDE8F0812DE9AD
:103E8000F04107460E4690460025454521DAD7E920
:103E90000504844213D0241AA410A8EB05039C4205
:103EA000A8BF1C461CB1224631461CF06EFA7B6945
:103EB0002544A4002644A8451C447C61E5DD3B68FC
:103EC00031685B6B38469847013002D001350436C3
:103ED000DBE72846BDE8F0812DE9F04106460D46B6
:103EE0009046002444451DDAD6E902177B1A0FD00C
:103EF000A8EB04079F42A8BF1F463A46284618F081
:103F0000E6F9B3683C443D44A0451F44B760E9DD91
:103F1000336830469B6A9847431C03D028700134AD
:103F20000135DFE72046BDE8F0812DE9F041074685
:103F30000E4690460025454521DAD7E902148C4209
:103F400013D0641AA410A8EB05039C42A8BF1C461A
:103F50001CB1224630461CF018FABB682544A40068
:103F60002644A8451C44BC60E5DD3B6838469B6A96
:103F70009847431C03D0306001350436DBE7284600
:103F8000BDE8F08103689B691847D0E902318B4294
:103F9000024602D303689B6A184713F8010B93602B
:103FA0007047D0E902218A4202D303685B6A18474E
:103FB0001078704703681B6B1847000010B5074B5B
:103FC000036000230446C0E90133C0E90333C0E9BC
:103FD00005331C30FEF794FA204610BDE04B050077
:103FE00003689B691847D0E902318B42024602D32D
:103FF00003689B6A184753F8040B93607047D0E935
:1040000002218A4202D303685B6A1847106870472E
:1040100003681B6B1847000010B5074B03600023B3
:104020000446C0E90133C0E90333C0E905331C305D
:10403000FEF766FA204610BD204C05002DE9F04F32
:10404000D1E900B389B0904D009304460E468B68C9
:10405000019301225946284610F0F0FA6B68676810
:10406000DFF8B0A2DFF8B09201336B60874B0793A3
:104070001846FEF777FF47F82050854D0121284666
:1040800010F044FC6A686768824801326A60FEF793
:1040900069FF47F82050804D00990122284610F012
:1040A000C9F96A68676801326A605046FEF75AFFCC
:1040B00047F82050794D01990122284610F0FCF96B
:1040C0006A68676801326A604846FEF74BFF47F846
:1040D0002050734F734AD4F804803A6002257D6003
:1040E0007148FEF73FFF48F82070704F704AD4F8CF
:1040F00004803A607D606F48FEF734FF48F8207016
:104100006D4F6E4AD4F804803A607D606C48FEF7CB
:1041100029FF48F820706B4F0121384610F0D4FB7E
:104120007A68D4F80480684801327A60FEF71AFF92
:1041300048F82070F3680293336903937369634E00
:10414000029904930122304600F038FD7268DFF8CE
:10415000CC816768013272604046FEF703FF47F882
:1041600020605B4E0121304600F090FE7268676867
:10417000584801327260FEF7F5FE47F82060564E4F
:104180000399564F0122304600F014FC72686168B2
:104190000591013272603846FEF7E4FE059941F858
:1041A00020604F4E04990122304600F045FC7268B1
:1041B00061680591013272604A4A06921046FEF724
:1041C000D1FE059941F82060474E48493160484882
:1041D000616875600591FEF7C5FE059941F820609C
:1041E000444E454931604548616875600591FEF768
:1041F000B9FE059941F82060414E4249316042487C
:10420000616875600591FEF7ADFE404D059941F876
:1042100020600121284600F017FE696866683C4866
:1042200001316960FEF79EFE079B46F82050184654
:10423000E568FEF797FE45F820B05046E568FEF7C2
:1042400091FE009B45F820304846E568FEF78AFE5F
:10425000019B45F820304046E568FEF783FE029B4F
:1042600045F820303846E568FEF77CFE069A039B49
:1042700045F820301046E468FEF774FE049B44F8CD
:10428000203009B0BDE8F08FA4940020949600205F
:104290001C95002078960020EC940020F8940020D3
:1042A000CC940020847005009C960020DC940020B3
:1042B0009C70050098960020BC940020C8700500F2
:1042C00080960020849400207C960020B0940020EA
:1042D00028950020649500200495002090950020EA
:1042E000109500208C950020D4940020FC4E0500F1
:1042F00088950020E4940020144F05008495002048
:10430000C4940020404F05006C9500209494002038
:1043100068950020A4960020A0960020809500209B
:1043200038B5003318BF01234360104B0360104BB6
:1043300000294FF00005044604BF2A4619460273BF
:10434000C0E9045581614FF4807229461D3017F091
:10435000E2FF25774FF48072294604F21D1017F012
:10436000DAFF84F81D52204638BD00BF6C6405009A
:10437000BA7A050083695B5C9B0744BF2039C9B2E8
:104380000846704770B506460C461546AC4207D243
:10439000336821789B683046984704F8010BF5E7AD
:1043A000284670BD83695B5CDB0744BF2031C9B21E
:1043B0000846704770B506460C461546AC4207D213
:1043C000336821781B693046984704F8010BF5E7FC
:1043D000284670BD8368586970478368986970473C
:1043E0008368586B704783689B6B0020DAB262F376
:1043F0000700C3F3072262F30F20C3F3074262F3FF
:1044000017401B0E82B063F31F6002B070478368D1
:10441000DB6B0020DAB262F30700C3F3072262F31A
:104420000F20C3F3074262F317401B0E82B063F301
:104430001F6002B070478368586970478368986945
:1044400070478368586B704783689B6B0020DAB2B3
:1044500062F30700C3F3072262F30F20C3F307429E
:1044600062F317401B0E82B063F31F6002B0704707
:104470008368DB6B0020DAB262F30700C3F3072224
:1044800062F30F20C3F3074262F317401B0E82B0A2
:1044900063F31F6002B070478368586A704783688F
:1044A000986A7047002070470020704770470020CE
:1044B000914204D251F8043B03EB7060F8E7704777
:1044C00010B5034B03600446FEF7C8FC204610BD40
:1044D000FC4E050010B5034B03600446FEF7BEFC1E
:1044E000204610BD144F050010B5034B0360044671
:1044F000FEF7B4FC204610BDC04D050010B5034BBF
:1045000003600446FEF7AAFC204610BDFC4D0500E2
:1045100010B5034B03600446FEF7A0FC204610BD17
:104520002C4E050010B5034B03600446FEF796FCC5
:10453000204610BD2C4F050010B5034B0360044608
:10454000FEF78CFC204610BD404F050010B5044618
:10455000FFF7B6FF2046FCF767FE204610BD10B5FA
:104560000446FFF7B7FF2046FCF75EFE204610BD6D
:1045700010B50446FFF7B8FF2046FCF755FE20466D
:1045800010BD10B50446FFF7B9FF2046FCF74CFEFE
:10459000204610BD10B50446FFF7BAFF2046FCF7D1
:1045A00043FE204610BD10B50446FFF7BBFF204672
:1045B000FCF73AFE204610BD10B50446FFF7BCFFDD
:1045C0002046FCF731FE204610BD13B58B6801AACA
:1045D0009968044605F0AEFE204602B010BD13B542
:1045E0008B6801AA9968044605F0A4FE204602B033
:1045F00010BD13B58B6801AA9968044605F09AFEB0
:10460000204602B010BD13B58B6801AAD9690446D3
:104610000CF038FE204602B010BD13B58B6801AA1D
:10462000596A04460CF02EFE204602B010BD13B5A8
:104630008B6801AAD96A04460CF024FE204602B019
:1046400010BD13B58B6801AAD96904460CF01AFE97
:10465000204602B010BD13B58B6801AA596A044602
:104660000CF010FE204602B010BD13B58B6801AAF5
:10467000D96A04460CF006FE204602B010BD13B500
:104680008B6801AA596904460CF0FCFD204602B073
:1046900010BD13B58B6801AAD96904460CF0F2FD70
:1046A000204602B010BD000010B5054B044640F88E
:1046B000083BFEF779FE2046FEF7D0FB204610BDF2
:1046C000B44E050010B50446FFF7EEFF2046FCF798
:1046D000ABFD204610BD000010B5054B044640F868
:1046E000083BFEF761FE2046FEF7B8FB204610BDF2
:1046F000404D050010B50446FFF7EEFF2046FCF7DD
:1047000093FD204610BD000038B50D4B03600569D0
:104710000446FEF7C7FB854203D015B12846FCF7D7
:1047200085FDA06810B103685B68984704F10C0030
:10473000FEF73AFE2046FEF791FB204638BD00BF4B
:104740003C4E050010B50446FFF7DEFF2046FCF79F
:104750006BFD204610BD2DE9F04385B01C46814617
:1047600003AB02A80CF0A4FD01AB21460C9A03A8F0
:104770000CF09EFD029D039C55F80C3C54F80C7CFB
:1047800005EB830804EB870722462946484615F0C7
:104790005FFB064678B928461BF06CFC05EB8005EC
:1047A00020461BF067FCA84504EB80040DD13E1B9E
:1047B00018BF4FF0FF3603A80CF0F8FA02A80CF06F
:1047C000F5FA304605B0BDE8F083A74202D00435C3
:1047D0000434D9E70126EEE72DE9F34715461C46D8
:1047E000284B036022466B460746894601A82946A6
:1047F0000CF05EFD019EDFF890A056F80C3C641BA7
:1048000006EB8308204B64109C4294BFA0004FF03D
:10481000FF30FCF707FD0546234632462946484649
:1048200015F021FB844211D8441C2846FCF7FEFCFD
:10483000544594BFA0004FF0FF30FCF7F3FC234633
:10484000054601463246484615F00DFB024629460C
:1048500038460CF033FC30461BF00CFC06EB8006AF
:10486000B04505D00021384604360CF0B0FCD3E743
:104870002846FCF7DBFC01A80CF098FA384602B099
:10488000BDE8F08730960020FEFFFF1F0A2807D8FA
:104890002F2917D93030814214D2A1F1300070474E
:1048A000A1F1300009280FD9A1F16103052B02D82D
:1048B000A1F157007047A1F14103052B02D8A1F1E6
:1048C000370070474FF0FF307047000008B42DE903
:1048D000F7410F4604200021904617F0D3FB1649FC
:1048E000054618F06AFD28B3284619F0E9FA461C77
:1048F0003046FCF797FC29463246044617F0E7FCA1
:104900000D49042017F0BEFB0AAB099A01934146FA
:1049100038461AF085FD054634B12146042017F0CB
:10492000B1FB2046FCF782FC284603B0BDE8F0410D
:1049300001B070470446E7E79B49050013460A4665
:1049400011B119461BF027BD7047000000310B4A1A
:10495000026018BF012100224160C0E902220274F6
:10496000C0E90522C0E90722C0E90922C0E90B22FB
:10497000C0E90D22C26380F86C2070478C470500A7
:1049800000310B4A026018BF012100224160C0E9DA
:1049900002220274C0E90522C0E90722C0E9092207
:1049A000C0E90B22C0E90D22C26380F86C20704779
:1049B0007C47050010B5003218BF01224260054B4C
:1049C00003600022044681601146FDF779FF20460E
:1049D00010BD00BF804E050003689B681847036840
:1049E000DB68184710B50B6804461B6998472046DA
:1049F00010BD10B50B6804465B699847204610BD92
:104A000010B50B6804469B699847204610BD10B549
:104A10000B680446DB699847204610BD03681B6A93
:104A2000184703685B6A82B002B0184703689B6A44
:104A300082B002B01847000010B5003218BF012242
:104A40004260054B03600022044681601146FDF779
:104A5000E5FE204610BD00BF4C4E050003689B6874
:104A600018470368DB68184710B50B6804461B69D4
:104A70009847204610BD10B50B6804465B699847FF
:104A8000204610BD10B50B6804469B699847204628
:104A900010BD10B50B680446DB699847204610BD71
:104AA00003681B6A184703685B6A82B002B0184744
:104AB00003689B6A82B002B01847F0B589B006ACB3
:104AC00084E80C00139A0B680592129A0492119ACA
:104AD00003929DF8402002920EAA05460E4692E8E7
:104AE00003008DE8030028469F68314694E80C00D7
:104AF000B847284609B0F0BDF0B589B006AC84E8E7
:104B00000C00139A0B680592129A0492119A039260
:104B10009DF8402002920EAA05460E4692E8030038
:104B20008DE803002846DF68314694E80C00B8475A
:104B3000284609B0F0BD70B586B004AC84E80C001E
:104B40000C9A02920B9A01920B689DF82820009211
:104B50009E6894E80C000546B047284606B070BD34
:104B600070B586B004AC84E80C000D9A03920C9AE0
:104B700002920B9A01920B689DF828200092DE6841
:104B800094E80C000546B047284606B070BD00000A
:104B90000031094A026018BF012100224160C0E9CA
:104BA00002220274C0E90522C0E90722C0E90922F5
:104BB00080F82421704700BFAC47050010B50032D3
:104BC00018BF0122044B426004460360816000214B
:104BD000FDF7B2FF204610BD9C4D050003689B68A1
:104BE00018470368DB68184710B50B6804461B6953
:104BF0009847204610BD10B50B6804465B6998477E
:104C0000204610BD10B50B6804469B6998472046A6
:104C100010BD0000003218BF0122074B10B54260E2
:104C2000036081600446FEF73DF9002120612046C3
:104C300015F0D6FD204610BD3C4E050083689A68ED
:104C40000A60DB684B60704783681A690A605B69B9
:104C50004B60704783689A690A60DB694B607047F4
:104C60008368DA6A0A601A6B4A605A6B8A609A6BC8
:104C7000CA60DA6B0A611A6C4A615B6C8B617047BF
:104C800083689A6C0A60DA6C4A601A6D8A605A6DA1
:104C9000CA609A6D0A61DA6D4A611B6E8B6170475A
:104CA00083685A6E0A609A6E4A60DA6E8A601A6F7A
:104CB000CA605A6F0A619A6F4A61DA6F8A61D3F8E3
:104CC0008020CA61D3F884200A62D3F888204A621F
:104CD000D3F88C208A62D3F89030CB627047836817
:104CE000D3F894200A60D3F898204A60D3F89C2027
:104CF0008A60D3F8A020CA60D3F8A4200A61D3F850
:104D0000A8204A61D3F8AC208A61D3F8B020CA61E8
:104D1000D3F8B4200A62D3F8B8204A62D3F8BC2092
:104D20008A62D3F8C030CB62704703689B6818472B
:104D3000F0B589B006AC84E80C00129A0B680492B6
:104D4000119A0392109A02920EAA05460E4692E814
:104D500003008DE803002846DF68314694E80C0024
:104D6000B847284609B0F0BDF0B589B006AC84E874
:104D70000C00129A0B680492119A0392109A0292F4
:104D80000EAA05460E4692E803008DE80300284669
:104D90001F69314694E80C00B847284609B0F0BDB9
:104DA000F0B589B006AC84E80C00129A0B68049246
:104DB000119A0392109A02920EAA05460E4692E8A4
:104DC00003008DE8030028465F69314694E80C0033
:104DD000B847284609B0F0BDF0B589B006AC84E804
:104DE0000C00129A0B680492119A0392109A029284
:104DF0000EAA05460E4692E803008DE803002846F9
:104E00009F69314694E80C00B847284609B0F0BDC8
:104E1000F0B589B006AC84E80C00129A0B680492D5
:104E2000119A0392109A02920EAA05460E4692E833
:104E300003008DE803002846DF69314694E80C0042
:104E4000B847284609B0F0BD003110B518BF0121A0
:104E5000044B416003600446FEF71AF8A060204648
:104E600010BD00BFB44E050003689B68184773B5BA
:104E7000079E01960D68069E0096ED680446A847B9
:104E8000204602B070BD03681B691847003110B599
:104E900018BF0121044B416003600446FDF7F8FF91
:104EA000A060204610BD00BF404D050010B404684E
:104EB000A468A4465DF8044B604738B50D68044605
:104EC000ED68A847204638BD10B504460A48FEF7ED
:104ED00049F82368D3E90123834202D952F820001C
:104EE00008B90EF0C8FC0023044A054914F0E1FBA0
:104EF00008B914F03FFC10BD38960020406405004E
:104F00004C49050010B504460A48FEF72BF8236803
:104F1000D3E90123834202D952F8200008B90EF0E8
:104F2000AAFC0023044A054914F0C3FB08B914F095
:104F300021FC10BD80950020805005004C490500E3
:104F400010B504460A48FEF70DF82368D3E901239B
:104F5000834202D952F8200008B90EF08CFC0023DD
:104F6000044A054914F0A5FB08B914F003FC10BD70
:104F700078950020545005004C49050010B50446B2
:104F80000A48FDF7EFFF2368D3E90123834202D9E2
:104F900052F8200008B90EF06EFC0023044A0549BF
:104FA00014F087FB08B914F0E5FB10BD7C950020D8
:104FB000485005004C49050010B504460A48FDF765
:104FC000D1FF2368D3E90123834202D952F820009C
:104FD00008B90EF050FC0023044A054914F069FB9F
:104FE00008B914F0C7FB10BD8C950020A04F050038
:104FF0004C49050010B504460A48FDF7B3FF236885
:10500000D3E90123834202D952F8200008B90EF0F7
:1050100032FC0023044A054914F04BFB08B914F094
:10502000A9FB10BD90950020804F05004C4905005C
:1050300010B504460A48FDF795FF2368D3E901231C
:10504000834202D952F8200008B90EF014FC002364
:10505000044A054914F02DFB08B914F08BFB10BD70
:1050600074950020C04F05004C49050010B504465A
:105070000A48FDF777FF23689A6882420CD95B687B
:1050800053F8200038B10023054A064914F011FBFB
:10509000003018BF012010BD0020FCE7389600202A
:1050A000406405004C49050010B504460A48FDF768
:1050B00059FF23689A6882420CD95B6853F8200034
:1050C00038B10023054A064914F0F3FA003018BF3E
:1050D000012010BD0020FCE7789500205450050009
:1050E0004C49050010B504460A48FDF73BFF23680C
:1050F0009A6882420CD95B6853F8200038B10023CB
:10510000054A064914F0D5FA003018BF012010BD39
:105110000020FCE77C950020485005004C49050024
:105120002DE9F043DDE907740026B446013B12F88F
:105130000CE0A4EB0708BEEBA80F02EB0C0509DBA3
:10514000A0F1040C3B46A34211D053F8047B4CF869
:10515000047FF8E74FFA8EF9B9F1000FF0DD6345EF
:10516000A4EB8E048CBF0CF1010C0136DFE7404448
:1051700016F1FF360FD301602B789B00074604EB36
:10518000030E744502D104331844F1E754F804CBFC
:1051900047F804CFF5E7954210D0016015F8013DBE
:1051A0009B00064604EB030C644502D1043318440B
:1051B000F1E754F8047B46F8047FF5E7BDE8F08397
:1051C000F7B5DDE9087408461946DDE90A36C7B1C6
:1051D000FD1AAD1003EB850CCDE9003C13460246E9
:1051E0002046FFF79DFF041BA4103FB132683946EB
:1051F000521BFEF73CFA33685D1B2C44346003B04D
:10520000F0BD3568E6E773B5099DDDE907401E4648
:105210002B6800EB8303CDE90003134620460A46C2
:105220003146FFF77DFF001B8010286002B070BD83
:1052300030B59DF80C4084B103460A25B1FBF5F466
:1052400005FB1411043152F8211043F8041D2146C6
:10525000002CF3D1C01A801030BD03F04A04402C5A
:105260000AD1034601F007040434C90852F8244067
:1052700043F8044DF6D1EDE713F4804F14BF142525
:105280000425034601F00F042C44090952F8244078
:1052900043F8044DF6D1DDE72DE9F04114469DF8C1
:1052A00020201D460746DDE90683D2B1064620468A
:1052B00029460A22002316F091F80432204658F8B5
:1052C000223046F8043D294600230A2216F086F8CB
:1052D00004460D4654EA0503E9D1B81B8010BDE829
:1052E000F08103F04A02402A11D1064604F0070378
:1052F0000433EA0858F8233046F8043DE30843EA4B
:1053000045731C46154654EA0503EFD1E5E713F44F
:10531000804F14BF14210421064604F00F030B44F0
:105320002A0958F8233046F8043D230943EA057357
:105330001C46154654EA0503EFD1CEE710B40468C5
:10534000E46AA4465DF8044B604700002DE9FF477E
:10535000044608460F46FFF74DFE0546FFF73CFBA7
:1053600060612846FFF73BFBA0612846FFF756FB2C
:10537000294660636846FFF735FB009B53F80C0C29
:10538000E060FBF74FFF002301460646E2686846EF
:1053900004F094FCE3682BB196F90030002BD4BFE5
:1053A000002301232946237401A8FFF722FB019B58
:1053B00053F80C0C344B2062984294BF80004FF09D
:1053C000FF30FBF72FFF226A80460023014601A829
:1053D0000BF04CFC294602A8FFF712FB029B53F886
:1053E0000C0C294BA062984294BF80004FF0FF3014
:1053F000FBF718FFA26A81460023014602A80BF0C2
:1054000035FC294603A8FFF702FB039B53F80C0C5D
:105410001D4B2063984294BF80004FF0FF30FBF794
:1054200001FF226B01460023824603A80BF01EFCFD
:105430002846FFF7F6FAA0632846FFF7F7FAE0637D
:105440003846FFF741FD114B196804F1400301F1A3
:105450000B02FFF773FF012384F86C30A660C4F8D9
:105460001C80C4F82490C4F82CA003A80BF09EFC68
:1054700002A80BF09BFC01A80BF098FC684604F016
:10548000C7FC04B0BDE8F087FEFFFF1F2C610020C1
:105490002DE9F04105460F48FDF764FD2B68DE68F5
:1054A00056F820800446B8F1000F0FD17020FBF7AA
:1054B000B7FE41460746FFF749FA29463846FFF747
:1054C00045FF224639462868FDF70AFE56F82400B3
:1054D000BDE8F081909500202DE9FF47044608467D
:1054E0000F46FFF769FD0546FFF7B8FA60612846E9
:1054F000FFF7B7FAA0612846FFF7D2FA29466063A2
:105500006846FFF7B1FA009B53F80C0CE060FBF71C
:1055100089FE002301460646E268684604F0CEFB99
:10552000E3682BB196F90030002BD4BF0023012390
:105530002946237401A8FFF79EFA019B53F80C0C2F
:10554000344B2062984294BF80004FF0FF30FBF74D
:1055500069FE226A80460023014601A80BF086FB03
:10556000294602A8FFF78EFA029B53F80C0C294B30
:10557000A062984294BF80004FF0FF30FBF752FECC
:10558000A26A81460023014602A80BF06FFB294660
:1055900003A8FFF77EFA039B53F80C0C1D4B206306
:1055A000984294BF80004FF0FF30FBF73BFE226B28
:1055B00001460023824603A80BF058FB2846FFF75C
:1055C00072FAA0632846FFF773FAE0633846FFF7E4
:1055D0007BFC114B196804F1400301F10B02FFF74A
:1055E000ADFE012384F86C30A660C4F81C80C4F8BA
:1055F0002490C4F82CA003A80BF0D8FB02A80BF051
:10560000D5FB01A80BF0D2FB684604F001FC04B006
:10561000BDE8F087FEFFFF1F2C6100202DE9F0415F
:1056200005460F48FDF79EFC2B68DE6856F8208083
:105630000446B8F1000F0FD17020FBF7F1FD414691
:105640000746FFF79DF929463846FFF745FF2246F2
:1056500039462868FDF744FD56F82400BDE8F0817E
:105660008C9500202DE9F043044685B008460F468E
:10567000FFF748FC0146054601A8FFF7B5FA019B74
:1056800053F80C0CE060FBF7CDFD00230146064605
:10569000E26801A804F012FBE3682BB196F9003030
:1056A000002BD4BF002301232946237402A8FFF74F
:1056B000A2FA029B53F80C0C2B4BA061984294BFAA
:1056C00080004FF0FF30FBF7ADFDA269814600235B
:1056D000014602A80BF0CAFA294603A8FFF792FA7E
:1056E000039B53F80C0C204B2062984294BF80001F
:1056F0004FF0FF30FBF796FD226A014600238046FB
:1057000003A80BF0B3FA2846FFF768FA6062284650
:10571000FFF767FAA0623846FFF7D6FB134B19680C
:1057200004F12C0301F124020546FFF707FE104B9C
:105730001968284601F11A0204F1BC03FFF7FEFDC7
:10574000012384F82431A660C4F81490C4F81C80A6
:1057500003A80BF02BFB02A80BF028FB01A804F018
:1057600057FB05B0BDE8F083FEFFFF1F2861002056
:10577000246100202DE9F04105461048FDF7F2FBB9
:105780002B68DE6856F820800446B8F1000F10D16F
:105790004FF49470FBF744FD41460746FFF7F8F9D4
:1057A00029463846FFF75EFF224639462868FDF74E
:1057B00097FC56F82400BDE8F08100BF80950020DA
:1057C00010B50446006820B1FEF70DFC4FF0FF3322
:1057D0006360204610BD03689B681847F7B56C46A8
:1057E00084E806009DF80450089F06463DB93A46F5
:1057F00019460098FEF70CFC874218BF01258DF86A
:10580000045094E8030086E80300304603B0F0BD7E
:105810002DE9F04F8FB00DF1180ADDF8608004908B
:1058200008F16C0420468AE80C00FFF74DFB0646A1
:105830002046FFF7F3FE1A9B1D68036C2A689A4204
:10584000044655F80C3C00F08480826B0992D0F835
:105850002890426A029232683046576905EB83030A
:105860002A460421B847401B8610B346002E00F09C
:10587000C6800EAF7A4B47F8103D710038460BF0EA
:10588000D3FB626BB31A002B74DD16EA220638BF15
:105890001E46E368002B67D00022710038460BF0EB
:1058A00037FB38460BF0F6FA05EB8603CDE90053DB
:1058B0000A98A169D4E90223FFF732FC0390384625
:1058C0000BF0E8FA0A9B0399C91A4FF0FF328910CE
:1058D00038460BF0E9FA636B002B0BDD61690AA80F
:1058E0000BF075FC002E47DB626B05EB86010AA806
:1058F0000BF0E4FBD8F80C2002F0B00303930A9BF2
:1059000012F4007253F80C3C18BF226A0EAD4B44DF
:105910001344534A45F80C2D5900284605930BF0C3
:1059200083FB039BD8F80860102B059B2CD1B34256
:105930002CBF4FF0000B4FF0010BF31A002705931B
:1059400009ABDB5D042B2BD8DFE803F07E73216508
:105950006E00C26B0992C26A0292D0F83090002B9E
:105960003FF479AF043576E73246294638460BF0E6
:10597000FFFAB0E71E46AEE7626C71420AA80BF070
:10598000D7FB5A462946B2E74FF0000BD5E7D8F8C7
:105990000C309B0504D5D4E907120BA80BF08EFB45
:1059A0000137042FCCD1B9F1010F06D9029909F1C1
:1059B000FF32043128460BF081FB0B9B53F80C1C83
:1059C0008E4209D9039B202BA6EB010140D1199AE5
:1059D00028460BF0ADFB31460CAC00919AE806006E
:1059E0000B9B2046FFF7FAFE94E80300069028463A
:1059F0008DF81C100BF0DAF90AA80BF0D7F99AE829
:105A000003000023C8F80830049B83E8030018460D
:105A10000FB0BDE8F08FB9F1000FC1D0029B19683B
:105A200028460BF0D4FBBBE70AA928460BF042FB43
:105A3000B6E7BBF1000F05D0199A05990BA80BF03A
:105A400077FBADE71999EBE7BBF1000FA8D0F3E7BF
:105A50000A46199B002128460BF066FABBE700BFF7
:105A6000309600202DE9F04F8FB00DF1180ADDF8C7
:105A70006080049008F16C0420468AE80C00FFF76F
:105A800023FA06462046FFF703FD1A9B1D68036CA8
:105A90002A689A42044655F80C3C00F08480826BD8
:105AA0000992D0F82890426A0292326830465769CB
:105AB00005EB83032A460421B847401B8610B346F2
:105AC000002E00F0C6800EAF7A4B47F8103D7100F3
:105AD00038460BF0A9FA626BB31A002B74DD16EA94
:105AE000220638BF1E46E368002B67D000227100F3
:105AF00038460BF00DFA38460BF0CCF905EB86036F
:105B0000CDE900530A98A169D4E90223FFF708FB05
:105B1000039038460BF0BEF90A9B0399C91A4FF05F
:105B2000FF32891038460BF0BFF9636B002B0BDD99
:105B300061690AA80BF04BFB002E47DB626B05EB9B
:105B400086010AA80BF0BAFAD8F80C2002F0B003CC
:105B500003930A9B12F4007253F80C3C18BF226A9C
:105B60000EAD4B441344534A45F80C2D59002846BA
:105B700005930BF059FA039BD8F80860102B059B8E
:105B80002CD1B3422CBF4FF0000B4FF0010BF31A96
:105B90000027059309ABDB5D042B2BD8DFE803F06E
:105BA0007E7321656E00C26B0992C26A0292D0F8C0
:105BB0003090002B3FF479AF043576E73246294622
:105BC00038460BF0D5F9B0E71E46AEE7626C71427D
:105BD0000AA80BF0ADFA5A462946B2E74FF0000B7F
:105BE000D5E7D8F80C309B0504D5D4E907120BA8EB
:105BF0000BF064FA0137042FCCD1B9F1010F06D9AB
:105C0000029909F1FF32043128460BF057FA0B9B39
:105C100053F80C1C8E4209D9039B202BA6EB0101E3
:105C200040D1199A28460BF083FA31460CAC00910A
:105C30009AE806000B9B2046FFF7D0FD94E803008E
:105C4000069028468DF81C100BF0B0F80AA80BF04F
:105C5000ADF89AE803000023C8F80830049B83E8F5
:105C6000030018460FB0BDE8F08FB9F1000FC1D0A6
:105C7000029B196828460BF0AAFABBE70AA9284636
:105C80000BF018FAB6E7BBF1000F05D0199A059989
:105C90000BA80BF04DFAADE71999EBE7BBF1000F3C
:105CA000A8D0F3E70A46199B002128460BF03CF9DF
:105CB000BBE700BF309600202DE9F04F2DED028BA1
:105CC000B0EE408AF0EE608A8FB004AF07F11006A4
:105CD00086E80C0097F85830BB60FB6D81468A4619
:105CE00007F1200003F16C01FDF7C2F807F1200075
:105CF000FFF7EAF892B0F860FDF7CAF807F1280557
:105D00000DF1100845F8040D4FF0000B8DED028BDE
:105D1000CDF800B02B4B402241462846FEF7D6FD79
:105D20003F28044616DD0F3424F00704ADEB040DC4
:105D3000421C7A60FDF7ACF80DF1100878628DED29
:105D4000028BCDF800B01F4B7A6841462846FEF71B
:105D5000BDFD0446214607F11C03002228460BF036
:105D60000BF8444428460BF095F87B6AF868224605
:105D70004146FFF7E3FABB680295C3B13B6E01935E
:105D8000FB6D0093514696E80C004846FFF740FD36
:105D900007F124000BF00AF807F12000FDF7CCF81A
:105DA00048462C37BD46BDEC028BBDE8F08F3B6EFC
:105DB0000193FB6D0093514696E80C004846FFF7AF
:105DC00051FEE5E7784F0500F0B587B004AC84E8F4
:105DD0000C00DDE90D320F9D9DF830700093CDE988
:105DE0000125064694E80C0027B1FFF711FD304667
:105DF00007B0F0BDFFF736FEF9E703681B6B1847E5
:105E000003689B6A18472DE9F8431D46C368DDE91E
:105E1000086703F0B003202B89461446A6EB07065B
:105E20000CD13A4629462046FDF721FC4A46314628
:105E300004EB8700FEF782FDBDE8F883102B0FD03E
:105E40004FF000084A4631462046FEF777FDA7EBA3
:105E5000080205EB880104EB8600FDF708FCEBE780
:105E60006C30FFF731F82D218046FFF7C9FF2B6812
:105E7000984205D12B6844F8043B4FF00108E1E754
:105E80002B214046FFF7BCFF2B689842F2D030210F
:105E90004046FFF7B5FF2B689842D1D1012FCFDDE7
:105EA00078214046FFF7ACFF6B68984207D12B681A
:105EB00023606B6863604FF002080834C2E7582122
:105EC0004046FFF79DFF6B689842B9D1EFE737B5C1
:105ED000089C184623681546CDE90023DDE9062312
:105EE000FFF791FF256003B030BD2DE9F04F8BB077
:105EF00004AFC7E900103E6C07F1080106F16C0021
:105F000081E80C00FFF736FCF568B96C05F04A0A29
:105F100096B0BAF1400F044600F12C090DF1100BB8
:105F200002D0BAF1080F71D14FF000082B464A4653
:105F3000CDF800800BF15000FFF77AF9227C7861F0
:105F4000C0F114030BEB830392B1C0001030ADEB32
:105F5000000D0DF1180B07F11402CDE90232CDE965
:105F6000006B3868A36AD4E90212FFF74CF95B466C
:105F70007A69B8F1000F31D0B96C00292CDB280503
:105F800005D5216B43F8041C01327A61043BB268E9
:105F90007969914211DA91000E3121F00701ADEBE0
:105FA000010D04AC07F11401CDE901310094334631
:105FB000796C3868FFF78BFF23460022B2607A695C
:105FC000009207F10802786806CAFFF707FC7868B4
:105FD0001C37BD46BDE8F08FE16AD3E7A905D6D5E9
:105FE000B96C0029D3D0BAF1400F01D1E16BC9E7F8
:105FF000C5F380350235023259F8251043F8041CE8
:10600000E16B43F8081C7A61083BC0E7BB6C002BCE
:1060100001DCBB6C59424FF0010887E730B587B00F
:1060200004AC84E80C000C9B02930B9B01930A9B2D
:10603000009394E80C000546FFF757FF284607B089
:1060400030BD2DE9F04F8BB004AF07F10805D7F84C
:1060500040A0386085E80C00DAF80C3097F848600A
:106060007B6013F0010F07F1100416D17B6C0296D0
:10607000CDE900A3204695E80C00FFF736FF94E831
:106080000300B860397395E803003B681C3783E868
:1060900003001846BD46BDE8F08F0AF16C00FFF71B
:1060A00069FB86B3D0E90598DAF80860B0453CDAB8
:1060B000A6EB0806B2000E3222F00702ADEB020D8D
:1060C0000DF1100B7A6C31465846FEF737FC7B68B1
:1060D00003F0B0030022202BCAF8082016D14B464B
:1060E00095E806002046CDF80080FFF777FB94E89E
:1060F00003005B46B8603973009695E806002046B9
:10610000FFF76CFBBBE7D0E90798CDE795E8060001
:10611000204600965B46FFF761FB94E80300B860F9
:106120003973CDF800804B46E7E70022CAF8082013
:10613000F7E72DE9F04F8BB004AFC7E900103E6CD4
:1061400007F1080106F16C0081E80C00FFF712FB73
:10615000F46804F04A0896B0B8F1400F054600F123
:106160002C0A0DF1100B5DD0B8F1080918BF4FF0E3
:10617000010923465246CDF80090B96C0BF150004E
:10618000FFF756F82A7C7861C0F114030BEB830308
:1061900092B1C0001030ADEB000D0DF1180B07F1FE
:1061A0001402CDE90232CDE9006B3868AB6AD5E95B
:1061B0000212FFF728F85B46B9F1000F0DD1A205D6
:1061C0000BD5BA6C4AB1B8F1400F7A692DD1E96BA1
:1061D00043F8041C01327A61043BB2687969914248
:1061E00011DA91000E3121F00701ADEB010D04AC85
:1061F00007F11401CDE9013100943346796C386818
:10620000FFF765FE23460022B2607A69009207F12B
:106210000802786806CAFFF7E1FA78681C37BD46BD
:10622000BDE8F08F4FF00009A3E7C4F380340234D7
:1062300002325AF8241043F8041CE96B43F8081C96
:106240007A61083BC9E730B587B004AC84E80C003C
:106250000C9B02930B9B01930A9B009394E80C0008
:106260000546FFF766FF284607B030BD2DE9F0412F
:1062700088B004AC0E9DD5F80C8084E80C0028F49E
:10628000804323F04A0343F40273EB60109B0293B4
:106290000F9BCDE9005306AF064694E80C00384644
:1062A000FFF747FF97E8030004908DF8141094E877
:1062B000030086E803003046C5F80C8008B0BDE84E
:1062C000F0812DE9F04F8BB004AFC7E900103E6CB0
:1062D00007F1080106F16C0081E80C00FFF74AFAAB
:1062E000F56805F04A09AAB0B9F1400F044600F17B
:1062F0002C0A0DF1100BD7E9122302D0B9F1080FC7
:1063000075D14FF00008CDE90158CDF800A00BF190
:10631000A000FEF7C1FF227C7861C0F128030BEBDF
:10632000830392B1C0001030ADEB000D0DF1180BDE
:1063300007F11402CDE90232CDE9006B3868A36A97
:10634000D4E90212FEF75FFF5B467A69B8F1000FED
:1063500034D0D7E91201002871F100012CDB2805A7
:1063600005D5216B43F8041C01327A61043BB26805
:106370007969914211DA91000E3121F00701ADEBFC
:10638000010D04AC07F11401CDE90131009433464D
:10639000796C3868FFF79BFD23460022B2607A696A
:1063A000009207F10802786806CAFFF717FA7868C2
:1063B0001C37BD46BDE8F08FE16AD3E7A905D6D505
:1063C000D7E912010143D2D0B9F1400F01D1E16BFD
:1063D000C8E7C5F38035023502325AF8251043F874
:1063E000041CE16B43F8081C7A61083BBFE7D7E95E
:1063F0001201012871F1000104DAD7E91223524297
:1064000063EB43034FF001087DE730B587B004AC80
:1064100084E80C00DDE90C23CDE902230B9B0193FA
:106420000A9B009394E80C000546FFF74AFF2846B4
:1064300007B030BD2DE9F04F8BB004AFC7E90010B5
:106440003E6C07F1080106F16C0081E80C00FFF7D3
:1064500091F9F46804F04A08AAB0B8F1400F054673
:1064600000F12C0A0DF1100B60D0B8F1080918BF2B
:106470004FF00109D7E91223CDE90149CDF800A079
:106480000BF1A000FEF708FF2A7C7861C0F1280319
:106490000BEB830392B1C0001030ADEB000D0DF19A
:1064A000180B07F11402CDE90232CDE9006B386810
:1064B000AB6AD5E90212FEF7A6FE5B46B9F1000F02
:1064C0000FD1A2050DD5D7E912120A4309D0B8F1B0
:1064D000400F7A692DD1E96B43F8041C01327A61CF
:1064E000043BB2687969914211DA91000E3121F0D2
:1064F0000701ADEB010D04AC07F11401CDE9013149
:1065000000943346796C3868FFF7E1FC234600229B
:10651000B2607A69009207F10802786806CAFFF74C
:106520005DF978681C37BD46BDE8F08F4FF0000973
:10653000A0E7C4F38034023402325AF8241043F83E
:10654000041CE96B43F8081C7A61083BC9E730B5C5
:1065500087B004AC84E80C00DDE90C23CDE902230C
:106560000B9B01930A9B009394E80C000546FFF7F0
:1065700061FF284607B030BD2DE9F04F2DED028BAD
:10658000B0EE408AF0EE608A8FB004AF8146BD6DF8
:10659000396005F16C0A07F10801504681E80C00EA
:1065A000FFF7E8F8D5F8048097F86020B8F1000FFD
:1065B000064607F118012846B8BF4FF00608FCF759
:1065C00022FBEB6803F482738EB0B3F5827F7B60AD
:1065D00004AC00F0B180FCF75BFC8DED028B7861C0
:1065E000CDF8008007F118032D22214607F1140091
:1065F000FEF76CF938613B692C2B1CDD03F1010BB4
:106600000F3323F00703ADEB030D7B68B3F5827FF7
:1066100004AC00F09F80FCF73BFC8DED028B7861B1
:10662000CDF8008007F118035A46214607F11400FF
:10663000FEF74CF938615046FEF746FC3A69930084
:106640000E3323F00703ADEB030D0DF110084346A5
:1066500022442146FEF772FED7F810B0BBF1000FBE
:1066600000F088805A462E21204615F0D1FD28B131
:10667000031B726A48F8232008EB8300337C9BB32A
:1066800050B9BBF1020F07DD6378303B092B2BD8E3
:10669000A378303B092B27D84FEACB030833ADEB67
:1066A000030D23782D2B0DF1100A01D02B2B63D174
:1066B000D8F80030CAF800300BF1FF333B610124F9
:1066C000A30007F11002039208EB03025344CDE943
:1066D00000030292B36A3868D6E90212FEF770FD31
:1066E0003B691C443C61D046AA683B69934211DA7D
:1066F00093000E3323F00703ADEB030D04AC07F159
:106700001003CDE9018300942B46F96D3868FFF73B
:10671000DEFBA0460023AB603B69009307F1080253
:106720004846434606CAFFF759F848462C37BD4647
:10673000BDEC028BBDE8F08FFCF7AAFB8DED008B62
:10674000786107F118032D22214607F11400FEF7A6
:10675000BDF84FE7FCF79CFB07F1280C07F1180385
:106760004CF8140D5A468DED008B21466046FEF71D
:10677000ADF85FE7584681E70024A1E730B587B060
:1067800004AC84E80C00002302930B9B01930A9B4A
:10679000009394E80C000546FFF7EEFE284607B08C
:1067A00030BD2DE9F04F2DED028BB0EE408AF0EEBA
:1067B000608A8FB004AF8146BD6D396005F16C0A07
:1067C00007F10801504681E80C00FEF7D3FFD5F829
:1067D000048097F86020B8F1000F064607F1180111
:1067E0002846B8BF4FF00608FCF70DFAEB6803F433
:1067F00082738EB0B3F5827F7B6004AC00F0B18011
:10680000FCF746FB8DED028B7861CDF8008007F137
:1068100018032D22214607F11400FEF757F83861BE
:106820003B692C2B1CDD03F1010B0F3323F0070315
:10683000ADEB030D7B68B3F5827F04AC00F09F8065
:10684000FCF726FB8DED028B7861CDF8008007F117
:1068500018035A46214607F11400FEF737F838614D
:106860005046FEF731FB3A6993000E3323F00703DD
:10687000ADEB030D0DF11008434622442146FEF70F
:106880005DFDD7F810B0BBF1000F00F088805A46CC
:106890002E21204615F0BCFC28B1031B726A48F873
:1068A000232008EB8300337C9BB350B9BBF1020F6C
:1068B00007DD6378303B092B2BD8A378303B092BBD
:1068C00027D84FEACB030833ADEB030D23782D2BEC
:1068D0000DF1100A01D02B2B63D1D8F80030CAF883
:1068E00000300BF1FF333B610124A30007F11002DC
:1068F000039208EB03025344CDE900030292B36A0A
:106900003868D6E90212FEF75BFC3B691C443C6127
:10691000D046AA683B69934211DA93000E3323F004
:106920000703ADEB030D04AC07F11003CDE90183C0
:1069300000942B46F96D3868FFF7C9FAA04600238A
:10694000AB603B69009307F108024846434606CA1C
:10695000FEF744FF48462C37BD46BDEC028BBDE830
:10696000F08FFCF795FA8DED008B786107F1180335
:106970002D22214607F11400FDF7A8FF4FE7FCF791
:1069800087FA07F1280C07F118034CF8140D5A4642
:106990008DED008B21466046FDF798FF5FE7584676
:1069A00081E70024A1E730B587B004AC84E80C008F
:1069B0004C2302930B9B01930A9B009394E80C00D9
:1069C0000546FFF7EEFE284607B030BD2DE9F0433F
:1069D000ADF5097D0746909D9DF84C829DF850626B
:1069E0006C35284602AC84E80C00FEF76DFA81464F
:1069F0002846FEF71DFB252105464846FFF700FA0D
:106A00000490C6B9CDE90586929B009308A904AB12
:106A10008022284613F0B6FE08A819F02BFB009040
:106A200008AB384694E80600FEF7D8FE38460DF568
:106A3000097DBDE8F0830023CDE905680793E3E70E
:106A400003689B691847036810B504465BB140684A
:106A5000421C07D11846FDF7D2FA431C0ABF002397
:106A60006060236010BD4FF0FF30FBE738B50D4686
:106A7000FFF7E9FF04462846FFF7E5FF431C5842AD
:106A800004F10102584154425441011B484248411B
:106A900038BD08B5FFF7EAFF80F00100C0B208BDBD
:106AA0002DE9F74F8146DDE9120602A96C30DDF8C9
:106AB000448001E90C00FEF707FAB8F1020F8346A3
:106AC0002ED0B8F1040F0CBF4FF47A7701270024C1
:106AD00025464FF00A0A0CA96846FFF7DAFF08B30B
:106AE000454521D06846FFF7AEFF2A2201465846A9
:106AF000FFF783F93038C2B2092A20D80AFB040410
:106B0000109B04FB07F29A4219DC0F9B3A449A420D
:106B100015DD97FBFAF76846FEF752FE0135DAE716
:106B20000A27D4E745450AD10E9B1C6002AB13E946
:106B3000030089E80300484603B0BDE8F08FB8F1D0
:106B4000040F03D1022D01D1643CEDE7336843F01B
:106B500004033360EAE72DE9F04F87B000AF07F197
:106B60001004F860786DD7F84C806C3084E80C0025
:106B7000FEF7AAF93B6D9B000E3323F00703834613
:106B8000ADEB030D07F1400120466E46FFF781FF94
:106B900000287ED02046FFF756FF4FF000098246BE
:106BA0004D463B6D994510D058F82910096851455C
:106BB00005D146F82590013509F10109F1E758465C
:106BC000FFF73EFF5045F7D1F3E74FF0000B012DE3
:106BD00041D9B14659F8042B58F8220019F04AFA65
:106BE00006EB8501824659F8040BB96058F820007D
:106BF00019F040FAB968824528BF82464945F2D16A
:106C000020460BF1010BFEF7DBFDD34541D207F126
:106C100040012046FFF73DFF00283AD04FEA8B02A3
:106C20004FF0000A56F82A1058F8211089582046CB
:106C3000C7E90121FFF707FFB9687A68814217BFEA
:106C400005F1FF350AF1010A56F8251046F82A1019
:106C5000AA45E7D3BBE71CD12046FEF7B1FD356856
:106C600058F82560304619F005FA0BF1010B804603
:106C7000C3451ED207F140012046FFF70AFF40B18D
:106C800056F82B30BB602046FFF7DDFEBB68834221
:106C900013D0BB6DBA6D1B6843F00403136094E816
:106CA0000300FB681C3783E803001846BD46BDE8B7
:106CB000F08FEED1BB6C1D60F1E72046FEF780FD42
:106CC0000BF1010BD4E72DE9F04F85B000AF814601
:106CD000F86CD7F844A007F108086C3088E80C007D
:106CE000FEF7F2F8BB6CDB0008338346ADEB030D17
:106CF00007F1380140466D46FFF7CBFEB0B3404682
:106D0000FFF7A1FEBA6C0026034652003446B24299
:106D100013D05AF826100968994204D145F8246026
:106D200001340136F3E75846C7E90032FFF788FE21
:106D30003B687A689842F4D1F0E7BCB14046FEF770
:106D40003FFDA3000E3323F00703ADEB030DEB462D
:106D5000002655F826305AF8230019F08BF94BF825
:106D600026000136B442F4D1012602E00026B346E3
:106D700034464FEA860807F1380107F10800FFF7AB
:106D800088FE68B307F10800FFF75DFE0023844624
:106D900019469C421AD95BF823209800B2420BEBAB
:106DA000000E02D801310133F3E755F823205AF8D9
:106DB000222052F808206245F5D0013C55F82420E5
:106DC0002A505BF82420CEF80020E2E78C4208F13C
:106DD000040805D007F10800FEF7F2FC0136CAE707
:106DE000012C15D1DBF80030B3421AD1BA6C2B68F4
:106DF000934228BF9B1A3A6C136007F1100313E902
:106E00000300143789E803004846BD46BDE8F08F0B
:106E1000022C06D1DBF80030B342E7D0DBF80430B7
:106E2000E2E73B6D3A6D1B6843F00403E4E70000C2
:106E30002DE9F04F9FB00D462A9C0B9004F16C0693
:106E40000EA9304681E80C00DDF8B0A0FEF7F0F89E
:106E500008903046FEF738F883462D9819F00AF965
:106E600000260A9010960EAF28A93846FFF711FEAB
:106E7000DDF84090002867D00A9B9E4264D2B9F1A9
:106E8000000F61D12D9B4A4653F82610584603EB5C
:106E90008608FEF7B2FF252840F0BD82731C4A46E3
:106EA000D8F8041009935846FEF7A7FF4528CDF8F7
:106EB000449001D04F2807D1B31C0022D8F8081005
:106EC00009935846FEF799FF41380EAE382800F274
:106ED0009D82DFE810F074009F00E90100019B0231
:106EE0009B029B02200145019B029B029B027401B5
:106EF0009B029B029B029B02A801AD01DB019B024E
:106F00009B029B02E401E90113029B029B029B028C
:106F10009B029B029B024E007A00A500AD00C200BE
:106F20009B029B027A009B029B029B029B025001E8
:106F300099019B029B029B029B029B02D1019B0237
:106F40009B029B02DF01E901B9F1000F02D10A9B0C
:106F50009E4205D02B9B2B9A1B6843F004031360C1
:106F600097E803000B9B83E8030018461FB0BDE8B9
:106F7000F08F12AE31460898FDF782FE10ABCDE9D6
:106F800005430723CDE9036311AB029328AB93E8D4
:106F900003008DE803000CAF0EAE96E80C00294606
:106FA0003846FFF7D8FD97E80300109B86E80300FA
:106FB00013B9119BCAF81830099E013653E712AE77
:106FC00031460898FDF74CFED8E712AE31460898D6
:106FD000FDF785FE10ABCDE905430C23CDE9036336
:106FE00011AB029328AB93E803008DE803000CAFCC
:106FF0000EAE96E80C0029463846FFF7ACFD97E840
:107000000300109B86E80300002BD5D1119BCAF822
:107010001030D1E712AE31460898FDF741FED9E7AE
:1070200012A90898FDF716FE129B05930CAF5CE0C1
:1070300010ABCDE9064302211F23CDE90431012322
:10704000039311AB029328AB93E803008DE8030090
:107050000CAF0EAE96E80C001DE03046FFF7F3FCD7
:10706000082102465846FEF7B6FB0CAF10B3304677
:10707000FEF7A6FB10AACDE9064209210122CDE9BF
:107080000412039211AA029228AA034692E803006E
:107090008DE803000CCB29463846FFF701FD97E841
:1070A0000300109B86E80300002B85D1119BCAF8D2
:1070B0000C3081E710ABCDE9064302221F23CDE956
:1070C00004320A23039311AB029328AB93E8030025
:1070D0008DE80300BEE712AEC84A3346A2F10901AB
:1070E0005846FEF72BF90CAF059610ABCDE90243DD
:1070F000CDF810A028AB93E803008DE803000EAE96
:107100002946384696E80C00FFF792FE97E8030000
:1071100086E8030050E710ABCDE906434FF00209C3
:107120001723CDE904390CAF0023039311AB02936D
:1071300028AB93E803008DE803000EAE96E80C0040
:1071400029463846FFF7ACFC97E80300109B86E819
:107150000300002B7FF430AF119BCAF808302BE7F7
:1071600010ABCDE906434FF002080C23CDE90438FB
:107170000CAF0123D9E710ABCDE906434FF0020E67
:107180000C23CDE9043E0123039311AB029328ABFA
:1071900093E803008DE803000CAF0EAE96E80C00F8
:1071A00029463846FFF77CFC97E80300109B86E8E9
:1071B0000300002B7FF400AF119B013B27E710ABCE
:1071C000CDE906434FF0020C3B23CDE9043C0023FC
:1071D000039311AB029328AB93E803008DE80300FF
:1071E0000CAF0EAE96E80C0029463846FFF758FC67
:1071F00097E80300109B86E80300002B7FF4DCAEC9
:10720000119BCAF80430D7E63046FFF71CFC002279
:1072100001465846FEF7F1FD0A2840F0F780304657
:10722000FEF7CEFAC8E6764A12AE3346911F57E70C
:1072300010ABCDE9064302263D23CDE904360023F9
:10724000039311AB029328AB93E803008DE803008E
:107250000CAF0EAE96E80C0029463846FFF720FC2E
:1072600097E80300109B86E80300002B7FF4A4AE90
:10727000119BCAF800309FE63046FFF7E4FB00227E
:1072800001465846FEF7B9FD0928C6E712AE334657
:107290005C4A23E712A90898FDF7D0FCC4E612A9BE
:1072A0000898FDF7D1FCBFE610ABCDE906430420FA
:1072B00042F20F73CDE904300023039311AB029324
:1072C00028AB93E803008DE803000CAF0EAE96E800
:1072D0000C0029463846FFF7E3FB97E80300109BB4
:1072E00086E80300002B7FF467AE119B002BB4BF30
:1072F0006433A3F26C73CAF814305DE63046FFF7CE
:10730000A2FB012102465846FEF765FA00287DD00F
:1073100010ABCDE905430E2304933B4B039312AB13
:10732000029328AB93E803008DE803000CAF2946D5
:10733000384696E80C00FFF70EFC97E8030086E855
:10734000030028A93046FFF7A4FB00283FF434AE21
:10735000109B002B7FF430AE129B002B7FF42CAEE1
:107360003046FFF770FB2D2107465846FEF748FDD3
:10737000B84236D110AF17230222CDE90432CDE94D
:107380000647002312AE0393029628AB93E803004E
:107390008DE803000DF130090DF1380898E80C0074
:1073A00029464846FFF77CFB99E803003B2388E821
:1073B00003000221CDE904310023CDE90263CDE9C8
:1073C000064728AB93E803008DE8030029464846AA
:1073D00098E80C00FFF764FB99E8030088E80300D5
:1073E000EAE53046FFF72FFB2B2106465846FEF70D
:1073F00007FDB0427FF4E0ADBCE700BF694F050078
:107400006F4F0500784F050068610020109B43F026
:1074100004031093D0E52D9B384653F82680FFF7E0
:1074200012FB804503D13846FEF7CAF9C5E5109B2B
:1074300043F004031093C0E52DE9F04F89B004AE8A
:10744000029014986C3086E80C00FEF793F9002344
:10745000044612A930460693FFF708FB824600282F
:1074600049D13046FFF7EFFAD4F8C01006908142B8
:1074700003D0D4F8BC30834219D1237C13B1A36A62
:10748000834214D0636A834211D0814214BF2D21FC
:107490002B21169802F0F3FE3046FEF791F912A95F
:1074A000FFF7F7FA38B33046FFF7CDFA069000271A
:1074B000B846227C069B12B1A26A9A4220D0626A28
:1074C0009A421DD0D4F8CC209A4219D11FB930214C
:1074D000169802F0D4FE3046FEF772F912A9FFF7B3
:1074E000D8FA08F10108074600284CD03046FFF7CB
:1074F000AAFA0690DDE74FF0000847464FF0010A70
:10750000A64B0793237C1BB1202107A802F0E4FDC2
:1075100094F824B1BBF1000F5DD004F1CC03002539
:107520000193A946BAF1000F40F0A080227C069B8F
:10753000002A00F0BF80A26A9A4240F0BB80B9F1F5
:10754000000F40F09380002D40F09080B8F1000FC4
:1075500000F088805FFA88F107A802F090FEBA4632
:107560004B46C84630460393FEF72AF912A9FFF7A7
:1075700090FA039B002873D03046FFF764FA002589
:107580000690039B66E04FF0010A5746B8E7AA460B
:107590005D465F46BAF1000F68D1069A0A2011468F
:1075A000FDF774F9431C19D000F13001C9B21698E7
:1075B00002F065FE4FF0010B3046FEF701F912A90B
:1075C000FFF767FA20B13046FFF73DFA0690E0E793
:1075D0004FF0010ADDE75D46D946DBE7636A9A4270
:1075E0000BD1B9F1000F08D13DB92E21169802F048
:1075F00046FEBB464FF00109DEE7D4F804319A425B
:1076000003D0D4F81C319A4230D17DBB77B36521C9
:10761000169802F034FE3046FEF7D2F812A9FFF7B2
:1076200038FA8346002800F0B6803046FFF70BFAA0
:10763000D4F8C0300690834209D0D4F8BC308342DD
:10764000A5D12D21169802F01AFE5D46B4E72B2134
:10765000F8E79A465746AA461D4663E75346F9E7B8
:107660005D46F7E7169802F0DDFBC14608AF57F814
:10767000043D53F80C3C8BB1B9F1000F05D125B98D
:107680005FFA88F1384602F0FAFD3A46D4E9020181
:10769000FBF728FB10B9159B04221A6096E803003B
:1076A000029B83E80300384602F0B2FB029809B05F
:1076B000BDE8F08F626A9A4215D1079B53F80C3CE3
:1076C000B9F1000FD2D1002DD0D123B15FFA88F1EA
:1076D00007A802F0D4FD2E21169802F0D0FDD9465D
:1076E0000023BA463EE706AA0A210198FBF7B7FF36
:1076F00060B1019BC11A89103031C9B2169802F0ED
:10770000BEFD08F101082B46DA462BE7069BD4F8AC
:1077100004219A4203D0D4F81C219342A6D1079B9E
:1077200053F80C3C002DA1D1002F9FD03BB1B9F1F3
:10773000000F04D15FFA88F107A802F0A0FD6521CF
:10774000169802F09CFD3046FEF73AF812A9FFF7B2
:10775000A0F98246F8B13046FFF775F9D4F8C010A9
:107760000690814204D0D4F8BC3083427FF476AFD7
:10777000237C1BB1A26A82423FF46BAF636A8342EF
:107780003FF46CAF814214BF2D212B21169802F0DB
:1077900076FD5346E6E63D4668E700BFA09500202B
:1077A0002DE9F0438DB008AC0CAD84E80C001F4B04
:1077B00045F8083D179E894607462021284602F0D5
:1077C0008BFCCDE90365169B029314AB93E8030091
:1077D0008DE803000DF1180894E80C004046494676
:1077E000FFF72AFE98E80300DDF8288084E803000C
:1077F000FBF74EFB0CAB189943F8040D324640469C
:10780000FBF7B8FC14A92046FFF730F918B133682C
:1078100043F00203336094E8030087E8030028463E
:1078200002F0F6FA38460DB0BDE8F083A0950020CE
:107830002DE9F0438DB008AC0CAD84E80C001F4B73
:1078400045F8083D179E894607462021284602F044
:1078500043FCCDE90365169B029314AB93E8030048
:107860008DE803000DF1180894E80C0040464946E5
:10787000FFF7E2FD98E80300DDF8288084E80300C4
:10788000FBF706FB0CAB189943F8040D3246404653
:10789000FBF7C2FC14A92046FFF7E8F818B13368DB
:1078A00043F00203336094E8030087E803002846AE
:1078B00002F0AEFA38460DB0BDE8F083A095002086
:1078C0002DE9F0438DB008AC0CAD84E80C001F4BE3
:1078D00045F8083D179E894607462021284602F0B4
:1078E000FBFBCDE90365169B029314AB93E8030001
:1078F0008DE803000DF1180894E80C004046494655
:10790000FFF79AFD98E80300DDF8288084E803007B
:10791000FBF7BEFA0CAB189943F8040D324640460B
:10792000FBF7D6FC14A92046FFF7A0F818B133687E
:1079300043F00203336094E8030087E8030028461D
:1079400002F066FA38460DB0BDE8F083A09500203D
:107950002DE9F04F8BB00DF1180A169C059004F13B
:107960006C008AE80C00FDF705FFE76807F04A079E
:107970000023402F0546089348D0082F14BF4FF02E
:107980000A084FF0100814A95046FFF76FF8814617
:1079900000286FD15046FFF756F8D5F8BC30089054
:1079A00083420CBF4FF0010B4FF0000B03D0D5F812
:1079B000C030834214D12B7C13B1AB6A83420FD009
:1079C0006B6A83420CD05046FDF7FAFE14A9FFF70C
:1079D00060F80646002857D05046FFF734F8089064
:1079E000002634462A7C089B12B1AA6A9A4245D0E6
:1079F0006A6A9A4242D0D5F8CC209A4210D146B158
:107A0000B8F10A0F0DD147B93C4629E04FF00808FC
:107A1000B9E71FB3B8F1080F25D0013401260EE0F5
:107A2000D6B1D5F8C4209A4203D0D5F8C8209A42DE
:107A30002ED1D7B1B8F1100F2FD1002426465046D1
:107A4000FDF7BEFE14A9FFF724F818B35046FEF761
:107A5000FAFF0890002EC5D1B1460FE03C46012642
:107A60004FF00808EBE73446D8E73E463C464FF077
:107A70001008E4E74FF0000B5C465E46B8F1100FCB
:107A80000CD1162301930BE04FF001090446F5E7F2
:107A90000126F3E74FF00109F0E70126CDF8048055
:107AA0006B4B09932B7C1BB1202109A802F014FB1E
:107AB000BBF1000F0CBF6FF000434FF00043029387
:107AC000B3FBF8F3039395F824310093002B4AD0CD
:107AD00005F1CC0300270493BA46B9F1000F1BD17E
:107AE0002B7C089A002B6AD0A96A8A4267D1A4B17C
:107AF000E1B209A802F0C3FB002406A8FDF760FE6E
:107B000014A9FEF7C6FF002856D006A8FEF79BFF73
:107B10000890E5E74FF001090023099A52F80C2C70
:107B200072B1E1B209A8009302F0A9FB09AAD5E954
:107B30000201FBF7D7F8009B10B9179904220A60DD
:107B40002CB926B9099A52F80C2C002A5AD0002BCD
:107B500058D1BAF1000F71D1BBF1000F00D07F42B4
:107B6000189B1F6054E0DDF800A05746B9F1000FE4
:107B7000D2D108990198FCF789FE431CCCD0039B15
:107B80009F4216D8029B07FB08F71B1ABB4238BF5F
:107B90004AF0010A0134074406A8FDF711FE14A9B2
:107BA000FEF777FF0028B5D006A8FEF74CFF089037
:107BB000DFE74FF0010AEFE7DDF800908DE76B6A31
:107BC0009A42A9D008AA01990498FBF748FDB8B1D8
:107BD000049B039AC01A3C284FEAA003C8BF063B87
:107BE00097420AD8029A07FB08F7D21ABA4238BF5E
:107BF0004AF0010A01341F447FE7DDF800A07CE76A
:107C000003468AE70023189A1360179A0423136027
:107C1000B9F1000F05D0179B179A1B6843F00203B8
:107C2000136006AB93E80300059B83E8030009A8F3
:107C300002F0EEF805980BB0BDE8F08FBBF1000F35
:107C400002D04FF00043DEE76FF00043DBE700BFF8
:107C5000A095002070B588B006AC84E80C00109B9D
:107C600004930F9B03930E9B02930CAB05460E46A9
:107C700093E803008DE80300284694E80C003146A1
:107C8000FFF766FE284608B070BD2DE9F04F8FB0B3
:107C90000AAC0690DDE91A0984E80C00C368DDF837
:107CA00070A0DD070E4639D44FF0FF330D930DABB6
:107CB000CDE90393029018AB93E803008DE803002D
:107CC00008AD94E80C0031462846FFF741FE95E8E0
:107CD00003000D9B012B84E803000CD803F0010383
:107CE0008AF8003094E80300069B83E803001846F6
:107CF0000FB0BDE8F08F01238AF800300423C9F8E3
:107D0000003018A92046FEF7B1FE0028EAD0D9F8C5
:107D1000003043F00203C9F80030E3E76C30FDF7B0
:107D200029FD036A8169B3FA83F3B1FA81F8012569
:107D300083465B094FEA581800272E4613B1B8F165
:107D4000000F45D118A920460793FEF78FFE0028A3
:107D50003FD12046FEF777FE079B33B9DBF81C10B6
:107D600051F82760311A4E424E4156B9B8F1000F12
:107D70000AD0002D46D18AF8005041E04FF00108AA
:107D8000DCE7B8F1000F06D1DBF8141051F82750EA
:107D90002A1A554255411DB9002B44D1002E40D01E
:107DA00020460137FDF70CFD86B1DBF82030BB42E1
:107DB0008CBF00230123002DE0D0DBF81810B9425E
:107DC0008CBF4FF000084FF00108B7E70123F2E73E
:107DD00000203EB9BDB900238AF8003080B10623E7
:107DE00099E72846DBF82030BB42F3D1002FF1D0D1
:107DF00000238AF800307DB1DBF81830BB420BD18C
:107E0000042388E73046DBF81830BB42E3D1002F6B
:107E1000E1D001238AF80030002814BF0223002398
:107E200079E73046D7E7002EDBD18AF80060E7E734
:107E30002DE9F04F8BB00DF1180A169C049004F157
:107E40006C008AE80C00FDF795FCE46804F04A0435
:107E50000023402C0646089347D0082C14BF4FF04F
:107E60000A084FF0100814A95046FEF7FFFD81469E
:107E700000286ED15046FEF7E6FDD6F8BC300890DB
:107E800083420CBF01230023009303D0D6F8C030F7
:107E9000834214D1337C13B1B36A83420FD0736A27
:107EA00083420CD05046FDF78BFC14A9FEF7F1FD80
:107EB0000746002857D05046FEF7C5FD089000271A
:107EC0003D46327C089B12B1B26A9A4245D0726A32
:107ED0009A4242D0D6F8CC209A4210D147B1B8F19C
:107EE0000A0F0DD144B9254629E04FF00808BAE73A
:107EF0001CB3B8F1080F25D0013501270EE0D7B12A
:107F0000D6F8C4209A4203D0D6F8C8209A422ED17F
:107F1000D4B1B8F1100F2FD100252F465046FDF7F0
:107F20004FFC14A9FEF7B5FD18B35046FEF78BFDC4
:107F30000890002FC5D1B9460FE0254601274FF024
:107F40000808EBE73D46D8E7274625464FF01008DE
:107F5000E4E7002300931D461F46B8F1100F0CD133
:107F6000162301930BE04FF001090546F5E70127C1
:107F7000F3E74FF00109F0E70127CDF80480674BE4
:107F80000993337C1BB1202109A802F0A5F896F8CB
:107F900024B14FF6FF7393FBF8F20292BBF1000F8E
:107FA0004BD006F1CC0200240392A2460593B9F10E
:107FB000000F1BD1337C089A002B6BD0B16A8A4228
:107FC00068D1A5B1E9B209A802F059F9002506A8BF
:107FD000FDF7F6FB14A9FEF75CFD002858D006A8B3
:107FE000FEF731FD0890E5E74FF001090023099AFB
:107FF00052F80C2C72B1E9B209A8019302F03FF9D2
:1080000009AAD6E90201FAF76DFE019B10B917998A
:1080100004220A602DB927B9099A52F80C2C002ABB
:108020005CD0002B5AD1BAF1000F73D1009B0BB179
:108030006442A4B2189B1C8056E0DA465C469B461C
:10804000B9F1000FD2D108990198FCF71FFC431C2D
:10805000CCD0029B9C4218D818FB04F4A4B2ABEB22
:1080600000039C42C8BF4AF0010A0444A4B201358F
:1080700006A8FDF7A5FB14A9FEF70BFD0028B3D059
:1080800006A8FEF7E0FC0890DDE74FF0010AEFE7F5
:10809000D9468CE7736A9A42A8D008AA0199039836
:1080A000FBF7DDFAC0B1039B029AC01A3C284FEAE5
:1080B000A003C8BF063B94420CD8059A18FB04F4F1
:1080C000A4B2D21A9442C8BF4AF0010A1C44A4B216
:1080D00001357CE7DA467AE7034688E70023189AF9
:1080E0001380179A04231360B9F1000F05D0179B72
:1080F000179A1B6843F00203136006AB93E8030072
:10810000049B83E8030009A801F082FE04980BB0E9
:10811000BDE8F08F4FF6FF73E1E700BFA0950020A8
:1081200070B588B006AC84E80C00109B04930F9BDC
:1081300003930E9B02930CAB05460E4693E8030097
:108140008DE80300284694E80C003146FFF770FEE6
:10815000284608B070BD00002DE9F04F8BB00DF13E
:10816000180A169C059004F16C008AE80C00FDF7D3
:1081700001FBE76807F04A070023402F05460893F4
:1081800047D0082F14BF4FF00A084FF0100814A969
:108190005046FEF76BFC814600286ED15046FEF734
:1081A00052FCD5F8BC30089083420CBF0123002359
:1081B000019303D0D5F8C030834214D12B7C13B186
:1081C000AB6A83420FD06B6A83420CD05046FDF7F6
:1081D000F7FA14A9FEF75DFC0646002857D0504672
:1081E000FEF731FC0890002634462A7C089B12B129
:1081F000AA6A9A4245D06A6A9A4242D0D5F8CC20FF
:108200009A4210D146B1B8F10A0F0DD147B93C4698
:1082100029E04FF00808BAE71FB3B8F1080F25D0DE
:10822000013401260EE0D6B1D5F8C4209A4203D01D
:10823000D5F8C8209A422ED1D7B1B8F1100F2FD15E
:10824000002426465046FDF7BBFA14A9FEF721FC90
:1082500018B35046FEF7F7FB0890002EC5D1B14683
:108260000FE03C4601264FF00808EBE73446D8E71C
:108270003E463C464FF01008E4E7002301931C46BD
:108280001E46B8F1100F0CD1162302930BE04FF0ED
:1082900001090446F5E70126F3E74FF00109F0E78D
:1082A0000126CDF80880624B09932B7C1BB120215D
:1082B00009A801F011FF95F824B14FF0FF33B3FB8B
:1082C000F8F30393BBF1000F49D005F1CC0300276D
:1082D0000493BA46B9F1000F1BD12B7C089A002BEE
:1082E00066D0A96A8A4263D1A4B1E1B209A801F0BB
:1082F000C6FF002406A8FDF763FA14A9FEF7C9FB20
:10830000002853D006A8FEF79EFB0890E5E74FF043
:1083100001090023099A52F80C2C72B1E1B209A8A4
:10832000029301F0ACFF09AAD5E90201FAF7DAFCE1
:10833000029B10B9179904220A602CB926B9099A30
:1083400052F80C2C002A54D0002B52D1BAF1000F55
:108350006BD1019B03B17F42189B1F604FE0DA464F
:108360005F46B9F1000FD4D108990298FCF78EFA54
:10837000431CCED0039B9F4215D807FB08F7C3438D
:10838000BB4238BF4AF0010A0134074406A8FDF792
:1083900017FA14A9FEF77DFB0028B8D006A8FEF74F
:1083A00052FB0890E0E74FF0010AEFE7D94691E76A
:1083B0006B6A9A42ADD008AA02990498FBF74FF96C
:1083C000A8B1049B039AC01A3C284FEAA003C8BF77
:1083D000063B974209D807FB08F7DA43BA4238BF91
:1083E0004AF0010A01341F4484E7DA4682E7034673
:1083F00090E70023189A1360179A04231360B9F1C9
:10840000000F05D0179B179A1B6843F002031360F7
:1084100006AB93E80300059B83E8030009A801F07D
:10842000F7FC05980BB0BDE8F08F4FF0FF33E1E7A4
:10843000A095002070B588B006AC84E80C00109BB5
:1084400004930F9B03930E9B02930CAB05460E46C1
:1084500093E803008DE80300284694E80C003146B9
:10846000FFF77AFE284608B070BD00002DE9F04FF6
:108470008BB00DF1180A169C059004F16C008AE887
:108480000C00FDF777F9E76807F04A070023402F53
:108490000546089347D0082F14BF4FF00A084FF045
:1084A000100814A95046FEF7E1FA814600286ED163
:1084B0005046FEF7C8FAD5F8BC30089083420CBF8E
:1084C00001230023019303D0D5F8C030834214D197
:1084D0002B7C13B1AB6A83420FD06B6A83420CD002
:1084E0005046FDF76DF914A9FEF7D3FA06460028A9
:1084F00057D05046FEF7A7FA0890002634462A7C4B
:10850000089B12B1AA6A9A4245D06A6A9A4242D03E
:10851000D5F8CC209A4210D146B1B8F10A0F0DD14E
:1085200047B93C4629E04FF00808BAE71FB3B8F155
:10853000080F25D0013401260EE0D6B1D5F8C420AD
:108540009A4203D0D5F8C8209A422ED1D7B1B8F1BB
:10855000100F2FD1002426465046FDF731F914A9FB
:10856000FEF797FA18B35046FEF76DFA0890002E02
:10857000C5D1B1460FE03C4601264FF00808EBE7B5
:108580003446D8E73E463C464FF01008E4E7002367
:1085900001931C461E46B8F1100F0CD1162302930E
:1085A0000BE04FF001090446F5E70126F3E74FF031
:1085B0000109F0E70126CDF80880624B09932B7C76
:1085C0001BB1202109A801F087FD95F824B14FF0D7
:1085D000FF33B3FBF8F30393BBF1000F49D005F170
:1085E000CC0300270493BA46B9F1000F1BD12B7CB2
:1085F000089A002B66D0A96A8A4263D1A4B1E1B27D
:1086000009A801F03CFE002406A8FDF7D9F814A93A
:10861000FEF73FFA002853D006A8FEF714FA089098
:10862000E5E74FF001090023099A52F80C2C72B1CA
:10863000E1B209A8029301F022FE09AAD5E90201DC
:10864000FAF750FB029B10B9179904220A602CB963
:1086500026B9099A52F80C2C002A54D0002B52D17A
:10866000BAF1000F6BD1019B03B17F42189B1F60D1
:108670004FE0DA465F46B9F1000FD4D1089902986D
:10868000FCF704F9431CCED0039B9F4215D807FB8F
:1086900008F7C343BB4238BF4AF0010A013407441C
:1086A00006A8FDF78DF814A9FEF7F3F90028B8D055
:1086B00006A8FEF7C8F90890E0E74FF0010AEFE7D7
:1086C000D94691E76B6A9A42ADD008AA02990498FC
:1086D000FAF7C5FFA8B1049B039AC01A3C284FEAD9
:1086E000A003C8BF063B974209D807FB08F7DA4347
:1086F000BA4238BF4AF0010A01341F4484E7DA461F
:1087000082E7034690E70023189A1360179A042320
:108710001360B9F1000F05D0179B179A1B6843F03F
:108720000203136006AB93E80300059B83E8030094
:1087300009A801F06DFB05980BB0BDE8F08F4FF074
:10874000FF33E1E7A095002070B588B006AC84E85F
:108750000C00109B04930F9B03930E9B02930CAB96
:1087600005460E4693E803008DE80300284694E88A
:108770000C003146FFF77AFE284608B070BD2DE99F
:10878000F0418CB008AC149DD5F80C8084E80C0046
:1087900028F04A0343F00803EB600BAB0493159BEE
:1087A000CDE9025312AB06468C4693E803008DE8F0
:1087B000030006AF94E80C0061463846FFF756FE0A
:1087C00097E80300169B0B9AC5F80C8084E8030019
:1087D00086E8030030461A600CB0BDE8F081000066
:1087E0002DE9F04F91B00DF1300A1C9C0B9004F173
:1087F0006C008AE80C00FCF7BDFF00230E93E368D1
:1088000003F04A09B9F1400F05464AD0B9F1080F03
:1088100014BF4FF00A084FF010081AA95046FEF78F
:1088200025F90746002874D15046FEF70CF9D5F813
:10883000BC300E9083420CBF01230023069303D06B
:10884000D5F8C030834214D12B7C13B1AB6A83427C
:108850000FD06B6A83420CD05046FCF7B1FF1AA9C7
:10886000FEF717F9064600285DD05046FEF7EBF8F4
:108870000E90002634462A7C0E9B12B1AA6A9A42B8
:108880004BD06A6A9A4248D0D5F8CC209A4214D18B
:1088900056B1B8F10A0F11D1B9F1000F0AD14C4607
:1088A0002DE04FF00808B8E7B9F1000F25D0B8F176
:1088B000080F27D00134012610E0E6B1D5F8C42016
:1088C0009A4203D0D5F8C8209A422FD1B9F1000FAF
:1088D0001AD0B8F1100F2DD1002426465046FCF7CF
:1088E0006FFF1AA9FEF7D5F810B35046FEF7ABF8A4
:1088F0000E90002EBFD137460FE04C4601264FF0B8
:108900000808EBE73446D6E74E464C464FF01008D1
:10891000E4E7002306931C461E46B8F1100F0AD167
:108920001623079309E001270446F6E70126F4E73A
:108930000127F2E70126CDF81C80924B0F932B7C88
:108940001BB120210FA801F0C7FB069B002B39D0DB
:1089500000224FF00043CDE904234246D317DDE95E
:108960000401CDE9022312F039FD95F82491CDE9F7
:108970000801B9F1000F5DD005F1CC030A93002284
:108980000023CDE900234FF000080FBB2B7C0E9A8B
:10899000002B00F09480A96A8A4240F09080C4B114
:1089A000E1B20FA801F06BFC00240CA8FCF708FF53
:1089B0001AA9FEF76EF800287FD00CA8FEF743F83E
:1089C0000E90E3E74FF0FF326FF00043C3E701275B
:1089D00000230F9A52F80C2C72B1E1B20FA8029347
:1089E00001F04DFC0FAAD5E90201FAF77BF9029BD1
:1089F00010B91D9904220A6034B92EB90F9A52F8A1
:108A00000C2C002A00F09680002B40F09380B8F1E7
:108A1000000F40F0AB80069B33B1DDE900345B42D0
:108A200064EB4404CDE90034DDE900121E9BC3E988
:108A3000001287E000220023C846CDE90023002F62
:108A4000C6D10E990798FBF721FF431CC0D0DDE982
:108A50000823DDE9009A534508BF4A452AD3DDE9DA
:108A6000012300995343039A01FB0233029AA2FBAC
:108A700001AB9B44DDE90423C117121A63EB010328
:108A80005B4508BF524538BF48F001081AEB0002A9
:108A90004BEB0103CDE9002301340CA8FCF790FE59
:108AA0001AA9FDF7F6FF002891D00CA8FDF7CBFF1F
:108AB0000E90C6E74FF00108EFE74F4665E76B6A97
:108AC0009A4285D00EAA07990A98FAF7C8FD78B39A
:108AD0000A9BC31A3C2B4FEAA300DDE900ABDDE99A
:108AE0000823C8BF06385B4508BF52451ED3DDE9E1
:108AF000012300995343039A01FB0233029AA2FB1C
:108B000001AB9B44DDE90423C117121A63EB010397
:108B10005B4508BF524538BF48F001081AEB000218
:108B20004BEB0103CDE9002301343EE7C8463CE7A7
:108B300003464EE7002200231E99C1E900231D9A37
:108B4000042313602FB11D9B1D9A1B6843F0020381
:108B500013600CAB93E803000B9B83E803000FA8A2
:108B600001F056F90B9811B0BDE8F08F069B1BB1D0
:108B700000224FF00043DFE74FF0FF326FF0004379
:108B8000DAE700BFA095002070B588B006AC84E895
:108B90000C00109B04930F9B03930E9B02930CAB52
:108BA00005460E4693E803008DE80300284694E846
:108BB0000C003146FFF714FE284608B070BD0000D7
:108BC0002DE9F04F8DB00DF1200A189C079004F1AB
:108BD0006C008AE80C00FCF7CDFD00230A93E368E3
:108BE00003F04A09B9F1400F05464AD0B9F1080F20
:108BF00014BF4FF00A084FF0100816A95046FDF7B1
:108C000035FF0746002874D15046FDF71CFFD5F804
:108C1000BC300A9083420CBF01230023029303D08F
:108C2000D5F8C030834214D12B7C13B1AB6A834298
:108C30000FD06B6A83420CD05046FCF7C1FD16A9D9
:108C4000FDF727FF064600285DD05046FDF7FBFEE6
:108C50000A90002634462A7C0A9B12B1AA6A9A42DC
:108C60004BD06A6A9A4248D0D5F8CC209A4214D1A7
:108C700056B1B8F10A0F11D1B9F1000F0AD14C4623
:108C80002DE04FF00808B8E7B9F1000F25D0B8F192
:108C9000080F27D00134012610E0E6B1D5F8C42032
:108CA0009A4203D0D5F8C8209A422FD1B9F1000FCB
:108CB0001AD0B8F1100F2DD1002426465046FCF7EB
:108CC0007FFD16A9FDF7E5FE10B35046FDF7BBFE8C
:108CD0000A90002EBFD137460FE04C4601264FF0D8
:108CE0000808EBE73446D6E74E464C464FF01008EE
:108CF000E4E7002302931C461E46B8F1100F0AD188
:108D00001623039309E001270446F6E70126F4E75A
:108D10000127F2E70126CDF80C80844B0B932B7CC6
:108D20001BB120210BA801F0D7F94246D3174FF011
:108D3000FF304FF0FF31CDE9002312F04FFB95F8E3
:108D400024B1CDE90401BBF1000F57D005F1CC03EC
:108D5000069300220023904699464FF0000AE7B997
:108D60002B7C0A9A002B00F08980A96A8A4240F085
:108D700085809CB1E1B20BA801F081FA002408A81B
:108D8000FCF71EFD16A9FDF784FE002874D008A884
:108D9000FDF759FE0A90E3E7012700230B9A52F8EA
:108DA0000C2C72B1E1B20BA8009301F068FA0BAA87
:108DB000D5E90201F9F796FF009B10B91999042231
:108DC0000A6034B92EB90B9A52F80C2C002A00F024
:108DD0008B80002B40F08880BAF1000F40F0A0801B
:108DE000029B2BB1D8F1000369EB49049846A146D8
:108DF0001A9B41464A46C3E900127DE00022002347
:108E0000DA4690469946002FC7D10A990398FBF796
:108E10003DFD431CC1D0DDE904234B4508BF42455D
:108E200027D3009B4A465343019A08FB0233009A1A
:108E3000C117A2FB08899944CB434B456FEA000256
:108E400008BF424538BF4AF0010A18EB000249EB5F
:108E5000010390469946013408A8FCF7B1FC16A915
:108E6000FDF717FE002897D008A8FDF7ECFD0A9043
:108E7000CBE74FF0010AEFE75F4670E76B6A9A4273
:108E80008BD00AAA03990698FAF7E9FB50B3069B20
:108E9000C31A3C2B4FEAA300DDE90423C8BF063800
:108EA0004B4508BF42451BD3009B4A465343019A9A
:108EB00008FB0233009AC117A2FB08899944CB43EF
:108EC0004B456FEA000208BF424538BF4AF0010A2D
:108ED00018EB000249EB01039046994601344EE736
:108EE000DA464CE7034659E7002200231A99C1E904
:108EF0000023199A042313602FB1199B199A1B6838
:108F000043F00203136008AB93E80300079B83E878
:108F100003000BA800F07CFF07980DB0BDE8F08FB0
:108F20004FF0FF324FF0FF33E0E700BFA095002085
:108F300070B588B006AC84E80C00109B04930F9BBE
:108F400003930E9B02930CAB05460E4693E8030079
:108F50008DE80300284694E80C003146FFF730FE08
:108F6000284608B070BD2DE9F0438DB0DDE91686C6
:108F700008AC054608F16C0084E80C008946FCF753
:108F800057F80AA9FBF760FE0A9B0593189BCDF8DA
:108F90000880CDE9036314AB93E803008DE8030078
:108FA00006AF4946384694E80C00FDF741FF97E8C4
:108FB000030084E8030014A92046FDF757FD18B10B
:108FC000336843F00203336094E8030085E803004C
:108FD00028460DB0BDE8F0832DE9F0438DB0DDE902
:108FE000168608AC054608F16C0084E80C0089463A
:108FF000FCF71EF80AA9FBF721FE0A9B0593189BB4
:10900000CDF80880CDE9036314AB93E803008DE845
:10901000030006AF4946384694E80C00FDF708FF08
:1090200097E8030084E8030014A92046FDF71EFD1D
:1090300018B1336843F00203336094E8030085E815
:10904000030028460DB0BDE8F0832DE9F0479CB041
:10905000DDE9269509F16C080AAC0646404684E82D
:109060000C008A46FBF7E4FF074640460DF138083E
:10907000FBF72AFF38464146FBF702FE384615A9A2
:10908000FBF7EEFD00230D930DABCDE90593072310
:10909000CDE903830CAB029324AB93E803008DE886
:1090A000030008AF94E80C0051463846FDF70BFE6C
:1090B00097E803000D9B84E803009BB9289B0C9A5A
:1090C0009A6124A92046FDF7D1FC18B12B6843F022
:1090D00002032B6094E8030086E8030030461CB0CE
:1090E000BDE8F0872B6843F004032B60E9E72DE926
:1090F000F047A6B0DDE9309509F16C080AAC0646E8
:10910000404684E80C008A46FBF792FF074640463B
:109110000DF13808FBF7D8FE38464146FBF7DFFD76
:1091200038461AA9FBF7BCFD00230D930DABCDE922
:1091300005930C23CDE903830CAB02932EAB93E88C
:1091400003008DE8030008AF94E80C005146384650
:10915000FDF7B9FD97E803000D9B84E803009BB978
:10916000329B0C9A1A612EA92046FDF77FFC18B19C
:109170002B6843F002032B6094E8030086E80300A9
:10918000304626B0BDE8F0872B6843F004032B601F
:10919000E9E72DE9F0438FB0DDE918850AAC064612
:1091A00008F16C00894684E80C00FBF78DFE0DAADF
:1091B000CDE90682042142F20F720023CDE9042199
:1091C00003930D930CAB029316AB93E803008DE869
:1091D000030008AF94E80C0049463846FDF760FCF0
:1091E00097E803000D9B84E80300C3B90C9B1A9A0F
:1091F000002BB4BF6433A3F26C73536116A92046ED
:10920000FDF734FC18B12B6843F002032B6094E89F
:10921000030086E8030030460FB0BDE8F0832B68FA
:1092200043F004032B60E9E72DE9F04F91B00AA960
:1092300081E80C00DDE91C3803F16C04079020463E
:10924000FBF742FE05902046FCF7E8F900F14003E9
:109250000893836A04461BB1036B003318BF0123D4
:10926000227CA34D02930C951AB120210CA800F08A
:1092700033FF10A8202140F80C5D00F02DFF04F111
:10928000440310AA0993E36B42F8083D00250492B9
:109290002F462E460395A9460195049BEB5C042BB3
:1092A0003ED8DFE813F05801290129009E00D800BC
:1092B000BBF1000FF1D1D8F8003043F00403C8F837
:1092C00000300AAC1AA92046FDF7D0FB28B1D8F827
:1092D000003043F00203C8F8003094E80300079B15
:1092E00083E803000DA800F093FD0CA800F090FDAA
:1092F000079811B0BDE8F08F1C9BDB689A051ED45F
:10930000B9F1010F1BD8D5B1012D0CD1029BB3B916
:109310009DF83830032B12D09DF83A30012B0ED037
:109320004FF0010B2BE0022DFAD19DF83B30042BBE
:1093300005D0029A002AF3D0032B40F00F81236A54
:1093400006934FF0000A1AA90AA8FDF7A2FB069B94
:10935000834600283CD09A4511D00AA8FDF773FB3C
:10936000E36953F82A30834235D0BAF1000F40F058
:10937000F8801C9BDB6883F40073C3F3402B01353A
:10938000042D95D1B9F1010F40F23F81BBF1000FDF
:1093900091D0019B002B00F0E780E56A4FF0010BB4
:1093A0001AA90AA8FDF775FB002800F0DF80D9454F
:1093B00000F0DF800AA8FDF746FB55F82B3083420A
:1093C0007FF479AF0AA8FCF7FBF90BF1010BE7E793
:1093D0009A45CAD1A4E70AA8FCF7F2F90AF1010AF2
:1093E000B1E7A36AB3B9236B43B31AA90AA8FDF77F
:1093F00050FB834610B30AA8FDF725FBE26A12680A
:1094000082421BD10AA8D4F83090FCF7D9F9CDF8E4
:1094100004B0B4E71AA90AA8FDF73BFB834600286D
:10942000E1D00AA8FDF70FFB626A12688242DAD126
:109430000AA8D4F82890FCF7C3F9A0E7A36A1BB9DF
:10944000029B83F0010B9AE7236B002BF8D10123D9
:1094500001939B4693E71AA90AA8FDF71AFB8346D6
:10946000002841D00AA8FDF7EEFA0FAA0F900A21B2
:109470000998FAF7F4F888B1089BC01A1D4B8010C0
:109480001B68195C0DA800F0FAFE06F1010B039EA3
:109490000AA8FCF795F903965E46DCE70F99626926
:1094A0008A4206D12FB9626B002A11DD5F468346DE
:1094B000EEE7227C62B1A369994208D187B98EB1E7
:1094C000F1B20CA800F0DBFEBB46039EE0E793463A
:1094D0000D9A52F80C2C002A08BF4FF0000B4EE7F3
:1094E000BB46F5E7B346F3E74FF0010BF0E700BFEB
:1094F000A09500202C6100201AA90AA8FDF7C9FA3E
:10950000D0B94FF0000B032D3FF439AF1AA90AA8C8
:10951000FDF7BFFA00283FF432AF0AA8FDF793FA2F
:10952000082102460598FCF756F900283FF427AFBA
:109530000AA8FCF745F9E9E70AA8FDF784FA08212B
:1095400002460598FCF747F983460028D9D00AA8B7
:10955000FCF736F9D7E74FF0010BD4E7DDF808B098
:109560000DE74FF0000B0AE7656A17E7D9457FF46E
:10957000A2AE10AD55F80C3D53F80C3C012B13D99D
:1095800000223021284600F0C8FB024660B1431C8F
:1095900004BF0D9B53F80C2C4FF0000108BF02F1E3
:1095A000FF32284600F0C6FC019B73B1284600F04C
:1095B000B1FC0D9B1B78302B07D0284600F0B3FC84
:1095C0002D220146284600F007FD0C9B53F80C3C69
:1095D0008BB1F7B19DF80C100CA800F050FE0CAA4E
:1095E000D4E90201F9F77EFB28B9D8F8003043F03E
:1095F0000403C8F800301FB1636BB3427FF45BAE65
:1096000029461E9800F074FB5BE6BBF1000FB0D159
:1096100051E6F1B2E0E700BF2DE9F04F91B00AA9A1
:1096200081E80C00DDE91C3803F16C04079020464A
:10963000FBF74AFC05902046FBF72AFF00F14003A8
:109640000893836A04461BB1036B003318BF0123E0
:10965000227CA34D02930C951AB120210CA800F096
:109660003BFD10A8202140F80C5D00F035FD04F111
:10967000440310AA0993E36B42F8083D00250492C5
:109680002F462E460395A9460195049BEB5C042BBF
:109690003ED8DFE813F05801290129009E00D800C8
:1096A000BBF1000FF1D1D8F8003043F00403C8F843
:1096B00000300AAC1AA92046FDF7D8F928B1D8F82D
:1096C000003043F00203C8F8003094E80300079B21
:1096D00083E803000DA800F09BFB0CA800F098FBAA
:1096E000079811B0BDE8F08F1C9BDB689A051ED46B
:1096F000B9F1010F1BD8D5B1012D0CD1029BB3B923
:109700009DF83830032B12D09DF83A30012B0ED043
:109710004FF0010B2BE0022DFAD19DF83B30042BCA
:1097200005D0029A002AF3D0032B40F00F81236A60
:1097300006934FF0000A1AA90AA8FDF7AAF9069B9A
:10974000834600283CD09A4511D00AA8FDF77BF942
:10975000E36953F82A30834235D0BAF1000F40F064
:10976000F8801C9BDB6883F40073C3F3402B013546
:10977000042D95D1B9F1010F40F23F81BBF1000FEB
:1097800091D0019B002B00F0E780E56A4FF0010BC0
:109790001AA90AA8FDF77DF9002800F0DF80D94555
:1097A00000F0DF800AA8FDF74EF955F82B30834210
:1097B0007FF479AF0AA8FCF703F80BF1010BE7E798
:1097C0009A45CAD1A4E70AA8FBF7FAFF0AF1010AF1
:1097D000B1E7A36AB3B9236B43B31AA90AA8FDF78B
:1097E00058F9834610B30AA8FDF72DF9E26A12680A
:1097F00082421BD10AA8D4F83090FBF7E1FFCDF8E4
:1098000004B0B4E71AA90AA8FDF743F98346002873
:10981000E1D00AA8FDF717F9626A12688242DAD12C
:109820000AA8D4F82890FBF7CBFFA0E7A36A1BB9DE
:10983000029B83F0010B9AE7236B002BF8D10123E5
:1098400001939B4693E71AA90AA8FDF722F98346DC
:10985000002841D00AA8FDF7F6F80FAA0F900A21B8
:109860000998F9F7FCFE88B1089BC01A1D4B8010BF
:109870001B68195C0DA800F002FD06F1010B039EA8
:109880000AA8FBF79DFF03965E46DCE70F99626925
:109890008A4206D12FB9626B002A11DD5F468346EA
:1098A000EEE7227C62B1A369994208D187B98EB1F3
:1098B000F1B20CA800F0E3FCBB46039EE0E7934640
:1098C0000D9A52F80C2C002A08BF4FF0000B4EE7FF
:1098D000BB46F5E7B346F3E74FF0010BF0E700BFF7
:1098E000A09500202C6100201AA90AA8FDF7D1F844
:1098F000D0B94FF0000B032D3FF439AF1AA90AA8D5
:10990000FDF7C7F800283FF432AF0AA8FDF79BF82F
:10991000082102460598FBF75EFF00283FF427AFB9
:109920000AA8FBF74DFFE9E70AA8FDF78CF8082124
:1099300002460598FBF74FFF83460028D9D00AA8B6
:10994000FBF73EFFD7E74FF0010BD4E7DDF808B097
:109950000DE74FF0000B0AE7656A17E7D9457FF47A
:10996000A2AE10AD55F80C3D53F80C3C012B13D9A9
:1099700000223021284600F0D0F9024660B1431C95
:1099800004BF0D9B53F80C2C4FF0000108BF02F1EF
:10999000FF32284600F0CEFA019B73B1284600F052
:1099A000B9FA0D9B1B78302B07D0284600F0BBFA84
:1099B0002D220146284600F00FFB0C9B53F80C3C6F
:1099C0008BB1F7B19DF80C100CA800F058FC0CAA54
:1099D000D4E90201F9F786F928B9D8F8003043F044
:1099E0000403C8F800301FB1636BB3427FF45BAE71
:1099F00029461E9800F07CF95BE6BBF1000FB0D160
:109A000051E6F1B2E0E700BF2DE9F0418CB008ACBF
:109A100084E80C00DDE915380AAFCDE9038702932D
:109A20008C4612AB18490A91064693E803009DF84C
:109A3000502006AD8DE80300FAB194E80C006146B1
:109A40002846FFF7F1FB95E803000A9D84E8030030
:109A5000F9F71EFA0CAB424643F8040D1799284655
:109A6000F9F736FC94E8030086E80300384600F076
:109A7000CFF930460CB0BDE8F08194E80C006146A7
:109A80002846FFF7C9FDDEE7A09500202DE9F04F3D
:109A90008FB00AAC84E80C001B9B0793074603F1C8
:109AA0006C008A469DF868B0DDF87480FBF70CFA0C
:109AB000079B1C9A1E490D91CDE902320DAE04960A
:109AC00018AB814693E803008DE8030008AD94E8E5
:109AD0000C0051462846BBF1000F25D0FFF7A4FB30
:109AE0000D9B95E8030053F80C5C84E8030085B1F6
:109AF0002946404607F066FBDDF834A04046554451
:109B000007F0C8F9D8F800302A4651464846FBF716
:109B100015FC94E8030087E80300304600F078F96C
:109B200038460FB0BDE8F08FFFF776FDD8E700BFED
:109B3000A0950020244B1A68D0075CBF01221A6050
:109B4000224B1A68D1075CBF01221A60204B1A68A9
:109B5000D2075CBF01221A601E4B1A68D0075CBF97
:109B600001221A601C4B1A68D1075CBF01221A60DF
:109B70001A4B1A68D2075CBF01221A60184B1A6888
:109B8000D0075CBF01221A60164B1A68D1075CBF70
:109B900001221A60144B1A68D2075CBF01221A60B6
:109BA000124B1A68D0075CBF01221A60104B1A686A
:109BB000D1075CBF01221A600E4B1A68D2075CBF46
:109BC00001221A60704700BF609500205C9500205C
:109BD0005895002054950020509500204C95002069
:109BE0004895002044950020409500203C95002099
:109BF000389500203495002013460A4611B1197893
:109C000012F006BB08467047036853F80C3C8B42C1
:109C100010B5144604D20A460248214609F034FE23
:109C2000084610BDEB4A0500006801F1804150F87C
:109C30000C0C0439091A914208B502D2184609F0F1
:109C400020FE08BD0068884207D850F80C3C184434
:109C5000814294BF00200120704701207047012AF3
:109C600030B403D10B78037030BC7047002AFBD0AE
:109C700030BC12F02CBB012A30B403D10B78037036
:109C800030BC7047002AFBD030BC12F02BBB0B4617
:109C9000012B10B41146044603D122705DF8044B29
:109CA0007047002BFAD01A465DF8044B12F033BB14
:109CB00008B5521AFFF7D3FF08BD0000F8B50446F7
:109CC00017460E46094A19461D46FFF79DFF2168B3
:109CD00051F80C2C541BBC4228BF3C4624B12246F0
:109CE00029443046FFF7BBFF2046F8BDD84A05009F
:109CF000036853F8042C002AB8BF002210B5B8BF7F
:109D000043F8042C0A6852F8044C002CBCBF002411
:109D100042F8044C02600B6010BD10B5036853F8A4
:109D20000C0C824204D29C5C8C4203D10132F8E7D5
:109D30004FF0FF32104610BD044B984204D0002370
:109D40008360016008440373704700BF949500204E
:109D5000134B984210B5044602D9124809F091FD00
:109D6000884203D94B00984238BF1C4604F11D03BA
:109D7000B3F5805F04F10D000CD98C420AD9C3F30E
:109D80000B0304F58054E41A054B9C4228BF1C4683
:109D900004F10D00F7F744FA00224460826010BD20
:109DA000FCFFFF3F7D530500F8B50F46064680B126
:109DB0000021FFF7CDFF00F10C0405463146204697
:109DC0003A46FFF764FF31462846FFF7B5FF2046C5
:109DD000F8BD014CFBE700BFA095002010B504467C
:109DE000084611461A46FFF7DFFF2060204610BDE7
:109DF000F7F71ABA054A904210B506D08268541E89
:109E0000002A846001DCFFF7F3FF10BD9495002069
:109E100013B50446006801A90C38FFF7EBFF204694
:109E200002B010BD036813B50446A3F10C0053F84B
:109E3000043C002B06DD01A9FFF7DCFF034B236088
:109E400002B010BD0021FFF777FFF9E7A0950020D1
:109E50002DE9F74F0746006850F80C6CA3EB020899
:109E6000B0440C46761A50F8081C884515469946A9
:109E7000A6EB020603D850F8043C002B1FDD01AA14
:109E80004046FFF765FF834600F10C0A24B12246E5
:109E900039685046FFF7E3FE4EB129193B680C3490
:109EA0004C44324619440BEB0400FFF7D8FE3868E7
:109EB00001A90C38FFF79EFFC7F800A000E03EB9EB
:109EC000386841460C38FFF737FF03B0BDE8F08F24
:109ED0009145F5D011194C44014432462044FFF716
:109EE000CAFEEDE703680A4A934210B504460DD056
:109EF00053F8043C002B04DD00231A461946FFF7F3
:109F0000A7FF23684FF0FF3243F8042C10BD00BFB9
:109F1000A095002008B5036853F8043C002B01DB32
:109F2000FFF7E0FF08BD10B50446FFF7F3FF206818
:109F300010BD000070B504461546094A0E46FFF7ED
:109F400063FE236853F80C2C921BAA4201464FF083
:109F50000003204628BF2A46FFF77AFF204670BD3F
:109F6000824B0500F8B51C46174605460E460A4BBF
:109F700022463946FFF758FE23463A4631462846E0
:109F8000FFF766FF34B128689DF818202146304459
:109F9000FFF77DFE2846F8BD654B050013B5046844
:109FA00000920B4654F80C2C0021FFF7DBFF02B0A7
:109FB00010BD000073B51546064A1E460446FFF75D
:109FC00023FE009601462B4600222046FFF7CAFFDB
:109FD00002B070BDAB4B050037B504680092054672
:109FE0000C1B012300222146FFF7BCFF28684FF01D
:109FF000FF3340F8043C204403B030BDF8B5069C64
:10A000001F46234605460E46FFF722FF2CB128685F
:10A01000224639463044FFF722FE2846F8BD0000AC
:10A020002DE9F34106681A4B56F80C8C04460F468E
:10A0300041461546FFF7F8FD39462046FFF702FE78
:10A0400018B956F8043C002B0BDD204600953B4622
:10A0500042460021FFF7D2FF0446204602B0BDE889
:10A06000F081BB1B9D420AD82A4639463046FFF78D
:10A07000F6FD206829460C38FFF75EFEEDE7002B61
:10A08000F7D02A4639463046FFF7F5FDF1E700BF25
:10A0900095530500034B98421EBF836801338360CC
:10A0A0000C3070479495002070B504460068104449
:10A0B0000A466168FFF74CFE2268064600F10C056F
:10A0C00022B104F10C012846FFF7C9FD3046216892
:10A0D000FFF732FE284670BD37B50446006850F8D9
:10A0E000083C994203D150F8043C002B11DD50F894
:10A0F0000C2D91422CBFC2EB0102C2EB020201A95E
:10A10000FFF7D2FF0546206801A90C38FFF772FE61
:10A11000256003B030BDF8B50B6853F80C6C0446ED
:10A120000F46E6B1036853F80C5C53F8082C35442D
:10A13000954203D853F8043C002B03DD2946204602
:10A14000FFF7CAFF2368396853F80C0C32461844ED
:10A15000FFF785FD206829460C38FFF7EDFD204606
:10A16000F8BD08B5FFF7D7FF08BD00002DE9F041A5
:10A1700004460E4690462AB3184B0021FFF754FDC3
:10A18000276857F80C5C57F8083C45449D4203D8B3
:10A1900057F8043C002B08DD31462046FFF752FDFE
:10A1A00098B129462046FFF797FF236853F80C0C17
:10A1B000314618444246FFF752FD206829460C38C4
:10A1C000FFF7BAFD2046BDE8F08129462046FFF79B
:10A1D00083FF2368F61B1E44E7E700BF964B05008C
:10A1E000F8B5044617460E4609B30A46114B00213E
:10A1F000FFF71AFD236853F80C5C53F8082C35441C
:10A20000954203D853F8043C002B03DD2946204631
:10A21000FFF762FF236853F80C0C314618443A46A6
:10A22000FFF735FD206829460C38FFF785FD2046ED
:10A23000F8BD00BF964B0500F8B5036853F80C6CE9
:10A240000B4B0C4617460A4631460546FFF7ECFC19
:10A25000A64205D23A46A11B2846FFF7C1FFF8BD2A
:10A26000FDD94FF0FF3221462846FFF763FEF6E79F
:10A27000AA53050008B50022FFF7DEFF08BD0368FA
:10A2800070B553F80C4C53F8082C01349442054631
:10A290000E4603D853F8043C002B03DD2146284624
:10A2A000FFF71AFF2B6853F80C2C9E5428682146A0
:10A2B0000C38FFF741FD70BD08B58368002B02DB49
:10A2C000FFF7E8FE08BD0022FFF7EEFEFAE713B540
:10A2D0000446086801AA69460C38FFF7EDFF2060C4
:10A2E000204602B010BD000088422DE9F04104462E
:10A2F0000E4618D0A0B1A1EB000840460021FFF7A0
:10A3000027FD00F10C050746214628463246FFF797
:10A31000CFFC41463846FFF70FFD2846BDE8F081E7
:10A32000024809F0ABFA024DF7E700BF53530500AE
:10A33000A095002070B5054616460C4661B108464A
:10A3400013F0BEFD21184FF0000332462046FFF700
:10A35000CBFF2860284670BD4FF0FF31F3E710B502
:10A360000446084611461A464FF00003FFF7BCFFAB
:10A370002060204610BD38B51D4604464FF000034E
:10A38000084611442A46FFF7AFFF2060204638BD3B
:10A3900082B037B506AD85E80C000A9A0B680192C9
:10A3A000002200921D69DDE906230446A8472046E5
:10A3B00003B0BDE8304002B0704782B037B506AD9B
:10A3C00085E80C000A9A0B680192002200921D6930
:10A3D000DDE906230446A847204603B0BDE8304027
:10A3E00002B0704710B5034B03600446F9F700FD57
:10A3F000204610BD0854050010B5034B0360044609
:10A40000F9F7EAFC204610BDC853050010B5044614
:10A41000FFF7F2FF2046F6F707FF204610BD10B504
:10A420000446FFF7DFFF2046F6F7FEFE204610BD8C
:10A4300010B50446006A11F015FD606210BD10B53C
:10A440000446006A11F00EFD216ABDE8104014F0C8
:10A450004DBF4A1C10B50446084602D1606A431C31
:10A4600002D0216A14F042FF4FF0FF33636210BD47
:10A47000006A11F057BA006A11F054BA08B50B46D9
:10A480005A1C016A04D01846BDE8084012F0D2BD3B
:10A49000084611F047FA003018BF0120404208BDBD
:10A4A000F8B50D461146069A4FF0FF364FF0FF37CC
:10A4B00000230446C0E90067C0E902331AB1012A4B
:10A4C0000CBF01220222286A11F048FB28B9286A31
:10A4D00011F0DEFBC117C4E900012046F8BDF8B554
:10A4E0000D461146069A4FF0FF364FF0FF37002316
:10A4F0000446C0E90067C0E902331AB1012A0CBF63
:10A5000001220222286A11F029FB28B9286A11F0D9
:10A51000BFFBC117C4E900012046F8BD10B50446D1
:10A52000006A11F0CFFC606210BDF8B505460E461A
:10A5300017460024BC4208D0286A11F0C3FC431C13
:10A5400003D046F824000134F4E73CB104F1804321
:10A55000013B56F823306B622046F8BD4FF0FF33C5
:10A56000F9E710B50446006A11F0ACFC216ABDE8B9
:10A57000104014F0EBBE4A1C10B50446084602D148
:10A58000606A431C02D0216A14F0E0FE4FF0FF33F2
:10A59000636210BD08B50B465A1C016A04D0184608
:10A5A000BDE8084012F04EBD084611F0BBF900307E
:10A5B00018BF0120404208BDF8B505460E461746B3
:10A5C0000024BC4208D0296A56F8240012F03AFD53
:10A5D000013001D00134F4E72046F8BD10B40C4638
:10A5E000036A012120465DF8044B11F02DBC38B5FB
:10A5F0000C46036A05460121204611F0A1FA002805
:10A60000CABF24184FF0FF3314F8013C6B6238BD09
:10A6100038B504460D46F9F7D1FC044B23604FF0E2
:10A62000FF3325626362204638BD00BFC853050072
:10A6300038B504460D46F9F7EFFC044B23604FF0A4
:10A64000FF3325626362204638BD00BF0854050011
:10A6500010B5054B03601433044640F8043FF8F787
:10A6600015FF204610BD00BFD8540500D0F800C02B
:10A67000ACF10C0CDCF800C06044E9E710B5054B08
:10A6800003601433044640F8043FF8F709FF2046FE
:10A6900010BD00BF08550500D0F800C0ACF10C0C8F
:10A6A000DCF800C06044E9E710B50446FFF7D0FFCE
:10A6B0002046F6F7B9FD204610BDD0F800C0ACF139
:10A6C0000C0CDCF800C06044EEE710B50446FFF760
:10A6D000D5FF2046F6F7A8FD204610BDD0F800C0F3
:10A6E000ACF10C0CDCF800C06044EEE70B6810B570
:10A6F0000446036053F80C0C49682150204411466D
:10A70000F8F734FF204610BD70B5051D04462846F5
:10A710000E46F8F7F9FE054B2360143328466360B4
:10A720003146F8F723FF204670BD00BFD85405001E
:10A7300010B5044669B91368236061B9526853F8CB
:10A740000C3CE2508B0702D5201DF8F79FFE2046F7
:10A7500010BD024BF0E7024A0423F2E7D85405008B
:10A76000EC5405000A460021FFF7E2BF036853F8E6
:10A770000C3C034410B50446986F50B1F9F702FC45
:10A78000013006D1236853F80C0C01212044F8F75E
:10A79000B5FE204610BD0B6810B50446036053F8A3
:10A7A0000C0C4968215020441146F8F742FF20461E
:10A7B00010BD000070B5051D044628460E46F8F78A
:10A7C00005FF054B23601433284663603146F8F7D4
:10A7D00030FF204670BD00BF0855050010B5044687
:10A7E00069B91368236061B9526853F80C3CE250B0
:10A7F0008B0702D5201DF8F753FE204610BD024BF3
:10A80000F0E7024A0423F2E7085505001C5505004D
:10A810000A460021FFF7E2BF036853F80C3C0344EB
:10A8200010B50446D86F50B1F9F7DAFB013006D104
:10A83000236853F80C0C01212044F8F7C1FE204690
:10A8400010BDFFF7E5BA06F0B1BAF8B50B6853F8DA
:10A850000C4C0746601C0E46F6F7E4FC0023054648
:10A86000014622463046FFF729FA00232B553D606A
:10A870002046F8BDF8B50B6853F80C4C0B4B074657
:10A88000601C984294BF80004FF0FF300E46F6F7F0
:10A89000C9FC0023054601462246304606F0E6F98B
:10A8A000002345F824303D602046F8BDFEFFFF1F21
:10A8B00013B5049CCDE9003413460A46C1684FF035
:10A8C000000008F068F802B010BD30B58BB00D463E
:10A8D0000AA901E90C0079230693129B0593119BA9
:10A8E0000493109B03930EAA044692E8030001AB65
:10A8F00083E80300099B00932046089BAA684FF059
:10A90000000108F0F0F920460BB030BD30B58BB037
:10A910000D460AA901E90C006D230693129B0593CD
:10A92000119B0493109B03930EAA044692E8030024
:10A9300001AB83E80300099B00932046089BAA68AB
:10A940004FF0000108F0CFF920460BB030BD30B514
:10A950008BB00D460AA901E90C0077230693129BE0
:10A960000593119B0493109B03930EAA044692E84F
:10A97000030001AB83E80300099B00932046089B7A
:10A98000AA684FF0000108F0AEF920460BB030BDC8
:10A9900030B58BB00D460AA901E90C00642306937B
:10A9A000129B0593119B0493109B03930EAA0446DC
:10A9B00092E8030001AB83E80300099B0093204663
:10A9C000089BAA684FF0000108F08DF920460BB0F3
:10A9D00030BD30B58BB00D460AA901E90C007423D7
:10A9E0000693129B0593119B0493109B03930EAA4D
:10A9F000044692E8030001AB83E80300099B00933F
:10AA00002046089BAA684FF0000108F06CF9204628
:10AA10000BB030BD81684FF0000008F05EB9F0B5B2
:10AA200091B00AAC84E80C00002307930D930EABA1
:10AA300006930DAB0593199B04939DF86030039327
:10AA400016AA0F46054692E8030001AB83E803000F
:10AA50000B9B009308AE0A9BBA684FF0000130468A
:10AA600008F0F1FC96E803000D9B84E803005BB955
:10AA7000DDE90E011B9BC3E9000194E8030085E8B2
:10AA80000300284611B0F0BD1A9A1360F5E710B51F
:10AA900088B00DF1200C0CE90C00002304939DF804
:10AAA000303003930B9B02939DF828300193079B52
:10AAB00000938A68069B4FF00001044608F0FAFBF9
:10AAC000204608B010BD0A4601694FF0000008F0AA
:10AAD000FCB807B50968009251F80C3C0A460169B8
:10AAE0004FF0000008F0C5F803B05DF804FB13B5A3
:10AAF000049CCDE9003413460A46C1684FF00000BB
:10AB000007F054FF02B010BD30B58BB00D460AA956
:10AB100001E90C0079230693129B0593119B049382
:10AB2000109B03930EAA044692E8030001AB83E84E
:10AB30000300099B00932046089BAA684FF0000180
:10AB400008F02FF920460BB030BD30B58BB00D4664
:10AB50000AA901E90C006D230693129B0593119B32
:10AB60000493109B03930EAA044692E8030001ABE2
:10AB700083E80300099B00932046089BAA684FF0D6
:10AB8000000108F00EF920460BB030BD30B58BB097
:10AB90000D460AA901E90C0077230693129B059341
:10ABA000119B0493109B03930EAA044692E80300A2
:10ABB00001AB83E80300099B00932046089BAA6829
:10ABC0004FF0000108F0EDF820460BB030BD30B575
:10ABD0008BB00D460AA901E90C0064230693129B71
:10ABE0000593119B0493109B03930EAA044692E8CD
:10ABF000030001AB83E80300099B00932046089BF8
:10AC0000AA684FF0000108F0CCF820460BB030BD28
:10AC100030B58BB00D460AA901E90C0074230693E8
:10AC2000129B0593119B0493109B03930EAA044659
:10AC300092E8030001AB83E80300099B00932046E0
:10AC4000089BAA684FF0000108F0ABF820460BB053
:10AC500030BD81684FF0000008F042B8F0B591B007
:10AC60000AAC84E80C00002307930D930EAB069307
:10AC70000DAB0593199B04939DF86030039316AABE
:10AC80000F46054692E8030001AB83E803000B9BE7
:10AC9000009308AE0A9BBA684FF00001304608F0F6
:10ACA0004AFD96E803000D9B84E803005BB9DDE9EB
:10ACB0000E011B9BC3E9000194E8030085E8030033
:10ACC000284611B0F0BD1A9A1360F5E710B588B0A8
:10ACD0000DF1200C0CE90C00002304930C9B039352
:10ACE0000B9B02939DF828300193079B00938A6881
:10ACF000069B4FF00001044608F056FC204608B0C1
:10AD000010BD0A4601694FF0000007F0E2BF07B529
:10AD10000968009251F80C3C0A4601694FF00000A6
:10AD200007F0BDFF03B05DF804FB10B504460068F2
:10AD300043685A1E012B426002D103685B68984742
:10AD4000204610BD10B5074B03600369002204467E
:10AD5000DA600C30FFF7E9FF2046F7F7D3FE204614
:10AD600010BD00BFCC5B050010B50446FFF7EAFF3D
:10AD70002046F6F759FA204610BD000010B5054BE5
:10AD8000044640F80C3BFFF7D0FF204609F02CFAB0
:10AD9000204610BD5C5B050010B50446FFF7EEFFD2
:10ADA0002046F6F741FA204610BD000010B5054BCD
:10ADB000044640F8083BFFF7B8FF204609F044F985
:10ADC000204610BD145C050010B50446FFF7EEFFE9
:10ADD0002046F6F729FA204610BD000010B5054BB5
:10ADE000044640F8083BFFF7A0FF204609F0F0F8C2
:10ADF000204610BD645C050010B50446FFF7EEFF69
:10AE00002046F6F711FA204610BD000010B5054B9C
:10AE1000044640F8083BFFF788FF204609F0E2F8B7
:10AE2000204610BD945C050010B50446FFF7EEFF08
:10AE30002046F6F7F9F9204610BD000002690A4BDA
:10AE400010B503600023D360026993610269136245
:10AE50000269044693620C30FFF767FF2046F7F75C
:10AE6000A9FC204610BD00BFF85C050010B50446E3
:10AE7000FFF7E4FF2046F6F7D7F9204610BD0000A3
:10AE800002690A4B10B503600023D3600269936125
:10AE9000026913620269044693620C30FFF745FFB2
:10AEA0002046F7F7A1FC204610BD00BFC45C05009A
:10AEB00010B50446FFF7E4FF2046F6F7B5F9204643
:10AEC00010BD000010B5054B044640F8103BFFF7DD
:10AED0002CFF204609F070F9204610BD945B050058
:10AEE00010B50446FFF7EEFF2046F6F79DF9204621
:10AEF00010BD000010B5074B036003690022044633
:10AF0000DA600C30FFF711FF2046F7F763FE2046AA
:10AF100010BD00BFF05B050010B50446FFF7EAFF67
:10AF20002046F6F781F9204610BD000010B5054B0C
:10AF3000044640F80C3BFFF7F8FE2046F9F7CCFB3F
:10AF4000204610BD785B050010B50446FFF7EEFF04
:10AF50002046F6F769F9204610BD000010B5054BF4
:10AF6000044640F8083BFFF7E0FE2046F9F7E4FA14
:10AF7000204610BD3C5C050010B50446FFF7EEFF0F
:10AF80002046F6F751F9204610BD000010B5054BDC
:10AF9000044640F8083BFFF7C8FE2046F9F790FA50
:10AFA000204610BD7C5C050010B50446FFF7EEFF9F
:10AFB0002046F6F739F9204610BD000010B5054BC4
:10AFC000044640F8083BFFF7B0FE2046F9F782FA46
:10AFD000204610BDAC5C050010B50446FFF7EEFF3F
:10AFE0002046F6F721F9204610BD000002690A4B01
:10AFF00010B503600023D360026913620269936293
:10B000000269044613630C30FFF78FFE2046F7F702
:10B01000A9FC204610BD00BF605D050010B50446C8
:10B02000FFF7E4FF2046F6F7FFF8204610BD0000CA
:10B0300002690A4B10B503600023D36002691362F2
:10B04000026993620269044613630C30FFF76DFED8
:10B050002046F7F7A1FC204610BD00BF2C5D05007F
:10B0600010B50446FFF7E4FF2046F6F7DDF820466A
:10B0700010BD000010B5054B044640F8103BFFF72B
:10B0800054FE2046F9F710FB204610BDB05B0500CA
:10B0900010B50446FFF7EEFF2046F6F7C5F8204648
:10B0A00010BD10B58369044603B19847204610BD12
:10B0B00037B5084614460D4609F0D0FA84F8240046
:10B0C000284609F0CEFA0023A3606361E3610123FF
:10B0D00084F8643084F82500294601A809F0C4FAF0
:10B0E00001A904F10800FFF7B0FBE06001A8FEF73A
:10B0F0008FFE294601A809F0BEFA01A904F1140047
:10B10000FFF7A3FBA06101A8FEF782FE294601A874
:10B1100009F0B8FA01A904F11C00FFF796FB2062C0
:10B1200001A8FEF775FE03B030BD37B508461446DA
:10B130000D46F9F753FD60622846F9F752FD0023EA
:10B14000A3606361E361012384F82431A06229468E
:10B1500001A8F9F749FD01A904F10800FFF775FB03
:10B16000E06001A8FEF754FE294601A8F9F743FD67
:10B1700001A904F11400FFF77DFBA06101A805F00F
:10B1800015FE294601A8F9F73DFD01A904F11C00AF
:10B19000FFF770FB206201A805F008FE03B030BD88
:10B1A00010B4084611461A46DDE9013401945DF8F1
:10B1B000044B09F0BBBB10B4084611461A46DDE942
:10B1C000013401945DF8044BF9F770BE37B50846B9
:10B1D00014460D4609F082F96074284609F081F999
:10B1E000A074284609F09CF90023A3606361E36121
:10B1F0006362012384F84330E062294601A809F024
:10B2000073F901A904F10800FFF71FFBE06001A832
:10B21000FEF7FEFD294601A809F06DF901A904F128
:10B220001400FFF712FBA06101A8FEF7F1FD29460B
:10B2300001A809F067F901A904F11C00FFF705FB5B
:10B24000206201A8FEF7E4FD294601A809F061F992
:10B2500001A904F12400FFF7F8FAA06201A8FEF7A3
:10B26000D7FD284609F05FF92063284609F060F908
:10B27000606303B030BD37B5084614460D4609F08B
:10B28000EBF86074284609F0EAF8A074284609F043
:10B2900005F90023A3606361E3616362012384F81D
:10B2A0004330E062294601A809F0DCF801A904F165
:10B2B0000800FFF7CAFAE06001A8FEF7A9FD2946D9
:10B2C00001A809F0D6F801A904F11400FFF7BDFAAE
:10B2D000A06101A8FEF79CFD294601A809F0D0F85D
:10B2E00001A904F11C00FFF7B0FA206201A8FEF7E3
:10B2F0008FFD294601A809F0CAF801A904F124002C
:10B30000FFF7A3FAA06201A8FEF782FD284609F024
:10B31000C8F82063284609F0C9F8606303B030BD5F
:10B3200037B5084614460D46F9F798FB6061284684
:10B33000F9F797FBA0612846F9F7B2FB0023A36059
:10B34000E3616362E362012384F86C306063294641
:10B3500001A8F9F789FB01A904F10800FFF775FAC4
:10B36000E06001A8FEF754FD294601A8F9F783FB28
:10B3700001A904F11C00FFF77DFA206201A805F085
:10B3800015FD294601A8F9F77DFB01A904F1240068
:10B39000FFF770FAA06201A805F008FD294601A890
:10B3A000F9F777FB01A904F12C00FFF763FA20639A
:10B3B00001A805F0FBFC2846F9F775FBA0632846B9
:10B3C000F9F776FBE06303B030BD37B508461446A5
:10B3D0000D46F9F701FB60612846F9F700FBA06113
:10B3E0002846F9F71BFB0023A360E3616362E36275
:10B3F000012384F86C306063294601A8F9F7F2FA5A
:10B4000001A904F10800FFF720FAE06001A8FEF7A7
:10B41000FFFC294601A8F9F7ECFA01A904F11C0088
:10B42000FFF728FA206201A805F0C0FC294601A810
:10B43000F9F7E6FA01A904F12400FFF71BFAA0626C
:10B4400001A805F0B3FC294601A8F9F7E0FA01A923
:10B4500004F12C00FFF70EFA206301A805F0A6FC0A
:10B460002846F9F7DEFAA0632846F9F7DFFAE06329
:10B4700003B030BD13B50C4601A811461A466B4601
:10B48000FEF779FF049A01A9204609F02DFA044637
:10B4900001A8FEF7BDFC204602B010BD13B50C4656
:10B4A00001A811461A466B46FEF765FF049A01A9EA
:10B4B0002046F9F7D9FC044601A8FEF7A9FC20466E
:10B4C00002B010BD0846114609F01DBA08461146E3
:10B4D000F9F7D9BC084609F068B90846F9F725BC60
:10B4E00082B0F0B587B004469DF850700D93742F6C
:10B4F0001546DDE91110139E0FAA0DAB15D003D828
:10B50000642F24D06D2F3CD0772F2DD0792FFBD1F5
:10B51000CDE90306029192E803008DE80300294675
:10B520000CCB204609F0B4F90BE0CDE903060291FB
:10B5300092E803008DE8030029460CCB204609F071
:10B5400037F9204607B0BDE8F04002B07047CDE9BA
:10B550000306029192E803008DE8030029460CCB14
:10B56000204609F041F9ECE7CDE90306029192E8A3
:10B5700003008DE8030029460CCB204609F050F962
:10B58000DFE7CDE90306029192E803008DE80300AE
:10B5900029460CCB204609F05FF9D2E782B0F0B51E
:10B5A00087B004469DF850700D93742F1546DDE961
:10B5B0001110139E0FAA0DAB15D003D8642F24D001
:10B5C0006D2F3CD0772F2DD0792FFBD1CDE90306FD
:10B5D000029192E803008DE8030029460CCB204637
:10B5E000F9F716FC0BE0CDE90306029192E803009F
:10B5F0008DE8030029460CCB2046F9F799FB20463D
:10B6000007B0BDE8F04002B07047CDE903060291F3
:10B6100092E803008DE8030029460CCB2046F9F799
:10B62000A3FBECE7CDE90306029192E803008DE865
:10B63000030029460CCB2046F9F7B2FBDFE7CDE942
:10B640000306029192E803008DE8030029460CCB23
:10B650002046F9F7C1FBD2E7F8B5A64A0C466FF0D1
:10B660000103A54905460EF024F8064610B104680A
:10B670002046F8BDA14B9C4226D16820F5F7D0FDAD
:10B680009F4B036007464660C0E902660674C0E946
:10B690000566C0E90766868480F864601420F5F7C3
:10B6A000BFFD32463946044608F0C8FF6B68E560C6
:10B6B00001336B60934B236027613A4629464FF074
:10B6C000000007F0EEF8D3E78F4B9C420DD110201D
:10B6D000F5F7A6FD3146044609F018F96B68E560F8
:10B6E00001336B60894B2360C2E7894B9C420AD1CE
:10B6F0000C20F5F795FD6B6801336B600446C0E9DB
:10B700000165844BEFE7844B9C420AD10C20F5F78E
:10B7100087FD6B6801336B600446C0E901657F4BB0
:10B72000E1E77F4B9C420AD10C20F5F779FD6B686D
:10B7300001336B600446C0E901657A4BD3E77A4B6D
:10B740009C422CD14420F5F76BFD784B03600746F3
:10B750004660C0E90266067446748674C0E90566F0
:10B76000C0E90766C0E90966C0E90B66466380F870
:10B7700043601420F5F754FD32463946044608F07C
:10B780009BFE6B68E56001336B60694B236027614A
:10B790003A4629464FF0000007F013F968E7654B79
:10B7A0009C422CD14420F5F73BFD634B03600746D8
:10B7B0004660C0E90266067446748674C0E9056690
:10B7C000C0E90766C0E90966C0E90B66466380F810
:10B7D00043601420F5F724FD32463946044608F04C
:10B7E00029FE6B68E56001336B60544B2360276171
:10B7F0003A4629464FF0000007F039F938E7504B38
:10B800009C420CD11420F5F70BFD3146044609F09B
:10B810005BF86B68256101336B604A4B63E74A4B09
:10B820009C4229D14FF49470F5F7FAFC0027474B5E
:10B83000036006464760C0E902770774C0E90577F0
:10B84000C0E90777C0E9097780F824711420F5F77B
:10B85000E7FC3A4631460446F9F7B0F96B68E56013
:10B8600001336B603A4B23602661324629464FF024
:10B87000000007F054F8FBE6364B9C420CD1102038
:10B88000F5F7CEFC00210446F9F700FB6B68E56094
:10B8900001336B60304B26E7304B9C420BD10C20C0
:10B8A000F5F7BEFC0023C0E901356B6801336B601E
:10B8B00004462B4B17E72B4B9C420BD10C20F5F782
:10B8C000AFFC0023C0E901356B6801336B600446AF
:10B8D000254B08E7254B9C424CD10C20F5F7A0FCEA
:10B8E0000023C0E901356B6801336B600446204BCF
:10B8F000F9E600BF985505004C49050094960020D4
:10B900009C470500CC5B0500789600205C5B050039
:10B9100080960020145C05009C960020645C050065
:10B9200098960020945C0500A09600205C470500D6
:10B93000F85C0500A49600206C470500C45C050077
:10B940007C960020945B050080950020AC470500A4
:10B95000F05B050064950020785B05006C95002085
:10B960003C5C0500889500207C5C050084950020E7
:10B97000AC5C05003A4B9C422DD17020F5F750FC91
:10B980000027384B036006464760C0E9027707741A
:10B99000C0E90577C0E90777C0E90977C0E90B7707
:10B9A000C0E90D77C76380F86C701420F5F738FC98
:10B9B0003A4631460446F9F73FF86B68E5600133D3
:10B9C0006B60294B23602661324629464FF0000008
:10B9D00007F0A3F84CE6254B9C422DD17020F5F7DB
:10B9E0001FFC0027224B036006464760C0E9027730
:10B9F0000774C0E90577C0E90777C0E90977C0E9AE
:10BA00000B77C0E90D77C76380F86C701420F5F7E9
:10BA100007FC3A4631460446F8F7CCFF6B68E56010
:10BA200001336B60134B23602661324629464FF089
:10BA3000000007F0C8F81BE60F4B9C420CD1142005
:10BA4000F5F7EEFB00210446F9F7FEF96B68256176
:10BA500001336B60094B46E6094807F00FFF00BF52
:10BA60008C9500207C470500605D050090950020C6
:10BA70008C4705002C5D050068950020B05B050033
:10BA8000BB55050013B58B69044613B9054807F08B
:10BA9000F5FE01ABD1E90012FEF76DFC204602B0C5
:10BAA00010BD00BFA055050010B58AB00446009334
:10BAB00000201346C968099003AA07F0B3FC03A944
:10BAC0002046FFF7DFFF03A8FFF7EBFA20460AB096
:10BAD00010BD30B58DB0044600200B901198006861
:10BAE00050F80C5CCDE902051098CDE90030134602
:10BAF000096905AA4FF0000007F01EFD05A92046C0
:10BB0000FFF7C0FF05A8FFF7CCFA20460DB030BD07
:10BB100082B02DE9F04786B0064614990F93174678
:10BB20009DF84480DDF848909DF84CA00FACB1B171
:10BB300005AD2846FFF7A6FFCDE902A5CDE90089AE
:10BB4000304694E80C00394608F04BFD2846FEF7D5
:10BB50005FF9304606B0BDE8F04702B07047CDE966
:10BB6000019ACDF8008094E80C00394608F023FDD6
:10BB7000EFE7F0B597B00AAC84E80C000FAE0023F5
:10BB8000CDE9063615930D930DAB05931F9B0493DA
:10BB90009DF8783003931CAA8C46054692E8030072
:10BBA00001AB83E8030008AF0B9B00934FF000014B
:10BBB0000A9BDCF80820384607F045FC97E80300AC
:10BBC0000D9B84E80300A3B931460EA8FFF75AFF86
:10BBD00021980EA9FEF78CF80EA8FEF719F994E843
:10BBE000030085E803003046FFF75BFA284617B0EC
:10BBF000F0BD209A1360F2E738B5836904460D461C
:10BC000003B1984729462046FEF761FB2B6853F89D
:10BC10000C3C6360014BA361204638BD43A8030080
:10BC200070B590B009AC0E4606A9054681E80C0037
:10BC30002046002317990F93FFF7DEFF9DF8583039
:10BC40000393159B02939DF850300193079B00933B
:10BC50009FED070B069BB26804944FF00001284645
:10BC600007F028FB2046FFF71CFA284610B070BDED
:10BC7000000000000000000013B5144601A81A4699
:10BC8000049B08F05AFE01A92046FFF7B5FF01A862
:10BC9000FEF7BEF802B010BDF0B587B004AC0E469A
:10BCA00015461F46DDE90E1203AB2046FEF763FB87
:10BCB0000D9B00933A460C9B0194314605A808F071
:10BCC00016FE05A92846FFF797FF05A8FEF7A0F87E
:10BCD0002046FEF79DF807B0F0BD000082B02DE9C8
:10BCE000F0418AB00546189811939446DDE916177D
:10BCF0009DF8542013AB11AC98B1CDE90470CDE997
:10BD0000022193E803008DE80300614694E80C00EB
:10BD1000284608F012FC28460AB0BDE8F04102B0FF
:10BD2000704709AECDE90476CDE902210F480990AC
:10BD300093E803008DE803000DF1180894E80C0067
:10BD40006146404608F018FC98E803003B6884E828
:10BD500003001BB931461998FFF74EFF94E8030022
:10BD600085E803003046FEF753F8D4E7A09500209D
:10BD700013B58B69044613B9054807F07FFD01AB85
:10BD8000D1E9001205F0A0FA204602B010BD00BFB4
:10BD9000A055050010B58AB0044600930020134654
:10BDA000C968099003AA07F0B5FC03A92046FFF76C
:10BDB000DFFF03A8FFF775F920460AB010BD30B5C4
:10BDC0008DB0044600200B901198006850F80C5C70
:10BDD000CDE902051098CDE900301346096905AA9E
:10BDE0004FF0000007F020FD05A92046FFF7C0FF37
:10BDF00005A8FFF756F920460DB030BD82B02DE9F9
:10BE0000F04786B0064614990F9317469DF8448074
:10BE1000DDE9129A0FACB1B105AD2846FFF7A8FFD6
:10BE2000CDE902A5CDE90089304694E80C003946F9
:10BE3000F8F796FE284604F0B9FF304606B0BDE894
:10BE4000F04702B07047CDE9019ACDF8008094E840
:10BE50000C003946F8F76FFEEFE7F0B597B00AAC83
:10BE600084E80C000FAE0023CDE9063615930D9340
:10BE70000DAB05931F9B04939DF8783003931CAA88
:10BE80008C46054692E8030001AB83E8030008AF47
:10BE90000B9B00934FF000010A9BDCF8082038460A
:10BEA00007F049FC97E803000D9B84E80300A3B961
:10BEB00031460EA8FFF75CFF21980EA904F0F2FEB0
:10BEC0000EA804F073FF94E8030085E803003046F1
:10BED000FFF7E7F8284617B0F0BD209A1360F2E7A5
:10BEE00038B5836904460D4603B198472946204674
:10BEF00005F095F92B6853F80C3C6360014BA36186
:10BF0000204638BD47A8030070B590B009AC0E4676
:10BF100006A9054681E80C002046002317990F93D7
:10BF2000FFF7DEFF169B0393159B02939DF850309D
:10BF30000193079B00939FED080B069BB268049446
:10BF40004FF00001284607F02FFB2046FFF7A9F825
:10BF5000284610B070BD00BF0000000000000000C7
:10BF600013B5144601A81A46049BF8F7A6FF01A9C9
:10BF70002046FFF7B5FF01A804F018FF02B010BD7E
:10BF8000F0B587B004AC0E4615461F46DDE90E122B
:10BF900003AB204605F098F90D9B00933A460C9BA5
:10BFA0000194314605A8F8F762FF05A92846FFF776
:10BFB00097FF05A804F0FAFE204604F0F7FE07B04C
:10BFC000F0BD000082B02DE9F0418AB00546189816
:10BFD00011939446DDE916179DF8542013AB11AC6C
:10BFE00098B1CDE90470CDE9022193E803008DE812
:10BFF0000300614694E80C002846F8F75EFD2846E9
:10C000000AB0BDE8F04102B0704709AECDE9047650
:10C01000CDE902210F48099093E803008DE8030061
:10C020000DF1180894E80C0061464046F8F764FDED
:10C0300098E803003B6884E803001BB9314619986F
:10C04000FFF74EFF94E8030085E80300304604F054
:10C05000ADFED4E7309600208368587C7047836833
:10C06000987C70478368D86A704783681B6B002090
:10C07000DAB262F30700C3F3072262F30F20C3F3BF
:10C08000074262F317401B0E82B063F31F6002B0D9
:10C09000704783685B6B0020DAB262F30700C3F37A
:10C0A000072262F30F20C3F3074262F317401B0E0F
:10C0B00082B063F31F6002B070478368587C70479A
:10C0C0008368987C70478368D86A704783681B6B65
:10C0D0000020DAB262F30700C3F3072262F30F20F5
:10C0E000C3F3074262F317401B0E82B063F31F6075
:10C0F00002B0704783685B6B0020DAB262F307001E
:10C10000C3F3072262F30F20C3F3074262F3174021
:10C110001B0E82B063F31F6002B07047836893F810
:10C1200024007047836893F825007047002070470B
:10C130000020704770470020914204D211F8013B63
:10C1400003EB7060F8E7704710B5034B03600446DB
:10C15000F6F784FE204610BD585E050010B5044673
:10C16000FFF7F2FF2046F5F75FF8204610BD00000C
:10C1700010B5034B03600446F6F770FE204610BD71
:10C18000705E050010B50446FFF7F2FF2046F5F794
:10C190004BF8204610BD000010B5034B0360044669
:10C1A000F6F75CFE204610BD885E050010B504461B
:10C1B000FFF7F2FF2046F5F737F8204610BD0000E4
:10C1C00010B5054B044640F8083BF7F7EDF820465C
:10C1D000F6F744FE204610BD3C5E050010B504464F
:10C1E000FFF7EEFF2046F5F71FF8204610BD0000D0
:10C1F00010B5054B044640F8083BF7F7D5F8204644
:10C20000F6F72CFE204610BD945D050010B50446DF
:10C21000FFF7EEFF2046F5F707F8204610BD0000B7
:10C220002DE9F04107461648F6F79CFE3B68D3F827
:10C230000C8058F820500646F5B94420F4F7F0FF7A
:10C24000104B456004460360C0E90255057445740F
:10C250008574C0E90555C0E90755C0E90955C0E92D
:10C260000B55456380F84350394608F0A3FC32462D
:10C2700021463868F6F734FF58F82600BDE8F0810B
:10C28000DC9500205C4705002DE9F0410746164883
:10C29000F6F768FE3B68D3F80C8058F82050064645
:10C2A000F5B94420F4F7BCFF104B45600446036029
:10C2B000C0E90255057445748574C0E90555C0E9A7
:10C2C0000755C0E90955C0E90B55456380F843504F
:10C2D000394608F03FFD324621463868F6F700FF40
:10C2E00058F82600BDE8F081E09500206C47050075
:10C2F00073B5044616460D4619B912B10D4807F03C
:10C30000BDFA731B0F2B019307D9002201A9204608
:10C3100005F0CAF9019B2060A360324629462068D7
:10C3200005F04FFA019B226863600021D15402B0EE
:10C3300070BD00BF3B4B05002DE9F0438DB01C469E
:10C34000814602AB68460093FFF7D2FF08AB214657
:10C35000149A069306A8FFF7CBFFDDE90053DDE949
:10C36000064705EB030827442246294648460DF0B8
:10C370003FFD064668B9284611F0A2FD0544204657
:10C3800011F09EFDA84504440DD13E1B18BF4FF08F
:10C39000FF3606A805F0A2F9684605F09FF9304679
:10C3A0000DB0BDE8F083A74202D001350134DBE7D0
:10C3B0000126EEE72DE9F0431C4600F1080387B0A3
:10C3C00017460360002343600372224602AB064611
:10C3D0008946684639460093E41BFFF789FFDDE98B
:10C3E00000536400204605EB0308F4F71BFF0746E3
:10C3F00023462A46394648460DF005FD84420DD8AD
:10C40000441C3846F4F712FF2046F4F70BFF23468E
:10C41000074601462A4648460DF0F5FC02463946D5
:10C42000304605F019FC284611F04AFD0544A845A0
:10C4300005D000213046013505F09BFAD8E7384693
:10C44000F4F7F4FE684605F049F9304607B0BDE858
:10C45000F08338B500F10803044603600D4649B186
:10C46000084611F02DFD2A1820462946FFF740FF07
:10C47000204638BD4FF0FF32F6E710B58B68044612
:10C480009968FFF7E6FF204610BD10B58B6804469B
:10C490005969FFF7DEFF204610BD10B58B680446D2
:10C4A000D969FFF7D6FF204610BD10B58B6804464A
:10C4B000596AFFF7CEFF204610BD10B58B680446C1
:10C4C0009968FFF7C6FF204610BD10B58B6804467B
:10C4D0005969FFF7BEFF204610BD10B58B680446B2
:10C4E000D969FFF7B6FF204610BD10B58B6804462A
:10C4F000596AFFF7AEFF204610BD10B58B680446A1
:10C500009968FFF7A6FF204610BD10B58B6804465A
:10C510005969FFF79EFF204610BD10B58B68044691
:10C52000D969FFF796FF204610BD03689B6818473E
:10C5300070B5037F04460D4643B905F07EF82368C5
:10C54000294620469B69BDE8704018470C44607F2F
:10C5500070BD2DE9F0411F46037F012B05460E46B5
:10C5600014460DD00BB905F068F82B68D3F81CE021
:10C5700022463B4631462846F446BDE8F041604736
:10C58000521A38460FF0A3FE2046BDE8F08170B580
:10C590004418164694F81D313BB903681B6A984746
:10C5A0008642034618BF84F81D01184670BD00007E
:10C5B00010B5003218BF01224260054B0360002213
:10C5C0000446816011460DF083FD204610BD00BF7A
:10C5D000085E050003689B6818470368DB68184716
:10C5E00010B50B6804461B699847204610BD10B56E
:10C5F0000B6804465B699847204610BD10B50B6870
:10C6000004469B699847204610BD10B50B68044648
:10C61000DB699847204610BD03681B6A184703680A
:10C620005B6A82B002B0184703689B6A82B002B0AE
:10C630001847000010B5003218BF01224260054BB8
:10C64000036000220446816011460DF0F3FC204691
:10C6500010BD00BFD45D050003689B6818470368E0
:10C66000DB68184710B50B6804461B6998472046DD
:10C6700010BD10B50B6804465B699847204610BD95
:10C6800010B50B6804469B699847204610BD10B54D
:10C690000B680446DB699847204610BD03681B6A97
:10C6A000184703685B6A82B002B0184703689B6A48
:10C6B00082B002B01847F0B589B006AC84E80C002F
:10C6C000139A0B680592129A0492119A03929DF89C
:10C6D000402002920EAA05460E4692E803008DE81D
:10C6E000030028469F68314694E80C00B847284666
:10C6F00009B0F0BDF0B589B006AC84E80C00139A1F
:10C700000B680592129A0492119A03929DF84020A8
:10C7100002920EAA05460E4692E803008DE8030039
:10C720002846DF68314694E80C00B847284609B02F
:10C73000F0BD70B586B004AC84E80C009DF83020E4
:10C7400002920B9A01920B689DF8282000929E6835
:10C7500094E80C000546B047284606B070BD70B599
:10C7600086B004AC84E80C000D9A03929DF830204A
:10C7700002920B9A01920B689DF828200092DE68C5
:10C7800094E80C000546B047284606B070BD00008E
:10C7900010B5003218BF0122044B4260044603600A
:10C7A000816000210DF0EEFD204610BDB05D05005A
:10C7B00003689B6818470368DB68184710B50B6867
:10C7C00004461B699847204610BD10B50B68044607
:10C7D0005B699847204610BD10B50B6804469B69FD
:10C7E0009847204610BD03689B681847F0B589B08C
:10C7F00006AC84E80C00129A0B680492119A03921A
:10C80000109A02920EAA05460E4692E803008DE8A1
:10C8100003002846DF68314694E80C00B8472846F4
:10C8200009B0F0BDF0B589B006AC84E80C00129AEE
:10C830000B680492119A0392109A02920EAA05466E
:10C840000E4692E803008DE8030028461F69314632
:10C8500094E80C00B847284609B0F0BDF0B589B09F
:10C8600006AC84E80C00129A0B680492119A0392A9
:10C87000109A02920EAA05460E4692E803008DE831
:10C88000030028465F69314694E80C00B847284603
:10C8900009B0F0BDF0B589B006AC84E80C00129A7E
:10C8A0000B680492119A0392109A02920EAA0546FE
:10C8B0000E4692E803008DE8030028469F69314642
:10C8C00094E80C00B847284609B0F0BDF0B589B02F
:10C8D00006AC84E80C00129A0B680492119A039239
:10C8E000109A02920EAA05460E4692E803008DE8C1
:10C8F00003002846DF69314694E80C00B847284613
:10C9000009B0F0BD003110B518BF0121044B4160E2
:10C9100003600446F6F7BCFAA060204610BD00BFD5
:10C920003C5E050003689B68184773B5079E019637
:10C930000D68069E0096ED680446A847204602B0A2
:10C9400070BD03681B691847003110B518BF01217D
:10C95000044B416003600446F6F79AFAA060204653
:10C9600010BD00BF945D050010B40468A468A4461F
:10C970005DF8044B604738B50D680446ED68A8477C
:10C98000204638BD10B50446006820B1F7F7FDFA1F
:10C990004FF0FF336360204610BDF7B56C4684E866
:10C9A00006009DF80450089F06463DB93A461946D0
:10C9B0000098F7F7FFFA874218BF01258DF8045059
:10C9C00094E8030086E80300304603B0F0BD2DE98B
:10C9D000F04F99B006A9229F049007F16C042046FD
:10C9E00081E80C00249D9DF88C8007F0ADFF834604
:10C9F0002046FFF715FC2E6890F8383032789A42BE
:10CA000004466B687AD0D0E907A9026B09923344D7
:10CA10003546AB4207D92978DBF81820525C52071B
:10CA200005F1010072D4AD1BAB46002D00F0B880BB
:10CA300000220EAB69000CA80C930D928DF83820E3
:10CA4000039204F064FFE16A6B1A002B66DD15EABD
:10CA5000210538BF1D46E368002B59D0039A6900B1
:10CA60000CA805F01FF87319A17C0C98CDE90063A0
:10CA7000D4E9022308F098FA0C994FF0FF32411ADA
:10CA80000CA804F095FFE36A002B0ADD617C0CA87A
:10CA900004F06FFF002D43DBE26A71190CA805F06A
:10CAA000DBF8FA6802F0B003039312F400720D9BF6
:10CAB00018BFA2694B441344002514AA590012A8B8
:10CAC0000593129213958DF8505004F020FF039BAC
:10CAD000BE68102B059B03D1B3422CBF0025012556
:10CAE000F31A4FF0000B059309AB13F80B30042B2E
:10CAF00027D8DFE803F0786F1E616A00426B099265
:10CB0000D0E909A9002B82D0013680E7054680E7ED
:10CB10002A4631460CA805F069F8B4E71D46B2E78D
:10CB200094F8392069420CA804F09EFF5A46314619
:10CB3000B4E7FB689B0504D5D4E9051212A805F0FB
:10CB40008BF80BF1010BBBF1040FCDD1B9F1010F43
:10CB500006D909F1FF320AF1010112A805F07CF8AB
:10CB600013998E4209D9039B202BA6EB01013DD1DD
:10CB7000424612A804F078FF31460AAC009106AA9A
:10CB800006CA129B2046FFF708FF94E803000690B0
:10CB900012A88DF81C1004F0A1FD0CA804F09EFD55
:10CBA0000023BB6006AB93E80300049B83E803000B
:10CBB000184619B0BDE8F08FB9F1000FC1D09AF84E
:10CBC000001012A804F0D5FEBBE70CA912A805F0CE
:10CBD0003FF8B6E72DB14246059912A804F044FF8C
:10CBE000AFE74146EDE7002DABD0F4E70A464346F8
:10CBF000002112A804F060FFBEE72DE9F04F99B0C4
:10CC000006A9229F049007F16C04204681E80C00DD
:10CC1000249D9DF88C8007F097FE83462046FFF701
:10CC200033FB2E6890F8383032789A4204466B68AD
:10CC30007AD0D0E907A9026B099233443546AB425A
:10CC400007D92978DBF81820525C520705F101005A
:10CC500072D4AD1BAB46002D00F0B88000220EABA5
:10CC600069000CA80C930D928DF83820039204F003
:10CC70004EFEE16A6B1A002B66DD15EA210538BF0E
:10CC80001D46E368002B59D0039A69000CA804F0F4
:10CC900009FF7319A17C0C98CDE90063D4E9022344
:10CCA00008F082F90C994FF0FF32411A0CA804F0F9
:10CCB0007FFEE36A002B0ADD617C0CA804F059FEBC
:10CCC000002D43DBE26A71190CA804F0C5FFFA6875
:10CCD00002F0B003039312F400720D9B18BFA26917
:10CCE0004B441344002514AA590012A8059312922C
:10CCF00013958DF8505004F00AFE039BBE68102B6C
:10CD0000059B03D1B3422CBF00250125F31A4FF038
:10CD1000000B059309AB13F80B30042B27D8DFE881
:10CD200003F0786F1E616A00426B0992D0E909A98D
:10CD3000002B82D0013680E7054680E72A4631463F
:10CD40000CA804F053FFB4E71D46B2E794F839206D
:10CD500069420CA804F088FE5A463146B4E7FB68E5
:10CD60009B0504D5D4E9051212A804F075FF0BF158
:10CD7000010BBBF1040FCDD1B9F1010F06D909F1B7
:10CD8000FF320AF1010112A804F066FF13998E42E6
:10CD900009D9039B202BA6EB01013DD1424612A8E5
:10CDA00004F062FE31460AAC009106AA06CA129B44
:10CDB0002046FFF7F2FD94E80300069012A88DF8D4
:10CDC0001C1004F08BFC0CA804F088FC0023BB6052
:10CDD00006AB93E80300049B83E80300184619B0F0
:10CDE000BDE8F08FB9F1000FC1D09AF8001012A879
:10CDF00004F0BFFDBBE70CA912A804F029FFB6E7B9
:10CE00002DB14246059912A804F02EFEAFE7414627
:10CE1000EDE7002DABD0F4E70A464346002112A807
:10CE200004F04AFEBEE700002DE9F04F2DED028B25
:10CE3000B0EE408AF0EE608A93B004AF07F11006BE
:10CE400086E80C0097F868307B6097F87030FB60DC
:10CE5000FB6E81468A4607F11C0003F16C01F6F770
:10CE600007F807F11C0007F06FFD92B0B860F6F705
:10CE70000FF807F138050DF1100845F8180D4FF0BF
:10CE8000000B8DED028BCDF800B02B4B40224146BC
:10CE90002846F7F71BFD3F28044616DD0F3424F023
:10CEA0000704ADEB040D421C3A60F5F7F1FF0DF1FC
:10CEB000100838628DED028BCDF800B01E4B3A6839
:10CEC00041462846F7F702FD044607F128030022F1
:10CED000214628463B6204F055FC3B6AB86808EBE3
:10CEE00004024146FFF735FB7B680295C3B1FB683E
:10CEF0000193FB6E0093514696E80C004846FFF7FD
:10CF000066FD07F1200004F0E9FB07F11C00F6F7CD
:10CF100013F848463C37BD46BDEC028BBDE8F08FA8
:10CF2000FB680193FB6E0093514696E80C0048465F
:10CF3000FFF763FEE5E700BF784F0500F0B587B067
:10CF400004AC84E80C000F9D9DF838200D9B9DF8E3
:10CF500030700093CDE90125064694E80C0027B116
:10CF6000FFF735FD304607B0F0BDFFF746FEF9E7A5
:10CF7000036810B504465BB14068421C07D11846EF
:10CF8000F7F70FF8431C0ABF00236060236010BD51
:10CF90004FF0FF30FBE738B50D46FFF7E9FF0446D9
:10CFA0002846FFF7E5FF431C584204F101025841AF
:10CFB00054425441011B4842484138BD08B5FFF76F
:10CFC000EAFF80F00100C0B208BD2DE9F74F8146AD
:10CFD000DDE9120602A96C30DDF8448001E90C009D
:10CFE00007F0B2FCB8F1020F83462ED0B8F1040F5F
:10CFF0000CBF4FF47A770127002425464FF00A0A28
:10D000000CA96846FFF7DAFF08B3454521D068460A
:10D01000FFF7AEFF2A22C1B25846FFF7B8FA303800
:10D02000C2B2092A20D80AFB0404109B04FB07F2B1
:10D030009A4219DC0F9B3A449A4215DD97FBFAF7A6
:10D040006846FFF79FFC0135DAE70A27D4E7454534
:10D050000AD10E9B1C6002AB13E9030089E80300B0
:10D06000484603B0BDE8F08FB8F1040F03D1022D9C
:10D0700001D1643CEDE7336843F004033360EAE731
:10D080002DE9F04F85B000AF07F108047860F86C27
:10D09000D7F844806C3084E80C0007F055FCBB6C7A
:10D0A0009B000E3323F007038346ADEB030D07F11E
:10D0B000380120466E46FFF781FF002843D0204606
:10D0C000FFF756FF4FF000095FFA80FA4D46BB6C40
:10D0D000994510D058F829100978514505D146F8DE
:10D0E0002590013509F10109F1E75846FFF71DFACE
:10D0F0005045F7D1F3E74FF0000B012D4ED9B14663
:10D1000059F8042B58F8220010F0DAFE06EB8501DE
:10D11000824659F8040B396058F8200010F0D0FE10
:10D120003968824528BF82464945F2D120460BF135
:10D13000010BFFF727FCD34505D207F13801204644
:10D14000FFF73CFF78B93B6D3A6D1B6843F0040371
:10D15000136094E803007B68143783E803001846E3
:10D16000BD46BDE8F08F4FF0000A56F82A2058F867
:10D170002220204612F80B203A60FFF7F9FE3A68A9
:10D18000C0B2824217BF05F1FF350AF1010A56F815
:10D19000252046F82A20AA45E7D3AEE7D3D120467A
:10D1A000FFF7F0FB356858F82560304610F088FE30
:10D1B0000BF1010B8046C34514D207F1380120461C
:10D1C000FFF7FCFE0028BED0204616F80BA0FFF7A4
:10D1D000CFFEC0B28245B6D12046FFF7D3FB0BF19C
:10D1E000010BE8E7AFD13B6C1D60B2E72DE9F04FD2
:10D1F00087B000AF8146786DD7E913AB07F1100512
:10D200006C3085E80C0007F09FFB4FEACB03083336
:10D210000646ADEB030D07F140012846E846FFF74F
:10D22000CDFEC0B32846FFF7A3FE4FEA4B03FB60D9
:10D230000023C2B21C46F968994213D05AF8231051
:10D240000978914204D148F8243001340133F2E7DF
:10D250003046C7E90123FFF768F97A68BB68904256
:10D26000F4D1F0E7BCB12846FFF78CFBA3000E33E6
:10D2700023F00703ADEB030D6E46002558F825306B
:10D280005AF8230010F01CFE46F825000135AC4288
:10D29000F4D1012502E000252E462C4607F140017D
:10D2A00007F11000FFF78AFE60B307F11000FFF7E7
:10D2B0005FFE0023C0B219469C421BD956F82320BA
:10D2C0004FEA830CAA4206EB0C0E02D8013101335F
:10D2D000F2E758F823205AF82220525D8242F6D015
:10D2E000013C58F8242048F80C2056F82420CEF8A9
:10D2F0000020E1E78C4205D007F11000FFF742FB68
:10D300000135CBE7012C15D13368AB4219D1D8F8E0
:10D310000030BA6C5B4528BFA3EB0B03136007F129
:10D32000180313E903001C3789E803004846BD468B
:10D33000BDE8F08F022C04D13368AB42E7D07368AC
:10D34000E3E7BB6DBA6D1B6843F00403E6E700003A
:10D350002DE9F04F9FB00D462A9C0B9004F16C060E
:10D360000EA9304681E80C00DDF8B09007F0A4FD6E
:10D370008246304607F0E8FA83462D9810F0A0FD6B
:10D3800000260A9010960EAF28A93846FFF716FE21
:10D39000DDF84080002866D00A9B9E4263D2B8F137
:10D3A000000F60D12D9B4246995D5846FFF7EFF87C
:10D3B000252840F0D582731C0993711C2D9B424691
:10D3C000595C5846FFF7E3F84528CDF8448001D072
:10D3D0004F2808D1B31C099309992D9B0022595C51
:10D3E0005846FFF7D4F841380EAE382800F2B38221
:10D3F000DFE810F08000B500FE011601B102B102B5
:10D40000B10236015A01B102B102B1028801B10282
:10D41000B102B102B102BC01C101F001B102B1021D
:10D42000B102F901FE012802B102B102B102B1025A
:10D43000B102B1024E009000BB00C100D600B102A3
:10D44000B1029000B102B102B102B1026401AD01BA
:10D45000B102B102B102B102B102E601B102B10200
:10D46000B102F401FE01B8F1000F02D10A9B9E4205
:10D4700005D02B9B2B9A1B6843F00403136097E89D
:10D4800003000B9B83E8030018461FB0BDE8F08F34
:10D49000DAF808309A6C1292DA6C13921A6D1492C0
:10D4A0005A6D15929A6D1692DA6D17921B6E18933B
:10D4B00010ABCDE905430723049312AB039311ABE3
:10D4C000029328AB93E803008DE803000CAF0EAE87
:10D4D00096E80C0029463846FFF7D2FD97E803008E
:10D4E000109B86E8030013B9119BC9F81830099EF8
:10D4F000013648E7DAF80830DA6A12921A6B1392AA
:10D500005A6B14929A6B1592DA6B16921A6C1792E8
:10D510005B6CCCE712AE3146504607F020F910ABF9
:10D52000CDE905430C23CDE9036311AB029328AB8E
:10D5300093E803008DE803000CAF0EAE96E80C00F4
:10D5400029463846FFF79CFD97E80300109B86E8C4
:10D550000300002BCBD1119BC9F81030C7E712AEE6
:10D560003146504607F0DCF8D9E7DAF808309B6915
:10D570000CAF05935EE010ABCDE9064302261F23F6
:10D58000CDE904360123039311AB029328AB93E852
:10D5900003008DE803000CAF0EAE96E80C001EE011
:10D5A0003046FFF7E5FCDBF81830C0B20CAF1B5C6F
:10D5B00013F0080F23D03046FFF7E4F910AACDE9A5
:10D5C000064209210122CDE90412039211AA029216
:10D5D00028AA034692E803008DE803000CCB2946F5
:10D5E0003846FFF7F2FC97E80300109B86E803003B
:10D5F000002B7FF47CAF119BC9F80C3077E710ABA0
:10D60000CDE9064302201F23CDE904300A2303930A
:10D6100011AB029328AB93E803008DE80300BCE74D
:10D6200012AEC24A3346A2F109015846FEF791FFF5
:10D630000CAF059610ABCDE90243CDF8109028ABA6
:10D6400093E803008DE803000EAE2946384696E8BD
:10D650000C00FFF77DFE97E8030086E8030046E72D
:10D6600010ABCDE9064302211723CDE904310CAFFD
:10D670000023039311AB029328AB93E803008DE8DA
:10D6800003000EAE96E80C0029463846FFF79DFCD5
:10D6900097E80300109B86E80300002B7FF427AF78
:10D6A000119BC9F8083022E710ABCDE906430222EE
:10D6B0000C23CDE904320CAF0123DAE710ABCDE93E
:10D6C00006434FF002080C23CDE9043801230393ED
:10D6D00011AB029328AB93E803008DE803000CAF75
:10D6E0000EAE96E80C0029463846FFF76EFC97E828
:10D6F0000300109B86E80300002B7FF4F8AE119B1B
:10D70000013B29E710ABCDE906434FF0020E3B2366
:10D71000CDE9043E0023039311AB029328AB93E8B9
:10D7200003008DE803000CAF0EAE96E80C0029460E
:10D730003846FFF74AFC97E80300109B86E8030091
:10D74000002B7FF4D4AE119BC9F80430CFE63046ED
:10D75000FFF70EFC0022C1B25846FEF718FF0A2858
:10D7600040F0F9803046FFF70DF9C0E6704A12AE7E
:10D770003346911F59E710ABCDE906434FF0020C39
:10D780003D23CDE9043C0023039311AB029328AB66
:10D7900093E803008DE803000CAF0EAE96E80C0092
:10D7A00029463846FFF711FC97E80300109B86E8EE
:10D7B0000300002B7FF49BAE119BC9F8003096E666
:10D7C0003046FFF7D5FB0022C1B25846FEF7DFFE18
:10D7D0000928C5E712AE3346564A24E7DAF808307E
:10D7E0000CAF9B68C5E6DAF808300CAF1B69C0E6E1
:10D7F00010ABCDE90643042642F20F73CDE904369F
:10D800000023039311AB029328AB93E803008DE848
:10D8100003000CAF0EAE96E80C0029463846FFF721
:10D82000D4FB97E80300109B86E80300002B7FF4ED
:10D830005EAE119B002BB4BF6433A3F26C73C9F8C6
:10D84000143054E63046FFF793FBDBF81830C0B2D3
:10D850001B5CD8077FD510ABCDE905430E2304939D
:10D86000354B039312AB029328AB93E803008DE88A
:10D8700003000CAF2946384696E80C00FFF700FC81
:10D8800097E8030086E8030028A93046FFF796FBD7
:10D8900000283FF42CAE109B002B7FF428AE129B87
:10D8A000002B7FF424AE3046FFF762FB2D210746A4
:10D8B0005846FEF73DFEFFB2B8423FD110AF1723E6
:10D8C0000222CDE90432CDE906470023039312ABCF
:10D8D000029328AB93E803008DE803000CAE0DF132
:10D8E000380898E80C0029463046FFF76EFB96E8AA
:10D8F00003003B2388E803000221CDE90431CDE990
:10D9000006470023039312AB029328AB93E803006E
:10D910008DE803002946304698E80C00FFF755FBD8
:10D9200096E8030088E80300E1E500BF694F0500C1
:10D930006F4F0500784F0500306100203046FFF73B
:10D9400017FB2B2106465846FEF7F2FDF6B2B04211
:10D950007FF4CDADB2E7109B43F004031093C6E50E
:10D960002D9B384613F80680FFF702FBC0B28045B6
:10D9700003D13846FFF706F8BAE5109B43F00403DD
:10D980001093B5E52DE9F0438BB0DDE9148608ACC2
:10D99000054608F16C00894684E80C0007F08CFA13
:10D9A00083681B690593169BCDF80880CDE9036356
:10D9B00012AB93E803008DE8030006AF49463846F2
:10D9C00094E80C00FFF7C4FC97E8030084E8030028
:10D9D00012A92046FFF7DFFA18B1336843F00203BB
:10D9E000336094E8030085E8030028460BB0BDE8E7
:10D9F000F0832DE9F0438BB0DDE9148608AC0546D1
:10DA000008F16C00894684E80C0007F055FA836839
:10DA10009B680593169BCDF80880CDE9036312AB94
:10DA200093E803008DE8030006AF4946384694E8C2
:10DA30000C00FFF78DFC97E8030084E8030012A9AF
:10DA40002046FFF7A8FA18B1336843F002033360A9
:10DA500094E8030085E8030028460BB0BDE8F08396
:10DA60002DE9F0479CB0DDE9268508F16C070AAC8A
:10DA700006463846894684E80C0007F01DFA8246BF
:10DA8000384606F061FFDAF808309A6C0E92DA6CCC
:10DA90000F921A6D10925A6D11929A6D1292DA6D60
:10DAA00013921A6E1492DA6A15921A6B16925A6BC6
:10DAB00017929A6B1892DA6B19921A6C5B6C1B9323
:10DAC00000230D930DABCDE9058307231A92049330
:10DAD0000EAB03930CAB029324AB93E803008DE8E9
:10DAE000030008AF94E80C0049463846FFF77EFB78
:10DAF00097E803000D9B84E803009BB9289B0C9AD0
:10DB00009A6124A92046FFF746FA18B12B6843F022
:10DB100002032B6094E8030086E8030030461CB043
:10DB2000BDE8F0872B6843F004032B60E9E72DE99B
:10DB3000F047A6B0DDE9309509F16C080AAC06465D
:10DB4000404684E80C008A4607F0B6F9074640468E
:10DB50000DF1380806F0F8FE3846414606F0FFFDA4
:10DB600038461AA906F0DCFD00230D930DABCDE974
:10DB700005930C23CDE903830CAB02932EAB93E802
:10DB800003008DE8030008AF94E80C0051463846C6
:10DB9000FFF72CFB97E803000D9B84E803009BB97B
:10DBA000329B0C9A1A612EA92046FFF7F4F918B19E
:10DBB0002B6843F002032B6094E8030086E803001F
:10DBC000304626B0BDE8F0872B6843F004032B6095
:10DBD000E9E72DE9F0438FB0DDE918850AAC064688
:10DBE00008F16C00894684E80C0006F0ADFE0DAA31
:10DBF000CDE90682042142F20F720023CDE904210F
:10DC000003930D930CAB029316AB93E803008DE8DE
:10DC1000030008AF94E80C0049463846FFF7D5F9F1
:10DC200097E803000D9B84E80300C3B90C9B1A9A84
:10DC3000002BB4BF6433A3F26C73536116A9204662
:10DC4000FFF7A9F918B12B6843F002032B6094E8A1
:10DC5000030086E8030030460FB0BDE8F0832B6870
:10DC600043F004032B60E9E72DE9F04F8DB0DDE9C7
:10DC70001895074608AC09F16C0084E80C008A4648
:10DC80009DF86CB09DF8708006F05EFE00232B605E
:10DC9000037F064693B390F842008DF82C00B8F14C
:10DCA000000F33D18DF82DB08DF82E800BAB05937E
:10DCB0001A9BCDF80890CDE9035316AB93E8030007
:10DCC0008DE8030006AE5146304694E80C00FFF79D
:10DCD0003FFB96E8030084E8030016A92046FFF7FF
:10DCE0005AF918B12B6843F002032B6094E8030043
:10DCF00087E8030038460DB0BDE8F08F03F09DFCC7
:10DD0000336825219B6930469847C6E700238DF884
:10DD10002D808DF82EB08DF82F30C7E72DE9F04F0C
:10DD20009BB00AA981E80C00DDE9263803F16C04F8
:10DD30000790204606F008FE05902046FEF770FA90
:10DD400000F138030893036A04461BB1836A003369
:10DD500018BF0123029310AB0E9300230F938DF88D
:10DD60004030237C1BB120210EA803F0D0FD0025FC
:10DD700016AB202114A8149315958DF8585003F074
:10DD8000C6FD04F139031AAA0993636B42F8343DC6
:10DD90002F4604922E460395A9460195049BEB5C01
:10DDA000042B3ED8DFE813F0550128012900A0001C
:10DDB000DC00BAF1000FF1D1D8F8003043F00403D1
:10DDC000C8F800300AAC24A92046FFF7E4F828B1CF
:10DDD000D8F8003043F00203C8F8003094E803009C
:10DDE000079B83E8030014A803F078FC0EA803F057
:10DDF00075FC07981BB0BDE8F08F269BDB68980583
:10DE00001ED4B9F1010F1BD8D5B1012D0CD1029B45
:10DE1000B3B99DF83430032B12D09DF83630012B66
:10DE20000ED04FF0010A2CE0022DFAD19DF83730C8
:10DE3000042B05D0029A002AF3D0032B40F00C816A
:10DE4000A36906934FF0000B24A90AA8FFF7B6F8C0
:10DE5000069B824600283ED09B4512D00AA8FFF7B9
:10DE600087F8636913F80B30C0B2834236D0BBF138
:10DE7000000F40F0F480269BDB6883F40073C3F34B
:10DE8000402A0135042D94D1B9F1010F40F22C81C3
:10DE9000BAF1000F90D0019B002B00F0E380656A7F
:10DEA0004FF0010B24A90AA8FFF788F8002800F01A
:10DEB000DB80D94500F0DB800AA8FFF759F815F898
:10DEC0000B30C0B283427FF477AF0AA8FEF75AFD49
:10DED0000BF1010BE6E79B45C9D1A2E70AA8FEF7C3
:10DEE00051FD0BF1010BAFE7236ABBB9A36A53B332
:10DEF00024A90AA8FFF762F8824620B30AA8FFF710
:10DF000037F8626A1278C0B282421CD10AA8D4F8EB
:10DF10002890FEF737FDCDF804A0B2E724A90AA89F
:10DF2000FFF74CF882460028E0D00AA8FFF720F857
:10DF3000E2691278C0B28242D8D10AA8D4F82090FF
:10DF4000FEF720FD9DE7236A1BB9029B83F0010ABF
:10DF500097E7A36A002BF8D1012301939A4690E733
:10DF600024A90AA8FFF72AF88246002841D00AA867
:10DF7000FEF7FEFF0DF133025FFA80FB0A210998DC
:10DF80008DF833B0FBF738FE80B1089BC01A594BAF
:10DF90001B68195C14A803F0ECFC06F1010B039E4E
:10DFA0000AA8FEF7EFFC03965E46D9E7627C5A4565
:10DFB00006D12FB9E26A002A11DD57468346EFE702
:10DFC000227C62B1A37C5B4508D177B97EB1F1B206
:10DFD0000EA803F0CEFCBB46039EE1E79246159ADD
:10DFE000002A08BF4FF0000A4BE7BA46F7E7B246EF
:10DFF000F5E74FF0010AF2E724A90AA8FEF7DEFFD1
:10E000008246C8B94FF0000A032D3FF43AAF24A965
:10E010000AA8FEF7D3FF00283FF433AF0AA8FEF7A3
:10E02000A7FF059BC0B29A69125C12077FF529AF62
:10E030000AA8FEF7A7FCEAE70AA8FEF799FF059BE6
:10E04000C0B29A69125C1107DCD50AA8FEF79AFCE7
:10E05000DAE74FF0010AD7E7DDF808A011E74FF043
:10E06000000A0EE7E5691BE7D9457FF4A5AE159BCD
:10E07000012B11D90022302114A803F087FE02469B
:10E0800050B1431C08BF159A4FF0000108BF02F1C0
:10E09000FF3214A803F08CFC019B3BB114990B7860
:10E0A000302B03D02D2214A803F018FD0F9B8BB149
:10E0B000F7B19DF80C100EA803F05BFC0EAAD4E992
:10E0C00002010BF0D5FE28B9D8F8003043F0040364
:10E0D000C8F800301FB1E36AB3427FF46DAE14A9F3
:10E0E000289803F0E5FD6DE6BAF1000FBFD163E6B5
:10E0F000F1B2E0E72C6100202DE9F04F9BB00AA9B6
:10E1000081E80C00DDE9263803F16C040790204615
:10E1100006F01AFC05902046FEF7B6F800F1380329
:10E120000893036A04461BB1836A003318BF0123B6
:10E13000029310AB0E9300230F938DF84030237C95
:10E140001BB120210EA803F0E2FB002516AB202115
:10E1500014A8149315958DF8585003F0D8FB04F1CA
:10E1600039031AAA0993636B42F8343D2F4604928F
:10E170002E460395A9460195049BEB5C042B3ED8E3
:10E18000DFE813F0550128012900A000DC00BAF1F6
:10E19000000FF1D1D8F8003043F00403C8F8003084
:10E1A0000AAC24A92046FEF7F6FE28B1D8F80030C4
:10E1B00043F00203C8F8003094E80300079B83E8AB
:10E1C000030014A803F08AFA0EA803F087FA079850
:10E1D0001BB0BDE8F08F269BDB6898051ED4B9F113
:10E1E000010F1BD8D5B1012D0CD1029BB3B99DF8FD
:10E1F0003430032B12D09DF83630012B0ED04FF067
:10E20000010A2CE0022DFAD19DF83730042B05D0FD
:10E21000029A002AF3D0032B40F00C81A3690693E5
:10E220004FF0000B24A90AA8FEF7C8FE069B824601
:10E2300000283ED09B4512D00AA8FEF799FE6369DC
:10E2400013F80B30C0B2834236D0BBF1000F40F060
:10E25000F480269BDB6883F40073C3F3402A013506
:10E26000042D94D1B9F1010F40F22C81BAF1000FC5
:10E2700090D0019B002B00F0E380656A4FF0010B0A
:10E2800024A90AA8FEF79AFE002800F0DB80D945F1
:10E2900000F0DB800AA8FEF76BFE15F80B30C0B269
:10E2A00083427FF477AF0AA8FEF76CFB0BF1010BFA
:10E2B000E6E79B45C9D1A2E70AA8FEF763FB0BF18D
:10E2C000010BAFE7236ABBB9A36A53B324A90AA819
:10E2D000FEF774FE824620B30AA8FEF749FE626A82
:10E2E0001278C0B282421CD10AA8D4F82890FEF756
:10E2F00049FBCDF804A0B2E724A90AA8FEF75EFE08
:10E3000082460028E0D00AA8FEF732FEE2691278C1
:10E31000C0B28242D8D10AA8D4F82090FEF732FBCE
:10E320009DE7236A1BB9029B83F0010A97E7A36A62
:10E33000002BF8D1012301939A4690E724A90AA85B
:10E34000FEF73CFE8246002841D00AA8FEF710FEE8
:10E350000DF133025FFA80FB0A2109988DF833B082
:10E36000FBF74AFC80B1089BC01A594B1B68195C2B
:10E3700014A803F0FEFA06F1010B039E0AA8FEF7AB
:10E3800001FB03965E46D9E7627C5A4506D12FB958
:10E39000E26A002A11DD57468346EFE7227C62B12C
:10E3A000A37C5B4508D177B97EB1F1B20EA803F02A
:10E3B000E0FABB46039EE1E79246159A002A08BFA1
:10E3C0004FF0000A4BE7BA46F7E7B246F5E74FF0E1
:10E3D000010AF2E724A90AA8FEF7F0FD8246C8B9AF
:10E3E0004FF0000A032D3FF43AAF24A90AA8FEF724
:10E3F000E5FD00283FF433AF0AA8FEF7B9FD059B01
:10E40000C0B29A69125C12077FF529AF0AA8FEF71D
:10E41000B9FAEAE70AA8FEF7ABFD059BC0B29A6914
:10E42000125C1107DCD50AA8FEF7ACFADAE74FF068
:10E43000010AD7E7DDF808A011E74FF0000A0EE760
:10E44000E5691BE7D9457FF4A5AE159B012B11D9D2
:10E450000022302114A803F099FC024650B1431C5D
:10E4600008BF159A4FF0000108BF02F1FF3214A84F
:10E4700003F09EFA019B3BB114990B78302B03D02B
:10E480002D2214A803F02AFB0F9B8BB1F7B19DF846
:10E490000C100EA803F06DFA0EAAD4E902010BF0DD
:10E4A000E7FC28B9D8F8003043F00403C8F800307E
:10E4B0001FB1E36AB3427FF46DAE14A9289803F04C
:10E4C000F7FB6DE6BAF1000FBFD163E6F1B2E0E70A
:10E4D0002C6100202DE9F04192B008AC84E80C00DA
:10E4E000DDE91B380EAA8C469DF868100C920CAF23
:10E4F0000022029306460D928DF8382006ADCDE934
:10E50000038718AB19B393E803008DE80300614655
:10E5100094E80C002846FFF701FC95E803000C9DE9
:10E5200084E80300F4F7B4FC12AB424643F81C0D38
:10E530001D992846F4F7CCFE94E8030086E8030012
:10E54000384603F0CBF8304612B0BDE8F08193E8CE
:10E5500003008DE80300614694E80C002846FFF7AD
:10E56000CBFDDAE72DE9F04F91B008ACDDF874B0DF
:10E570009DF8708006460BF16C00894684E80C001B
:10E5800006F0E2F91E9BCDE902B30AAF04971AAB7D
:10E59000824693E803008DE803000CAA0A9206ADB8
:10E5A00000220B928DF83020494694E80C00284652
:10E5B000B8F1000F1DD0FFF7B1FB95E803000B9DEC
:10E5C00084E8030055B129461F9803F066FA0A99BA
:10E5D0001F9B4A191B685046FDF7BBFF94E80300D8
:10E5E00086E80300384603F079F8304611B0BDE8FC
:10E5F000F08FFFF781FDE0E7184B1A68D1075CBF89
:10E6000001221A60164B1A68D2075CBF01221A60F9
:10E61000144B1A68D0075CBF01221A60124B1A68AB
:10E62000D1075CBF01221A60104B1A68D2075CBF89
:10E6300001221A600E4B1A68D0075CBF01221A60D3
:10E640000C4B1A68D1075CBF01221A600A4B1A688A
:10E65000D2075CBF01221A60704700BFC09500203E
:10E66000BC950020B8950020B4950020B0950020FE
:10E67000AC950020A8950020A495002083685869D7
:10E6800070478368986970478368586B70478368E0
:10E690009B6B0020DAB262F30700C3F3072262F338
:10E6A0000F20C3F3074262F317401B0E82B063F3DF
:10E6B0001F6002B070478368DB6B0020DAB262F340
:10E6C0000700C3F3072262F30F20C3F3074262F38C
:10E6D00017401B0E82B063F31F6002B0704783685F
:10E6E000586970478368986970478368586B7047AA
:10E6F00083689B6B0020DAB262F30700C3F3072242
:10E7000062F30F20C3F3074262F317401B0E82B07F
:10E7100063F31F6002B070478368DB6B0020DAB2DE
:10E7200062F30700C3F3072262F30F20C3F307422B
:10E7300062F317401B0E82B063F31F6002B0704794
:10E740008368586A70478368986A704700207047EA
:10E750000020704770470020914204D251F8043BDA
:10E7600003EB7060F8E7704710B5034B0360044695
:10E77000F4F774FB204610BD8461050010B5044613
:10E78000FFF7F2FF2046F2F74FFD204610BD0000D4
:10E7900010B5034B03600446F4F760FB204610BD40
:10E7A0009C61050010B50446FFF7F2FF2046F2F722
:10E7B0003BFD204610BD000010B5034B036004462E
:10E7C000F4F74CFB204610BDB461050010B50446BB
:10E7D000FFF7F2FF2046F2F727FD204610BD0000AC
:10E7E00010B5054B044640F8083BF4F7DDFD204624
:10E7F000F4F734FB204610BD6861050010B50446EF
:10E80000FFF7EEFF2046F2F70FFD204610BD000097
:10E8100010B5054B044640F8083BF4F7C5FD20460B
:10E82000F4F71CFB204610BDC060050010B504467F
:10E83000FFF7EEFF2046F2F7F7FC204610BD000080
:10E840002DE9F04107461648F4F78CFB3B68D3F8F6
:10E850000C8058F820500646F5B97020F2F7E0FC1D
:10E86000104B456004460360C0E902550574C0E9D9
:10E870000555C0E90755C0E90955C0E90B55C0E980
:10E880000D55C56380F86C503946F6F725FE3246C3
:10E8900021463868F4F724FC58F82600BDE8F081DA
:10E8A0001C9600207C4705002DE9F04107461648DC
:10E8B000F4F758FB3B68D3F80C8058F82050064614
:10E8C000F5B97020F2F7ACFC104B456004460360CC
:10E8D000C0E902550574C0E90555C0E90755C0E90E
:10E8E0000955C0E90B55C0E90D55C56380F86C505A
:10E8F0003946F6F72BFD324621463868F4F7F0FB2F
:10E9000058F82600BDE8F081209600208C470500CD
:10E9100000F1080373B5044603600D46E1B10846F3
:10E920000FF0CEFA0F2805EB0006019007D9002260
:10E9300001A9204602F0B8FE019B2060A360324688
:10E940002946206802F03DFF019B22686360002198
:10E950002046D15402B070BD014804F08FFF00BFC3
:10E960003B4B050010B58B6804469968FFF7D0FF54
:10E97000204610BD10B58B6804469968FFF7C8FFA4
:10E98000204610BD10B58B6804469968FFF7C0FF9C
:10E99000204610BD73B5044616460D4619B912B18E
:10E9A0000D4804F06BFF731B9B10032B019307D9D9
:10E9B000002201A92046F4F765FE019B2060A360B8
:10E9C000324629462068F4F7F3FE01992046F4F711
:10E9D00052FE02B070BD00BF3B4B05002DE9F04375
:10E9E0008DB01C46814602AB68460093FFF7D2FF0C
:10E9F00008AB2146149A069306A8FFF7CBFFDDE982
:10EA00000053DDE9064705EB830804EB8707224640
:10EA1000294648460BF0FCF9064678B9284611F01D
:10EA200029FB05EB8005204611F024FBA84504EBEB
:10EA300080040DD13E1B18BF4FF0FF3606A8F4F737
:10EA400043FE6846F4F740FE30460DB0BDE8F08363
:10EA5000A74202D004350434D9E70126EEE70000CE
:10EA60002DE9F0471C4600F1080386B01546036007
:10EA70000023C0E90133224602AB074689466846B7
:10EA800029460093FFF786FFDDE90063641B06EB70
:10EA90008308214BDFF880A064109C4294BFA00043
:10EAA0004FF0FF30F2F7BEFB0546234632462946BB
:10EAB00048460BF0B8F9844211D8441C2846F2F7B6
:10EAC000B5FB544594BFA0004FF0FF30F2F7AAFB0E
:10EAD000234605460146324648460BF0A4F9024655
:10EAE00029463846F5F7B0F8304611F0C3FA06EB80
:10EAF0008006B04505D0002138460436F4F734FFCF
:10EB0000D3E72846F2F792FB6846F4F7DDFD384676
:10EB100006B0BDE8F08700BFFEFFFF1F38B500F16B
:10EB20000803044603600D4651B1084611F0A2FAED
:10EB300005EB800220462946FFF72CFF204638BD12
:10EB40006FF00302F6E710B58B680446D969FFF74A
:10EB5000E5FF204610BD10B58B680446596AFFF7E3
:10EB6000DDFF204610BD10B58B680446D96AFFF75B
:10EB7000D5FF204610BD10B58B680446D969FFF754
:10EB8000CDFF204610BD10B58B680446596AFFF7CB
:10EB9000C5FF204610BD10B58B680446D96AFFF743
:10EBA000BDFF204610BD10B58B6804465969FFF7BC
:10EBB000B5FF204610BD10B58B680446D969FFF734
:10EBC000ADFF204610BD000010B5003218BF012275
:10EBD0004260054B036000220446816011460BF041
:10EBE0004BFB204610BD00BF3461050003689B68E5
:10EBF00018470368DB68184710B50B6804461B69A3
:10EC00009847204610BD10B50B6804465B699847CD
:10EC1000204610BD10B50B6804469B6998472046F6
:10EC200010BD10B50B680446DB699847204610BD3F
:10EC300003681B6A184703685B6A82B002B0184712
:10EC400003689B6A82B002B01847000010B500321A
:10EC500018BF01224260054B036000220446816018
:10EC600011460BF0B7FA204610BD00BF0061050049
:10EC700003689B6818470368DB68184710B50B6882
:10EC800004461B699847204610BD10B50B68044622
:10EC90005B699847204610BD10B50B6804469B6918
:10ECA0009847204610BD10B50B680446DB699847AD
:10ECB000204610BD03681B6A184703685B6A82B070
:10ECC00002B0184703689B6A82B002B01847F0B5DB
:10ECD00089B006AC84E80C00139A0B680592129A6E
:10ECE0000492119A03929DF8402002920EAA0546C2
:10ECF0000E4692E803008DE8030028469F683146DF
:10ED000094E80C00B847284609B0F0BDF0B589B0CA
:10ED100006AC84E80C00139A0B680592129A0492D0
:10ED2000119A03929DF8402002920EAA05460E46C3
:10ED300092E803008DE803002846DF68314694E836
:10ED40000C00B847284609B0F0BD70B586B004ACD9
:10ED500084E80C000C9A02920B9A01920B689DF8C1
:10ED6000282000929E6894E80C000546B04728468B
:10ED700006B070BD70B586B004AC84E80C000D9A86
:10ED800003920C9A02920B9A01920B689DF828202C
:10ED90000092DE6894E80C000546B047284606B0AD
:10EDA00070BD000010B5003218BF0122044B426054
:10EDB00004460360816000210BF052FB204610BD29
:10EDC000DC60050003689B6818470368DB68184728
:10EDD00010B50B6804461B699847204610BD10B556
:10EDE0000B6804465B699847204610BD10B50B6858
:10EDF00004469B699847204610BD03689B681847E6
:10EE0000F0B589B006AC84E80C00129A0B68049245
:10EE1000119A0392109A02920EAA05460E4692E8A3
:10EE200003008DE803002846DF68314694E80C00B3
:10EE3000B847284609B0F0BDF0B589B006AC84E803
:10EE40000C00129A0B680492119A0392109A029283
:10EE50000EAA05460E4692E803008DE803002846F8
:10EE60001F69314694E80C00B847284609B0F0BD48
:10EE7000F0B589B006AC84E80C00129A0B680492D5
:10EE8000119A0392109A02920EAA05460E4692E833
:10EE900003008DE8030028465F69314694E80C00C2
:10EEA000B847284609B0F0BDF0B589B006AC84E893
:10EEB0000C00129A0B680492119A0392109A029213
:10EEC0000EAA05460E4692E803008DE80300284688
:10EED0009F69314694E80C00B847284609B0F0BD58
:10EEE000F0B589B006AC84E80C00129A0B68049265
:10EEF000119A0392109A02920EAA05460E4692E8C3
:10EF000003008DE803002846DF69314694E80C00D1
:10EF1000B847284609B0F0BD003110B518BF01212F
:10EF2000044B416003600446F3F7B2FFA060204643
:10EF300010BD00BF6861050003689B68184773B582
:10EF4000079E01960D68069E0096ED680446A84748
:10EF5000204602B070BD03681B691847003110B528
:10EF600018BF0121044B416003600446F3F790FF92
:10EF7000A060204610BD00BFC060050010B404684A
:10EF8000A468A4465DF8044B604738B50D68044694
:10EF9000ED68A847204638BD2DE9F04F99B006AF7F
:10EFA000DDF88880049008F16C04204687E80C00A6
:10EFB000DDF89090F5F788FF05462046FFF740FC06
:10EFC000D9F80060036C32689A420446D9F80430DC
:10EFD0007BD0D0E909A9826B09922A682846D2F829
:10EFE00014B006EB830332460421D847801B8510FA
:10EFF000AB46002D00F0B9800EAB002269000CA8D2
:10F000000C93CDE90D220392F4F77CFC616B6B1A33
:10F01000002B68DD15EA210538BF1D46E368002B8B
:10F020005BD0039A69000CA8F4F739FD06EB850361
:10F03000CDE900630C98A169D4E90223F6F770F8D2
:10F040000C99411A4FF0FF3289100CA8F4F7ACFC70
:10F05000636B002B0BDD61690CA8F4F785FC002DB8
:10F0600043DB626B06EB85010CA8F4F7EDFDD8F8E5
:10F070000C2002F0B003039312F400720D9B18BF32
:10F08000226A4B441344590014AA002512A8059380
:10F090001292CDE91355F4F735FC039BD8F80860BC
:10F0A000102B059B03D1B3422CBF00250125F31A79
:10F0B0004FF0000B059309AB13F80B30042B25D848
:10F0C000DFE803F0766D1B5F6800C26B0992D0E940
:10F0D0000BA9002B81D004367FE72A4631460CA8C5
:10F0E000F4F77AFDB4E71D46B2E7626C69420CA8FA
:10F0F000F4F7BAFC5A463146B6E7D8F80C309B050F
:10F1000004D5D4E9071212A8F4F79EFD0BF1010B08
:10F11000BBF1040FCFD1B9F1010F06D909F1FF32CC
:10F120000AF1040112A8F4F78FFD13998E4209D950
:10F13000039B202BA6EB01013DD1239A12A8F4F7E3
:10F1400093FC31460AAC009197E80600129B2046DA
:10F15000F6F744FB94E80300069012A88DF81C1003
:10F16000F4F7B2FA0CA8F4F7AFFA97E8030000231B
:10F17000C8F80830049B83E80300184619B0BDE8BE
:10F18000F08FB9F1000FC1D0DAF8001012A8F4F72F
:10F19000EBFBBBE70CA912A8F4F751FDB6E72DB1C4
:10F1A000239A059912A8F4F75FFCAFE72399EDE7DE
:10F1B000002DABD0F4E70A46239B002112A8F4F7F8
:10F1C00079FCBEE72DE9F04F99B006AFDDF88880F5
:10F1D000049008F16C04204687E80C00DDF890905C
:10F1E000F5F772FE05462046FFF75EFBD9F8006092
:10F1F000036C32689A420446D9F804307BD0D0E9D7
:10F2000009A9826B09922A682846D2F814B006EB45
:10F21000830332460421D847801B8510AB46002D5E
:10F2200000F0B9800EAB002269000CA80C93CDE968
:10F230000D220392F4F766FB616B6B1A002B68DDFD
:10F2400015EA210538BF1D46E368002B5BD0039A01
:10F2500069000CA8F4F723FC06EB8503CDE90063F5
:10F260000C98A169D4E90223F5F75AFF0C99411AC9
:10F270004FF0FF3289100CA8F4F796FB636B002B5C
:10F280000BDD61690CA8F4F76FFB002D43DB626BAB
:10F2900006EB85010CA8F4F7D7FCD8F80C2002F097
:10F2A000B003039312F400720D9B18BF226A4B4403
:10F2B0001344590014AA002512A805931292CDE90F
:10F2C0001355F4F71FFB039BD8F80860102B059B20
:10F2D00003D1B3422CBF00250125F31A4FF0000BD8
:10F2E000059309AB13F80B30042B25D8DFE803F0A6
:10F2F000766D1B5F6800C26B0992D0E90BA9002BE9
:10F3000081D004367FE72A4631460CA8F4F764FC26
:10F31000B4E71D46B2E7626C69420CA8F4F7A4FB9F
:10F320005A463146B6E7D8F80C309B0504D5D4E9E7
:10F33000071212A8F4F788FC0BF1010BBBF1040FC4
:10F34000CFD1B9F1010F06D909F1FF320AF1040159
:10F3500012A8F4F779FC13998E4209D9039B202B4C
:10F36000A6EB01013DD1239A12A8F4F77DFB3146AB
:10F370000AAC009197E80600129B2046F6F72EFA99
:10F3800094E80300069012A88DF81C10F4F79CF97D
:10F390000CA8F4F799F997E803000023C8F808309F
:10F3A000049B83E80300184619B0BDE8F08FB9F15B
:10F3B000000FC1D0DAF8001012A8F4F7D5FABBE7B5
:10F3C0000CA912A8F4F73BFCB6E72DB1239A0599D6
:10F3D00012A8F4F749FBAFE72399EDE7002DABD076
:10F3E000F4E70A46239B002112A8F4F763FBBEE76B
:10F3F0002DE9F04F2DED028BB0EE408AF0EE608AE1
:10F4000093B004AF07F1100686E80C0097F8683057
:10F41000BB60FB6E81468A4607F11C0003F16C015C
:10F42000F3F726FD07F11C00F5F74EFD92B0F860EA
:10F43000F3F72EFD07F138050DF1100845F8180D0A
:10F440004FF0000B8DED028BCDF800B02A4B40221F
:10F4500041462846F5F73AFA3F28044616DD0F34B0
:10F4600024F00704ADEB040D421C7A60F3F710FDA5
:10F470000DF1100838628DED028BCDF800B01E4BF7
:10F480007A6841462846F5F721FA044607F1280331
:10F490000022214628463B62F4F76BF93B6AF86884
:10F4A00008EB04024146F5F749FFBB680295C3B17A
:10F4B0003B6F0193FB6E0093514696E80C00484663
:10F4C000FFF76AFD07F12000F4F7FEF807F11C00D2
:10F4D000F3F732FD48463C37BD46BDEC028BBDE834
:10F4E000F08F3B6F0193FB6E0093514696E80C0042
:10F4F0004846FFF767FEE5E7784F0500F0B587B0AF
:10F5000004AC84E80C00DDE90D320F9D9DF83070ED
:10F510000093CDE90125064694E80C0027B1FFF7DA
:10F520003BFD304607B0F0BDFFF74CFEF9E72DE993
:10F53000F74F8146DDE9120602A96C30DDF8448000
:10F5400001E90C00F5F7C0FCB8F1020F83462ED09C
:10F55000B8F1040F0CBF4FF47A7701270024254639
:10F560004FF00A0A0CA96846F7F793FA08B3454525
:10F5700021D06846F7F767FA2A2201465846F6F77F
:10F580003CFC3038C2B2092A20D80AFB0404109B84
:10F5900004FB07F29A4219DC0F9B3A449A4215DDAC
:10F5A00097FBFAF76846F6F70BF90135DAE70A2711
:10F5B000D4E745450AD10E9B1C6002AB13E903005A
:10F5C00089E80300484603B0BDE8F08FB8F1040FA6
:10F5D00003D1022D01D1643CEDE7336843F004030D
:10F5E0003360EAE72DE9F04F87B000AF07F1100470
:10F5F000F860786DD7F84C806C3084E80C00F5F733
:10F6000063FC3B6D9B000E3323F007038346ADEB99
:10F61000030D07F1400120466E46F7F73AFA00283D
:10F620007ED02046F7F70FFA4FF0000982464D468C
:10F630003B6D994510D058F829100968514505D1FE
:10F6400046F82590013509F10109F1E75846F7F729
:10F65000F7F95045F7D1F3E74FF0000B012D41D9F1
:10F66000B14659F8042B58F8220010F003FD06EBC0
:10F670008501824659F8040BB96058F8200010F053
:10F68000F9FCB968824528BF82464945F2D1204637
:10F690000BF1010BF6F794F8D34541D207F1400185
:10F6A0002046F7F7F6F900283AD04FEA8B024FF0E0
:10F6B000000A56F82A1058F8211089582046C7E940
:10F6C0000121F7F7C0F9B9687A68814217BF05F1DF
:10F6D000FF350AF1010A56F8251046F82A10AA4506
:10F6E000E7D3BBE71CD12046F6F76AF8356858F82F
:10F6F0002560304610F0BEFC0BF1010B8046C3457F
:10F700001ED207F140012046F7F7C3F940B156F881
:10F710002B30BB602046F7F796F9BB68834213D0C5
:10F72000BB6DBA6D1B6843F00403136094E80300DB
:10F73000FB681C3783E803001846BD46BDE8F08F20
:10F74000EED1BB6C1D60F1E72046F6F739F80BF1FE
:10F75000010BD4E72DE9F04F85B000AF8146F86C7E
:10F76000D7F844A007F108086C3088E80C00F5F7DA
:10F77000ABFBBB6CDB0008338346ADEB030D07F13D
:10F78000380140466D46F7F784F9B0B34046F7F7C5
:10F790005AF9BA6C0026034652003446B24213D0DE
:10F7A0005AF826100968994204D145F824600134BA
:10F7B0000136F3E75846C7E90032F7F741F93B68ED
:10F7C0007A689842F4D1F0E7BCB14046F5F7F8FF0B
:10F7D000A3000E3323F00703ADEB030DEB46002629
:10F7E00055F826305AF8230010F044FC4BF8260058
:10F7F0000136B442F4D1012602E00026B346344675
:10F800004FEA860807F1380107F10800F7F741F9D8
:10F8100068B307F10800F7F716F900238446194684
:10F820009C421AD95BF823209800B2420BEB000EE1
:10F8300002D801310133F3E755F823205AF822208A
:10F8400052F808206245F5D0013C55F824202A5092
:10F850005BF82420CEF80020E2E78C4208F104088F
:10F8600005D007F10800F5F7ABFF0136CAE7012C18
:10F8700015D1DBF80030B3421AD1BA6C2B68934231
:10F8800028BF9B1A3A6C136007F1100313E90300B9
:10F89000143789E803004846BD46BDE8F08F022CC6
:10F8A00006D1DBF80030B342E7D0DBF80430E2E702
:10F8B0003B6D3A6D1B6843F00403E4E72DE9F04F1C
:10F8C0009FB00D462A9C0B9004F16C060EA93046A1
:10F8D00081E80C00DDF8B080F5F7AAFB82463046DF
:10F8E000F5F7F2FA83462D9810F0C4FB00260A9033
:10F8F00010960EAF28A93846F7F7CBF8DDF8409000
:10F90000002869D00A9B9E4266D2B9F1000F63D1EC
:10F910002D9B03EB860308932D9B4A4653F8261034
:10F920005846F6F76AFA252840F0CF82731C0993EF
:10F93000089B4A4659685846F6F75FFA4528CDF8BD
:10F94000449001D04F2807D1B31C0993089B002293
:10F9500099685846F6F751FA41380EAE382800F249
:10F96000AF82DFE810F08000B500FD011501AD02A7
:10F97000AD02AD021B013F01AD02AD02AD026E0151
:10F98000AD02AD02AD02AD02A201C101EF01AD02B7
:10F99000AD02AD02F801FD012702AD02AD02AD02DC
:10F9A000AD02AD02AD024E009000BB00C100D6001A
:10F9B000AD02AD029000AD02AD02AD02AD024A0152
:10F9C0009301AD02AD02AD02AD02AD02E501AD02A3
:10F9D000AD02AD02F301FD01B9F1000F02D10A9BA6
:10F9E0009E4205D02B9B2B9A1B6843F004031360A7
:10F9F00097E803000B9B83E8030018461FB0BDE89F
:10FA0000F08FDAF808309A6C1292DA6C13921A6D51
:10FA100014925A6D15929A6D1692DA6D17921B6EAA
:10FA2000189310ABCDE905430723049312AB03935E
:10FA300011AB029328AB93E803008DE803000CAFF1
:10FA40000EAE96E80C0029463846FFF7CBFD97E846
:10FA50000300109B86E8030013B9119BC8F8183007
:10FA6000099E013645E7DAF80830DA6A12921A6B15
:10FA700013925A6B14929A6B1592DA6B16921A6C57
:10FA800017925B6CCCE712AE31465046F5F727F97A
:10FA900010ABCDE905430C23CDE9036311AB029311
:10FAA00028AB93E803008DE803000CAF0EAE96E898
:10FAB0000C0029463846FFF795FD97E80300109B98
:10FAC00086E80300002BCBD1119BC8F81030C7E7A4
:10FAD00012AE31465046F5F7E3F8D9E7DAF80830C8
:10FAE0009B690CAF0593E9E010ABCDE9064302201A
:10FAF0001F23CDE904300123039311AB029328ABFC
:10FB000093E803008DE803000CAF0EAE96E80C00FE
:10FB10001DE03046F6F797FF082102465846F5F7F4
:10FB20005AFE0CAF18B33046F5F74AFE10AACDE9DD
:10FB3000064209210122CDE90412039211AA029280
:10FB400028AA034692E803008DE803000CCB29465F
:10FB50003846FFF7ECFC97E80300109B86E80300AB
:10FB6000002B7FF47DAF119BC8F80C3078E710AB09
:10FB7000CDE9064302211F23CDE904310A23039373
:10FB800011AB029328AB93E803008DE80300BDE7B7
:10FB900012AEC74A3346A2F109018AE010ABCDE9A3
:10FBA000064302221723CDE904320CAF002303934E
:10FBB00011AB029328AB93E803008DE803000EAE6F
:10FBC00096E80C0029463846FFF7B1FC97E8030099
:10FBD000109B86E80300002B7FF442AF119BC8F80E
:10FBE00008303DE710ABCDE906434FF002090C2386
:10FBF000CDE904390CAF0123D9E710ABCDE90643B9
:10FC00004FF0020E0C23CDE9043E0123039311AB08
:10FC1000029328AB93E803008DE803000CAF0EAE0F
:10FC200096E80C0029463846FFF781FC97E8030068
:10FC3000109B86E80300002B7FF412AF119B013B61
:10FC400043E710ABCDE906434FF0020C3B23CDE96F
:10FC5000043C0023039311AB029328AB93E8030009
:10FC60008DE803000CAF0EAE96E80C00294638462E
:10FC7000FFF75DFC97E80300109B86E80300002B6C
:10FC80007FF4EEAE119BC8F80430E9E63046F6F793
:10FC9000DAFE002201465846F6F7AFF80A2840F08F
:10FCA0000F813046F5F78CFDDAE6824A12AE334614
:10FCB000911F5846F5F742FB0CAF059610ABCDE906
:10FCC0000243CDF8108028AB93E803008DE80300D1
:10FCD0000EAE2946384696E80C00FFF7EFFD97E890
:10FCE000030086E80300BBE610ABCDE9064302261D
:10FCF0003D23CDE904360023039311AB029328ABD7
:10FD000093E803008DE803000CAF0EAE96E80C00FC
:10FD100029463846FFF70BFC97E80300109B86E85E
:10FD20000300002B7FF49CAE119BC8F8003097E6CF
:10FD30003046F6F788FE002201465846F6F75DF891
:10FD40000928ACE712AE33465B4A24E7DAF80830FC
:10FD50000CAF9B68C6E6DAF808300CAF1B69C1E649
:10FD600010ABCDE90643042042F20F73CDE9043015
:10FD70000023039311AB029328AB93E803008DE8B3
:10FD800003000CAF0EAE96E80C0029463846FFF78C
:10FD9000CEFB97E80300109B86E80300002B7FF45E
:10FDA0005FAE119B002BB4BF6433A3F26C73C8F831
:10FDB000143055E63046F6F746FE01210246584615
:10FDC000F5F709FD00287BD010ABCDE905430E23E4
:10FDD00004933A4B039312AB029328AB93E80300CE
:10FDE0008DE803000CAF2946384696E80C00FFF773
:10FDF000F9FB97E8030086E8030028A93046F6F7E8
:10FE000048FE00283FF42CAE109B002B7FF428AE58
:10FE1000129B002B7FF424AE3046F6F714FE2D2102
:10FE200007465846F5F7ECFFB84234D110AF172318
:10FE30000222CDE90432CDE906470023039312AB39
:10FE4000029328AB93E803008DE803000DF130091D
:10FE50000EAE96E80C0029464846FFF768FB99E885
:10FE600003003B2386E803000221CDE90431CDE9FC
:10FE700006470023039312AB029328AB93E80300D9
:10FE80008DE803002946484696E80C00FFF74FFB33
:10FE900099E8030025E73046F6F7D5FD2B21064605
:10FEA0005846F5F7ADFFB0427FF4DAADBEE700BFCC
:10FEB000694F05006F4F0500784F0500686100200D
:10FEC000109B43F004031093CAE52D9B384653F86A
:10FED0002690F6F7B8FD814503D13846F5F770FC5A
:10FEE000BFE5109B43F004031093BAE52DE9F043FE
:10FEF0008BB0DDE9148608AC054608F16C00894634
:10FF000084E80C00F5F794F883681B690593169B49
:10FF1000CDF80880CDE9036312AB93E803008DE8C8
:10FF2000030006AF4946384694E80C00FFF7C6FCCC
:10FF300097E8030084E8030012A92046F6F796FD2F
:10FF400018B1336843F00203336094E8030085E896
:10FF5000030028460BB0BDE8F0832DE9F0438BB0D9
:10FF6000DDE9148608AC054608F16C00894684E892
:10FF70000C00F5F75DF883689B680593169BCDF838
:10FF80000880CDE9036312AB93E803008DE803001A
:10FF900006AF4946384694E80C00FFF78FFC97E817
:10FFA000030084E8030012A92046F6F75FFD18B1AC
:10FFB000336843F00203336094E8030085E80300EC
:10FFC00028460BB0BDE8F0832DE9F0479CB0DDE991
:10FFD000268508F16C070AAC06463846894684E84F
:10FFE0000C00F5F725F882463846F4F76DFFDAF88D
:10FFF00008309A6C0E92DA6C0F921A6D10925A6D4C
:020000024000BC
:1000000011929A6D1292DA6D13921A6E1492DA6A44
:1000100015921A6B16925A6B17929A6B1892DA6BAA
:1000200019921A6C5B6C1B9300230D930DABCDE9F9
:10003000058307231A9204930EAB03930CAB029330
:1000400024AB93E803008DE8030008AF94E80C00AC
:1000500049463846FFF77EFB97E803000D9B84E88E
:1000600003009BB9289B0C9A9A6124A92046F6F7B5
:10007000FDFC18B12B6843F002032B6094E80300E9
:1000800086E8030030461CB0BDE8F0872B6843F0DB
:1000900004032B60E9E72DE9F047A6B0DDE93095D0
:1000A00009F16C080AAC0646404684E80C008A4612
:1000B000F4F7BEFF074640460DF13808F4F704FF99
:1000C00038464146F4F70BFE38461AA9F4F7E8FD26
:1000D00000230D930DABCDE905930C23CDE90383EC
:1000E0000CAB02932EAB93E803008DE8030008AF3E
:1000F00094E80C0051463846FFF72CFB97E80300C4
:100100000D9B84E803009BB9329B0C9A1A612EA9BF
:100110002046F6F7ABFC18B12B6843F002032B60C6
:1001200094E8030086E80300304626B0BDE8F08777
:100130002B6843F004032B60E9E72DE9F0438FB00F
:10014000DDE918850AAC064608F16C00894684E8AA
:100150000C00F4F7B9FE0DAACDE90682042142F2A3
:100160000F720023CDE9042103930D930CAB02938E
:1001700016AB93E803008DE8030008AF94E80C0089
:1001800049463846FFF7D3F997E803000D9B84E80A
:100190000300C3B90C9B1A9A002BB4BF6433A3F2BB
:1001A0006C73536116A92046F6F760FC18B12B68F2
:1001B00043F002032B6094E8030086E80300304616
:1001C0000FB0BDE8F0832B6843F004032B60E9E730
:1001D0002DE9F04F8FB0DDE91A85064608AC08F12D
:1001E0006C004FF000098A4684E80C009DF874B05A
:1001F0009DF87870F4F768FEC5F800902521F5F7B2
:10020000FFFD0A904FBBCDE90BB70AAB05931C9BD2
:10021000CDF80880CDE9035318AB93E803008DE8CF
:10022000030006AF5146384694E80C00FFF746FB42
:1002300097E8030084E8030018A92046F6F716FCA7
:1002400018B12B6843F002032B6094E8030086E8A2
:10025000030030460FB0BDE8F08FCDE90B7BCDF841
:100260003490D2E72DE9F04F9BB00AA981E80C0049
:10027000DDE9263803F16C0407902046F4F724FEEC
:1002800005902046FEF7DCFA00F140030893836AEC
:1002900004461BB1036B003318BF0123029310AB5C
:1002A0000E9300230F938DF84030237C1BB1202147
:1002B0000EA801F02CFB002516AB202114A81493E6
:1002C00015958DF8585001F022FB04F144031AAA49
:1002D0000993E36B42F8383D2F4604922E4603956E
:1002E000A9460195049BEB5C042B3ED8DFE813F094
:1002F0005101220129009E00D800BBF1000FF1D16D
:10030000D8F8003043F00403C8F800300AAC24A940
:100310002046F6F7ABFB28B1D8F8003043F00203D3
:10032000C8F8003094E80300079B83E8030014A892
:1003300001F0D4F90EA801F0D1F907981BB0BDE87F
:10034000F08F269BDB689A051ED4B9F1010F1BD8EC
:10035000D5B1012D0CD1029BB3B99DF83030032BE0
:1003600012D09DF83230012B0ED04FF0010B2BE054
:10037000022DFAD19DF83330042B05D0029A002AC1
:10038000F3D0032B40F00881236A06934FF0000A54
:1003900024A90AA8F6F77DFB069B834600283CD0DB
:1003A0009A4511D00AA8F6F74EFBE36953F82A30B4
:1003B000834235D0BAF1000F40F0F180269BDB6814
:1003C00083F40073C3F3402B0135042D95D1B9F1AB
:1003D000010F40F22981BBF1000F91D0019B002B4E
:1003E00000F0E080E56A4FF0010B24A90AA8F6F7B7
:1003F00050FB002800F0D880D94500F0D8800AA82A
:10040000F6F721FB55F82B3083427FF479AF0AA829
:10041000F5F7D6F90BF1010BE7E79A45CAD1A4E746
:100420000AA8F5F7CDF90AF1010AB1E7A36AB3B951
:10043000236B43B324A90AA8F6F72BFB834610B31A
:100440000AA8F6F700FBE26A126882421BD10AA8EA
:10045000D4F83090F5F7B4F9CDF804B0B4E724A996
:100460000AA8F6F716FB83460028E1D00AA8F6F79B
:10047000EAFA626A12688242DAD10AA8D4F82890AD
:10048000F5F79EF9A0E7A36A1BB9029B83F0010B65
:100490009AE7236B002BF8D1012301939B4693E746
:1004A00024A90AA8F6F7F5FA834600283FD00AA83F
:1004B000F6F7C9FA0DAA0D900A210998F3F7CFF8BB
:1004C00088B1089BC01A5B4B80101B68195C14A88C
:1004D00001F04FFA06F1010B039E0AA8F5F770F937
:1004E00003965E46DCE70D9962698A4206D12FB910
:1004F000626B002A11DD5F468346EEE7227C62B123
:10050000A369994208D177B97EB1F1B20EA801F082
:1005100030FABB46039EE0E79346159A002A08BFCF
:100520004FF0000B50E7BB46F7E7B346F5E74FF057
:10053000010BF2E724A90AA8F6F7ABFAD0B94FF0FD
:10054000000B032D3FF440AF24A90AA8F6F7A1FA47
:1005500000283FF439AF0AA8F6F775FA08210246D9
:100560000598F5F738F900283FF42EAF0AA8F5F7FB
:1005700027F9E9E70AA8F6F766FA0821024605987E
:10058000F5F729F983460028D9D00AA8F5F718F914
:10059000D7E74FF0010BD4E7DDF808B014E74FF0D0
:1005A000000B11E7656A1EE7D9457FF4A9AE159BDC
:1005B000012B11D90022302114A801F0E7FB0246DB
:1005C00050B1431C08BF159A4FF0000108BF02F15B
:1005D000FF3214A801F0ECF9019B3BB114990B78A0
:1005E000302B03D02D2214A801F078FA0F9B8BB189
:1005F000F7B19DF80C100EA801F0BBF90EAAD4E9D2
:10060000020109F035FC28B9D8F8003043F00403A2
:10061000C8F800301FB1636BB3427FF471AE14A908
:10062000289801F045FB71E6BBF1000FBFD167E6EA
:10063000F1B2E0E72C6100202DE9F04F9BB00AA950
:1006400081E80C00DDE9263803F16C0407902046B0
:10065000F4F73AFC05902046FEF726F900F1400336
:100660000893836A04461BB1036B003318BF012350
:10067000029310AB0E9300230F938DF84030237C30
:100680001BB120210EA801F042F9002516AB202154
:1006900014A8149315958DF8585001F038F904F109
:1006A00044031AAA0993E36B42F8383D2F4604929B
:1006B0002E460395A9460195049BEB5C042B3ED87E
:1006C000DFE813F05101220129009E00D800BBF1A0
:1006D000000FF1D1D8F8003043F00403C8F800301F
:1006E0000AAC24A92046F6F7C1F928B1D8F80030A1
:1006F00043F00203C8F8003094E80300079B83E846
:10070000030014A800F0EAFF0EA800F0E7FF079826
:100710001BB0BDE8F08F269BDB689A051ED4B9F1AB
:10072000010F1BD8D5B1012D0CD1029BB3B99DF897
:100730003030032B12D09DF83230012B0ED04FF009
:10074000010B2BE0022DFAD19DF83330042B05D09C
:10075000029A002AF3D0032B40F00881236A069303
:100760004FF0000A24A90AA8F6F793F9069B8346DE
:1007700000283CD09A4511D00AA8F6F764F9E3693D
:1007800053F82A30834235D0BAF1000F40F0F1809F
:10079000269BDB6883F40073C3F3402B0135042DE3
:1007A00095D1B9F1010F40F22981BBF1000F91D031
:1007B000019B002B00F0E080E56A4FF0010B24A9BB
:1007C0000AA8F6F766F9002800F0D880D94500F0AD
:1007D000D8800AA8F6F737F955F82B3083427FF412
:1007E00079AF0AA8F4F7ECFF0BF1010BE7E79A45A4
:1007F000CAD1A4E70AA8F4F7E3FF0AF1010AB1E7B6
:10080000A36AB3B9236B43B324A90AA8F6F741F945
:10081000834610B30AA8F6F716F9E26A1268824214
:100820001BD10AA8D4F83090F4F7CAFFCDF804B071
:10083000B4E724A90AA8F6F72CF983460028E1D0EA
:100840000AA8F6F700F9626A12688242DAD10AA8A9
:10085000D4F82890F4F7B4FFA0E7A36A1BB9029B71
:1008600083F0010B9AE7236B002BF8D1012301934E
:100870009B4693E724A90AA8F6F70BF983460028BC
:100880003FD00AA8F6F7DFF80DAA0D900A210998C3
:10089000F2F7E5FE88B1089BC01A5B4B80101B681D
:1008A000195C14A801F065F806F1010B039E0AA873
:1008B000F4F786FF03965E46DCE70D9962698A428B
:1008C00006D12FB9626B002A11DD5F468346EEE741
:1008D000227C62B1A369994208D177B97EB1F1B2A5
:1008E0000EA801F046F8BB46039EE0E79346159A32
:1008F000002A08BF4FF0000B50E7BB46F7E7B346AE
:10090000F5E74FF0010BF2E724A90AA8F6F7C1F8C2
:10091000D0B94FF0000B032D3FF440AF24A90AA833
:10092000F6F7B7F800283FF439AF0AA8F6F78BF8C6
:10093000082102460598F4F74EFF00283FF42EAF39
:100940000AA8F4F73DFFE9E70AA8F6F77CF80821C2
:1009500002460598F4F73FFF83460028D9D00AA83D
:10096000F4F72EFFD7E74FF0010BD4E7DDF808B01E
:1009700014E74FF0000B11E7656A1EE7D9457FF4D5
:10098000A9AE159B012B11D90022302114A801F02A
:10099000FDF9024650B1431C08BF159A4FF0000103
:1009A00008BF02F1FF3214A801F002F8019B3BB12D
:1009B00014990B78302B03D02D2214A801F08EF857
:1009C0000F9B8BB1F7B19DF80C100EA800F0D1FF72
:1009D0000EAAD4E9020109F04BFA28B9D8F8003080
:1009E00043F00403C8F800301FB1636BB3427FF4D7
:1009F00071AE14A9289801F05BF971E6BBF1000F04
:100A0000BFD167E6F1B2E0E72C6100202DE9F041AB
:100A100092B008AC84E80C00DDE91B380EAA8C46C5
:100A20009DF868100C920CAF0022029306460D92BE
:100A30008DF8382006ADCDE9038718AB19B393E8DC
:100A400003008DE80300614694E80C002846FFF798
:100A500009FC95E803000C9D84E80300F2F718FAFE
:100A600012AB424643F81C0D1D992846F2F730FCA4
:100A700094E8030086E80300384600F02FFE304675
:100A800012B0BDE8F08193E803008DE803006146F1
:100A900094E80C002846FFF7CFFDDAE72DE9F04F88
:100AA00091B008ACDDF874B09DF8708006460BF18B
:100AB0006C00894684E80C00F4F706FA1E9BCDE929
:100AC00002B30AAF04971AAB824693E803008DE89D
:100AD00003000CAA0A9206AD00220B928DF830207A
:100AE000494694E80C002846B8F1000F1DD0FFF7E6
:100AF000B9FB95E803000B9D84E8030055B1294636
:100B00001F98F2F7C7FF0A991F9B4A191B685046A6
:100B1000F4F714FC94E8030086E80300384600F07C
:100B2000DDFD304611B0BDE8F08FFFF785FDE0E751
:100B3000184B1A68D1075CBF01221A60164B1A685D
:100B4000D2075CBF01221A60144B1A68D0075CBF41
:100B500001221A60124B1A68D1075CBF01221A6089
:100B6000104B1A68D2075CBF01221A600E4B1A683C
:100B7000D0075CBF01221A600C4B1A68D1075CBF1A
:100B800001221A600A4B1A68D2075CBF01221A6060
:100B9000704700BF00960020FC950020F8950020CB
:100BA000F4950020F0950020EC950020E8950020B9
:100BB000E4950020036853F80C3C8B4210B51446B2
:100BC00004D20A460248214602F05EFE084610BDE5
:100BD000EB4A0500006801F1805150F80C0C023915
:100BE000091A914208B502D2184602F04AFE08BD21
:100BF0000068884208D850F80C3C00EB8300814222
:100C000094BF00200120704701207047012A30B4B2
:100C100003D10B68036030BC7047002AFBD030BCA6
:100C20000FF0B3BB012A30B403D10B68036030BCB2
:100C30007047002AFBD030BC0FF0AABB0B46012B3B
:100C400010B41146044603D122605DF8044B70478E
:100C5000002BFAD01A465DF8044B0FF09CBB08B588
:100C6000521A9210FFF7D2FF08BD0000F8B50446F3
:100C700017460E460A4A19461D46FFF79BFF216894
:100C800051F80C2C541BBC4228BF3C462CB12246C8
:100C900001EB85013046FFF7B9FF2046F8BD00BFE4
:100CA000D84A0500036853F8042C002AB8BF002274
:100CB00010B5B8BF43F8042C0A6852F8044C002C55
:100CC000BCBF002442F8044C02600B6010BD000061
:100CD000044B984205D000238360016000EB810043
:100CE000C360704724960020144B984210B5044608
:100CF00002D9134802F0C5FD884203D94B0098423F
:100D000038BF1C46201D800000F11003B3F5805F42
:100D10000DD98C420BD9C3F30B03C3F5805304EBFD
:100D20009304064B9C4228BF1C46201D8000F0F710
:100D300077FA00224460826010BD00BFFEFFFF0F03
:100D40007D530500F8B50F46064680B10021FFF738
:100D5000CBFF00F10C040546314620463A46FFF72A
:100D60006DFF31462846FFF7B3FF2046F8BD014C22
:100D7000FBE700BF3096002010B504460846114638
:100D80001A46FFF7DFFF2060204610BDF0F74CBA8F
:100D9000054A904210B506D08268541E002A84602D
:100DA00001DCFFF7F3FF10BD2496002013B50446C5
:100DB000006801A90C38FFF7EBFF204602B010BD18
:100DC0002DE9F74F8046006850F80C6CA3EB020940
:100DD000B1440F46761A50F8081C894514461D4642
:100DE000A6EB020603D850F8043C002B23DD01AA31
:100DF0004846FFF779FF824600F10C0B2FB13A46C7
:100E0000D8F800105846FFF701FF5EB13D44D8F80E
:100E10000030E1190AEB8500324603EB81010C300A
:100E2000FFF7F4FED8F8000001A90C38FFF7B0FF77
:100E3000C8F800B000E046B9D8F8000049460C38C0
:100E4000FFF746FF03B0BDE8F08F9542F4D0D1190B
:100E50003D4400EB8101324600EB8500FFF7E2FEE6
:100E6000EAE7000003680A4A934210B504460DD031
:100E700053F8043C002B04DD00231A461946FFF703
:100E80009FFF23684FF0FF3243F8042C10BD00BFD2
:100E90003096002008B5036853F8043C002B01DBB2
:100EA000FFF7E0FF08BD000070B504461546094A8B
:100EB0000E46FFF77FFE236853F80C2C921BAA42C4
:100EC00001464FF00003204628BF2A46FFF778FF6F
:100ED000204670BD824B0500F8B51C4617460546F6
:100EE0000E460A4B22463946FFF774FE23463A4621
:100EF00031462846FFF764FF34B12868069A214638
:100F000000EB8600FFF79AFE2846F8BD654B05000A
:100F100013B5046800920B4654F80C2C0021FFF71F
:100F2000DBFF02B010BD000073B51546064A1E4631
:100F30000446FFF73FFE009601462B46002220465E
:100F4000FFF7CAFF02B070BDAB4B0500F8B5069CB9
:100F50001F46234605460E46FFF732FF34B1286888
:100F60002246394600EB8600FFF750FE2846F8BDC2
:100F70002DE9F34106681A4B56F80C8C04460F46CF
:100F800041461546FFF726FE39462046FFF730FE5C
:100F900018B956F8043C002B0BDD204600953B4663
:100FA00042460021FFF7D2FF0446204602B0BDE8CA
:100FB000F081BB1B9B109D420AD82A463946304619
:100FC000FFF724FE206829460C38FFF781FEECE786
:100FD000002BF7D02A4639463046FFF723FEF1E7CB
:100FE00095530500034B98421EBF8368013383600D
:100FF0000C3070472496002070B5044600681044F9
:101000000A466168FFF770FE2268064600F10C058B
:1010100022B104F10C012846FFF7F8FD30462168A3
:10102000FFF756FE284670BD37B50446006850F8F5
:10103000083C994203D150F8043C002B11DD50F8D4
:101040000C2D91422CBFC2EB0102C2EB020201A99E
:10105000FFF7D2FF0546206801A90C38FFF798FE7C
:10106000256003B030BDF8B50B6853F80C6C04462E
:101070000F46EEB1036853F80C5C53F8082C354466
:10108000954203D853F8043C002B03DD2946204643
:10109000FFF7CAFF2368396853F80C0C324603EB9C
:1010A0008000FFF7B3FD206829460C38FFF710FEDB
:1010B0002046F8BD08B5FFF7D6FF08BD2DE9F04181
:1010C00004460E46904632B3184B0021FFF782FDCE
:1010D000276857F80C5C57F8083C45449D4203D8F4
:1010E00057F8043C002B08DD31462046FFF780FD11
:1010F000A0B129462046FFF797FF236853F80C0C50
:10110000314603EB80004246FFF780FD2068294608
:101110000C38FFF7DDFD2046BDE8F081294620466A
:10112000FFF782FF2368F61B1E44E6E7964B050097
:10113000F8B5044617460E4611B30A46114B002176
:10114000FFF748FD236853F80C5C53F8082C35442E
:10115000954203D853F8043C002B03DD2946204672
:10116000FFF762FF236853F80C0C314603EB800055
:101170003A46FFF763FD206829460C38FFF7A8FDC3
:101180002046F8BD964B0500F8B5036853F80C6C83
:101190000B4B0C4617460A4631460546FFF71AFD2B
:1011A000A64205D23A46A11B2846FFF7C1FFF8BD6B
:1011B000FDD94FF0FF3221462846FFF775FEF6E7CE
:1011C000AA53050008B50022FFF7DEFF08BD03683B
:1011D00070B553F80C4C53F8082C01349442054672
:1011E0000E4603D853F8043C002B03DD2146284665
:1011F000FFF71AFF286850F80C3C214640F823609E
:101200000C38FFF765FD70BD08B58368002B02DB65
:10121000FFF7E8FE08BD0022FFF7EEFEFAE713B580
:101220000446086801AA69460C38FFF7EDFF206004
:10123000204602B010BD000088422DE9F04105466D
:101240000F4618D0A0B10C1AA41000212046FFF7B9
:101250004BFD00F10C068046294630463A46FFF722
:10126000FEFC21464046FFF733FD3046BDE8F081E5
:10127000024802F003FB024EF7E700BF535305009C
:101280003096002070B5054616460C4669B10846F2
:101290000EF0F0FE04EB80014FF0000332462046D2
:1012A000FFF7CAFF2860284670BD6FF00301F3E71F
:1012B00010B50446084611461A464FF00003FFF7E2
:1012C000BBFF2060204610BD38B51D4604464FF0D8
:1012D0000003084601EB82012A46FFF7ADFF2060BC
:1012E000204638BD084670470846704710B502983A
:1012F0001446521A0AF0EBFF204610BD10B51846EE
:101300001446521A0AF0E3FF204610BD082921D0E6
:1013100011D8032927D008D8012920D0022920D0AC
:1013200011F0440F25D0154815E004291DD00729D8
:10133000F6D113480FE020290FD005D8102916D078
:101340001729EDD10F4806E04429ECD09729E7D1C1
:101350000D4800E00D480FF001B80D48FBE70D48BF
:10136000F9E70D48F7E70D48F5E70D48F3E70D48B5
:10137000F1E711F09700EBD1704700BF0D64050055
:10138000146405001A640500E9630500E3630500C1
:10139000EF630500F5630500FB63050001640500CC
:1013A0000E6405000764050008460DF05DBD38B504
:1013B0000C461546AC4205D220680DF055FD44F8A8
:1013C000040BF7E7284638BD08460DF03EBD38B59A
:1013D0000C461546AC4205D220680DF036FD44F8A7
:1013E000040BF7E7284638BD2DE9F041054688464D
:1013F000174600F59266002416F8013B13EA080F21
:1014000004D10434202CF7D1002008E02B193846F1
:10141000D3F8A0140AF07CFD0028F2D00120BDE82A
:10142000F0812DE9F04781460D4617469846BD42AA
:1014300015D2002409F5946A26465AF8041B286838
:101440000AF066FD20B109EB040393F890341E43C3
:101450000134082CF1D108F8016B0435E7E7384670
:10146000BDE8F0872DE9F8430646884699461446BC
:101470004C45254608D23268414697682A6830466E
:101480000434B8470028F3D02846BDE8F8832DE996
:10149000F84306468846994614464C45254608D2E8
:1014A0003268414697682A6830460434B8470028B5
:1014B000F3D12846BDE8F883243150F82100704765
:1014C00010B58A420C4607D924782434013150F8EB
:1014D000244043F8044BF4E7104610BD7F2910B5B3
:1014E00003461446084605D81A7B1AB10B445C7BA8
:1014F000204610BD0EF05CFE431C18BFC4B2F7E7D7
:101500002DE9F0411E46037B069D804617460C469A
:101510006BB9A74223461DD918680EF049FE431C3B
:1015200014BFC0B23046043405F8010BF1E7A742FE
:1015300010D954F8040B7F2804D84044437B2B7007
:101540000135F4E70EF034FE421C14BFC0B2304641
:101550002870F5E73846BDE8F0812DE9F0410446F2
:1015600000F10D06002528460EF022FE431C28D06F
:101570000135802D06F8010BF5D10123237304F109
:101580009006002528460AF0B1F80135B5F5807FB0
:1015900046F8040BF6D104F5926704F5946600252D
:1015A0004FF0010808FA05F1C9B207F8011B2046FF
:1015B000FFF7ACFE0135082D46F8040BF2D1BDE86B
:1015C000F0810023DAE7000010B5084B044640F82C
:1015D000083BF1F7E9FE237B1BB1A06908B1EFF7E7
:1015E00025FE2046F1F73AFC204610BD6C6405004C
:1015F00010B50446FFF7E8FF2046EFF715FE20463A
:1016000010BD000010B5064B044640F8083BF1F74A
:10161000CBFE044B23602046F1F720FC204610BD92
:101620009C6405005C4D050010B50446FFF7EAFF19
:101630002046EFF7F9FD204610BDF0B50546C1B0D4
:1016400000240DF804400134B4F5807FF9D12B68F3
:1016500005F11D06DF6940AA334669462846B847AA
:1016600001232B772246314668460AF021FE08B155
:1016700002232B7741B0F0BD003118BF0121074B89
:1016800010B5416003600446F1F702FC0023A0603E
:1016900023732046FFF761FF204610BD9C640500C0
:1016A0000AB10AF014BE704708B50B68002B02DAC5
:1016B000094802F0E6F8934208D95200934205D255
:1016C000002AB6BF6FF000430A600B600868BDE8EF
:1016D00008400130EFF7A4BDC04B0500034653F8A6
:1016E000080B984201D0EFF79FBD704710B54368D3
:1016F0009942144604D90A460248214602F0C4F829
:10170000084610BDEB4A050008B501F100414068EC
:101710000139091A914202D2184602F0B2F808BD06
:1017200003688B4206D840681844814294BF002069
:101730000120704701207047012A10B502D10A78B4
:10174000027010BDFFF7ACFFFBE7012A30B403D1F4
:101750000B78037030BC7047002AFBD030BC0AF015
:10176000C1BD0B46012B10B41146044603D12270B3
:101770005DF8044B7047002BFAD01A465DF8044B15
:101780000AF0C9BD37B50F2904460191154606D99F
:10179000002201A9FFF788FF019B2060A360019947
:1017A00019B12A462068FFF7DCFF019B22686360BD
:1017B0000021D15403B030BD08B5521AFFF7BCFF69
:1017C00008BD08B5521AFFF7B7FF08BD8842F7B544
:1017D00004460E461FD002684D6800F108039A4285
:1017E00014BF82680F22AA420BD202A941F8045DFD
:1017F000FFF75AFF07462046FFF770FF019B27605F
:10180000A36025B12A4631682068FFF795FF236859
:10181000656000225A5503B0F0BD2DE9F347DDF8AD
:101820002880164642689A46A8EB0603571A1344C6
:101830000268019300F108039A420D4614BF8268C2
:101840000F2201A90446FFF72FFFBF1B81461DB1E0
:101850002A462168FFF770FFBAF1000F08D0B8F1EF
:10186000000F05D04246514609EB0500FFF764FF23
:1018700047B121682E4405EB08003A4631444844FC
:10188000FFF75AFF2046FFF729FF019BC4F800909D
:10189000A36002B0BDE8F08738B515464268521A19
:1018A000521B04460B4606D02DB100682944014462
:1018B0001844FFF74AFF63685D1B236865600022D8
:1018C0005A5538BDF8B50B46064653F8087B56F80E
:1018D000082BBB4205460C4616D00760496841609C
:1018E0009642A16818BFD0F808C0816008BF0022E6
:1018F00042B12260C4F808C02268002363601370FC
:101900002846F8BD2360F7E7FFF760FFF4E737B537
:10191000054643680191994255F8081B38BF019369
:101920008D4218BF82680446019808BF0F2290427A
:1019300012D001D80F2811D901A92046FFF7B4FE13
:101940006268216801320546FFF7F6FE2046FFF780
:10195000C5FE019B2560A36003B030BD8D42FBD066
:101960005A1C2846FFF7E8FE2068EFF75DFC25606B
:10197000F2E7F7B50268466800F108039A4218BF1B
:10198000836806F1010508BF0F239D4204460F46F8
:1019900006D90123009300231A463146FFF73DFF85
:1019A00023689F552368656000225A5503B0F0BD37
:1019B00070B516460C4A04460D46FFF797FE731C99
:1019C00005D12368656000225A55204670BD002E5F
:1019D000FBD06268521BB24228BF324629462046DD
:1019E000FFF75AFFF1E700BF824B05002DE9F341F5
:1019F00016461D4604461B4B2A4688463146FFF7CD
:101A000083FE2346626853F8080B9842A5EB06074D
:101A100018BFA368174408BF0F23BB421AD3A2EB19
:101A20000802921B06D0AE4204D0404481192844DB
:101A3000FFF78BFE35B120689DF8202029464044F1
:101A4000FFF78FFE2368676000222046DA5502B058
:101A5000BDE8F08100950023324641462046FFF75D
:101A6000DCFEE7E7654B050007B500920B46002258
:101A70004168FFF7BBFF03B05DF804FB10B5446895
:101A80008C42034603D2091BFFF7EEFF10BD81BF56
:101A90000368416000225A54F8E708B50022FFF7B6
:101AA000EDFF08BD07B500920B4642680021FFF725
:101AB0009DFF03B05DF804FB73B51546064A1E464C
:101AC0000446FFF713FE009601462B4600222046EF
:101AD000FFF78CFF02B070BDAB4B050037B5046853
:101AE000009205460C1B012300222146FFF77EFFD2
:101AF0002868204403B030BD2DE9F74F0C9D1446F3
:101B000081462A460F4698462146374BFFF7FCFD93
:101B10004A46D9F8043052F8086B9642A5EB040BFC
:101B200018BFD9F8082003EB0B0A08BF0F22524553
:101B30004ED33E444146DF1B48463F1BFFF7F0FDB6
:101B400070B137B1AC4204D03A4631197019FFF781
:101B5000FCFD0DB32A4641463046FFF7EDFD1BE084
:101B600035B1AC423CD32A4641463046FFF7EDFD45
:101B700097B1AC4210D03A4631197019FFF7E5FD24
:101B8000AC4209D2344408EB05039C420FD32A46E9
:101B900041463046FFF7D9FDD9F80030C9F804A016
:101BA0000022484603F80A2003B0BDE8F08F444500
:101BB00003D82A4608EB0B01CEE7A4EB0804224623
:101BC00041463046FFF7C1FD2A1B71193019C4E7A1
:101BD00000954346224639464846FFF71EFEDBE79E
:101BE000002FCFD0C7E700BF224B050007B50092FA
:101BF0000B4642680021FFF77FFF03B05DF804FB4E
:101C000073B504462646406856F8083BB34218BFF1
:101C1000A66800EB020508BF0F26B5420AD812B12C
:101C20001844FFF789FD23686560002220465A5555
:101C300002B070BD00920B46002201462046FFF71D
:101C4000ECFDF0E708B5D1E90012FFF7D9FF08BDB8
:101C500008B5FFF7F7FF08BD70B5064B04460D4603
:101C600016460021FFF750FD324629462046FFF771
:101C7000C7FF70BD964B05002DE9F0410646904622
:101C80000F460A4A19461D46FFF730FD7268541B7D
:101C9000444528BF44462CB1316822462944384681
:101CA000FFF74AFD2046BDE8F08100BFD84A050095
:101CB0002DE9F043884285B004460D4663D00746BF
:101CC0000E4657F8082B56F8083B974238D19E42EB
:101CD00029D1D0F80490D1F80480B9F1000F43D095
:101CE0001022B8F1000F12D031466846FFF7D8FC39
:101CF000102239463046FFF7D3FC10226946384699
:101D0000FFF7CEFC63686A6862606B603BE039464F
:101D10003046FFF7C5FC63686B602368C4F8048035
:101D200083F800802FE0D1F8088010223946304631
:101D3000FFF7B6FC2B6823602E60C4F80880E1E74B
:101D40009E42D0F808800AD1102231463846FFF76B
:101D5000A7FC23682B602760C5F80880D2E70360E2
:101D60008B680A608360F7E7B8F1000FCAD01022D1
:101D700031463846FFF794FC6B6863602B68C5F802
:101D8000049083F8009005B0BDE8F08310B5436877
:101D90009A4205D20468A45C8C4203D10132F7E771
:101DA0004FF0FF32104610BD73B5044616460D467F
:101DB00019B912B10D4801F061FD731B0F2B01938E
:101DC00007D9002201A92046FFF76EFC019B206085
:101DD000A360324629462068FFF7EEFC019B22688B
:101DE00063600021D15402B070BD00BF3B4B0500C1
:101DF00010B500F108020260D1E9001204464FF06C
:101E000000030A44FFF7D0FF204610BD10B5064B73
:101E10000360143383600023044643600830F1F705
:101E200035FB204610BD00BFE8640500D0F800C0B7
:101E3000ACF10C0CDCF800C06044E7E710B5064BD1
:101E40000360143383600023044643600830F1F7D5
:101E500027FB204610BD00BF18650500D0F800C064
:101E6000ACF10C0CDCF800C06044E7E710B50446A8
:101E7000FFF7CCFF2046EFF7D7F9204610BDD0F88A
:101E800000C0ACF10C0CDCF800C06044EEE710B50B
:101E90000446FFF7D3FF2046EFF7C6F9204610BDF2
:101EA000D0F800C0ACF10C0CDCF800C06044EEE7E8
:101EB0000B6810B503600446486853F80C1C60506A
:101EC0000021616053F80C0C11462044F1F74EFBE1
:101ED000204610BD70B500F10805044628460E46A0
:101EE000F1F712FB054B23601433A360002328464F
:101EF00063603146F1F73AFB204670BDE8640500A7
:101F000010B5044681B91368236079B9526853F853
:101F10000C3CE250002363608B0703D504F10800FA
:101F2000F1F7B4FA204610BD024BEDE7024A082350
:101F3000EFE700BFE8640500FC6405000A460021E5
:101F4000FFF7DEBF0B6810B503600446486853F81E
:101F50000C1C60500021616053F80C0C11462044A9
:101F6000F1F767FB204610BD70B500F10805044687
:101F700028460E46F1F72AFB054B23601433A36075
:101F80000023284663603146F1F753FB204670BDBD
:101F90001865050010B5044681B91368236079B946
:101FA000526853F80C3CE250002363608B0703D562
:101FB00004F10800F1F774FA204610BD024BEDE77A
:101FC000024A0823EFE700BF186505002C650500ED
:101FD0000A460021FFF7DEBFFFF780BBF1F774BBB5
:101FE000F8B54C680746601C0E46EFF71BF9002356
:101FF0000546014622463046FFF73EFE00232B559C
:102000003D602046F8BD0000F8B54C680B4B074614
:10201000601C984294BF80004FF0FF300E46EFF7EF
:1020200001F900230546014622463046F1F71CFE21
:10203000002345F824303D602046F8BDFEFFFF1F19
:1020400013B5049CCDE9003413460A46C1684FF02D
:102050000000F9F7A5F802B010BD30B58BB00D4601
:102060000AA901E90C0079230693129B0593119BA1
:102070000493109B03930EAA044692E8030001AB5D
:1020800083E80300099B00932046089BAA684FF051
:102090000001F9F725FA20460BB030BD30B58BB002
:1020A0000D460AA901E90C006D230693129B0593C6
:1020B000119B0493109B03930EAA044692E803001D
:1020C00001AB83E80300099B00932046089BAA68A4
:1020D0004FF00001F9F704FA20460BB030BD30B5DF
:1020E0008BB00D460AA901E90C0077230693129BD9
:1020F0000593119B0493109B03930EAA044692E848
:10210000030001AB83E80300099B00932046089B72
:10211000AA684FF00001F9F7E3F920460BB030BD93
:1021200030B58BB00D460AA901E90C006423069373
:10213000129B0593119B0493109B03930EAA0446D4
:1021400092E8030001AB83E80300099B009320465B
:10215000089BAA684FF00001F9F7C2F920460BB0BE
:1021600030BD30B58BB00D460AA901E90C007423CF
:102170000693129B0593119B0493109B03930EAA45
:10218000044692E8030001AB83E80300099B009337
:102190002046089BAA684FF00001F9F7A1F92046F4
:1021A0000BB030BD81684FF00000F9F793B9F0B57E
:1021B00091B00AAC84E80C00002307930D930EAB9A
:1021C00006930DAB0593199B04939DF86030039320
:1021D00016AA0F46054692E8030001AB83E8030008
:1021E0000B9B009308AE0A9BBA684FF00001304683
:1021F000F9F774FD96E803000D9B84E803005BB9D2
:10220000DDE90E011B9BC3E9000194E8030085E8AA
:102210000300284611B0F0BD1A9A1360F5E710B517
:1022200088B00DF1200C0CE90C00002304939DF8FC
:10223000303003930B9B02939DF828300193079B4A
:1022400000938A68069B4FF000010446F9F760FC92
:10225000204608B010BD0A4601694FF00000F9F7AA
:1022600031B907B50092D1E9002301694FF00000B0
:10227000F9F700F903B05DF804FB13B5049CCDE950
:10228000003413460A46C1684FF00000F8F793FF88
:1022900002B010BD30B58BB00D460AA901E90C00A3
:1022A00079230693129B0593119B0493109B039330
:1022B0000EAA044692E8030001AB83E80300099BE1
:1022C00000932046089BAA684FF00001F9F766F9D1
:1022D00020460BB030BD30B58BB00D460AA901E9E0
:1022E0000C006D230693129B0593119B0493109B86
:1022F00003930EAA044692E8030001AB83E80300AF
:10230000099B00932046089BAA684FF00001F9F74B
:1023100045F920460BB030BD30B58BB00D460AA94B
:1023200001E90C0077230693129B0593119B0493FC
:10233000109B03930EAA044692E8030001AB83E8C6
:102340000300099B00932046089BAA684FF00001F8
:10235000F9F724F920460BB030BD30B58BB00D46EF
:102360000AA901E90C0064230693129B0593119BB3
:102370000493109B03930EAA044692E8030001AB5A
:1023800083E80300099B00932046089BAA684FF04E
:102390000001F9F703F920460BB030BD30B58BB022
:1023A0000D460AA901E90C0074230693129B0593BC
:1023B000119B0493109B03930EAA044692E803001A
:1023C00001AB83E80300099B00932046089BAA68A1
:1023D0004FF00001F9F7E2F820460BB030BD8168FC
:1023E0004FF00000F9F779B8F0B591B00AAC84E885
:1023F0000C00002307930D930EAB06930DAB0593D2
:10240000199B04939DF86030039316AA0F46054666
:1024100092E8030001AB83E803000B9B009308AE36
:102420000A9BBA684FF000013046F9F7CBFD96E8F9
:1024300003000D9B84E803005BB9DDE90E011B9BE3
:10244000C3E9000194E8030085E80300284611B0C1
:10245000F0BD1A9A1360F5E710B588B00DF1200CA5
:102460000CE90C00002304930C9B03930B9B029339
:102470009DF828300193079B00938A68069B4FF0D4
:1024800000010446F9F7BAFC204608B010BD0A4620
:1024900001694FF00000F9F719B807B50092D1E9CA
:1024A000002301694FF00000F8F7F8FF03B05DF872
:1024B00004FB000073B5044616460D4619B912B167
:1024C0000D4801F0DBF9731B0F2B019307D9002294
:1024D00001A92046FFF7E8F8019B2060A36032467F
:1024E00029462068FFF76DF9019B2268636000218F
:1024F000D15402B070BD00BF3B4B050073B504461C
:1025000016460D4619B912B10D4801F0B7F9731B03
:102510009B10032B019307D9002201A92046F1F754
:10252000B1F8019B2060A360324629462068F1F78C
:102530003FF901992046F1F79EF802B070BD00BF47
:102540003B4B050010B5074B0360036900220446AE
:10255000DA600C30F8F7E9FB204607F067FF204609
:1025600010BD00BF746B050010B50446FFF7EAFF0D
:102570002046EEF759FE204610BD000010B5054B71
:10258000044640F80C3BF8F7D0FB2046F9F730FE44
:10259000204610BD046B050010B50446FFF7EEFFA2
:1025A0002046EEF741FE204610BD000010B5054B59
:1025B000044640F8083BF8F7B8FB2046F9F7ECFD75
:1025C000204610BDBC6B050010B50446FFF7EEFFBA
:1025D0002046EEF729FE204610BD000010B5054B41
:1025E000044640F8083BF8F7A0FB2046F9F7ACFD9D
:1025F000204610BD146C050010B50446FFF7EEFF31
:102600002046EEF711FE204610BD000010B5054B28
:10261000044640F8083BF8F788FB2046F9F7A8FD88
:10262000204610BD446C050010B50446FFF7EEFFD0
:102630002046EEF7F9FD204610BD000002690A4B66
:1026400010B503600023D3600269936102691362CD
:102650000269044693620C30F8F767FB204607F0E6
:1026600085FD204610BD00BFA86C050010B50446CE
:10267000FFF7E4FF2046EEF7D7FD204610BD00002F
:1026800002690A4B10B503600023D36002699361AD
:10269000026913620269044693620C30F8F745FB45
:1026A000204607F07DFD204610BD00BF746C05007C
:1026B00010B50446FFF7E4FF2046EEF7B5FD2046CF
:1026C00010BD000010B5054B044640F8103BF8F76C
:1026D0002CFB2046F9F774FD204610BD3C6B05002D
:1026E00010B50446FFF7EEFF2046EEF79DFD2046AD
:1026F00010BD000010B5074B0360036900220446BB
:10270000DA600C30F8F711FB204607F0F7FE2046A0
:1027100010BD00BF986B050010B50446FFF7EAFF37
:102720002046EEF781FD204610BD000010B5054B98
:10273000044640F80C3BF8F7F8FA2046FCF768F836
:10274000204610BD206B050010B50446FFF7EEFFD4
:102750002046EEF769FD204610BD000010B5054B80
:10276000044640F8083BF8F7E0FA2046FCF724F866
:10277000204610BDE86B050010B50446FFF7EEFFDC
:102780002046EEF751FD204610BD000010B5054B68
:10279000044640F8083BF8F7C8FA2046FBF7E4FF88
:1027A000204610BD2C6C050010B50446FFF7EEFF67
:1027B0002046EEF739FD204610BD000010B5054B50
:1027C000044640F8083BF8F7B0FA2046FBF7E0FF74
:1027D000204610BD5C6C050010B50446FFF7EEFF07
:1027E0002046EEF721FD204610BD000002690A4B8D
:1027F00010B503600023D36002691362026993621B
:102800000269044613630C30F8F78FFA204607F08C
:1028100085FD204610BD00BF106D050010B50446B3
:10282000FFF7E4FF2046EEF7FFFC204610BD000056
:1028300002690A4B10B503600023D360026913627A
:10284000026993620269044613630C30F8F76DFA6B
:10285000204607F07DFD204610BD00BFDC6C050062
:1028600010B50446FFF7E4FF2046EEF7DDFC2046F6
:1028700010BD000010B5054B044640F8103BF8F7BA
:1028800054FA2046FBF7ACFF204610BD586B0500FC
:1028900010B50446FFF7EEFF2046EEF7C5FC2046D4
:1028A00010BD30B5084687B014460D46F9F780FFD5
:1028B00084F824002846F9F77EFF0023A3606361B3
:1028C000E361012384F8643084F8250029466846D2
:1028D000F9F774FF694604F10800FFF781FBE06037
:1028E0006846FEF7FBFE29466846F9F76EFF694623
:1028F00004F11400FFF774FBA0616846FEF7EEFEDA
:1029000029466846F9F768FF694604F11C00FFF79D
:1029100067FB20626846FEF7E1FE07B030BD30B5C8
:10292000084687B014460D46FCF74CFA606228460C
:10293000FCF74BFA0023A3606361E361012384F891
:102940002431A06229466846FCF742FA694604F140
:102950000800FFF745FBE0606846FEF7BFFE29462A
:102960006846FCF73CFA694604F11400FFF74CFB9B
:10297000A0616846F0F7A8FE29466846FCF736FADB
:10298000694604F11C00FFF73FFB20626846F0F740
:102990009BFE07B030BD10B4084611461A46DDE96B
:1029A000013401945DF8044BF9F7DEBF10B408461A
:1029B00011461A46DDE9013401945DF8044BFCF739
:1029C000DDBA30B5084687B014460D46F9F744FE27
:1029D00060742846F9F743FEA0742846F9F75EFEB6
:1029E0000023A3606361E3616362012384F84330E1
:1029F000E06229466846F9F735FE694604F10800A9
:102A0000FFF7EEFAE0606846FEF768FE2946684682
:102A1000F9F72FFE694604F11400FFF7E1FAA0610F
:102A20006846FEF75BFE29466846F9F729FE6946C7
:102A300004F11C00FFF7D4FA20626846FEF74EFE50
:102A400029466846F9F723FE694604F12400FFF79A
:102A5000C7FAA0626846FEF741FE2846F9F721FE54
:102A600020632846F9F722FE606307B030BD30B519
:102A7000084687B014460D46F9F7ACFD6074284649
:102A8000F9F7ABFDA0742846F9F7C6FD0023A36053
:102A90006361E3616362012384F84330E0622946A5
:102AA0006846F9F79DFD694604F10800FFF798FABA
:102AB000E0606846FEF712FE29466846F9F797FD82
:102AC000694604F11400FFF78BFAA0616846FEF72F
:102AD00005FE29466846F9F791FD694604F11C0098
:102AE000FFF77EFA20626846FEF7F8FD2946684641
:102AF000F9F78BFD694604F12400FFF771FAA06233
:102B00006846FEF7EBFD2846F9F789FD2063284665
:102B1000F9F78AFD606307B030BD30B5084687B06D
:102B200014460D46FCF7A4F860612846FCF7A3F8AC
:102B3000A0612846FCF7BEF80023A360E36163624E
:102B4000E362012384F86C30606329466846FCF731
:102B500095F8694604F10800FFF742FAE06068461C
:102B6000FEF7BCFD29466846FCF78FF8694604F17C
:102B70001C00FFF749FA20626846F0F7A5FD2946D8
:102B80006846FCF789F8694604F12400FFF73CFA2F
:102B9000A0626846F0F798FD29466846FCF783F87E
:102BA000694604F12C00FFF72FFA20636846F0F71E
:102BB0008BFD2846FCF781F8A0632846FCF782F8D5
:102BC000E06307B030BD30B5084687B014460D4607
:102BD000FCF70CF860612846FCF70BF8A06128466A
:102BE000FCF726F80023A360E3616362E36201233C
:102BF00084F86C30606329466846FBF7FDFF694640
:102C000004F10800FFF7ECF9E0606846FEF766FDA6
:102C100029466846FBF7F7FF694604F11C00FFF7F9
:102C2000F3F920626846F0F74FFD29466846FBF746
:102C3000F1FF694604F12400FFF7E6F9A062684657
:102C4000F0F742FD29466846FBF7EBFF694604F1C1
:102C50002C00FFF7D9F920636846F0F735FD2846C8
:102C6000FBF7E9FFA0632846FBF7EAFFE06307B044
:102C700030BD10B586B00C46114602AA00926846D7
:102C8000CA18FFF717FC089A69462046F9F74AFE6A
:102C900004466846FEF722FD204606B010BD10B57A
:102CA00086B00C46114602AA00926846CA18FFF781
:102CB00001FC089A69462046FCF73EF9044668463E
:102CC000FEF70CFD204606B010BD08461146F9F788
:102CD00038BE08461146FCF73EB90846F9F783BDF1
:102CE0000846FCF78AB882B0F0B587B004469DF874
:102CF00050700D93742F1546DDE91110139E0FAA25
:102D00000DAB15D003D8642F24D06D2F3CD0772F76
:102D10002DD0792FFBD1CDE90306029192E8030073
:102D20008DE8030029460CCB2046F9F7CFFD0BE0D8
:102D3000CDE90306029192E803008DE803002946DD
:102D40000CCB2046F9F752FD204607B0BDE8F04015
:102D500002B07047CDE90306029192E803008DE8C6
:102D6000030029460CCB2046F9F75CFDECE7CDE9E2
:102D70000306029192E803008DE8030029460CCB7C
:102D80002046F9F76BFDDFE7CDE90306029192E8F3
:102D900003008DE8030029460CCB2046F9F77AFDA5
:102DA000D2E782B0F0B587B004469DF850700D931D
:102DB000742F1546DDE91110139E0FAA0DAB15D027
:102DC00003D8642F24D06D2F3CD0772F2DD0792FAE
:102DD000FBD1CDE90306029192E803008DE80300E0
:102DE00029460CCB2046FCF77BF80BE0CDE9030627
:102DF000029192E803008DE8030029460CCB20469F
:102E0000FBF7FEFF204607B0BDE8F04002B0704778
:102E1000CDE90306029192E803008DE803002946FC
:102E20000CCB2046FCF708F8ECE7CDE9030602914D
:102E300092E803008DE8030029460CCB2046FCF7FE
:102E400017F8DFE7CDE90306029192E803008DE869
:102E5000030029460CCB2046FCF726F8D2E70000F9
:102E6000F8B5A64A0C466FF00103A549054606F0E1
:102E700020FC064610B104682046F8BDA14B9C42D8
:102E800026D16820EEF7CCF99F4B036007464660D9
:102E9000C0E902660674C0E90566C0E90766868473
:102EA00080F864601420EEF7BBF9324639460446D8
:102EB000F9F76EFC6B68E56001336B60934B236040
:102EC00027613A4629464FF00000F8F7F1F8D3E7BA
:102ED0008F4B9C420DD11020EEF7A2F931460446EB
:102EE000F9F732FD6B68E56001336B60894B236055
:102EF000C2E7894B9C420AD10C20EEF791F96B682E
:102F000001336B600446C0E90165844BEFE7844BF5
:102F10009C420AD10C20EEF783F96B6801336B6099
:102F20000446C0E901657F4BE1E77F4B9C420AD133
:102F30000C20EEF775F96B6801336B600446C0E94D
:102F400001657A4BD3E77A4B9C422CD14420EEF7B3
:102F500067F9784B036007464660C0E9026606746D
:102F600046748674C0E90566C0E90766C0E909666B
:102F7000C0E90B66466380F843601420EEF750F911
:102F8000324639460446F9F755FB6B68E560013374
:102F90006B60694B236027613A4629464FF0000079
:102FA000F8F714F968E7654B9C422CD14420EEF702
:102FB00037F9634B036007464660C0E90266067452
:102FC00046748674C0E90566C0E90766C0E909660B
:102FD000C0E90B66466380F843601420EEF720F9E1
:102FE000324639460446F9F7E3FA6B68E560013387
:102FF0006B60544B236027613A4629464FF000002E
:10300000F8F739F938E7504B9C420CD11420EEF711
:1030100007F931460446F9F775FC6B682561013301
:103020006B604A4B63E74A4B9C4229D14FF4947042
:10303000EEF7F6F80027474B036006464760C0E905
:1030400002770774C0E90577C0E90777C0E9097717
:1030500080F824711420EEF7E3F83A46314604462E
:10306000FBF7A0FE6B68E56001336B603A4B2360B1
:103070002661324629464FF00000F8F756F8FBE685
:10308000364B9C420CD11020EEF7CAF800210446C2
:10309000FBF764FF6B68E56001336B60304B26E73C
:1030A000304B9C420BD10C20EEF7BAF80023C0E95C
:1030B00001356B6801336B6004462B4B17E72B4BD4
:1030C0009C420BD10C20EEF7ABF80023C0E9013590
:1030D0006B6801336B600446254B08E7254B9C4227
:1030E0004CD10C20EEF79CF80023C0E901356B6849
:1030F00001336B600446204BF9E600BF985505008C
:103100004C490500D09500209C470500746B0500D4
:10311000C4950020046B0500CC950020BC6B050015
:10312000D8950020146C0500D4950020446C05004F
:10313000DC9500205C470500A86C0500E0950020A8
:103140006C470500746C0500C89500203C6B0500B9
:1031500010960020AC470500986B050004960020EF
:10316000206B05000C960020E86B050018960020E7
:103170002C6C0500149600205C6C05003A4B9C42B8
:103180002DD17020EEF74CF80027384B036006462F
:103190004760C0E902770774C0E90577C0E907779F
:1031A000C0E90977C0E90B77C0E90D77C76380F8FC
:1031B0006C701420EEF734F83A4631460446FBF7BB
:1031C00045FD6B68E56001336B60294B2360266128
:1031D000324629464FF00000F8F7A2F84CE6254B9E
:1031E0009C422DD17020EEF71BF80027224B036084
:1031F00006464760C0E902770774C0E90577C0E971
:103200000777C0E90977C0E90B77C0E90D77C76395
:1032100080F86C701420EEF703F83A463146044605
:10322000FBF7D2FC6B68E56001336B60134B2360E6
:103230002661324629464FF00000F8F7C6F81BE633
:103240000F4B9C420CD11420EDF7EAFF00210446FD
:10325000FBF762FE6B68256101336B60094B46E644
:10326000094800F00BFB00BF1C9600207C470500BE
:10327000106D0500209600208C470500DC6C0500D1
:1032800008960020586B0500BB55050010B58A69EB
:10329000044612B9064800F0F1FAD1E9001200F133
:1032A000080303600A44FFF705F9204610BD00BF7C
:1032B000A055050082B02DE9F0478AB0064618995E
:1032C000139317469DF85480DDF858909DF85CA044
:1032D00013ACB1B104AD2846FFF7D8FFCDE902A584
:1032E000CDE90089304694E80C003946F9F737FA01
:1032F0002846FEF7F3F930460AB0BDE8F04702B0C1
:103300007047CDE9019ACDF8008094E80C00394669
:10331000F9F70FFAEFE710B58AB0044600930020E2
:103320001346C968099003AAF8F7A6FC03A920462A
:10333000FFF7ACFF03A8F7F7B4FE20460AB010BDB4
:10334000F0B59BB00AAC84E80C0013AE0023CDE9C5
:10335000063619930C930CAB0593239B04939DF8AD
:103360008830039320AA8C46054692E8030001ABFF
:1033700083E8030008AF0B9B00934FF000010A9B0A
:10338000DCF808203846F8F7A9FC97E803000C9B06
:1033900084E80300A3B931460DA8FFF777FF0DA914
:1033A0002598FEF78FFA0DA8FEF798F994E8030028
:1033B00085E803003046F7F774FE28461BB0F0BDE1
:1033C000249A1360F2E730B58DB0044611980025B9
:1033D0000B9545680395006802901098CDE9003080
:1033E0001346096905AA4FF00000F8F755FC05A936
:1033F0002046FFF74BFF05A8F7F753FE20460DB018
:1034000030BD000038B5836904460D4603B19847C6
:1034100029462046FEF7ECFC014BA361204638BD4F
:10342000D91F040010B586B0144668461A46089B9A
:10343000F9F7A1FA69462046FFF7E4FF6846FEF770
:103440004DF906B010BD82B02DE9F0418EB0944622
:103450001C9A159305469DF86410DDE91A0717AB11
:1034600015AC9AB1CDE90472CDE9021093E80300DE
:103470008DE80300614694E80C002846F9F71BF933
:1034800028460EB0BDE8F04102B0704708AECDE965
:103490000476CDE9021093E803008DE803000DF1F6
:1034A000280E0DF11808CDE908E28DF828206146B4
:1034B00094E80C004046F9F71DF998E803003B68D2
:1034C00084E803001BB931461D98FFF79BFF94E881
:1034D000030085E803003046FEF700F9D0E700005E
:1034E00070B590B009AC0E4606A9054681E80C00FF
:1034F0002046002317990F93FFF784FF9DF858305B
:103500000393159B02939DF850300193079B009302
:103510009FED070B069BB26804944FF0000128460C
:10352000F8F7F6FA2046F7F7BCFD284610B070BD54
:103530000000000000000000F0B58FB00E461546F8
:103540001699179A02AC1F460A4404AB2046029310
:10355000FEF7B0FF159B00933A46149B0194314649
:1035600008A8F9F7E2F908A92846FFF74BFF08A8D1
:10357000FEF7B4F82046FEF7B1F80FB0F0BD00003A
:1035800010B58A69044612B9064800F077F9D1E906
:10359000001200F10803036001EB8202FEF7AEFFA8
:1035A000204610BDA055050082B02DE9F0478AB035
:1035B00006461899139317469DF85480DDE9169A2C
:1035C00013ACB1B104AD2846FFF7DAFFCDE902A58F
:1035D000CDE90089304694E80C003946FBF7CAFB78
:1035E0002846F0F771F830460AB0BDE8F04702B05F
:1035F0007047CDE9019ACDF8008094E80C00394677
:10360000FBF7A3FBEFE710B58AB004460093002058
:103610001346C968099003AAF8F7A2FC03A920463B
:10362000FFF7AEFF03A8F7F73CFD20460AB010BD38
:10363000F0B59BB00AAC84E80C0013AE0023CDE9D2
:10364000063619930C930CAB0593239B04939DF8BA
:103650008830039320AA8C46054692E8030001AB0C
:1036600083E8030008AF0B9B00934FF000010A9B17
:10367000DCF808203846F8F7A5FC97E803000C9B17
:1036800084E80300A3B931460DA8FFF779FF0DA91F
:103690002598F0F712F90DA8F0F716F894E8030052
:1036A00085E803003046F7F7FCFC28461BB0F0BD68
:1036B000249A1360F2E730B58DB0044611980025C6
:1036C0000B9545680395006802901098CDE900308D
:1036D0001346096905AA4FF00000F8F751FC05A947
:1036E0002046FFF74DFF05A8F7F7DBFC20460DB09D
:1036F00030BD000038B5836904460D4603B19847D4
:1037000029462046F0F7F0FA014BA361204638BD68
:10371000DD1F040010B586B0144668461A46089BA3
:10372000FBF733FC69462046FFF7E4FF6846EFF7F6
:10373000CBFF06B010BD82B02DE9F0418EB09446AB
:103740001C9A159305469DF86410DDE91A0717AB1E
:1037500015AC9AB1CDE90472CDE9021093E80300EB
:103760008DE80300614694E80C002846FBF7AFFAA9
:1037700028460EB0BDE8F04102B0704708AECDE972
:103780000476CDE9021093E803008DE803000DF103
:10379000280E0DF11808CDE908E20A92614694E876
:1037A0000C004046FBF7B2FA98E803003B6884E857
:1037B00003001BB931461D98FFF79CFF94E80300F6
:1037C00085E803003046EFF77FFFD1E700000000F7
:1037D00070B590B009AC0E4606A9054681E80C000C
:1037E0002046002317990F93FFF784FF169B03933E
:1037F000159B02939DF850300193079B00939FED1A
:10380000080B069BB26804944FF000012846F8F7B5
:10381000F5FA2046F7F745FC284610B070BD00BF0A
:103820000000000000000000F0B58FB00E46154605
:103830001699179A02AC1F4601EB820204AB204690
:103840000293FEF75BFE159B00933A46149B01948E
:10385000314608A8FBF773FB08A92846FFF74AFF83
:1038600008A8EFF731FF2046EFF72EFF0FB0F0BDAD
:1038700008B507F033FF08B507F030FF08B507F0CB
:103880002DFF08B507F02AFF0FB480B582B000AF56
:1038900007F1100454F8045B28460AF011FB00F20B
:1038A0000E2323F00703ADEB030D00F50071234653
:1038B0002A4668467C6007F0FBF807F00FFF08B562
:1038C00007F00CFFF0B50546D0E90020801A63D060
:1038D00013781C0603D401322A601846F0BDC12BB0
:1038E0003BD9DF2B0FD8012856D0507800F0C00408
:1038F000802C32D100EB8310A0F542508142EDD3F1
:1039000002322A60EAE7EF2B1AD8022844D9547809
:1039100004F0C000802820D1E02B01D19F2C1CD9BD
:10392000907800F0C006802E17D1A40104EB033379
:103930000344A3F5622080388142CFD30332E0E70D
:10394000F42B0AD8032827D9547804F0C000802823
:1039500003D1F02B04D18F2C06D84FF0FF30BDE7F8
:10396000F42B01D18F2CF8D8967806F0C00080286F
:10397000F3D1D07800F0C007802FEED1240304EB00
:10398000834303EB86130344A3F17270A0F5025046
:103990008842A3D80432B4E76FF001009EE7009B91
:1039A00003201A60704700207047002070470420F1
:1039B00070477F2908D8D0E900329A4242D05A1C79
:1039C0000260197001207047B1F5006F10D2D0E984
:1039D0000032D21A012A35D95A1C02608A09403AAB
:1039E0001A70036801F03F015A1C02608039E8E751
:1039F000B1F5803F11D2D0E90032D21A022A21D982
:103A00005A1C02600A0B203A1A700268531C0360A9
:103A1000C1F38513803B1370E3E7B1F5881F11D222
:103A2000D0E90032D21A032A0CD95A1C02608A0C3F
:103A3000103A1A700268531C0360C1F30533803BCF
:103A40001370E2E7002070472DE9F04104460E466E
:103A500017469846D4E9000585422AD00188A1F589
:103A60005843B3F5806F1DD2B8F1010F24D02D1A41
:103A7000022D1ED04088A0F55C43B3F5806F1BD2A9
:103A8000A0F15770A0F5773000EB81210225B942F3
:103A900012D83046FFF78DFF80B1236803EB450352
:103AA0002360D7E7A1F55C43B3F5806F04D301250C
:103AB000EDE70020BDE8F0810220FBE70120F9E7F7
:103AC00038B54B0705460CD5D0E900431B1B022B2C
:103AD00007D903220349204608F0EAFB08B903345A
:103AE0002C6038BD946D050070B50C46194605462E
:103AF0001646FFF7E5FFD5E900329A4212D0D4E925
:103B000000329A4201D1012070BD31462846FFF7AC
:103B1000D9FE831CF7D0864206D323681A1D226083
:103B20001860E8E70020EFE70220EDE71FB5CDE9D8
:103B30000023079B0293089B0393074A002302A9D3
:103B40006846FFF7D1FF069B009A1A60099B029A0C
:103B50001A6005B05DF804FBFFFF100037B5CDE932
:103B6000000168469DF8181014461D46FFF7A8FF8F
:103B7000002044B1A84204F1FF3404D82946684625
:103B8000FFF7A0FEF5E7009803B030BD13B514466B
:103B9000194600230093049A034B2046FFF7DEFFEB
:103BA000001B02B010BD00BFFFFF10002DE9F8435D
:103BB0000C4619461F4605461646FFF781FF07F0DB
:103BC0000107D5E90098C8453CD0D4E900329A42B3
:103BD00038D031462846FFF775FE831C06D1089B76
:103BE000002B14BF02200120BDE8F88386422BD3AE
:103BF000B0F5803FD4E9002309D29A421ED080B2AA
:103C00000FB940BA80B2931C23601080D9E79B1A89
:103C1000032B13D9830AC0F30900A3F52153A0F5A0
:103C200010509BB280B20FB95BBA9BB213800FB930
:103C300040BA80B2131D23605080C2E7C5E90098E6
:103C40000120D1E70020CFE70220CDE77FB5CDE905
:103C50000223099B04930A9B059300230093074AC0
:103C6000012304A902A8FFF7A1FF089B029A1A608A
:103C70000B9B049A1A6007B05DF804FBFFFF10006D
:103C8000F7B5CDE900019DF82010684617461D469E
:103C9000FFF716FF0024661CBE420ED22946684676
:103CA000FFF710FE854202D2009803B0F0BDB0F5D8
:103CB000803F28BF34460134EDE7F5D14FF6FF735E
:103CC0004FF6FE718D4294BF294619466846FFF7AC
:103CD000F9FDE9E713B51446194600230093049A49
:103CE000034B2046FFF7CCFF001B02B010BD00BF06
:103CF000FFFF100010B5034B03600446EFF7AEF86A
:103D0000204610BD706D050010B50446FFF7F2FFA8
:103D10002046EDF789FA204610BD000010B5034B90
:103D200003600446EFF79AF8204610BD446D050085
:103D300010B50446FFF7F2FF2046EDF775FA20466E
:103D400010BD00001FB5CDE90023079B0293089B1F
:103D50000393074A002302A96846FFF775FE069BF6
:103D6000009A1A60099B029A1A6005B05DF804FB7C
:103D7000FFFF10008B070CD5D0E90032D21A022ABF
:103D800009D9064A1188927819809A70036803331A
:103D90000360012070470020704700BF946D05004C
:103DA00070B50D460446194628461646FFF7E2FF51
:103DB00070B1D4E900329A420CD019688E420BD30C
:103DC0002846FFF7F6FD18B1236804332360F0E7B7
:103DD000012070BD0020FCE70220FAE71FB5CDE905
:103DE0000023079B0293089B0393074A002302A921
:103DF0006846FFF7D5FF069B009A1A60099B029A56
:103E00001A6005B05DF804FBFFFF100008B507F06D
:103E100065FC00000F4B10B500F124010360002386
:103E20000446C0E90133C0E90333C0E90533C0E902
:103E300007330A466430C2E9003308329042FAD1AF
:103E40000823C4E9193104F16C00EEF759FB204650
:103E500010BD00BFF86E050070B5846905460E46BA
:103E600034B1D4E901322946304698472468F7E74F
:103E700070BD38B50446806940B1C3685A1EC2603F
:103E800023B90568EDF7D0F92846F5E70023A361CB
:103E900038BD00000C4B10B5002104460360FFF74D
:103EA000DBFF2046FFF7E5FFA06E04F124039842F4
:103EB00004D008B1EDF7BAF90023A36604F16C0051
:103EC000EFF73AF8204610BDF86E050010B504462D
:103ED000FFF7E0FF2046EDF7A7F9204610BD836805
:103EE000587C70478368987C70478368D86A7047AD
:103EF00083681B6B0020DAB262F30700C3F307226A
:103F000062F30F20C3F3074262F317401B0E82B027
:103F100063F31F6002B0704783685B6B0020DAB206
:103F200062F30700C3F3072262F30F20C3F30742D3
:103F300062F317401B0E82B063F31F6002B070473C
:103F40008368587C70478368987C70478368D86A18
:103F5000704783681B6B0020DAB262F30700C3F37B
:103F6000072262F30F20C3F3074262F317401B0ED0
:103F700082B063F31F6002B0704783685B6B002000
:103F8000DAB262F30700C3F3072262F30F20C3F330
:103F9000074262F317401B0E82B063F31F6002B04A
:103FA0007047836893F824007047836893F825006E
:103FB00070470020704700207047704700209142F2
:103FC00004D211F8013B03EB7060F8E77047000082
:103FD00010B5034B03600446EEF740FF204610BDCA
:103FE0008470050010B5034B03600446EEF736FFFE
:103FF000204610BD9C70050010B5034B03600446BD
:10400000EEF72CFF204610BD486F050010B5034B9E
:1040100003600446EEF722FF204610BD846F0500C2
:1040200010B5034B03600446EEF718FF204610BDA1
:10403000B46F050010B5034B03600446EEF70EFFA6
:10404000204610BDB470050010B5034B0360044654
:10405000EEF704FF204610BDC870050010B50446F9
:10406000FFF7B6FF2046EDF7DFF8204610BD10B58C
:104070000446FFF7B7FF2046EDF7D6F8204610BDFF
:1040800010B50446FFF7B8FF2046EDF7CDF82046FF
:1040900010BD10B50446FFF7B9FF2046EDF7C4F890
:1040A000204610BD10B50446FFF7BAFF2046EDF7D5
:1040B000BBF8204610BD10B50446FFF7BBFF2046F5
:1040C000EDF7B2F8204610BD10B50446FFF7BCFF6F
:1040D0002046EDF7A9F8204610BD13B58B6801AA5C
:1040E00099680446F6F726F9204602B010BD13B5CC
:1040F0008B6801AA59690446F6F71CF9204602B0FC
:1041000010BD13B58B6801AAD9690446F6F712F9F8
:10411000204602B010BD13B58B6801AA596A044647
:10412000F6F708F9204602B010BD13B58B6801AA56
:1041300099680446F6F7FEF8204602B010BD13B5A4
:104140008B6801AA59690446F6F7F4F8204602B0D4
:1041500010BD13B58B6801AAD9690446F6F7EAF8D1
:10416000204602B010BD13B58B6801AA596A0446F7
:10417000F6F7E0F8204602B010BD13B58B6801AA2F
:1041800099680446F6F7D6F8204602B010BD13B57C
:104190008B6801AA59690446F6F7CCF8204602B0AC
:1041A00010BD13B58B6801AAD9690446F6F7C2F8A9
:1041B000204602B010BD000010B5054B044640F883
:1041C000083BEFF7F1F82046EEF748FE204610BD19
:1041D0003C70050010B50446FFF7EEFF2046EDF7F2
:1041E00023F8204610BD000010B5054B044640F8EA
:1041F000083BEFF7D9F82046EEF730FE204610BD19
:10420000086F050010B50446FFF7EEFF2046EDF7F6
:104210000BF8204610BD000038B50D4B0360056952
:104220000446EEF73FFE854203D015B12846ECF771
:10423000FDFFA06810B103685B68984704F10C00AB
:10424000EFF7B2F82046EEF709FE204638BD00BF72
:10425000C46F050010B50446FFF7DEFF2046ECF7FB
:10426000E3FF204610BD2DE9F04385B01C46814692
:1042700003AB02A8F6F773F801AB21460C9A03A82A
:10428000F6F76DF8029D039C55F80C3C54F80C7C35
:1042900005EB0308274422462946484605F0C8FD99
:1042A000064668B9284609F00BFE0544204609F089
:1042B00007FEA84504440DD13E1B18BF4FF0FF3642
:1042C00003A8F5F7A5FD02A8F5F7A2FD304605B055
:1042D000BDE8F083A74202D001350134DBE70126B7
:1042E000EEE700002DE9F74316461C46224B03601B
:1042F00022466B460746894601A83146F6F72FF855
:10430000019DA41B55F80C3C6400204605EB0308F6
:10431000ECF788FF064623462A463146484605F014
:1043200092FD84420DD8441C3046ECF77FFF2046B6
:10433000ECF778FF2346064601462A46484605F034
:1043400082FD024631463846F5F710FF284609F04F
:10435000B7FD0544A84505D0002138460135F5F7DD
:104360008EFFD8E73046ECF761FF01A8F5F750FD66
:10437000384603B0BDE8F083A09500200A2808D88D
:104380002F2918D93030C0B2814214D2A1F13000A7
:104390007047A1F13003092BF8D9A1F16103052B76
:1043A00002D8A1F157007047A1F14103052B02D8B3
:1043B000A1F1370070474FF0FF30704713460A46AF
:1043C00011B1194607F0A7BF7047000000310B4A32
:1043D000026018BF012100224160C0E9022202747C
:1043E00042748274C0E90522C0E90722C0E90922AB
:1043F000C0E90B22426380F8432070476C470500F8
:1044000000310B4A026018BF012100224160C0E95F
:104410000222027442748274C0E90522C0E90722B4
:10442000C0E90922C0E90B22426380F843207047AB
:104430005C47050010B5003218BF01224260054BF1
:1044400003600022044681601146EEF765F92046BC
:1044500010BD00BF0870050003689B68184703681B
:10446000DB68184710B50B6804461B69984720465F
:1044700010BD10B50B6804465B699847204610BD17
:1044800010B50B6804469B699847204610BD10B5CF
:104490000B680446DB699847204610BD03681B6A19
:1044A000184703685B6A82B002B0184703689B6ACA
:1044B00082B002B01847000010B5003218BF0122C8
:1044C0004260054B03600022044681601146EEF70E
:1044D000D5F8204610BD00BFD46F050003689B6867
:1044E00018470368DB68184710B50B6804461B695A
:1044F0009847204610BD10B50B6804465B69984785
:10450000204610BD10B50B6804469B6998472046AD
:1045100010BD10B50B680446DB699847204610BDF6
:1045200003681B6A184703685B6A82B002B01847C9
:1045300003689B6A82B002B01847F0B589B006AC38
:1045400084E80C00139A0B680592129A0492119A4F
:1045500003929DF8402002920EAA05460E4692E86C
:1045600003008DE8030028469F68314694E80C005C
:10457000B847284609B0F0BDF0B589B006AC84E86C
:104580000C00139A0B680592129A0492119A0392E6
:104590009DF8402002920EAA05460E4692E80300BE
:1045A0008DE803002846DF68314694E80C00B847E0
:1045B000284609B0F0BD70B586B004AC84E80C00A4
:1045C0009DF8302002920B9A01920B689DF82820EA
:1045D00000929E6894E80C000546B047284606B055
:1045E00070BD70B586B004AC84E80C000D9A0392DF
:1045F0009DF8302002920B9A01920B689DF82820BA
:104600000092DE6894E80C000546B047284606B0E4
:1046100070BD00000031084A026018BF012100226D
:104620004160C0E902220274C0E90522C0E9072204
:10463000828480F8642070479C47050010B50032E2
:1046400018BF0122044B42600446036081600021D0
:10465000EEF704FA204610BD246F050003689B683E
:1046600018470368DB68184710B50B6804461B69D8
:104670009847204610BD10B50B6804465B69984703
:10468000204610BD10B50B6804469B69984720462C
:1046900010BD0000003218BF0122074B10B5426068
:1046A000036081600446EEF7FDFB00212061204697
:1046B00005F06AFF204610BDC46F050083689A6844
:1046C0000A60DB684B60704783681A690A605B693F
:1046D0004B60704783689A690A60DB694B6070477A
:1046E0008368DA6A0A601A6B4A605A6B8A609A6B4E
:1046F000CA60DA6B0A611A6C4A615B6C8B61704745
:1047000083689A6C0A60DA6C4A601A6D8A605A6D26
:10471000CA609A6D0A61DA6D4A611B6E8B617047DF
:1047200083685A6E0A609A6E4A60DA6E8A601A6FFF
:10473000CA605A6F0A619A6F4A61DA6F8A61D3F868
:104740008020CA61D3F884200A62D3F888204A62A4
:10475000D3F88C208A62D3F89030CB62704783689C
:10476000D3F894200A60D3F898204A60D3F89C20AC
:104770008A60D3F8A020CA60D3F8A4200A61D3F8D5
:10478000A8204A61D3F8AC208A61D3F8B020CA616E
:10479000D3F8B4200A62D3F8B8204A62D3F8BC2018
:1047A0008A62D3F8C030CB62704703689B681847B1
:1047B000F0B589B006AC84E80C00129A0B6804923C
:1047C000119A0392109A02920EAA05460E4692E89A
:1047D00003008DE803002846DF68314694E80C00AA
:1047E000B847284609B0F0BDF0B589B006AC84E8FA
:1047F0000C00129A0B680492119A0392109A02927A
:104800000EAA05460E4692E803008DE803002846EE
:104810001F69314694E80C00B847284609B0F0BD3E
:10482000F0B589B006AC84E80C00129A0B680492CB
:10483000119A0392109A02920EAA05460E4692E829
:1048400003008DE8030028465F69314694E80C00B8
:10485000B847284609B0F0BDF0B589B006AC84E889
:104860000C00129A0B680492119A0392109A029209
:104870000EAA05460E4692E803008DE8030028467E
:104880009F69314694E80C00B847284609B0F0BD4E
:10489000F0B589B006AC84E80C00129A0B6804925B
:1048A000119A0392109A02920EAA05460E4692E8B9
:1048B00003008DE803002846DF69314694E80C00C8
:1048C000B847284609B0F0BD003110B518BF012126
:1048D000044B416003600446EEF7DAFAA06020461C
:1048E00010BD00BF3C70050003689B68184773B596
:1048F000079E01960D68069E0096ED680446A8473F
:10490000204602B070BD03681B691847003110B51E
:1049100018BF0121044B416003600446EEF7B8FA6A
:10492000A060204610BD00BF086F050010B40468E9
:10493000A468A4465DF8044B604738B50D6804468A
:10494000ED68A847204638BD10B504460A48EEF782
:1049500009FB2368D3E90123834202D952F82000DE
:1049600008B9FEF788FF0023044A054904F0A1FEB8
:1049700008B904F0FFFE10BD349600202064050045
:104980004C49050010B504460A48EEF7EBFA2368D7
:10499000D3E90123834202D952F8200008B9FEF777
:1049A0006AFF0023044A054904F083FE08B904F0B5
:1049B000E1FE10BD94960020C87105004C49050029
:1049C0002DE9F043044685B008468846FFF7DAFF34
:1049D0000146054601A8FFF747FE019B53F80C0C62
:1049E000E060ECF71FFC002301460646E26801A8E0
:1049F000F5F764F9E3682BB196F90030002BD4BFCA
:104A0000002301232946237402A8FFF734FE029BEA
:104A100053F80C0CA061ECF705FCA2698146002359
:104A2000014602A8F5F74AF9294603A8FFF72AFE2E
:104A3000039B53F80C0C2062ECF7F4FB226A01464E
:104A40000023074603A8F5F739F92846FFF706FEC5
:104A500084F824002846FFF704FE84F82500404629
:104A6000FFF772FF124B196804F1260301F12402CB
:104A70000546F7F76EFD0F4B1968284601F11A023B
:104A800004F14A03F7F765FD012384F86430A6605A
:104A9000C4F81490E76103A8F5F7BAF902A8F5F78E
:104AA000B7F901A8F5F7B4F905B0BDE8F08300BF88
:104AB00028610020246100202DE9F04105460F48BF
:104AC000EEF750FA2B68DE6856F820800446B8F1FD
:104AD000000F0FD16820ECF7A3FB41460746FFF714
:104AE00099FD29463846FFF76BFF2246394628686C
:104AF000EEF7F6FA56F82400BDE8F081949600200F
:104B000010B504460A48EEF72DFA2368D3E90123CD
:104B1000834202D952F8200008B9FEF7ACFE002308
:104B2000044A054904F0C5FD08B904F023FE10BD90
:104B30008C9600209C7105004C49050010B5044678
:104B40000A48EEF70FFA2368D3E90123834202D91A
:104B500052F8200008B9FEF78EFE0023044A0549EA
:104B600004F0A7FD08B904F005FE10BD90960020E2
:104B7000907105004C49050010B504460A48EEF74F
:104B8000F1F92368D3E90123834202D952F82000C6
:104B900008B9FEF770FE0023044A054904F089FDB8
:104BA00008B904F0E7FD10BDA096002008710500CB
:104BB0004C4905002DE9FF47044608468846FFF7A3
:104BC000DBFF0546FFF78AFC60742846FFF789FC87
:104BD000A0742846FFF7A4FC2946E0626846FFF768
:104BE00083FC009B53F80C0CE060ECF71BFB0023EC
:104BF00001460646E2686846F5F760F8E3682BB1BF
:104C000096F90030002BD4BF0023012329462374DA
:104C100001A8FFF770FC019B53F80C0CA061ECF7A6
:104C200001FBA26982460023014601A8F5F746F878
:104C3000294602A8FFF766FC029B53F80C0C206281
:104C4000ECF7F0FA226A81460023014602A8F5F744
:104C500035F8294603A8FFF75CFC039B53F80C0CBE
:104C6000A062ECF7DFFAA26A01460023074603A818
:104C7000F5F724F82846FFF756FC20632846FFF78F
:104C800057FC60634046FFF75FFE104B196804F164
:104C9000380301F10B02F7F75CFC012384F8433081
:104CA000A660C4F814A0C4F81C90676203A8F5F7C6
:104CB000AFF802A8F5F7ACF801A8F5F7A9F868462F
:104CC000F5F7A6F804B0BDE8F08700BF2C6100201E
:104CD0002DE9F04105460F48EEF744F92B68DE68F0
:104CE00056F820800446B8F1000F0FD14420ECF7AD
:104CF00097FA41460746FFF783FB29463846FFF7F8
:104D000059FF224639462868EEF7EAF956F824009A
:104D1000BDE8F081A096002010B504460A48EEF7E1
:104D200021F92368D3E90123834202D952F82000F4
:104D300008B9FEF7A0FD0023044A054904F0B9FCB8
:104D400008B904F017FD10BDA4960020E870050016
:104D50004C4905002DE9FF47044608468846FFF701
:104D6000DBFF0546FFF778FB60742846FFF777FB0B
:104D7000A0742846FFF792FB2946E0626846FFF7D9
:104D800071FB009B53F80C0CE060ECF74BFA00232E
:104D900001460646E2686846F4F790FFE3682BB1E7
:104DA00096F90030002BD4BF002301232946237439
:104DB00001A8FFF75EFB019B53F80C0CA061ECF718
:104DC00031FAA26982460023014601A8F4F776FF72
:104DD000294602A8FFF754FB029B53F80C0C2062F3
:104DE000ECF720FA226A81460023014602A8F4F774
:104DF00065FF294603A8FFF74AFB039B53F80C0CF9
:104E0000A062ECF70FFAA26A01460023074603A846
:104E1000F4F754FF2846FFF744FB20632846FFF7CA
:104E200045FB60634046FFF78FFD104B196804F1A6
:104E3000380301F10B02F7F78CFB012384F84330B0
:104E4000A660C4F814A0C4F81C90676203A8F4F725
:104E5000DFFF02A8F4F7DCFF01A8F4F7D9FF6846EA
:104E6000F4F7D6FF04B0BDE8F08700BF2C61002046
:104E70002DE9F04105460F48EEF774F82B68DE681F
:104E800056F820800446B8F1000F0FD14420ECF70B
:104E9000C7F941460746FFF799FA29463846FFF712
:104EA00059FF224639462868EEF71AF956F82400C9
:104EB000BDE8F081A496002010B504460A48EEF73C
:104EC00051F82368D3E90123834202D952F8200024
:104ED00008B9FEF7D0FC0023044A054904F0E9FBB9
:104EE00008B904F047FC10BD889600202871050021
:104EF0004C49050010B504460A48EEF733F823681C
:104F00009A6882420CD95B6853F8200038B10023BC
:104F1000054A064904F0CDFB003018BF012010BD42
:104F20000020FCE734960020206405004C49050071
:104F300010B504460A48EEF715F823689A688242CD
:104F40000CD95B6853F8200038B10023054A0649A4
:104F500004F0AFFB003018BF012010BD0020FCE7BB
:104F60008C9600209C7105004C49050010B5044644
:104F70000A48EDF7F7FF23689A6882420CD95B680C
:104F800053F8200038B10023054A064904F091FB8C
:104F9000003018BF012010BD0020FCE790960020D3
:104FA000907105004C4905002DE9F043DDE90754F7
:104FB0004FF0000E764603F1FF38975DA4EB050C29
:104FC000BC4502EB060307DC461EA54211D015F8CE
:104FD000017B06F8017FF8E74FFA87F9B9F1000F76
:104FE000F2DDB045A4EB07048CBF01360EF1010ED3
:104FF000E3E760441EF1FF3E0ED301701D780646C4
:1050000004EB050C644502D101352844F2E714F89D
:10501000017B06F8017FF5E793420FD0017013F88A
:10502000015D064604EB050C644502D101352844B8
:10503000F2E714F8017B06F8017FF5E7BDE8F0839D
:10504000F7B5DDE9087408461946DDE90A35B7B158
:10505000FE1A03EB060CCDE9003C1346024620463F
:10506000FFF7A2FF041B3FB12A683946921BFCF7E9
:1050700017FB2B689E1B34442C6003B0F0BD2E68D8
:10508000E7E773B5099DDDE907401E462B68034439
:10509000CDE90003134620460A463146FFF784FF58
:1050A000001B286002B070BD2DE9F8431D46C3689F
:1050B000DDE9086703F0B003202B89461446A6EB10
:1050C00007060BD13A4629462046FCF7E9FA4A463C
:1050D0003146E019FFF772F9BDE8F883102B0ED0C6
:1050E0004FF000084A4631462046FFF767F9A7EB24
:1050F000080205EB0801A019FCF7D2FAECE76C30C6
:10510000FFF722FC2D218046F7F712FA2B78834215
:1051100005D12B7804F8013B4FF00108E2E72B2181
:105120004046F7F705FA2B788342F2D0302140460B
:10513000F7F7FEF92B788342D2D1012FD0DD782109
:105140004046F7F7F5F96B78834207D12B78237047
:105150006B7863704FF002080234C3E75821404671
:10516000F7F7E6F96B788342BAD1EFE737B5089CD9
:10517000184623681546CDE90023DDE90623FFF72D
:1051800093FF256003B030BD30B59DF80C4074B17D
:1051900003460A25B1FBF5F405FB14111144097906
:1051A00003F8011D2146002CF4D1C01A30BD03F0D4
:1051B0004A04402C09D1034601F007041444C908ED
:1051C000247903F8014DF7D1EFE713F4804F14BFB2
:1051D000142404240346224401F00F040909145D39
:1051E00003F8014DF8D1E0E72DE9F04114469DF8B0
:1051F00020201D468046DDE90673CAB106462046DA
:1052000029460A22002306F0E9F83A442046137999
:1052100006F8013D294600230A2206F0DFF804467D
:105220000D4654EA0503EAD1A8EB0600BDE8F0817B
:1052300003F04A02402A10D1064604F007033B441B
:10524000EA081B7906F8013DE30843EA45731C466A
:10525000154654EA0503F0D1E6E713F4804F14BF76
:105260001423042306461F4404F00F032A09FB5CA1
:1052700006F8013D230943EA05731C46154654EA26
:105280000503F1D1D0E700002DE9F04F8FB006A95A
:10529000DDF86080049008F16C04204681E80C0081
:1052A0009DF86490FFF750FB07462046FFF710FD7E
:1052B0001A9B1E6890F8383032789A42044656F8A5
:1052C0000C3C00F08380026B0992D0F820A0C269E8
:1052D000029233443546AB4206D92978BA69525C0A
:1052E000520705F101007CD4AD1BAB46002D00F048
:1052F000C6800EAF7A4B47F8103D69003846F4F788
:10530000EBFEE26AAB1A002B73DD15EA220538BF0B
:105310001D46E368002B66D0002269003846F4F78A
:105320003DFE3846F4F7F6FD7319A17C0A98CDE9E5
:105330000063D4E90223FFF737FE03903846F4F701
:10534000E9FD0A9B03994FF0FF32C91A3846F4F77A
:10535000F1FDE36A002B0ADD617C0AA8F4F78FFFF8
:10536000002D48DBE26A71190AA8F4F7FFFED8F8AD
:105370000C2002F0B00303930A9B12F4007253F85E
:105380000C3C18BFA2690EAD53441344544A45F86F
:105390000C2D590028460593F4F79EFE039BD8F880
:1053A0000860102B059B2FD1B3422CBF4FF0000B90
:1053B0004FF0010BF31A0027059309ABDB5D042BBB
:1053C0002ED8DFE803F0827724697200426B0992DD
:1053D000426A0292D0F828A0002B3FF47AAF01363F
:1053E00077E7054677E72A4631463846F4F718FE50
:1053F000AFE71D46ADE794F8392069420AA8F4F7F3
:10540000EFFE5A463146AFE74FF0000BD2E7D8F82F
:105410000C309B0504D5D4E905120BA8F4F7A6FEC1
:105420000137042FC9D1BAF1010F06D902990AF147
:10543000FF3201312846F4F799FE0B9B53F80C1C00
:105440008E4209D9039B202BA6EB010141D14A468C
:105450002846F4F7C5FE31460CAC009106AA06CAF0
:105460000B9B2046F7F799FA94E80300069028462C
:105470008DF81C10F4F7CCFC0AA8F4F7C9FC002343
:10548000C8F8083006AB93E80300049B83E80300E8
:1054900018460FB0BDE8F08FBAF1000FC0D0029BE4
:1054A00019782846F4F7EBFEBAE70AA92846F4F77C
:1054B00058FEB5E7BBF1000F05D04A4605990BA889
:1054C000F4F78EFEACE74946EBE7BBF1000FA7D03F
:1054D000F3E70A464B4600212846F4F76BFDBAE78E
:1054E000A09500202DE9F04F8FB006A9DDF860806F
:1054F000049008F16C04204681E80C009DF864904B
:10550000FFF722FA07462046FFF7B2FC1A9B1E68F7
:1055100090F8383032789A42044656F80C3C00F045
:105520008380026B0992D0F820A0C26902923344B2
:105530003546AB4206D92978BA69525C520705F163
:1055400001007CD4AD1BAB46002D00F0C6800EAF31
:105550007A4B47F8103D69003846F4F7BDFDE26A22
:10556000AB1A002B73DD15EA220538BF1D46E36830
:10557000002B66D0002269003846F4F70FFD38464C
:10558000F4F7C8FC7319A17C0A98CDE90063D4E94B
:105590000223FFF709FD03903846F4F7BBFC0A9B92
:1055A00003994FF0FF32C91A3846F4F7C3FCE36A97
:1055B000002B0ADD617C0AA8F4F761FE002D48DBB0
:1055C000E26A71190AA8F4F7D1FDD8F80C2002F0AC
:1055D000B00303930A9B12F4007253F80C3C18BFFB
:1055E000A2690EAD53441344544A45F80C2D59009A
:1055F00028460593F4F770FD039BD8F80860102B3C
:10560000059B2FD1B3422CBF4FF0000B4FF0010B85
:10561000F31A0027059309ABDB5D042B2ED8DFE8D6
:1056200003F0827724697200426B0992426A029207
:10563000D0F828A0002B3FF47AAF013677E7054673
:1056400077E72A4631463846F4F7EAFCAFE71D46CD
:10565000ADE794F8392069420AA8F4F7C1FD5A462B
:105660003146AFE74FF0000BD2E7D8F80C309B057E
:1056700004D5D4E905120BA8F4F778FD0137042FFF
:10568000C9D1BAF1010F06D902990AF1FF320131ED
:105690002846F4F76BFD0B9B53F80C1C8E4209D97E
:1056A000039B202BA6EB010141D14A462846F4F783
:1056B00097FD31460CAC009106AA06CA0B9B20460A
:1056C000F7F76BF994E80300069028468DF81C1054
:1056D000F4F79EFB0AA8F4F79BFB0023C8F80830F8
:1056E00006AB93E80300049B83E8030018460FB061
:1056F000BDE8F08FBAF1000FC0D0029B19782846A0
:10570000F4F7BDFDBAE70AA92846F4F72AFDB5E784
:10571000BBF1000F05D04A4605990BA8F4F760FDD0
:10572000ACE74946EBE7BBF1000FA7D0F3E70A4629
:105730004B4600212846F4F73DFCBAE7A09500202F
:105740002DE9F04F2DED028BB0EE408AF0EE608A2D
:105750008FB004AF07F1100686E80C0097F85830B8
:105760007B6097F86030FB60FB6D81468A4607F1ED
:10577000200003F16C01EDF77BFB07F12000FFF740
:10578000E3F892B0B860EDF783FB07F128050DF15F
:10579000100845F8040D4FF0000B8DED028BCDF88D
:1057A00000B02C4B402241462846EFF78FF83F28A7
:1057B000044616DD0F3424F00704ADEB040D421C43
:1057C0003A60EDF765FB0DF1100878628DED028B04
:1057D000CDF800B01F4B3A6841462846EFF776F8FF
:1057E0000446214607F11C0300222846F4F7F6FA86
:1057F00044442846F4F78EFB7B6AB868224641464B
:10580000F6F7A7FE7B680295C3B1FB680193FB6DB9
:105810000093514696E80C004846FFF735FD07F126
:105820002400F4F7F5FA07F12000EDF785FB484670
:105830002C37BD46BDEC028BBDE8F08FFB680193B1
:10584000FB6D0093514696E80C004846FFF74AFE70
:10585000E5E700BF784F0500F0B587B004AC84E8F9
:105860000C000F9D9DF838200D9B9DF83070009323
:10587000CDE90125064694E80C0027B1FFF704FDA9
:10588000304607B0F0BDFFF72DFEF9E72DE9F04FE8
:105890008DB004AFC7E90110BE6CD7F8509007F186
:1058A000100106F16C0081E80C00FFF705F9F568BE
:1058B00005F04A0A00F1260388B0BAF1400F044609
:1058C000FB600DF1100B494602D0BAF1080F79D1F7
:1058D0004FF000082B46FA68CDF800800BF1140059
:1058E000FFF752FC227CF861C0F114035B44B2B1B3
:1058F0004000103020F00700ADEB000D0DF1120B51
:1059000007F11C0194F825207868CDE90231CDE932
:10591000006B1346D4E90212FFF7B3FB5B46FA694A
:10592000B8F1000F34D0B9F1000F2EDB280506D5F1
:1059300094F8271003F8011C0132FA61013BB268A8
:10594000F969914212DA02F10E0121F00701ADEB83
:10595000010D04AC07F11C01CDE90131009433467F
:1059600097F84C107868FFF701FC23460022B260DC
:10597000FA69009207F11002B86806CAF7F70DF845
:10598000B8682437BD46BDE8F08F94F82610D1E7FB
:10599000A905D4D5B9F1000FD1D0BAF1400F02D189
:1059A00094F82A10C6E7F968C5F380352944023215
:1059B000897803F8011C94F82A1003F8021CFA6194
:1059C000023BBCE7B9F1000F01DCC9F100014FF067
:1059D00001087FE730B587B004AC84E80C000C9B6D
:1059E00002939DF82C3001930A9B009394E80C00DD
:1059F0000546FFF74BFF284607B030BD2DE9F04FB5
:105A00008DB004AF07F11005D7F848A0B86085E85D
:105A10000C00DAF80C3097F84C2097F85060FB60D7
:105A200013F0010F07F1180416D1CDE90126CDF8C6
:105A300000A095E80C002046FFF728FF94E803003B
:105A40003861397595E80300BB68243783E80300A3
:105A50001846BD46BDE8F08F0AF16C007A60FFF78A
:105A60002BF87A687EB3D0E90598DAF80860B0457B
:105A70003BDAA6EB080606F10E0121F00701ADEBBB
:105A8000010D0DF1100B31465846FEF797FCFB68EF
:105A900003F0B0030022202BCAF8082016D14B4691
:105AA00095E806002046CDF80080F6F776FF94E8EA
:105AB00003005B4638613975009695E8060020467C
:105AC000F6F76BFFBAE7D0E90798CEE795E806004E
:105AD000204600965B46F6F760FF94E803003861C5
:105AE0003975CDF800804B46E7E70022CAF8082058
:105AF000F7E72DE9F04F8BB004AF82463D6C39607B
:105B000005F16C0007F1080181E80C00FEF7D4FFF5
:105B1000EE6806F04A0800F1260388B0B8F1400F9D
:105B200004467B600DF1100B62D0B8F1080918BF74
:105B30004FF0010933467A68CDF80090B96C0BF14B
:105B40001400FFF721FB227C7861C0F114035B4451
:105B5000B2B14000103020F00700ADEB000D0DF1A8
:105B6000120B07F1140194F825203868CDE90231B1
:105B7000CDE9005B1346D4E90212FFF782FA5B46D7
:105B8000B9F1000F0ED1B2050CD5BA6C52B1B8F113
:105B9000400F7A692FD194F82A1003F8011C0132C2
:105BA0007A61013BAA687969914212DA02F10E0129
:105BB00021F00701ADEB010D04AC07F11401CDE9B3
:105BC000013100942B4697F844103868FFF7CEFA5D
:105BD00023460022AA607A69009207F10802504623
:105BE00006CAF6F7DAFE50461C37BD46BDE8F08F10
:105BF0004FF000099EE77968C6F3803631440232DF
:105C0000897803F8011C94F82A1003F8021C7A61C1
:105C1000023BC7E730B587B004AC84E80C000C9BAE
:105C200002939DF82C3001930A9B009394E80C009A
:105C30000546FFF75EFF284607B030BD2DE9F0416D
:105C400088B004AC0E9DD5F80C8084E80C0028F4D4
:105C5000804323F04A0343F40273EB60109B0293EA
:105C60009DF83C30CDE9005306AF064694E80C00A1
:105C70003846FFF73EFF97E8030004908DF81410B4
:105C800094E8030086E803003046C5F80C8008B0AD
:105C9000BDE8F0812DE9F04F8BB004AF82463E6C39
:105CA000396006F16C0007F1080181E80C00FEF78D
:105CB00003FFF56805F04A0900F126038CB0B9F13D
:105CC000400F7B6004460DF1100BD7E9122302D080
:105CD000B9F1080F7DD14FF0000879680091CDE946
:105CE00001580BF12800FFF77FFA227C7861C0F1A0
:105CF00028035B44B2B14000103020F00700ADEB48
:105D0000000D0DF1120B07F1140194F825203868ED
:105D1000CDE90231CDE9006B1346D4E90212FFF759
:105D2000B0F95B467A69B8F1000F37D0D7E91201B4
:105D3000002871F100012EDB280506D594F8271004
:105D400003F8011C01327A61013BB2687969914222
:105D500012DA02F10E0121F00701ADEB010D04ACE6
:105D600007F11401CDE901310094334697F844104E
:105D70003868FFF7FBF923460022B2607A69009287
:105D800007F10802504606CAF6F707FE50461C37D0
:105D9000BD46BDE8F08F94F82610D1E7A905D4D50B
:105DA000D7E912010143D0D0B9F1400F02D194F8E4
:105DB0002A10C5E77968C5F380352944023289780D
:105DC00003F8011C94F82A1003F8021C7A61023BC4
:105DD000BBE7D7E91201012871F1000104DAD7E924
:105DE0001223524263EB43034FF0010875E730B5CD
:105DF00087B004AC84E80C00DDE90C23CDE9022374
:105E00009DF82C3001930A9B009394E80C00054602
:105E1000FFF740FF284607B030BD2DE9F04F8BB0AB
:105E200004AF82463D6C396005F16C0007F1080152
:105E300081E80C00FEF740FEEE6806F04A0800F12B
:105E400026038CB0B8F1400F04467B600DF1100BB7
:105E500065D0B8F1080918BF4FF001097B680093BD
:105E6000CDE90169D7E912230BF12800FFF7BCF94E
:105E7000227C7861C0F128035B44B2B1400010304D
:105E800020F00700ADEB000D0DF1120B07F114012E
:105E900094F825203868CDE90231CDE9005B13463E
:105EA000D4E90212FFF7EDF85B46B9F1000F10D10B
:105EB000B2050ED5D7E912120A430AD0B8F1400F45
:105EC0007A692FD194F82A1003F8011C01327A6103
:105ED000013BAA687969914212DA02F10E0121F0C0
:105EE0000701ADEB010D04AC07F11401CDE901315F
:105EF00000942B4697F844103868FFF737F923468B
:105F00000022AA607A69009207F10802504606CA88
:105F1000F6F743FD50461C37BD46BDE8F08F4FF005
:105F200000099BE77968C6F38036314402328978EC
:105F300003F8011C94F82A1003F8021C7A61023B52
:105F4000C7E730B587B004AC84E80C00DDE90C236A
:105F5000CDE902239DF82C3001930A9B009394E82D
:105F60000C000546FFF759FF284607B030BD2DE964
:105F7000F04F2DED028BB0EE408AF0EE608A8FB0CC
:105F800004AF8146BD6D396005F16C0A07F1080167
:105F9000504681E80C00FEF78FFDD5F8048097F895
:105FA0006020B8F1000F064607F118012846B8BF77
:105FB0004FF00608ECF727FEEB6803F482738EB00F
:105FC000B3F5827F7B6004AC00F0BA80ECF760FF31
:105FD0008DED028B7861CDF8008007F118032D223A
:105FE000214607F11400EEF771FC38613B692C2B58
:105FF0001CDD03F1010B0F3323F00703ADEB030DA1
:106000007B68B3F5827F04AC00F0A880ECF740FF1A
:106010008DED028B7861CDF8008007F118035A46A8
:10602000214607F11400EEF751FC38615046FEF7A7
:106030008BFC3A6902F10E0323F00703ADEB030D6D
:106040000DF1170A4FEADA0A4FEACA08434622441A
:106050002146F6F77EFAD7F810B007F128022E2372
:1060600002F8143D59462046F3F7C6FD30B1031B34
:1060700096F8242003F83A2008EB0300337CB3B3EE
:1060800050B9BBF1020F07DD6378303B092B2ED8E6
:10609000A378303B092B2AD84FEA4B030E3323F069
:1060A0000703ADEB030D23782D2B0DF1100A01D062
:1060B0002B2B63D198F800308AF800300BF1FF33B6
:1060C0003B61012407F1100296F82530039208EB9A
:1060D000040202920AEB0402CDE900023868D6E914
:1060E0000212FEF7ADFF3B691C443C61D046AA6832
:1060F0003B69934212DA02F10E0323F00703ADEB82
:10610000030D04AC07F11003CDE9018300942B4685
:1061100097F85C103868FFF729F8A0460023AB60B9
:106120003B69009307F108024846434606CAF6F762
:1061300034FC48462C37BD46BDEC028BBDE8F08FE1
:10614000ECF7A6FE8DED008B786107F118032D2288
:10615000214607F11400EEF7B9FB46E7ECF798FE8D
:1061600007F1280C07F118034CF8140D5A468DED71
:10617000008B21466046EEF7A9FB56E70024A1E715
:1061800030B587B004AC84E80C00002302939DF87E
:106190002C3001930A9B009394E80C000546FFF70E
:1061A000E6FE284607B030BD2DE9F04F2DED028BFD
:1061B000B0EE408AF0EE608A8FB004AF8146BD6DCC
:1061C000396005F16C0A07F10801504681E80C00BE
:1061D000FEF772FCD5F8048097F86020B8F1000F44
:1061E000064607F118012846B8BF4FF00608ECF73D
:1061F0000AFDEB6803F482738EB0B3F5827F7B6097
:1062000004AC00F0BA80ECF743FE8DED028B7861B0
:10621000CDF8008007F118032D22214607F1140064
:10622000EEF754FB38613B692C2B1CDD03F1010BAD
:106230000F3323F00703ADEB030D7B68B3F5827FCB
:1062400004AC00F0A880ECF723FE8DED028B7861A2
:10625000CDF8008007F118035A46214607F11400D3
:10626000EEF734FB38615046FEF76EFB3A6902F1F7
:106270000E0323F00703ADEB030D0DF1170A4FEAF0
:10628000DA0A4FEACA08434622442146F6F761F982
:10629000D7F810B007F128022E2302F8143D594612
:1062A0002046F3F7A9FC30B1031B96F8242003F82D
:1062B0003A2008EB0300337CB3B350B9BBF1020FB3
:1062C00007DD6378303B092B2ED8A378303B092BB0
:1062D0002AD84FEA4B030E3323F00703ADEB030D2F
:1062E00023782D2B0DF1100A01D02B2B63D198F8B8
:1062F00000308AF800300BF1FF333B61012407F1D5
:10630000100296F82530039208EB040202920AEB81
:106310000402CDE900023868D6E90212FEF790FEC9
:106320003B691C443C61D046AA683B69934212DA3F
:1063300002F10E0323F00703ADEB030D04AC07F1EC
:106340001003CDE9018300942B4697F85C10386860
:10635000FEF70CFFA0460023AB603B69009307F1FA
:1063600008024846434606CAF6F717FB48462C374C
:10637000BD46BDEC028BBDE8F08FECF789FD8DEDDD
:10638000008B786107F118032D22214607F11400D4
:10639000EEF79CFA46E7ECF77BFD07F1280C07F1D6
:1063A00018034CF8140D5A468DED008B21466046BB
:1063B000EEF78CFA56E70024A1E730B587B004ACBD
:1063C00084E80C004C2302939DF82C3001930A9B27
:1063D000009394E80C000546FFF7E6FE284607B058
:1063E00030BD2DE9F043A7B007462E9D9DF8C4802F
:1063F0009DF8C8606C35284602AC84E80C00FEF7B6
:10640000A3FA81462846FEF757FD25210546484652
:10641000F6F78EF88DF81400CEB98DF815808DF84A
:106420001660309B009306A905AB8022284604F035
:106430007EF806A807F044FD009006AB384694E8C5
:106440000600F6F7AAFA384627B0BDE8F083002325
:106450008DF815608DF816808DF81730E1E72DE97D
:10646000F74F8146DDE9120602A96C30DDF8448061
:1064700001E90C00FEF768FAB8F1020F83462ED04E
:10648000B8F1040F0CBF4FF47A770127002425469A
:106490004FF00A0A0CA96846F6F790FD08B3454587
:1064A00021D06846F6F764FD2A22C1B25846F6F7B5
:1064B0006EF83038C2B2092A20D80AFB0404109BB7
:1064C00004FB07F29A4219DC0F9B3A449A4215DD0D
:1064D00097FBFAF76846F6F755FA0135DAE70A2727
:1064E000D4E745450AD10E9B1C6002AB13E90300BB
:1064F00089E80300484603B0BDE8F08FB8F1040F07
:1065000003D1022D01D1643CEDE7336843F004036D
:106510003360EAE72DE9F04F85B000AF07F10804DA
:106520007860F86CD7F844806C3084E80C00FEF793
:106530000BFABB6C9B000E3323F007038346ADEBD5
:10654000030D07F1380120466E46F6F737FD0028A7
:1065500043D02046F6F70CFD4FF000095FFA80FAB1
:106560004D46BB6C994510D058F829100978514513
:1065700005D146F82590013509F10109F1E75846A2
:10658000F5F7D3FF5045F7D1F3E74FF0000B012D9E
:106590004ED9B14659F8042B58F8220007F090FC68
:1065A00006EB8501824659F8040B396058F8200043
:1065B00007F086FC3968824528BF82464945F2D1FA
:1065C00020460BF1010BF6F7DDF9D34505D207F1B3
:1065D00038012046F6F7F2FC78B93B6D3A6D1B683E
:1065E00043F00403136094E803007B68143783E8E6
:1065F00003001846BD46BDE8F08F4FF0000A56F87C
:106600002A2058F82220204612F80B203A60F6F78C
:10661000AFFC3A68C0B2824217BF05F1FF350AF1FC
:10662000010A56F8252046F82A20AA45E7D3AEE706
:10663000D3D12046F6F7A6F9356858F825603046DC
:1066400007F03EFC0BF1010B8046C34514D207F165
:1066500038012046F6F7B2FC0028BED0204616F8D6
:106660000BA0F6F785FCC0B28245B6D12046F6F7FE
:1066700089F90BF1010BE8E7AFD13B6C1D60B2E784
:106680002DE9F04F87B000AF8146786DD7E913ABA5
:1066900007F110056C3085E80C00FEF755F94FEA5C
:1066A000CB0308330646ADEB030D07F14001284646
:1066B000E846F6F783FCC0B32846F6F759FC4FEAE4
:1066C0004B03FB600023C2B21C46F968994213D009
:1066D0005AF823100978914204D148F82430013443
:1066E0000133F2E73046C7E90123F5F71EFF7A6868
:1066F000BB689042F4D1F0E7BCB12846F6F742F906
:10670000A3000E3323F00703ADEB030D6E46002507
:1067100058F825305AF8230007F0D2FB46F8250038
:106720000135AC42F4D1012502E000252E462C466D
:1067300007F1400107F11000F6F740FC60B307F1E4
:106740001000F6F715FC0023C0B219469C421BD975
:1067500056F823204FEA830CAA4206EB0C0E02D80F
:1067600001310133F2E758F823205AF82220525D14
:106770008242F6D0013C58F8242048F80C2056F804
:106780002420CEF80020E1E78C4205D007F110006C
:10679000F6F7F8F80135CBE7012C15D13368AB4299
:1067A00019D1D8F80030BA6C5B4528BFA3EB0B03B6
:1067B000136007F1180313E903001C3789E803008D
:1067C0004846BD46BDE8F08F022C04D13368AB4289
:1067D000E7D07368E3E7BB6DBA6D1B6843F0040351
:1067E000E6E700002DE9F04F9FB00D462A9C0B9084
:1067F00004F16C060EA9304681E80C00DDF8B0907B
:10680000FEF75AFB82463046FEF79EF883462D98E7
:1068100007F056FB00260A9010960EAF28A93846BE
:10682000F6F7CCFBDDF84080002866D00A9B9E423C
:1068300063D2B8F1000F60D12D9B4246995D584656
:10684000F5F7A5FE252840F0BF82731C0993711C43
:106850002D9B4246595C5846F5F799FE4528CDF8E0
:10686000448001D04F2808D1B31C099309992D9B6E
:106870000022595C5846F5F78AFE41380EAE38289A
:1068800000F29D82DFE810F074009F00E901010131
:106890009B029B029B02210145019B029B029B02E2
:1068A00073019B029B029B029B02A701AC01DB01CF
:1068B0009B029B029B02E401E90113029B029B02E3
:1068C0009B029B029B029B024E007A00A500AD003A
:1068D000C2009B029B027A009B029B029B029B02CE
:1068E0004F0198019B029B029B029B029B02D101DC
:1068F0009B029B029B02DF01E901B8F1000F02D16C
:106900000A9B9E4205D02B9B2B9A1B6843F00403E5
:10691000136097E803000B9B83E8030018461FB041
:10692000BDE8F08F12AE31465046FDF7E9FE10ABE0
:10693000CDE905430723CDE9036311AB029328ABEF
:1069400093E803008DE803000CAF0EAE96E80C0050
:1069500029463846FFF7DEFD97E80300109B86E8DE
:10696000030013B9119BC9F81830099E013654E78A
:1069700012AE31465046FDF7B3FED8E712AE3146AF
:106980005046FDF7ECFE10ABCDE905430C23CDE9F5
:10699000036311AB029328AB93E803008DE8030077
:1069A0000CAF0EAE96E80C0029463846FFF7B2FD54
:1069B00097E80300109B86E80300002BD5D1119BBC
:1069C000C9F81030D1E712AE31465046FDF7A8FEA7
:1069D000D9E712A95046FDF77DFE129B05930CAF37
:1069E0005DE010ABCDE9064302261F23CDE9043656
:1069F0000123039311AB029328AB93E803008DE8C6
:106A000003000CAF0EAE96E80C001EE03046F6F721
:106A1000AFFADBF81830C0B20CAF1B5C13F0080FF4
:106A200022D03046F5F7AEFF10AACDE90642092183
:106A30000122CDE90412039211AA029228AA034668
:106A400092E803008DE803000CCB29463846FFF797
:106A500006FD97E80300109B86E80300002B84D115
:106A6000119BC9F80C3080E710ABCDE9064302203A
:106A70001F23CDE904300A23039311AB029328AB03
:106A800093E803008DE80300BDE712AEC14A334628
:106A9000A2F109015846F5F75CFD0CAF059610AB65
:106AA000CDE90243CDF8109028AB93E803008DE8C0
:106AB00003000EAE2946384696E80C00FFF792FE1A
:106AC00097E8030086E803004FE710ABCDE90643E3
:106AD00002211723CDE904310CAF0023039311AB3E
:106AE000029328AB93E803008DE803000EAE96E80E
:106AF0000C0029463846FFF7B2FC97E80300109BCC
:106B000086E80300002B7FF430AF119BC9F80830F2
:106B10002BE710ABCDE9064302220C23CDE904326A
:106B20000CAF0123DAE710ABCDE906434FF00208C2
:106B30000C23CDE904380123039311AB029328AB56
:106B400093E803008DE803000CAF0EAE96E80C004E
:106B500029463846FFF783FC97E80300109B86E838
:106B60000300002B7FF401AF119B013B28E710AB22
:106B7000CDE906434FF0020E3B23CDE9043E00234E
:106B8000039311AB029328AB93E803008DE8030055
:106B90000CAF0EAE96E80C0029463846FFF75FFCB6
:106BA00097E80300109B86E80300002B7FF4DDAE1E
:106BB000119BC9F80430D8E63046F6F7D9F900221F
:106BC000C1B25846F5F7E3FC0A2840F0F880304699
:106BD000F5F7D8FEC9E6704A12AE3346911F59E761
:106BE00010ABCDE906434FF0020C3D23CDE9043C48
:106BF0000023039311AB029328AB93E803008DE8C5
:106C000003000CAF0EAE96E80C0029463846FFF79D
:106C100026FC97E80300109B86E80300002B7FF416
:106C2000A4AE119BC9F800309FE63046F6F7A0F9F4
:106C30000022C1B25846F5F7AAFC0928C5E712AEF2
:106C40003346564A24E712A95046FDF737FDC4E6FD
:106C500012A95046FDF738FDBFE610ABCDE906435B
:106C6000042642F20F73CDE904360023039311ABDF
:106C7000029328AB93E803008DE803000CAF0EAE3F
:106C800096E80C0029463846FFF7E9FB97E8030031
:106C9000109B86E80300002B7FF467AE119B002B4E
:106CA000B4BF6433A3F26C73C9F814305DE63046A8
:106CB000F6F75EF9DBF81830C0B21B5CD8077ED55A
:106CC00010ABCDE905430E230493354B039312AB70
:106CD000029328AB93E803008DE803000CAF29462C
:106CE000384696E80C00FFF715FC97E8030086E8A5
:106CF000030028A93046F6F761F900283FF435AEC5
:106D0000109B002B7FF431AE129B002B7FF42DAE35
:106D10003046F6F72DF92D2107465846F5F708FCC1
:106D2000FFB2B8423ED110AF17230222CDE90432A0
:106D3000CDE906470023039312AB029328AB93E8F7
:106D400003008DE803000CAE0DF1380898E80C0044
:106D500029463046FFF783FB96E803003B2388E88B
:106D600003000221CDE90431CDE906470023039356
:106D700012AB029328AB93E803008DE80300294689
:106D8000304698E80C00FFF76AFB96E8030088E8B5
:106D90000300EAE5694F05006F4F0500784F0500D5
:106DA000306100203046F6F7E3F82B2106465846BE
:106DB000F5F7BEFBF6B2B0427FF4D7ADB3E7109B58
:106DC00043F004031093D0E52D9B384613F806805A
:106DD000F6F7CEF8C0B2804503D13846F5F7D2FDBC
:106DE000C4E5109B43F004031093BFE52DE9F04F79
:106DF00089B004AE029014986C3086E80C00FDF760
:106E00005BFE0023044612A930468DF81B30F6F7CE
:106E1000C2F88246002852D13046F6F7A9F894F815
:106E20004B10C0B281428DF81B0003D094F84A3059
:106E300083421CD1237C1BB194F82530834216D0A9
:106E400094F82430834212D0814214BF2D212B218B
:106E50001698F3F714FA3046F5F794FD12A9F6F7F1
:106E6000ADF860B33046F6F783F88DF81B000027C5
:106E7000B846227C9DF81B301AB194F825209A421E
:106E800022D094F824209A421ED094F84E209A42A0
:106E90001AD11FB930211698F3F7F1F93046F5F7FA
:106EA00071FD12A9F6F78AF808F1010807460028D3
:106EB00050D03046F6F75CF88DF81B00D9E74FF05C
:106EC000000847464FF0010AAC4B0793237C1BB1E7
:106ED000202107A8F3F700F994F864B0BBF1000F84
:106EE00062D004F14E0300250193A946BAF1000FC8
:106EF00040F0A880237C9DF81BA0002B00F0C680EA
:106F000094F82530534540F0C180B9F1000F40F0AE
:106F10009980002D40F09680B8F1000F00F08E802F
:106F20005FFA88F107A8F3F7AAF9BA464B46C846B4
:106F300030460393F5F726FD12A9F6F73FF8039BB9
:106F4000002879D03046F6F713F800258DF81B009D
:106F5000039B6BE04FF0010A5746B5E7AA465D4632
:106F60005F46BAF1000F6DD19DF81B200A20114633
:106F7000FDF704FA431C1AD000F13001C9B216988B
:106F8000F3F77DF94FF0010B3046F5F7FBFC12A942
:106F9000F6F714F828B13046F5F7EAFF8DF81B0034
:106FA000DEE74FF0010ADBE75D46D946D9E794F802
:106FB000243093420BD1B9F1000F08D13DB92E21F5
:106FC0001698F3F75CF9BB464FF00109DCE794F83B
:106FD0005C30934203D094F86230934232D18DBB3F
:106FE00087B365211698F3F74AF93046F5F7CAFCDE
:106FF00012A9F5F7E3FF8346002800F0BD80304674
:10700000F5F7B6FF94F84B30C0B283428DF81B0001
:1070100009D094F84A308342A0D12D211698F3F775
:107020002EF95D46B0E72B21F8E79A465746AA4667
:107030001D465BE75346F9E75D46F7E71698F2F71A
:10704000F1FEC14608AF57F8043D53F80C3C8BB134
:10705000B9F1000F05D125B95FFA88F13846F3F789
:107060000EF93A46D4E90201EBF73CFE10B9159B44
:1070700004221A6096E80300029B83E80300384666
:10708000F2F7C6FE029809B0BDE8F08F94F82430FC
:10709000534515D1079B53F80C3CB9F1000FD1D1E2
:1070A000002DCFD123B15FFA88F107A8F3F7E7F8F5
:1070B0002E211698F3F7E3F8D9460023BA4637E7AE
:1070C0000DF11B020A210198F2F796FD60B1019BB8
:1070D000C01A00F13001C9B21698F3F7D0F808F1E0
:1070E00001082B46DA4623E794F85C30534503D079
:1070F00094F862305345A5D1079B53F80C3C002D02
:10710000A0D1002F9ED03BB1B9F1000F04D15FFA9E
:1071100088F107A8F3F7B3F865211698F3F7AFF8ED
:107120003046F5F72FFC12A9F5F748FF824618B351
:107130003046F5F71DFF94F84B10C0B281428DF830
:107140001B0004D094F84A3083427FF473AF237C51
:1071500023B194F8252082423FF467AF94F824309D
:1071600083423FF467AF814214BF2D212B21169833
:10717000F3F785F85346DBE63D4663E7A09500202C
:107180002DE9F0438DB008AC0CAD84E80C001F4B2A
:1071900045F8083D179E8946074620212846F2F704
:1071A0009BFFCDE90365169B029314AB93E80300A4
:1071B0008DE803000DF1180894E80C00404649469C
:1071C000FFF714FE98E80300DDF8288084E8030048
:1071D000EBF75EFE0CAB189943F8040D32464046BF
:1071E000EBF7C8FF14A92046F5F7D5FE18B13368B0
:1071F00043F00203336094E8030087E80300284665
:10720000F2F706FE38460DB0BDE8F083A0950020E9
:107210002DE9F0438DB008AC0CAD84E80C001F4B99
:1072200045F8083D179E8946074620212846F2F773
:1072300053FFCDE90365169B029314AB93E803005B
:107240008DE803000DF1180894E80C00404649460B
:10725000FFF7CCFD98E80300DDF8288084E8030000
:10726000EBF716FE0CAB189943F8040D3246404676
:10727000EBF7D2FF14A92046F5F78DFE18B133685D
:1072800043F00203336094E8030087E803002846D4
:10729000F2F7BEFD38460DB0BDE8F083A0950020A2
:1072A0002DE9F0438DB008AC0CAD84E80C001F4B09
:1072B00045F8083D179E8946074620212846F2F7E3
:1072C0000BFFCDE90365169B029314AB93E8030013
:1072D0008DE803000DF1180894E80C00404649467B
:1072E000FFF784FD98E80300DDF8288084E80300B8
:1072F000EBF7CEFD0CAB189943F8040D324640462F
:10730000EBF7E6FF14A92046F5F745FE18B1336800
:1073100043F00203336094E8030087E80300284643
:10732000F2F776FD38460DB0BDE8F083A095002059
:107330002DE9F04F8BB00DF1180A169C059004F161
:107340006C008AE80C00FDF7B7FBE76807F04A0716
:107350000023402F05468DF8233050D0082F14BF4E
:107360004FF00A084FF0100814A95046F5F713FE25
:107370008146002878D15046F5F7FAFD95F84A3055
:10738000C0B283428DF823000CBF4FF0010B4FF0C9
:10739000000B03D095F84B30834217D12B7C1BB1E7
:1073A00095F82530834211D095F8243083420DD0D2
:1073B0005046F5F7E7FA14A9F5F700FE064600284F
:1073C0005CD05046F5F7D4FD8DF8230000263446F6
:1073D0002A7C9DF823301AB195F825209A4247D08F
:1073E00095F824209A4243D095F84E209A4210D125
:1073F00046B1B8F10A0F0DD147B93C462AE04FF02B
:107400000808B1E727B3B8F1080F26D001340126E8
:107410000EE0DEB195F84C209A4203D095F84D204D
:107420009A422FD1DFB1B8F1100F30D10024264697
:107430005046F5F7A7FA14A9F5F7C0FD20B350465A
:10744000F5F796FD8DF82300002EC1D1B1460FE06F
:107450003C4601264FF00808EAE73446D7E73E46A7
:107460003C464FF01008E3E74FF0000B5C465E46E9
:10747000B8F1100F0CD1162301930BE04FF0010966
:107480000446F5E70126F3E74FF00109F0E701268E
:10749000CDF804806D4B09932B7C1BB1202109A8EA
:1074A000F2F71AFEBBF1000F0CBF6FF000434FF074
:1074B00000430293B3FBF8F3039395F86430009311
:1074C000002B4DD005F14E0300270493BA46B9F1C5
:1074D000000F1ED12B7C9DF82320002B6ED095F839
:1074E000251091426AD1ACB1E1B209A8F2F7C7FE0A
:1074F000002406A8F5F746FA14A9F5F75FFD002861
:1075000059D006A8F5F734FD8DF82300E2E74FF0D7
:1075100001090023099A52F80C2C72B1E1B209A8B2
:107520000093F2F7ACFE09AAD5E90201EBF7DAFB0A
:10753000009B10B9179904220A602CB926B9099A40
:1075400052F80C2C002A5CD0002B5AD1BAF1000F53
:1075500073D1BBF1000F00D07F42189B1F6056E033
:10756000DDF800A05746B9F1000FD2D19DF82310E5
:107570000198FCF703FF431CCBD0039B9F4217D815
:10758000029B07FB08F71B1ABB4238BF4AF0010AEF
:107590000134074406A8F5F7F5F914A9F5F70EFD2F
:1075A0000028B4D006A8F5F7E3FC8DF82300DDE74A
:1075B0004FF0010AEEE7DDF8009088E795F82430F7
:1075C0009342A6D00DF1230201990498F2F714FB1F
:1075D000A8B1049BC01A039B0F28C8BF06389F425E
:1075E0000AD8029B07FB08F71B1ABB4238BF4AF0B8
:1075F000010A013407447CE7DDF800A079E703467F
:1076000088E70023189A1360179A04231360B9F1CE
:10761000000F05D0179B179A1B6843F002031360F5
:1076200006AB93E80300059B83E8030009A8F2F783
:10763000EFFB05980BB0BDE8F08FBBF1000F02D057
:107640004FF00043DEE76FF00043DBE7A09500203A
:1076500070B588B006AC84E80C00109B04930F9BB7
:1076600003930E9B02930CAB05460E4693E8030072
:107670008DE80300284694E80C003146FFF758FED9
:10768000284608B070BD2DE9F04F8FB00AAC0690C7
:10769000DDE91A0984E80C00C368DDF870A0DD0795
:1076A0000E4639D44FF0FF330D930DABCDE9039364
:1076B000029018AB93E803008DE8030008AD94E84E
:1076C0000C0031462846FFF733FE95E803000D9B7A
:1076D000012B84E803000CD803F001038AF8003082
:1076E00094E80300069B83E8030018460FB0BDE84A
:1076F000F08F01238AF800300423C9F8003018A95C
:107700002046F5F748FC0028EAD0D9F8003043F0CD
:107710000203C9F80030E3E76C30FDF7CDF9036AE6
:107720008169B3FA83F3B1FA81F8012583465B09D5
:107730004FEA581800272E4613B1B8F1000F44D174
:1077400018A920460793F5F726FC00283ED12046CD
:10775000F5F70EFC079BC0B22BB9DBF81C10CE5D11
:10776000311A4E424E4156B9B8F1000F0AD0002DE1
:1077700045D18AF8005040E04FF00108DCE7B8F14D
:10778000000F05D1DBF81410CD5D2A1A5542554182
:107790001DB9002B44D1002E40D020460137F5F70B
:1077A000F1F886B1DBF82030BB428CBF0023012307
:1077B000002DE1D0DBF81810B9428CBF4FF0000863
:1077C0004FF00108B8E70123F2E700203EB9BDB948
:1077D00000238AF8003080B106239AE72846DBF8B8
:1077E0002030BB42F3D1002FF1D000238AF80030C3
:1077F0007DB1DBF81830BB420BD1042389E730465A
:10780000DBF81830BB42E3D1002FE1D001238AF826
:107810000030002814BF022300237AE73046D7E760
:10782000002EDBD18AF80060E7E700002DE9F04F79
:107830008BB00DF1180A169C049004F16C008AE8D4
:107840000C00FDF739F9E46804F04A040023402CE9
:1078500006468DF823304FD0082C14BF4FF00A088D
:107860004FF0100814A95046F5F795FB8146002803
:1078700077D15046F5F77CFB96F84A30C0B2834288
:107880000CBF012300238DF82300009303D096F84A
:107890004B30834217D1337C1BB196F8253083429D
:1078A00011D096F8243083420DD05046F5F76AF88F
:1078B00014A9F5F783FB074600285CD05046F5F77E
:1078C00057FB8DF8230000273D46327C9DF823307E
:1078D0001AB196F825209A4247D096F824209A4269
:1078E00043D096F84E209A4210D147B1B8F10A0F12
:1078F0000DD144B925462AE04FF00808B2E724B379
:10790000B8F1080F26D0013501270EE0DFB196F857
:107910004C209A4203D096F84D209A422FD1DCB1E8
:10792000B8F1100F30D100252F465046F5F72AF850
:1079300014A9F5F743FB20B35046F5F719FB8DF872
:107940002300002FC1D1B9460FE0254601274FF093
:107950000808EAE73D46D7E7274625464FF01008D6
:10796000E3E7002300931D461F46B8F1100F0CD12A
:10797000162301930BE04FF001090546F5E70127B7
:10798000F3E74FF00109F0E70127CDF80480694BD8
:107990000993337C1BB1202109A8F2F79DFB96F8CF
:1079A00064B04FF6FF7393FBF8F20292BBF1000F45
:1079B0004ED006F14E0200240392A2460593B9F17F
:1079C000000F1ED1337C9DF82320002B6FD096F83A
:1079D000251091426BD1ADB1E9B209A8F2F74FFC85
:1079E000002506A8F4F7CEFF14A9F5F7E7FA00285A
:1079F0005BD006A8F5F7BCFA8DF82300E2E74FF05C
:107A000001090023099A52F80C2C72B1E9B209A8B5
:107A10000193F2F734FC09AAD6E90201EBF762F907
:107A2000019B10B9179904220A602DB927B9099A48
:107A300052F80C2C002A5ED0002B5CD1BAF1000F5A
:107A400075D1009B0BB16442A4B2189B1C8058E016
:107A5000DA465C469B46B9F1000FD2D19DF823105F
:107A60000198FCF78BFC431CCBD0029B9C4219D89D
:107A700018FB04F4A4B2ABEB00039C42C8BF4AF06D
:107A8000010A0444A4B2013506A8F4F77BFF14A947
:107A9000F5F794FA0028B2D006A8F5F769FA8DF840
:107AA0002300DBE74FF0010AEEE7D94687E796F8B7
:107AB00024309342A5D00DF1230201990398F2F7E7
:107AC0009BF8B0B1039BC01A029B0F28C8BF0638B1
:107AD0009C420CD8059B18FB04F4A4B21B1A9C42D0
:107AE000C8BF4AF0010A0444A4B2013579E7DA4676
:107AF00077E7034686E70023189A1380179A042332
:107B00001360B9F1000F05D0179B179A1B6843F05B
:107B10000203136006AB93E80300049B83E80300B1
:107B200009A8F2F775F904980BB0BDE8F08F4FF68D
:107B3000FF73E1E7A095002070B588B006AC84E83B
:107B40000C00109B04930F9B03930E9B02930CABB2
:107B500005460E4693E803008DE80300284694E8A6
:107B60000C003146FFF762FE284608B070BD0000E9
:107B70002DE9F04F8BB00DF1180A169C059004F119
:107B80006C008AE80C00FCF797FFE76807F04A07EB
:107B90000023402F05468DF823304FD0082F14BF07
:107BA0004FF00A084FF0100814A95046F5F7F3F902
:107BB0008146002877D15046F5F7DAF995F84A3032
:107BC000C0B283420CBF012300238DF82300019330
:107BD00003D095F84B30834217D12B7C1BB195F81D
:107BE0002530834211D095F8243083420DD0504681
:107BF000F4F7C8FE14A9F5F7E1F9064600285CD0B1
:107C00005046F5F7B5F98DF82300002634462A7C56
:107C10009DF823301AB195F825209A4247D095F85F
:107C200024209A4243D095F84E209A4210D146B172
:107C3000B8F10A0F0DD147B93C462AE04FF00808C9
:107C4000B2E727B3B8F1080F26D0013401260EE0C1
:107C5000DEB195F84C209A4203D095F84D209A4217
:107C60002FD1DFB1B8F1100F30D100242646504695
:107C7000F4F788FE14A9F5F7A1F920B35046F5F7FB
:107C800077F98DF82300002EC1D1B1460FE03C46B4
:107C900001264FF00808EAE73446D7E73E463C465F
:107CA0004FF01008E3E7002301931C461E46B8F18D
:107CB000100F0CD1162302930BE04FF0010904467C
:107CC000F5E70126F3E74FF00109F0E70126CDF8CB
:107CD0000880654B09932B7C1BB1202109A8F2F782
:107CE000FBF995F864B04FF0FF33B3FBF8F303935F
:107CF000BBF1000F4CD005F14E0300270493BA46A8
:107D0000B9F1000F1ED12B7C9DF82320002B6AD0E7
:107D100095F82510914266D1ACB1E1B209A8F2F70D
:107D2000AEFA002406A8F4F72DFE14A9F5F746F9DB
:107D3000002856D006A8F5F71BF98DF82300E2E7D6
:107D40004FF001090023099A52F80C2C72B1E1B2EC
:107D500009A80293F2F793FA09AAD5E90201EAF712
:107D6000C1FF029B10B9179904220A602CB926B9E9
:107D7000099A52F80C2C002A56D0002B54D1BAF193
:107D8000000F6DD1019B03B17F42189B1F6051E032
:107D9000DA465F46B9F1000FD4D19DF8231002985E
:107DA000FCF7ECFA431CCDD0039B9F4216D807FB8F
:107DB00008F7C343BB4238BF4AF0010A0134074405
:107DC00006A8F4F7DFFD14A9F5F7F8F80028B7D0F6
:107DD00006A8F5F7CDF88DF82300DEE74FF0010A8D
:107DE000EEE7D9468CE795F824309342AAD00DF1FE
:107DF000230202990498F1F7FFFE98B1049BC01A80
:107E0000039B0F28C8BF06389F4209D807FB08F715
:107E1000C343BB4238BF4AF0010A0134074481E73B
:107E2000DA467FE703468EE70023189A1360179A15
:107E300004231360B9F1000F05D0179B179A1B6834
:107E400043F00203136006AB93E80300059B83E84D
:107E5000030009A8F1F7DCFF05980BB0BDE8F08F2F
:107E60004FF0FF33E1E700BFA095002070B588B068
:107E700006AC84E80C00109B04930F9B03930E9BAD
:107E800002930CAB05460E4693E803008DE8030011
:107E9000284694E80C003146FFF76AFE284608B0F1
:107EA00070BD00002DE9F04F8BB00DF1180A169C43
:107EB000059004F16C008AE80C00FCF7FDFDE76812
:107EC00007F04A070023402F05468DF823304FD096
:107ED000082F14BF4FF00A084FF0100814A950469D
:107EE000F5F759F88146002877D15046F5F740F864
:107EF00095F84A30C0B283420CBF012300238DF8AD
:107F00002300019303D095F84B30834217D12B7C8B
:107F10001BB195F82530834211D095F82430834267
:107F20000DD05046F4F72EFD14A9F5F747F8064694
:107F300000285CD05046F5F71BF88DF8230000268A
:107F400034462A7C9DF823301AB195F825209A42B0
:107F500047D095F824209A4243D095F84E209A4273
:107F600010D146B1B8F10A0F0DD147B93C462AE00D
:107F70004FF00808B2E727B3B8F1080F26D0013454
:107F800001260EE0DEB195F84C209A4203D095F818
:107F90004D209A422FD1DFB1B8F1100F30D100241B
:107FA00026465046F4F7EEFC14A9F5F707F820B37F
:107FB0005046F4F7DDFF8DF82300002EC1D1B14605
:107FC0000FE03C4601264FF00808EAE73446D7E7C1
:107FD0003E463C464FF01008E3E7002301931C4661
:107FE0001E46B8F1100F0CD1162302930BE04FF090
:107FF00001090446F5E70126F3E74FF00109F0E730
:108000000126CDF80880654B09932B7C1BB12021FC
:1080100009A8F2F761F895F864B04FF0FF33B3FBAD
:10802000F8F30393BBF1000F4CD005F14E0300278A
:108030000493BA46B9F1000F1ED12B7C9DF8232082
:10804000002B6AD095F82510914266D1ACB1E1B20F
:1080500009A8F2F714F9002406A8F4F793FC14A970
:10806000F4F7ACFF002856D006A8F4F781FF8DF88E
:108070002300E2E74FF001090023099A52F80C2C83
:1080800072B1E1B209A80293F2F7F9F809AAD5E9A9
:108090000201EAF727FE029B10B9179904220A6031
:1080A0002CB926B9099A52F80C2C002A56D0002B6C
:1080B00054D1BAF1000F6DD1019B03B17F42189BDF
:1080C0001F6051E0DA465F46B9F1000FD4D19DF848
:1080D00023100298FCF752F9431CCDD0039B9F421A
:1080E00016D807FB08F7C343BB4238BF4AF0010A62
:1080F0000134074406A8F4F745FC14A9F4F75EFF21
:108100000028B7D006A8F4F733FF8DF82300DEE788
:108110004FF0010AEEE7D9468CE795F824309342F8
:10812000AAD00DF1230202990498F1F765FD98B1E8
:10813000049BC01A039B0F28C8BF06389F4209D86A
:1081400007FB08F7C343BB4238BF4AF0010A0134BA
:10815000074481E7DA467FE703468EE70023189A53
:108160001360179A04231360B9F1000F05D0179B11
:10817000179A1B6843F00203136006AB93E80300F1
:10818000059B83E8030009A8F1F742FE05980BB0B0
:10819000BDE8F08F4FF0FF33E1E700BFA09500206E
:1081A00070B588B006AC84E80C00109B04930F9B5C
:1081B00003930E9B02930CAB05460E4693E8030017
:1081C0008DE80300284694E80C003146FFF76AFE6C
:1081D000284608B070BD2DE9F0418CB008AC149D64
:1081E000D5F80C8084E80C0028F04A0343F008031B
:1081F000EB600BAB0493159BCDE9025312AB064623
:108200008C4693E803008DE8030006AF94E80C0069
:1082100061463846FFF746FE97E80300169B0B9A27
:10822000C5F80C8084E8030086E8030030461A6035
:108230000CB0BDE8F08100002DE9F04F91B00DF1D8
:10824000300A1C9C0B9004F16C008AE80C00FCF7CF
:1082500033FC00238DF83B30E36803F04A09B9F1A1
:10826000400F054652D0B9F1080F14BF4FF00A086D
:108270004FF010081AA95046F4F78DFE0746002863
:108280007DD15046F4F774FE95F84A30C0B283426F
:108290000CBF012300238DF83B00069303D095F813
:1082A0004B30834217D12B7C1BB195F8253083428C
:1082B00011D095F8243083420DD05046F4F762FB7C
:1082C0001AA9F4F77BFE0646002862D05046F4F760
:1082D0004FFE8DF83B00002634462A7C9DF83B304B
:1082E0001AB195F825209A424DD095F824209A424B
:1082F00049D095F84E209A4214D156B1B8F10A0FE0
:1083000011D1B9F1000F0AD14C462EE04FF0080808
:10831000B0E7B9F1000F26D0B8F1080F28D001342A
:10832000012610E0EEB195F84C209A4203D095F862
:108330004D209A4230D1B9F1000F1BD0B8F1100F87
:108340002ED1002426465046F4F71CFB1AA9F4F758
:1083500035FE18B35046F4F70BFE8DF83B00002EA7
:10836000BBD137460FE04C4601264FF00808EAE73C
:108370003446D5E74E464C464FF01008E3E700235D
:1083800006931C461E46B8F1100F0AD11623079318
:1083900009E001270446F6E70126F4E70127F2E7A2
:1083A0000126CDF81C80954B0F932B7C1BB120210F
:1083B0000FA8F1F791FE069B002B3DD000224FF055
:1083C0000043CDE904234246D317DDE90401CDE99A
:1083D000022303F003F895F86490CDE90801B9F1A0
:1083E000000F61D005F14E030A9300220023CDE96E
:1083F00000234FF000082FBB2B7C9DF83B20002B67
:1084000000F0998095F82510914240F09480D4B105
:10841000E1B20FA8F1F733FF00240CA8F4F7B2FA89
:108420001AA9F4F7CBFD002800F083800CA8F4F71C
:108430009FFD8DF83B00DFE74FF0FF326FF0004308
:10844000BFE7012700230F9A52F80C2C72B1E1B25A
:108450000FA80293F1F713FF0FAAD5E90201EAF77B
:1084600041FC029B10B91D9904220A6034B92EB94F
:108470000F9A52F80C2C002A00F09880002B40F044
:108480009580B8F1000F40F0AD80069B33B1DDE977
:1084900000345B4264EB4404CDE90034DDE90012B2
:1084A0001E9BC3E9001289E000220023C846CDE9E3
:1084B0000023002FC6D19DF83B100798FBF75EFF05
:1084C000431CBFD0DDE90823DDE9009A534508BF0E
:1084D0004A452BD3DDE9012300995343039A01FB5D
:1084E0000233029AA2FB01AB9B44DDE90423C117CE
:1084F000121A63EB01035B4508BF524538BF48F0D1
:1085000001081AEB00024BEB0103CDE90023013413
:108510000CA8F4F737FA1AA9F4F750FD002890D008
:108520000CA8F4F725FD8DF83B00C4E74FF00108D7
:10853000EEE74F465FE795F82430934282D00DF185
:108540003B0207990A98F1F757FB68B30A9BDDE9EC
:1085500000ABC01ADDE908230F28C8BF06385B4509
:1085600008BF52451ED3DDE9012300995343039A06
:1085700001FB0233029AA2FB01AB9B44DDE9042319
:10858000C117121A63EB01035B4508BF524538BFA0
:1085900048F001081AEB00024BEB0103CDE9002380
:1085A00001343AE7C84638E703464CE70022002387
:1085B0001E99C1E900231D9A042313602FB11D9B4E
:1085C0001D9A1B6843F0020313600CAB93E8030091
:1085D0000B9B83E803000FA8F1F71AFC0B9811B06E
:1085E000BDE8F08F069B1BB100224FF00043DFE790
:1085F0004FF0FF326FF00043DAE700BFA095002094
:1086000070B588B006AC84E80C00109B04930F9BF7
:1086100003930E9B02930CAB05460E4693E80300B2
:108620008DE80300284694E80C003146FFF704FE6D
:10863000284608B070BD00002DE9F04F8DB00DF157
:10864000200A189C079004F16C008AE80C00FCF7E3
:1086500033FA00238DF82B30E36803F04A09B9F1AF
:10866000400F054652D0B9F1080F14BF4FF00A0869
:108670004FF0100816A95046F4F78DFC0746002865
:108680007DD15046F4F774FC95F84A30C0B283426D
:108690000CBF012300238DF82B00029303D095F823
:1086A0004B30834217D12B7C1BB195F82530834288
:1086B00011D095F8243083420DD05046F4F762F97A
:1086C00016A9F4F77BFC0646002862D05046F4F762
:1086D0004FFC8DF82B00002634462A7C9DF82B3069
:1086E0001AB195F825209A424DD095F824209A4247
:1086F00049D095F84E209A4214D156B1B8F10A0FDC
:1087000011D1B9F1000F0AD14C462EE04FF0080804
:10871000B0E7B9F1000F26D0B8F1080F28D0013426
:10872000012610E0EEB195F84C209A4203D095F85E
:108730004D209A4230D1B9F1000F1BD0B8F1100F83
:108740002ED1002426465046F4F71CF916A9F4F75A
:1087500035FC18B35046F4F70BFC8DF82B00002EB7
:10876000BBD137460FE04C4601264FF00808EAE738
:108770003446D5E74E464C464FF01008E3E7002359
:1087800002931C461E46B8F1100F0AD1162303931C
:1087900009E001270446F6E70126F4E70127F2E79E
:1087A0000126CDF80C80864B0B932B7C1BB120212E
:1087B0000BA8F1F791FC4246D3174FF0FF304FF072
:1087C000FF31CDE9002302F009FE95F864B0CDE950
:1087D0000401BBF1000F5AD005F14E0306930022AD
:1087E0000023904699464FF0000AFFB92B7C9DF874
:1087F0002B20002B00F08D8095F82510914240F041
:108800008880A4B1E1B20BA8F1F739FD002408A8D3
:10881000F4F7B8F816A9F4F7D1FB002877D008A828
:10882000F4F7A6FB8DF82B00E0E7012700230B9A55
:1088300052F80C2C72B1E1B20BA80093F1F71FFDB6
:108840000BAAD5E90201EAF74DFA009B10B9199974
:1088500004220A6034B92EB90B9A52F80C2C002A63
:1088600000F08D80002B40F08A80BAF1000F40F0BC
:10887000A280029B2BB1D8F1000369EB4904984612
:10888000A1461A9B41464A46C3E900127FE00022F6
:108890000023DA4690469946002FC7D19DF82B1049
:1088A0000398FBF76BFD431CC0D0DDE904234B4567
:1088B00008BF424528D3009B4A465343019A08FB10
:1088C0000233009AC117A2FB08899944CB434B4558
:1088D0006FEA000208BF424538BF4AF0010A18EBB0
:1088E000000249EB010390469946013408A8F4F7C9
:1088F00049F816A9F4F762FB002896D008A8F4F707
:1089000037FB8DF82B00C9E74FF0010AEEE75F4611
:108910006BE795F82430934288D00DF12B02039930
:108920000698F1F769F940B3069BC01ADDE9042304
:108930000F28C8BF06384B4508BF42451BD3009BD4
:108940004A465343019A08FB0233009AC117A2FB1F
:1089500008899944CB434B456FEA000208BF424562
:1089600038BF4AF0010A18EB000249EB01039046B8
:10897000994601344BE7DA4649E7034657E70022B8
:1089800000231A99C1E90023199A042313602FB117
:10899000199B199A1B6843F00203136008AB93E814
:1089A0000300079B83E803000BA8F1F731FA07984F
:1089B0000DB0BDE8F08F4FF0FF324FF0FF33E0E72E
:1089C000A095002070B588B006AC84E80C00109B20
:1089D00004930F9B03930E9B02930CAB05460E462C
:1089E00093E803008DE80300284694E80C00314624
:1089F000FFF722FE284608B070BD2DE9F0438DB088
:108A0000DDE9168608AC054608F16C0084E80C0028
:108A10008946FCF751FA0AA9FBF756FE0A9B059313
:108A2000189BCDF80880CDE9036314AB93E80300ED
:108A30008DE8030006AF4946384694E80C00FDF780
:108A4000D1FE97E8030084E8030014A92046F4F758
:108A5000A2FA18B1336843F00203336094E80300CC
:108A600085E8030028460DB0BDE8F0832DE9F0430A
:108A70008DB0DDE9168608AC054608F16C0084E887
:108A80000C008946FCF718FA0AA9FBF717FE0A9BA7
:108A90000593189BCDF80880CDE9036314AB93E8E8
:108AA00003008DE8030006AF4946384694E80C0001
:108AB000FDF798FE97E8030084E8030014A9204618
:108AC000F4F769FA18B1336843F00203336094E8AD
:108AD000030085E8030028460DB0BDE8F0832DE9CA
:108AE000F0479CB0DDE9269509F16C080AAC064612
:108AF000404684E80C008A46FCF7DEF9074640460B
:108B00000DF13808FBF720FF38464146FBF7F8FD2A
:108B1000384615A9FBF7E4FD00230D930DABCDE915
:108B200005930723CDE903830CAB029324AB93E8B1
:108B300003008DE8030008AF94E80C005146384666
:108B4000FDF79EFD97E803000D9B84E803009BB9A9
:108B5000289B0C9A9A6124A92046F4F71CFA18B1B4
:108B60002B6843F002032B6094E8030086E80300BF
:108B700030461CB0BDE8F0872B6843F004032B603F
:108B8000E9E72DE9F047A6B0DDE9309509F16C0879
:108B90000AAC0646404684E80C008A46FCF78CF98D
:108BA000074640460DF13808FBF7CEFE38464146F1
:108BB000FBF7D5FD38461AA9FBF7B2FD00230D934C
:108BC0000DABCDE905930C23CDE903830CAB0293E8
:108BD0002EAB93E803008DE8030008AF94E80C0087
:108BE00051463846FDF74CFD97E803000D9B84E89D
:108BF00003009BB9329B0C9A1A612EA92046F4F708
:108C0000CAF918B12B6843F002032B6094E8030003
:108C100086E80300304626B0BDE8F0872B6843F0B5
:108C200004032B60E9E72DE9F0438FB0DDE91885F7
:108C30000AAC064608F16C00894684E80C00FBF794
:108C400083FE0DAACDE90682042142F20F720023B1
:108C5000CDE9042103930D930CAB029316AB93E87B
:108C600003008DE8030008AF94E80C00494638463D
:108C7000FDF7F5FB97E803000D9B84E80300C3B9FB
:108C80000C9B1A9A002BB4BF6433A3F26C7353612C
:108C900016A92046F4F77FF918B12B6843F00203B8
:108CA0002B6094E8030086E8030030460FB0BDE86F
:108CB000F0832B6843F004032B60E9E72DE9F04FC4
:108CC00091B00AA981E80C00DDE91C3803F16C04BD
:108CD00007902046FBF738FE05902046FBF7F8FF8B
:108CE00000F138030893036A04461BB1836A00331A
:108CF00018BF0123227CA44D02930D951AB12021A7
:108D00000DA8F1F7E9F910A8202140F8085DF1F766
:108D1000E3F904F1390310AA0993636B42F8043DA7
:108D2000002504922F462E460395A9460195049BE3
:108D3000EB5C042B3ED8DFE813F05B012E01290029
:108D4000A000DC00BAF1000FF1D1D8F8003043F0F8
:108D50000403C8F800300AAC1AA92046F4F71BF93E
:108D600028B1D8F8003043F00203C8F8003094E886
:108D70000300079B83E803000EA8F1F749F80DA84C
:108D8000F1F746F8079811B0BDE8F08F1C9BDB683F
:108D900098051ED4B9F1010F1BD8D5B1012D0CD106
:108DA000029BB3B99DF83C30032B12D09DF83E30A6
:108DB000012B0ED04FF0010A2CE0022DFAD19DF8C4
:108DC0003F30042B05D0029A002AF3D0032B40F049
:108DD0001281A36906934FF0000B1AA90AA8F4F7B1
:108DE000EDF8069B824600283ED09B4512D00AA88B
:108DF000F4F7BEF8636913F80B30C0B2834236D083
:108E0000BBF1000F40F0FA801C9BDB6883F4007319
:108E1000C3F3402A0135042D94D1B9F1010F40F27A
:108E20004181BAF1000F90D0019B002B00F0E98046
:108E3000656A4FF0010B1AA90AA8F4F7BFF80028D9
:108E400000F0E180D94500F0E1800AA8F4F790F83D
:108E500015F80B30C0B283427FF477AF0AA8F3F75E
:108E600091FD0BF1010BE6E79B45C9D1A2E70AA8EA
:108E7000F3F788FD0BF1010BAFE7236ABBB9A36AD7
:108E800053B31AA90AA8F4F799F8824620B30AA89E
:108E9000F4F76EF8626A1278C0B282421CD10AA856
:108EA000D4F82890F3F76EFDCDF804A0B2E71AA924
:108EB0000AA8F4F783F882460028E0D00AA8F4F75D
:108EC00057F8E2691278C0B28242D8D10AA8D4F821
:108ED0002090F3F757FD9DE7236A1BB9029B83F0AF
:108EE000010A97E7A36A002BF8D1012301939A4660
:108EF00090E71AA90AA8F4F761F88246002847D03B
:108F00000AA8F4F735F80DF133025FFA80FB0A2165
:108F100009988DF833B0F0F76FFE80B1089BC01A46
:108F20001A4B1B68195C0EA8F1F7A9F906F1010BA1
:108F3000039E0AA8F3F726FD03965E46D9E7627CF6
:108F40005A4506D12FB9E26A002A11DD57468346F9
:108F5000EFE7227C62B1A37C5B4508D187B98EB173
:108F6000F1B20DA8F1F78BF9BB46039EE1E79246FB
:108F70000E9A52F80C2C002A08BF4FF0000A49E75D
:108F8000BA46F5E7B246F3E7A09500202C61002031
:108F90004FF0010AECE71AA90AA8F4F70FF8824685
:108FA000C8B94FF0000A032D3FF434AF1AA90AA83C
:108FB000F4F704F800283FF42DAF0AA8F3F7D8FF20
:108FC000059BC0B29A69125C12077FF523AF0AA80D
:108FD000F3F7D8FCEAE70AA8F3F7CAFF059BC0B28B
:108FE0009A69125C1107DCD50AA8F3F7CBFCDAE723
:108FF0004FF0010AD7E7DDF808A00BE74FF0000AB1
:1090000008E7E56915E7D9457FF49FAE10AD55F83F
:10901000083D53F80C3C012B13D90022302128467F
:10902000F0F77BFE024660B1431C04BF0E9B53F871
:109030000C2C4FF0000108BF02F1FF322846F0F778
:1090400079FF019B73B12846F0F764FF0E9B1B78F4
:10905000302B07D02846F0F766FF2D220146284620
:10906000F0F7BAFF0D9B53F80C3C8BB1F7B19DF8AC
:109070000C100DA8F1F703F90DAAD4E90201E9F7E4
:1090800031FE28B9D8F8003043F00403C8F80030A6
:109090001FB1E36AB3427FF458AE29461E98F0F739
:1090A00027FE58E6BAF1000FB0D14EE6F1B2E0E784
:1090B0002DE9F04F91B00AA981E80C00DDE91C38D8
:1090C00003F16C0407902046FBF73EFC0590204618
:1090D000FBF7CEFE00F138030893036A04461BB188
:1090E000836A003318BF0123227CA44D02930D959F
:1090F0001AB120210DA8F0F7EFFF10A8202140F8A9
:10910000085DF0F7E9FF04F1390310AA0993636BD6
:1091100042F8043D002504922F462E460395A946A9
:109120000195049BEB5C042B3ED8DFE813F05B0158
:109130002E012900A000DC00BAF1000FF1D1D8F80F
:10914000003043F00403C8F800300AAC1AA92046E6
:10915000F3F721FF28B1D8F8003043F00203C8F834
:10916000003094E80300079B83E803000EA8F0F7A3
:109170004FFE0DA8F0F74CFE079811B0BDE8F08F38
:109180001C9BDB6898051ED4B9F1010F1BD8D5B123
:10919000012D0CD1029BB3B99DF83C30032B12D0AA
:1091A0009DF83E30012B0ED04FF0010A2CE0022D2D
:1091B000FAD19DF83F30042B05D0029A002AF3D053
:1091C000032B40F01281A36906934FF0000B1AA9FC
:1091D0000AA8F3F7F3FE069B824600283ED09B4583
:1091E00012D00AA8F3F7C4FE636913F80B30C0B2BB
:1091F000834236D0BBF1000F40F0FA801C9BDB6845
:1092000083F40073C3F3402A0135042D94D1B9F1DE
:10921000010F40F24181BAF1000F90D0019B002B69
:1092200000F0E980656A4FF0010B1AA90AA8F3F76C
:10923000C5FE002800F0E180D94500F0E1800AA8D1
:10924000F3F796FE15F80B30C0B283427FF477AF88
:109250000AA8F3F797FB0BF1010BE6E79B45C9D191
:10926000A2E70AA8F3F78EFB0BF1010BAFE7236A25
:10927000BBB9A36A53B31AA90AA8F3F79FFE8246A3
:1092800020B30AA8F3F774FE626A1278C0B2824271
:109290001CD10AA8D4F82890F3F774FBCDF804A0E9
:1092A000B2E71AA90AA8F3F789FE82460028E0D09F
:1092B0000AA8F3F75DFEE2691278C0B28242D8D103
:1092C0000AA8D4F82090F3F75DFB9DE7236A1BB949
:1092D000029B83F0010A97E7A36A002BF8D10123D0
:1092E00001939A4690E71AA90AA8F3F767FE824607
:1092F000002847D00AA8F3F73BFE0DF133025FFACE
:1093000080FB0A2109988DF833B0F0F775FC80B125
:10931000089BC01A1A4B1B68195C0EA8F0F7AFFF28
:1093200006F1010B039E0AA8F3F72CFB03965E4699
:10933000D9E7627C5A4506D12FB9E26A002A11DDCD
:1093400057468346EFE7227C62B1A37C5B4508D198
:1093500087B98EB1F1B20DA8F0F791FFBB46039E1D
:10936000E1E792460E9A52F80C2C002A08BF4FF003
:10937000000A49E7BA46F5E7B246F3E7A0950020B0
:109380002C6100204FF0010AECE71AA90AA8F3F7B4
:1093900015FE8246C8B94FF0000A032D3FF434AFE2
:1093A0001AA90AA8F3F70AFE00283FF42DAF0AA86D
:1093B000F3F7DEFD059BC0B29A69125C12077FF5D8
:1093C00023AF0AA8F3F7DEFAEAE70AA8F3F7D0FD1D
:1093D000059BC0B29A69125C1107DCD50AA8F3F7A5
:1093E000D1FADAE74FF0010AD7E7DDF808A00BE77A
:1093F0004FF0000A08E7E56915E7D9457FF49FAE0D
:1094000010AD55F8083D53F80C3C012B13D9002240
:1094100030212846F0F781FC024660B1431C04BFAE
:109420000E9B53F80C2C4FF0000108BF02F1FF32E5
:109430002846F0F77FFD019B73B12846F0F76AFDDF
:109440000E9B1B78302B07D02846F0F76CFD2D22A1
:1094500001462846F0F7C0FD0D9B53F80C3C8BB13C
:10946000F7B19DF80C100DA8F0F709FF0DAAD4E98B
:109470000201E9F737FC28B9D8F8003043F00403BB
:10948000C8F800301FB1E36AB3427FF458AE2946F2
:109490001E98F0F72DFC58E6BAF1000FB0D14EE659
:1094A000F1B2E0E72DE9F0418CB008AC84E80C00A3
:1094B000DDE915380AAFCDE9038702938C4612AB7C
:1094C00018490A91064693E803009DF8502006AD1E
:1094D0008DE80300FAB194E80C0061462846FFF7D6
:1094E000EDFB95E803000A9D84E80300E9F7D0FC52
:1094F0000CAB424643F8040D17992846E9F7E8FEFD
:1095000094E8030086E803003846F0F781FC304613
:109510000CB0BDE8F08194E80C0061462846FFF7E6
:10952000C7FDDEE7A09500202DE9F04F8FB00AAC13
:1095300084E80C001B9B0793074603F16C008A46E6
:109540009DF868B0DDF87480FBF7FEF9079B1C9A64
:109550001E490D91CDE902320DAE049618AB81463D
:1095600093E803008DE8030008AD94E80C00514631
:109570002846BBF1000F25D0FFF7A0FB0D9B95E817
:10958000030053F80C5C84E8030085B1294640468B
:10959000F0F770FEDDF834A040465544F0F7BAFC11
:1095A000D8F800302A4651464846F2F7D2FF94E8F0
:1095B000030087E803003046F0F72AFC38460FB076
:1095C000BDE8F08FFFF774FDD8E700BFA09500203D
:1095D000244B1A68D0075CBF01221A60224B1A681C
:1095E000D1075CBF01221A60204B1A68D2075CBF0A
:1095F00001221A601E4B1A68D0075CBF01221A6054
:109600001C4B1A68D1075CBF01221A601A4B1A68FA
:10961000D2075CBF01221A60184B1A68D0075CBFE2
:1096200001221A60164B1A68D1075CBF01221A602A
:10963000144B1A68D2075CBF01221A60124B1A68D9
:10964000D0075CBF01221A60104B1A68D1075CBFBB
:1096500001221A600E4B1A68D2075CBF01221A6001
:10966000704700BF74960020709600206C96002012
:109670006896002064960020609600205C9600208A
:109680005896002054960020509600204C960020BA
:10969000489600200368DB0706D4437803B1FFDE59
:1096A0000123437018467047002070470123036070
:1096B00070472DE9F0411D46036888B053F804CC8B
:1096C000164653F8082C002305938DF818308DF8B2
:1096D00019308DF81A3010230793835804460F462B
:1096E000811853F8040C604503D0002008B0BDE891
:1096F000F08105AA0368CDE90242CDE900170622F0
:10970000D3F81C8029463346C04705980028ECD082
:109710009DF81A1001F00603062BE7D09DF81920DA
:109720009DF81830134003F00603062BDED002F03C
:109730000502042AD9D041B9002D0EDB2844844209
:1097400014BF012006208DF81A009DF81A3003F08E
:109750000603062BC9D10598C8E7AB1C08D03368AF
:1097600000941C6A02463B4629463046A047EAE779
:109770000120E8E708B501F0B1FF000010B5034B88
:109780000360044600F0E2FA204610BDBC740500F8
:1097900010B50446FFF7F2FF20461821E7F748FD11
:1097A000204610BD2DE9F74FDDF830904A450446BC
:1097B0000F461646984624D0E56804EBC50455B319
:1097C000E3689A0724D513F0010A4FEA232203D055
:1097D000FB1C1DD033689A58A0680368CDF8009030
:1097E000D3F820B0324443463946D84703280FD92E
:1097F000BAF1000F02D040F00100C0B203B0BDE8E2
:10980000F08F194600F06CFA0028D5D00620F5E755
:10981000013D083CD3E70120F0E7F0B40E1E049CA4
:1098200006DB9019844214BF01200620F0BC70476B
:10983000023604D00468246AA446F0BC60470120C4
:10984000F4E72DE9F04F91B0CDE905231D9C1C9A5A
:10985000A368DD0644BF8368A3601A9B93428146D8
:10986000884608D11B9900F03BFA20B19DF81430CE
:1098700063710026FBE00699484600F031FA824603
:10988000C8B11A9B2360B8F1000F9DF81430237102
:109890000BDB1A9B98441C9B434514BF4FF00108F7
:1098A0004FF0060884F80680E3E718F1020FE0D1D4
:1098B0000123A371DDE7B8F1000FAABF1C9BCDF80F
:1098C0001CA0A3EB08034FF00006A8BF07930223D8
:1098D000CDE9096301230893059B43F00103B346D7
:1098E0000B93D9F80C300493049B002B00F0D98023
:1098F00009EBC305A768E9680F97C80748BF1A981E
:10990000CDF834B04FEA212348BF00688DF838B055
:1099100048BFC3581A988DF839B0034407988DF89A
:109920003AB04CBF0B9A059A48B1984208982CBFA0
:109930004FF0000C4FF0010C844500F0AE80890719
:1099400007D418F1020F02D1BF0700F0A88002F07F
:10995000FD02A8680DAD016803951C9D02951B9D35
:10996000CDE90035069BCD694146A84763799DF84E
:1099700039209DF83A500D991343062D637101D09B
:10998000022D06D19DF8383021602371A5718246E1
:109990006CE0226896B99AB99DF83820216022714E
:1099A00021B11BB1D9F80830DD07F0D56379042B5C
:1099B000EDD0049B013B0493064695E7002A37D07F
:1099C000914206D123799DF8382013432371304604
:1099D000ECE709B90028FAD0032BA77904D9D807F6
:1099E00029D5A368990726D57FB9032D05D9EB079B
:1099F00041D5D9F808309F073DD51C9B00934146BF
:109A00001B9B0698FFF709FF0746D5B9032F05D919
:109A1000F80732D5D9F8083099072ED51C9B00934A
:109A20000D9A1B9B06984146FFF7F7FE054608E096
:109A30000029D1D1CBE7002F08BF0127002D08BF97
:109A4000012585EA0703DBB2032B18D9032D81BF5B
:109A50000D9B23602F469DF8383086BF2371002070
:109A60003046BA07A77101D4FB079FD4564630464B
:109A700011B0BDE8F08F0127E3E70125E1E73D40A4
:109A8000EDB2032DC4F800B004D90223A3714FF046
:109A9000010AEBE70120A07188E701230993304612
:109AA00087E7099B002BE2D0049B08930A9B012BBC
:109AB000DDD001230A9314E72DE9F04F89B0074662
:109AC000029192461C4600F072F90546002859D1D1
:109AD000D4F80880D7F80C9018F0100F18BFD7F8FA
:109AE000088008F0010307EBC9064FF0000B039351
:109AF000B9F1000F6CD0F268CDF810B002F001039C
:109B0000009312F002038DF814B0CDE9068B019397
:109B100005D1039B1BB909F1FF39083EE8E7BAF10B
:109B2000000F33D0009B121213B1DAF800309A58AC
:109B30005244B068029903689D6904ABA847054682
:109B40000028E8D0079B082B03D1009B0BB1B3681A
:109B500007939DF81430032B05D9019A1AB923F005
:109B600002038DF81430E168C1B904AB0FCB84E86F
:109B70000F002379032B05D99A0709D5BB6813F089
:109B8000010FC8D1284609B0BDE8F08F5246D0E792
:109B9000DB07F7D5BB6813F0020FF2E72368049ADE
:109BA000934204D00023236002232371EAE72BB100
:109BB00023799DF8142013432371ACE707980828F4
:109BC000F2D00829F0D000F08BF80028F0D1EBE7B4
:109BD0002579003518BF0125D4E7000010B5034BE7
:109BE0000360044600F0B2F8204610BD1C75050065
:109BF00010B50446FFF7F2FF20460C21E7F718FBEB
:109C0000204610BD2DE9F041069E96420746884643
:109C100015461C460AD0B868036806961E6A2A468E
:109C200023464146B446BDE8F0416047194600F07E
:109C300057F80028EFD00620BDE8F0812DE9F14F5C
:109C40000E461946834617469946DDE90A4ADDE97C
:109C50000C8500F045F890B1002E2C602F7109DBC7
:109C60003444A0450CBF06240124AC71002001B08F
:109C7000BDE8F08F0236F9D10123AB71F6E7444518
:109C800006D15146584600F02BF808B16F71EDE748
:109C9000DBF808000368CDE90C85CDE90A4ADC69E8
:109CA0003A464B463146A44601B0BDE8F04F604706
:109CB0002DE9F04104460D4616461F4600F077F8A0
:109CC00048B9A06803689C6932463B462946A446C9
:109CD000BDE8F0416047BDE8F08170470020704763
:109CE000814208B50ED0406803782A2B0CD0496811
:109CF0000B782A2B08BF013103F05FFBB0FA80F02C
:109D0000400908BD0120FCE70020FAE77FB50024E8
:109D10001023CDE902340368009415469E698DF83E
:109D200004406B461268B0479DF8043003F0060308
:109D3000062B03BF009B2B600120204604B070BDA2
:109D4000009890420CBF06200120704710B5034BCD
:109D500003600446FFF7C1FF204610BD9075050063
:109D600010B50446FFF7F2FF20460821E7F760FA36
:109D7000204610BD2DE9F0419846DDE90834069EE5
:109D80009E420746154607D10799FFF7A9FF18B16C
:109D900065710020BDE8F08141463846FFF7A0FF1D
:109DA0000028F6D0012326602571A371F1E738B5AC
:109DB00015461C46FFF794FF20B10823E3600623F5
:109DC0002560237138BD2DE9F04105460C46164645
:109DD0001F46FFF785FF48B9032F07D8236832468F
:109DE000294620465B69BDE8F0411847BDE8F0818F
:109DF00008B50846114603F0EAFA031C18BF012310
:109E000043EAA07008BD084611461A4605F008B896
:109E100008B50846114605F091FB031C18BF012345
:109E200043EAA07008BD084611461A4606F0BEB9BE
:109E300008B50846114603F0CAFA031C18BF0123EF
:109E400043EAA07008BD084611461A4604F0E8BF70
:109E500008B50846114605F071FB031C18BF012325
:109E600043EAA07008BD084611461A4606F09EB99E
:109E7000D2E90023E8F70ABF13B506220023C0E9A0
:109E8000012341F20203C360044601A8E8F738FB4E
:109E900001A904F16C00E9F756F801A8E9F74CF8BC
:109EA00002B010BD2DE9F04F8846D1E9000185B020
:109EB000DDE90F5A02AF14461E4687E8030002F0A0
:109EC000C1F8331B9B10A5EB0A0200FB03200028FE
:109ED00013DCB442A14630D23A46D9F800102846E5
:109EE00005F022FB421C04F10404034631D097E83C
:109EF00003001D4488E80300EBE7B442A1461CD2EE
:109F000055451AD23A46D9F8001001A805F00CFBC5
:109F1000B0F1FF3F04F1040483461AD0AAEB050315
:109F2000834218D3024601A9284602F0D0F997E8E7
:109F300003005D4488E80300DFE74E4594BF00203E
:109F400001200E9BC3F80090119B1D6005B0BDE879
:109F5000F08F0220F5E70120F3E72DE9F74389466A
:109F6000D1E90001E846DDE90B6788E80300154602
:109F70001C46A54220D2BE421ED243462946621B41
:109F8000304602F025F9411C03460BD0821C11D04B
:109F900008B93060012398E80300043689E803001B
:109FA0001D44E6E702200A9B1D600D9B1E6003B066
:109FB000BDE8F0830120F6E7A5422CBF0020012078
:109FC000F1E708B502F03EF8431E5842584108BD7B
:109FD00002F038B82DE9F7430E46D1E900016D468D
:109FE00085E80300DDF828801446994600274C4593
:109FF0001BD2B8F1000F18D02B46A9EB0402214662
:10A00000002002F0E5F8821C012A03460DD9002841
:10A0100018BF034695E8030008BF012386E8030044
:10A020001C441F4408F1FF38E1E7384603B0BDE89F
:10A03000F083000038B584680546B4B94420E7F7DA
:10A04000EFF8C0E90244C0E90544C0E90744C0E9AB
:10A050000944C0E90B441A4B44600360047444741F
:10A060008474446380F84340A860AB682E225A741D
:10A07000AB682C229A74AB68124A9A60A9680023D4
:10A08000CB60A9684A61A9688B61A968CA61A9689F
:10A090000B62A9684A62AA680B499362AA680868B9
:10A0A000D362AA681063AA685063084A1068AA6855
:10A0B000C15C1A4401330B2B82F83810F7D138BD3C
:10A0C0005C470500B87A0500EC4705002C610020CC
:10A0D00038B584680546B4B94420E7F7A1F8C0E96B
:10A0E0000244C0E90544C0E90744C0E90944C0E9A5
:10A0F0000B441A4B446003600474447484744463D6
:10A1000080F84340A860AB682E225A74AB682C22BA
:10A110009A74AB68124A9A60A9680023CB60A96858
:10A120004A61A9688B61A968CA61A9680B62A968BC
:10A130004A62AA680B499362AA680868D362AA684F
:10A140001063AA685063084A1068AA68C15C1A4480
:10A1500001330B2B82F83810F7D138BD6C4705005E
:10A16000B87A0500EC4705002C610020064B10B5BD
:10A1700004460360806810B103685B689847204616
:10A18000E8F76CFE204610BDD45D050010B504460E
:10A19000FFF7ECFF2046E7F747F8204610BD000028
:10A1A000064B10B504460360806810B103685B6815
:10A1B00098472046E8F752FE204610BD085E05008D
:10A1C00010B50446FFF7ECFF2046E7F72DF82046D0
:10A1D00010BD000038B584680546B4B97020E7F7B3
:10A1E0001FF8C0E90244C0E90544C0E90744C0E9DA
:10A1F0000944C0E90B44C0E90D441A4B44600360B4
:10A200000474C46380F86C40A860AB682E225A6165
:10A21000AB682C229A61AB68134A9A60AA68002343
:10A22000D360A968114ACA61A9680B62A9684A6229
:10A23000A9688B62A968CA62AA680D491363AA68F3
:10A2400008685363AA689063AA68D063094A1468CF
:10A25000E05CAA6803F1100101330B2B42F82100E6
:10A26000F6D138BD7C470500B87A05003882050074
:10A27000EC4705002C61002038B584680546B4B968
:10A280007020E6F7CDFFC0E90244C0E90544C0E90B
:10A290000744C0E90944C0E90B44C0E90D441A4B26
:10A2A000446003600474C46380F86C40A860AB68C9
:10A2B0002E225A61AB682C229A61AB68134A9A60CD
:10A2C000AA680023D360A968114ACA61A9680B6211
:10A2D000A9684A62A9688B62A968CA62AA680D491E
:10A2E0001363AA6808685363AA689063AA68D06376
:10A2F000094A1468E05CAA6803F1100101330B2BD2
:10A3000042F82100F6D138BD8C470500B87A050027
:10A3100038820500EC4705002C610020064B10B583
:10A3200004460360806810B103685B689847204664
:10A33000E8F794FD204610BD0061050010B5044605
:10A34000FFF7ECFF2046E6F76FFF204610BD000048
:10A35000064B10B504460360806810B103685B6863
:10A3600098472046E8F77AFD204610BD3461050085
:10A3700010B50446FFF7ECFF2046E6F755FF2046F0
:10A3800010BD000038B58568044685B96820E6F739
:10A3900047FFC0E90255C0E90555C0E907551D4B07
:10A3A000456003600574858480F86450A060A368EC
:10A3B000194A9A60A2680023D360A2681374A26845
:10A3C0002E2182F82410A2682C2182F82510134A2D
:10A3D0001068A268C15C1A440133242B82F826104D
:10A3E000F7D10F4B18680023A268C15C1A440133EF
:10A3F0001A2B82F84A10F7D1A3680A4A5A61A36857
:10A4000004229A61A368084ADA61A36805221A62E5
:10A4100038BD00BF9C470500B87A050028610020C0
:10A4200024610020B4470500B9470500064B10B56C
:10A4300004460360806810B103685B689847204653
:10A44000E8F70CFD204610BDB05D050010B50446D0
:10A45000FFF7ECFF2046E6F7E7FE204610BD0000C0
:10A4600038B58468054694B94FF49470E6F7D8FE81
:10A47000C0E90244C0E90544C0E90744C0E9094411
:10A48000184B44600360047480F82441A860AB68F2
:10A49000154A9A6000222E21DA601A742C22C3E930
:10A4A0000912124A126803F12C00511E233211F8CE
:10A4B000014F40F8044B9142F9D10D4A126803F163
:10A4C000BC00511E193211F8014F40F8044B914263
:10A4D000F9D1084A5A6104229A61074ADA610522D1
:10A4E0001A6238BDAC470500B87A05002861002023
:10A4F00024610020C0470500D4470500064B10B575
:10A5000004460360806810B103685B689847204682
:10A51000E8F7A4FC204610BDDC60050010B5044639
:10A52000FFF7ECFF2046E6F77FFE204610BD2DE941
:10A53000F0470C460021814608469846174601F030
:10A54000A1FD824603F0BCFC451C2846E6F76AFEE6
:10A550002A465146064601F0BAFED9F810100020EE
:10A5600001F090FD089B42463946204603F096FCD8
:10A5700031460546002001F085FD3046E6F756FEDF
:10A5800005B92570BDE8F08738B584680546C4BBB9
:10A59000C820E6F745FE504B44600360C0E9024422
:10A5A000C0E90444C0E90644C0E90844C0E90A44DB
:10A5B000C0E90C44C0E90E44C0E91044C0E91244AB
:10A5C000C0E91444C0E91644C0E91844C0E91A447B
:10A5D000C0E91C44C0E91E44C0E92044C0E922444B
:10A5E000C0E92444C0E92644C0E92844C0E92A441B
:10A5F000C0E92C44C0E92E44C0F8C04080F8C440F3
:10A60000A860AB68354A36491962C3E90222354A67
:10A610003549C3E90422354AC3E90912C3E90622D0
:10A62000334ADA62334A1A63334A5A63334A9A63C3
:10A63000334ADA63334A1A64334A5A64334A9A64AF
:10A64000334ADA64334A1A65334A5A65334A9A659B
:10A65000334ADA65334A1A66334A5A663349344A0A
:10A660009A669967334A3449DA66D967334A344976
:10A670001A67C3F88010334A33495A67C3F8841005
:10A680003249C3F888103249C3F88C103149C3F8F5
:10A6900090103149C3F894103049C3F898103049EC
:10A6A000C3F89C102F49C3E928122F4AC3F8A820E9
:10A6B0002E4AC3F8AC202E4AC3F8B0202D4AC3F866
:10A6C000B4202D4AC3F8B8202C4AC3F8BC202C4A29
:10A6D000C3F8C02038BD00BFB46F0500604F05004F
:10A6E000B47505006F4F0500B7750500B87A050011
:10A6F000BA750500C1750500C8750500D07505005F
:10A70000DA750500E3750500EA750500F3750500C7
:10A71000F7750500FB750500FF750500037605005C
:10A72000077605000B7605000F76050030760500EC
:10A73000177605002076050035760500267605009B
:10A740003A7605002C760500417605004B7605002B
:10A75000537605005C760500657605006976050090
:10A760006D76050071760500757605007976050031
:10A770007D760500817605008576050089760500E1
:10A780008D7605002DE9F0470C46002181460846EC
:10A790009846174601F076FC824603F091FB451C73
:10A7A0002846E6F73FFD2A465146064601F08FFD52
:10A7B000D9F81010002001F065FC089B424639468C
:10A7C000204605F045FC31460546002001F05AFCC4
:10A7D0003046E6F72BFD05B92560BDE8F08700009F
:10A7E00038B584680546C4BBC820E6F719FD504B50
:10A7F00044600360C0E90244C0E90444C0E906447F
:10A80000C0E90844C0E90A44C0E90C44C0E90E4468
:10A81000C0E91044C0E91244C0E91444C0E9164438
:10A82000C0E91844C0E91A44C0E91C44C0E91E4408
:10A83000C0E92044C0E92244C0E92444C0E92644D8
:10A84000C0E92844C0E92A44C0E92C44C0E92E44A8
:10A85000C0F8C04080F8C440A860AB68354A3649AB
:10A860001962C3E90222354A3549C3E90422354A4F
:10A87000C3E90912C3E90622334ADA62334A1A638A
:10A88000334A5A63334A9A63334ADA63334A1A645F
:10A89000334A5A64334A9A64334ADA64334A1A654B
:10A8A000334A5A65334A9A65334ADA65334A1A6637
:10A8B000334A5A663349344A9A669967334A344967
:10A8C000DA66D967334A34491A67C3F88010334AC5
:10A8D00033495A67C3F884103249C3F888103249A3
:10A8E000C3F88C103149C3F890103149C3F8941063
:10A8F0003049C3F898103049C3F89C102F49C3E978
:10A9000028122F4AC3F8A8202E4AC3F8AC202E4A9A
:10A91000C3F8B0202D4AC3F8B4202D4AC3F8B8209C
:10A920002C4AC3F8BC202C4AC3F8C02038BD00BF55
:10A930002C4E050094760500DC760500B8760500FF
:10A94000E876050038820500F476050010770500EA
:10A950002C7705004C770500747705009877050083
:10A96000B4770500D8770500E8770500F87705008B
:10A970000878050018780500287805003878050063
:10A9800048780500CC780500687805008C780500CB
:10A99000E0780500A4780500F4780500BC7805008F
:10A9A0001079050038790500587905007C79050093
:10A9B000A0790500B0790500C0790500D0790500BF
:10A9C000E0790500F0790500007A0500107A0500AD
:10A9D000207A0500307A0500407A050010B5039909
:10A9E0000446F7F705FA204610BD10B50399044652
:10A9F000E9F77AF9204610BD10B503990446EFF740
:10AA000066FC204610BD10B503990446F6F707FC16
:10AA1000204610BD80B59CB000AF0E1A804669225A
:10AA20000E49381D01F053FC06F1770323F00703AC
:10AA3000ADEB030D6C466822391D751C204601F0F4
:10AA400046FC25443246414604F1680001F03FFCD3
:10AA5000002385F867302046F8F710FF507A05008C
:10AA6000F8B500AF86B06D4605F10C04DFF83CE0A8
:10AA700023464FF00A0CB2FBFCF60CFB16221EF824
:10AA8000022003F8012D3246002EF4D1E41A8C4244
:10AA900008D8C4F10C012246294401F018FC2046D4
:10AAA000BD46F8BD4FF0FF34F9E700BF314805005F
:10AAB00001392DE9F04106461546471804462A7823
:10AAC00092B3BC422CD2252A07D16A78732A09D0C6
:10AAD0007A2A12D0252A00D101352A782270013530
:10AAE0000134ECE7191D1B68013B13F8012FA2B1DB
:10AAF000BC4215D004F8012BF7E7AA78752AECD1EF
:10AB00001A68391B204603F10408FFF7A9FF002843
:10AB100006DD044403354346D1E702350B46CEE754
:10AB200021463046FFF776FF2270A01BBDE8F0817A
:10AB300081F0004102E000BF83F0004330B54FEAEE
:10AB400041044FEA430594EA050F08BF90EA020F5B
:10AB50001FBF54EA000C55EA020C7FEA645C7FEAEE
:10AB6000655C00F0E2804FEA5454D4EB5555B8BF11
:10AB70006D420CDD2C4480EA020281EA030382EA82
:10AB8000000083EA010180EA020281EA0303362D14
:10AB900088BF30BD11F0004F4FEA01314FF4801CE7
:10ABA0004CEA113102D0404261EB410113F0004FF9
:10ABB0004FEA03334CEA133302D0524263EB4303B0
:10ABC00094EA050F00F0A780A4F10104D5F1200E4E
:10ABD0000DDB02FA0EFC22FA05F2801841F10001A9
:10ABE00003FA0EF2801843FA05F359410EE0A5F17D
:10ABF00020050EF1200E012A03FA0EFC28BF4CF0AE
:10AC0000020C43FA05F3C01851EBE37101F0004563
:10AC100007D54FF0000EDCF1000C7EEB00006EEB70
:10AC20000101B1F5801F1BD3B1F5001F0CD34908FA
:10AC30005FEA30004FEA3C0C04F101044FEA445251
:10AC400012F5800F80F09A80BCF1004F08BF5FEAD8
:10AC5000500C50F1000041EB045141EA050130BDB8
:10AC60005FEA4C0C404141EB010111F4801FA4F15B
:10AC70000104E9D191F0000F04BF01460020B1FAB0
:10AC800081F308BF2033A3F10B03B3F120020CDAE8
:10AC90000C3208DD02F1140CC2F10C0201FA0CF0C6
:10ACA00021FA02F10CE002F11402D8BFC2F1200C2B
:10ACB00001FA02F120FA0CFCDCBF41EA0C019040E1
:10ACC000E41AA2BF01EB0451294330BD6FEA04042A
:10ACD0001F3C1CDA0C340EDC04F11404C4F1200215
:10ACE00020FA04F001FA02F340EA030021FA04F327
:10ACF00045EA030130BDC4F10C04C4F1200220FA7E
:10AD000002F001FA04F340EA0300294630BD21FABB
:10AD100004F0294630BD94F0000F83F4801306BF81
:10AD200081F480110134013D4EE77FEA645C18BF75
:10AD30007FEA655C29D094EA050F08BF90EA020F0C
:10AD400005D054EA000C04BF1946104630BD91EA04
:10AD5000030F1EBF0021002030BD5FEA545C05D107
:10AD60004000494128BF41F0004130BD14F5800446
:10AD70003CBF01F5801130BD01F0004545F0FE41BA
:10AD800041F470014FF0000030BD7FEA645C1ABFEF
:10AD9000194610467FEA655C1CBF0B46024650EA26
:10ADA000013406BF52EA033591EA030F41F4002152
:10ADB00030BD00BF90F0000F04BF0021704730B5D8
:10ADC0004FF4806404F132044FF000054FF00001AD
:10ADD00050E700BF90F0000F04BF0021704730B56E
:10ADE0004FF4806404F1320410F0004548BF404243
:10ADF0004FF000013EE700BF42004FEAE2014FEA98
:10AE000031014FEA02701FBF12F07F4393F07F4F72
:10AE100081F06051704732F07F4208BF704793F075
:10AE20007F4F04BF41F40021704730B54FF4607488
:10AE300001F0004521F000411CE700BF50EA01028B
:10AE400008BF704730B54FF000050AE050EA010234
:10AE500008BF704730B511F0004502D5404261EBA4
:10AE600041014FF4806404F132045FEA915C3FF4E5
:10AE7000D8AE4FF003025FEADC0C18BF03325FEA82
:10AE8000DC0C18BF033202EBDC02C2F1200300FA33
:10AE900003FC20FA02F001FA03FE40EA0E0021FA58
:10AEA00002F11444BDE600BF70B54FF0FF0C4CF446
:10AEB000E06C1CEA11541DBF1CEA135594EA0C0FF8
:10AEC00095EA0C0F00F0DEF82C4481EA030621EA33
:10AED0004C5123EA4C5350EA013518BF52EA03356E
:10AEE00041F4801143F4801338D0A0FB02CE4FF020
:10AEF0000005E1FB02E506F00042E0FB03E54FF050
:10AF00000006E1FB03569CF0000F18BF4EF0010E47
:10AF1000A4F1FF04B6F5007F64F5407404D25FEA43
:10AF20004E0E6D4146EB060642EAC62141EA5551F6
:10AF30004FEAC52040EA5E504FEACE2EB4F1FD0C38
:10AF400088BFBCF5E06F1ED8BEF1004F08BF5FEAB6
:10AF5000500E50F1000041EB045170BD06F0004668
:10AF600046EA010140EA020081EA0301B4EB5C0415
:10AF7000C2BFD4EB0C0541EA045170BD41F480110D
:10AF80004FF0000E013C00F3AB8014F1360FDEBF32
:10AF9000002001F0004170BDC4F10004203C35DA0E
:10AFA0000C341BDC04F11404C4F1200500FA05F391
:10AFB00020FA04F001FA05F240EA020001F0004232
:10AFC00021F0004110EBD37021FA04F642EB0601A8
:10AFD0005EEA430E08BF20EAD37070BDC4F10C04D2
:10AFE000C4F1200500FA04F320FA05F001FA04F296
:10AFF00040EA020001F0004110EBD37041F1000182
:10B000005EEA430E08BF20EAD37070BDC4F120058C
:10B0100000FA05F24EEA020E20FA04F301FA05F2F4
:10B0200043EA020321FA04F001F0004121FA04F29C
:10B0300020EA020000EBD3705EEA430E08BF20EA6C
:10B04000D37070BD94F0000F0FD101F000464000A6
:10B0500041EB010111F4801F08BF013CF7D041EA28
:10B06000060195F0000F18BF704703F0004652002C
:10B0700043EB030313F4801F08BF013DF7D043EAFD
:10B080000603704794EA0C0F0CEA135518BF95EAB3
:10B090000C0F0CD050EA410618BF52EA4306D1D13A
:10B0A00081EA030101F000414FF0000070BD50EA59
:10B0B000410606BF1046194652EA430619D094EAE3
:10B0C0000C0F02D150EA013613D195EA0C0F05D1CD
:10B0D00052EA03361CBF104619460AD181EA030121
:10B0E00001F0004141F0FE4141F470014FF00000D9
:10B0F00070BD41F0FE4141F4780170BD70B54FF074
:10B10000FF0C4CF4E06C1CEA11541DBF1CEA1355F3
:10B1100094EA0C0F95EA0C0F00F0A7F8A4EB0504D5
:10B1200081EA030E52EA03354FEA013100F08880CC
:10B130004FEA03334FF0805545EA131343EA126395
:10B140004FEA022245EA111545EA10654FEA00264A
:10B150000EF000419D4208BF964244F1FD0404F503
:10B16000407402D25B084FEA3202B61A65EB03055F
:10B170005B084FEA32024FF480104FF4002CB6EB1C
:10B18000020E75EB030E22BFB61A754640EA0C009C
:10B190005B084FEA3202B6EB020E75EB030E22BFDC
:10B1A000B61A754640EA5C005B084FEA3202B6EB1D
:10B1B000020E75EB030E22BFB61A754640EA9C00DC
:10B1C0005B084FEA3202B6EB020E75EB030E22BFAC
:10B1D000B61A754640EADC0055EA060E18D04FEA6A
:10B1E000051545EA16754FEA06164FEAC30343EA0A
:10B1F00052734FEAC2025FEA1C1CC0D111F4801FD7
:10B200000BD141EA00014FF000004FF0004CB6E7CF
:10B2100011F4801F04BF01430020B4F1FD0C88BF6E
:10B22000BCF5E06F3FF6AFAEB5EB030C04BFB6EB79
:10B23000020C5FEA500C50F1000041EB045170BD6C
:10B240000EF0004E4EEA113114EB5C04C2BFD4EB99
:10B250000C0541EA045170BD41F480114FF0000E1D
:10B26000013C90E645EA060E8DE60CEA135594EA99
:10B270000C0F08BF95EA0C0F3FF43BAF94EA0C0F9C
:10B280000AD150EA01347FF434AF95EA0C0F7FF411
:10B2900025AF104619462CE795EA0C0F06D152EA65
:10B2A00003353FF4FDAE1046194622E750EA410649
:10B2B00018BF52EA43067FF4C5AE50EA41047FF45A
:10B2C0000DAF52EA43057FF4EBAE12E74FF0FF3CBF
:10B2D00006E000BF4FF0010C02E000BF4FF0010C90
:10B2E0004DF804CD4FEA410C7FEA6C5C4FEA430C09
:10B2F00018BF7FEA6C5C1BD001B050EA410C0CBF58
:10B3000052EA430C91EA030F02BF90EA020F0020B9
:10B31000704710F1000F91EA030F58BF994208BF20
:10B3200090422CBFD8176FEAE37040F001007047DD
:10B330004FEA410C7FEA6C5C02D150EA013C07D134
:10B340004FEA430C7FEA6C5CD6D152EA033CD3D07F
:10B350005DF8040B704700BF8446104662468C4679
:10B360001946634600E000BF01B5FFF7B7FF0028AC
:10B3700048BF10F1000F01BD4DF808EDFFF7F4FFD5
:10B380000CBF012000205DF808FB00BF4DF808ED60
:10B39000FFF7EAFF34BF012000205DF808FB00BF83
:10B3A0004DF808EDFFF7E0FF94BF012000205DF8A5
:10B3B00008FB00BF4DF808EDFFF7CEFF94BF01205A
:10B3C00000205DF808FB00BF4DF808EDFFF7C4FF53
:10B3D00034BF012000205DF808FB00BF53B94AB913
:10B3E000002908BF00281CBF4FF0FF314FF0FF308D
:10B3F00000F072B9ADF1080C6DE904CE00F006F86A
:10B40000DDF804E0DDE9022304B070472DE9F047E0
:10B41000089E04468846002B4BD18A42154667D9C0
:10B42000B2FA82F24AB1C2F1200701FA02F320FA1D
:10B4300007F7954047EA030894404FEA154E230C5E
:10B44000B8FBFEF71FFA85FC0EFB178843EA08439A
:10B4500007FB0CF1994209D9EB1807F1FF3080F096
:10B460001B81994240F21881023F2B445B1AA4B21F
:10B47000B3FBFEF00EFB103344EA034400FB0CFC6C
:10B48000A44509D92C1900F1FF3380F00781A445A8
:10B4900040F2048102382C4440EA0740A4EB0C043B
:10B4A00000271EB1D4400023C6E900433946BDE859
:10B4B000F0878B4209D9002E00F0EB800027C6E907
:10B4C000000138463946BDE8F087B3FA83F7002F0C
:10B4D00047D18B4202D3824200F2FA80841A61EB98
:10B4E000030301209846002EE0D0C6E90048DDE7BE
:10B4F00002B9FFDEB2FA82F2002A40F08F80491BC7
:10B500004FEA154E1FFA85F80127B1FBFEFC230C0C
:10B510000EFB1C1143EA014308FB0CF1994207D9C9
:10B52000EB180CF1FF3002D2994200F2CD80844634
:10B53000591AA3B2B1FBFEF00EFB101443EA044407
:10B5400008FB00F8A04507D92C1900F1FF3302D2FF
:10B55000A04500F2B6801846A4EB080440EA0C406F
:10B560009FE7C7F1200CBB4022FA0CFE4EEA030E07
:10B5700001FA07F420FA0CF521FA0CF34FEA1E4801
:10B580002543B3FBF8F92C0C08FB19331FFA8EFA8C
:10B5900044EA034309FB0AF49C4202FA07F200FA68
:10B5A00007F10BD91EEB030309F1FF3080F0878010
:10B5B0009C4240F28480A9F1020973441B1BADB286
:10B5C000B3FBF8F008FB103345EA034400FB0AFA2A
:10B5D000A24508D91EEB040400F1FF336BD2A2454B
:10B5E00069D90238744440EA0940A0FB0289A4EBFF
:10B5F0000A044C45C2464B4654D351D0002E69D064
:10B60000B1EB0A0564EB030404FA0CFCFD40FC40BA
:10B610004CEA0505C6E90054002747E7C2F12003BC
:10B6200020FA03F7954001FA02F021FA03F34FEAFA
:10B63000154E3843010CB3FBFEF71FFA85F80EFBDD
:10B64000173341EA034107FB08F38B4204FA02F483
:10B6500007D9691807F1FF3C2FD28B422DD9023F41
:10B660002944CB1A81B2B3FBFEF00EFB103341EA42
:10B67000034100FB08F38B4207D9691800F1FF3C36
:10B6800017D28B4215D902382944C91A40EA074714
:10B690003BE73746304609E70746E7E61846FBE64C
:10B6A0004145ABD2B8EB020A69EB0E0201381346F2
:10B6B000A4E76046E9E7184695E76746D1E7814683
:10B6C0007CE702382C4447E7ACF1020C2B442FE70F
:10B6D000384608E73746E9E6704700BF08B5062058
:10B6E00001F0ACFD012008F0EDFA0000F0B5431CBC
:10B6F00087B003D14FF0FF3007B0F0BD04AE1B4D53
:10B700008DF80B0008220021304600F004FE2F685F
:10B71000BC6DC4B95020E6F72DFB2B68B8659B6D56
:10B72000C3E90044C3E90244C3E90444C3E90A4449
:10B73000C3E90C44C3E90E44C3E91044C3E912440D
:10B740009C611C775C622868094A036A0096002B9A
:10B7500008BF134603A9D3F8E4400DF10B020123FF
:10B76000A0470128C6D80398C6E700BFA4610020FF
:10B770000862002010B5054C13462CB10A4601465C
:10B780000220AFF3008010BD2046FCE7000000005F
:10B79000014B1868704700BFA461002008B5074B33
:10B7A000044613B10021AFF30080054B1868836A8B
:10B7B00003B19847204608F085FA00BF000000005A
:10B7C0001C7C05008A892DE9F041054610070C46CE
:10B7D00058D44B68002B05DC0B6C002B02DC0020DE
:10B7E000BDE8F081E66A002EF9D0002312F4805201
:10B7F0002F68216A2B6032D0606DA3895A0705D566
:10B800006368C01A636B0BB1236CC01A0023024635
:10B81000E66A216A2846B047431CA38906D12968F5
:10B820001D2948D8294ACA40D60744D5002262605B
:10B83000D9042269226004D5421C01D12B6803B9C6
:10B840006065616B2F600029C9D004F144039942FF
:10B8500002D0284600F076FD00206063C0E7012397
:10B860002846B047411CC8D12B68002BC5D01D2BE2
:10B8700001D0162B01D12F60B1E7A38943F040031B
:10B88000A381ADE70F69002FA9D093070E6808BF09
:10B890004B690F6018BF0023A6EB07088B60B8F157
:10B8A000000F9CDD43463A46216AA66A2846B04707
:10B8B000002806DCA38943F04003A3814FF0FF304A
:10B8C0008EE70744A8EB0008E9E700BF010040202D
:10B8D00038B50B6905460C46DBB118B183690BB965
:10B8E00000F072F80C4B9C4209D16C68B4F90C3032
:10B8F0007BB121462846BDE83840FFF763BF074BC0
:10B900009C4201D1AC68F1E7054B9C4208BFEC6852
:10B91000ECE7002038BD00BFDC7B0500FC7B0500A8
:10B92000BC7B0500014620B9044B0549186800F0AE
:10B930001FBA044B1868FFF7CBBF00BF1C7C050083
:10B94000D1B80400A4610020002310B50446C0E96A
:10B950000033836081814366C281C0E9043383611F
:10B96000194608225C3000F0D6FC054B6362054B9B
:10B97000A362054BE362054B2462236310BD00BF45
:10B9800031D3040057D304008FD30400B3D3040091
:10B99000014900F0EDB900BFD1B8040070B54A1EEE
:10B9A000682555430E4605F1740100F019FD044663
:10B9B00040B10021C0E900160C30A06005F168021A
:10B9C00000F0A9FC204670BD836910B5044633BB66
:10B9D000C0E912330365124B124A1B688262984217
:10B9E00004BF0123836100F01FF86060204600F06F
:10B9F0001BF8A060204600F017F80022E060042148
:10BA00006068FFF7A1FF01220921A068FFF79CFFF2
:10BA100002221221E068FFF797FF0123A36110BD06
:10BA20001C7C050091B90400F8B51B4B1E68B36976
:10BA3000074613B93046FFF7C7FF4836D6E9013449
:10BA4000013B03D5336833B13668F7E7B4F90C50DE
:10BA50006DB16834F4E704213846FFF79FFF30608A
:10BA60000028F1D10C233B6004462046F8BD0B4B67
:10BA70006566C4E90055A560C4E90335C4E9055508
:10BA80000822294604F15C0000F045FCC4E90D558C
:10BA9000C4E91255E9E700BF1C7C05000100FFFF67
:10BAA0002DE9F84F15465D430746894693469A4669
:10BAB0000A9C3BD018B183690BB9FFF785FF1D4B7A
:10BAC0009C4216D17C686368002B01DA0023636016
:10BAD0002E46D4E90018B04515D33246484600F04A
:10BAE000F6FB636825689B1B3544256063605546FB
:10BAF0001CE0114B9C4201D1BC68E4E70F4B9C4217
:10BB000008BFFC68DFE74846424600F0E0FB2368D8
:10BB10004344236021463846C144A6EB080601F0A1
:10BB20009DFA0028D5D0AD1BB5FBFBF52846BDE836
:10BB3000F88F00BFDC7B0500FC7B0500BC7B0500AB
:10BB400007B5009313460A46014603480068FFF70D
:10BB5000A7FF03B05DF804FBA461002013460A466A
:10BB600001460248006800F003B800BFA46100204D
:10BB70002DE9F8430C4691461E46054618B18369E7
:10BB80000BB9FFF721FF3F4B9C4212D16C68A38990
:10BB900003F48473B3F5847F03D121462846FFF76D
:10BBA00097FED4F82C80B8F1000F0CD11D232B6028
:10BBB00057E0354B9C4201D1AC68E8E7334B9C42DF
:10BBC00008BFEC68E3E7012E30D0022E01D0002E32
:10BBD00055D123691BB92146284600F07FFA21463A
:10BBE0002846FFF775FE074600283AD133464A46F5
:10BBF000216A2846C047013033D0616B41B104F15E
:10BC00004403994202D0284600F09CFB0023636362
:10BC100023692360A389002123F402636160A38167
:10BC2000082204F15C0000F076FB1CE02146284667
:10BC3000FFF74EFEA28912F480520CD0606DA389EA
:10BC40005A0713D56368C01A636B0BB1236CC01A13
:10BC500081440026BDE7216A33462846C047411C7F
:10BC6000EDD14FF0FF373846BDE8F8831B07EFD51D
:10BC700023682269002BEBD09B1A1844E8E71623AF
:10BC800095E700BFDC7B0500FC7B0500BC7B050065
:10BC9000024B0146186800F003B800BFA461002001
:10BCA00070B50C46054618B183690BB9FFF78CFED9
:10BCB0001E4B9C4207D16C68E36A73B91D232B604D
:10BCC0004FF0FF3070BD1A4B9C4201D1AC68F3E7D6
:10BCD000184B9C4208BFEC68EEE7A389180703D510
:10BCE00021462846FFF7F4FDA28912F480520BD0BA
:10BCF000606DA3895A070FD56368C01A636B002B68
:10BD0000E0D0236CC01ADDE7216AE66A01232846E9
:10BD1000B047411CEDD1D5E71B07D3D52368002BD5
:10BD2000D0D022699B1A1844CCE700BFDC7B050009
:10BD3000FC7B0500BC7B05002DE9F041884600F145
:10BD40004804002614B93046BDE8F081D4E90175F5
:10BD5000013F01D52468F5E7AB89012B06D9B5F978
:10BD60000E30013302D02846C04706436835EFE75E
:10BD70002DE9F8438046894600F14804002614B9AD
:10BD80003046BDE8F883D4E90175013F01D5246848
:10BD9000F5E7AB89012B07D9B5F90E30013303D094
:10BDA00029464046C84706436835EEE72DE9F84383
:10BDB000089C8946174602FB03F8064618B18369BA
:10BDC0000BB9FFF701FE1D4B9C421AD17468A38981
:10BDD0001B0720D52369F3B10025454529D0A36869
:10BDE00019F80510013B002BA36004DAA269934205
:10BDF00019DB0A2917D023685A1C226019700135F3
:10BE0000EBE70F4B9C4201D1B468E0E70D4B9C423D
:10BE100008BFF468DBE72146304604F0D7FA002873
:10BE2000DAD0002505E02246304603F007FB01305A
:10BE3000E5D1B5FBF7F0BDE8F88300BFDC7B05007A
:10BE4000FC7B0500BC7B050007B5009313460A4642
:10BE5000014603480068FFF7A9FF03B05DF804FB43
:10BE6000A461002038B5134B1D68044625B1AB69A9
:10BE700013B92846FFF7A8FD0F4B9C420BD16C6805
:10BE80006368013B002B63600FDA21462846BDE85A
:10BE9000384001F06FB9094B9C4201D1AC68EFE723
:10BEA000074B9C4208BFEC68EAE723685A1C2260F3
:10BEB000187838BDA4610020DC7B0500FC7B050000
:10BEC000BC7B050005F08AB970B50D4E0D4CA41B66
:10BED000A4100025A54209D10B4E0C4C07F0F4FE2E
:10BEE000A41BA4100025A54205D170BD56F825302D
:10BEF00098470135EEE756F8253098470135F2E7C7
:10BF0000DC630020DC630020DC6300201C64002074
:10BF100001390B291FD8DFE801F006080A0C0E10C2
:10BF2000121416181A1C05F079BD05F085BD05F030
:10BF300090BD05F0A2BD00F010B800F014B800F0FC
:10BF40001EB800F024B800F02FB800F03BB800F0A5
:10BF500046B800F04CB800207047303809288CBF34
:10BF600000200120704710B5044600F010F828B1F9
:10BF7000204600F027F8B0FA80F0400910BD10B557
:10BF8000044602F071FF001B18BF012010BDFF28FE
:10BF900010B5044606D800F067F82044407800F059
:10BFA000970010BD0020FCE710B5044605F036FDF3
:10BFB00030B92046FFF7D7FF003018BF012010BD71
:10BFC0000020FCE7FF2810B5044606D800F04CF826
:10BFD0002044407800F0080010BD0020FCE710B5B8
:10BFE000044602F032FF001B18BF012010BDA0F173
:10BFF0003003092B07D920F02000413805288CBFD9
:10C0000000200120704701207047000010B5144641
:10C0100072B10949104601F0D0F948B107492046EC
:10C0200001F0CBF920B10649204601F0C6F908B964
:10C03000024810BD0020FCE7207C05009B4905005C
:10C04000B87A0500044B054A1B681B6A002B08BF21
:10C05000134693F828017047A4610020086200206D
:10C06000D0F8EC0070470000044B054A1B681B6ABF
:10C07000002B08BF1346D3F8EC007047A4610020E2
:10C0800008620020024B0A4601461868FFF7BEBF4F
:10C09000A461002070B50E46B1F90E10002996B0CB
:10C0A00014461D4607DA00232B60B3891A0610D404
:10C0B0004FF480630EE06A4605F020F90028F2DBB9
:10C0C000019A02F47042A2F500535A425A412A6082
:10C0D000EEE740230020236016B070BD8B8973B556
:10C0E0009D0706460C4607D504F1470323602361EC
:10C0F0000123636102B070BD01AB6A46FFF7CAFF5E
:10C1000000990546304600F06BF948B9B4F90C3097
:10C110009A05EFD423F0030343F00203A381E3E77E
:10C120000D4BB362A389206043F08003A381009B81
:10C130006361019B20615BB1B4F90E10304605F0DC
:10C140005DFC28B1A38923F0030343F00103A3811D
:10C15000A3891D43A581CDE791B90400024B014697
:10C16000186800F03DB900BFA4610020024B0146F1
:10C17000186800F0E7B800BFA4610020F7B5114CC3
:10C18000089D24680646246A174692B90E4B00950E
:10C19000002C08BF1C460D4AD4F8E4400123394660
:10C1A000A047431C01BF00232B608A23336003B0E8
:10C1B000F0BD054F0095002C08BF3C46D4F8E44084
:10C1C000EEE700BFA461002008620020B87A0500F5
:10C1D00007B5009313460A46014603480068FFF777
:10C1E000CDFF03B05DF804FBA461002082B001B96B
:10C1F00001A942B14BB113780B601278101C18BF23
:10C20000012002B070471046FBE76FF00100F8E72D
:10C2100001F0FF01102A2BDB10F0070F08D010F8F7
:10C22000013B013A8B422DD010F0070F42B3F6D1FB
:10C23000F0B441EA012141EA014122F007047FF014
:10C2400000070023F0E80256083C85EA010586EA6B
:10C25000010685FA47F5A3FA87F586FA47F6A5FAA7
:10C2600087F68EB9EED1F0BC01F0FF0102F00702B3
:10C2700032B110F8013B013A83EA010313B1F8D15E
:10C280000020704701387047002D06BF354603383F
:10C29000073815F0010F07D1013015F4807F02BF78
:10C2A000013015F4C03F0130F0BC0138704700BFC9
:10C2B00030B50024A24201D1002007E0035D013423
:10C2C0000D1915F8015CAB42F4D0581B30BD10B508
:10C2D000431E0A44914200D110BD11F8014B03F8EE
:10C2E000014FF7E7884210B501EB020307D8421E61
:10C2F00099420AD011F8014B02F8014FF8E7834246
:10C30000F5D98118D21AD34200D110BD13F8014DCE
:10C3100001F8014DF7E702440346934200D170470C
:10C3200003F8011BF9E738B502FB01F4214600F0E0
:10C3300057F8054618B122460021FFF7ECFF2846C2
:10C3400038BD000038B50546002945D051F8043CF9
:10C350000C1F002BB8BFE41805F0D2FB1F4A13686E
:10C36000104633B9636014602846BDE8384005F0D4
:10C37000C8BBA3420CD921686218934204BF1A6853
:10C380005B68636004BF521822600460ECE71346E8
:10C390005A680AB1A242FAD919685818A0420BD1BA
:10C3A00020680144581882421960DDD11068526833
:10C3B0005A6001441960D7E702D90C232B60D3E7F8
:10C3C000206821188A4204BF11685268626004BF65
:10C3D000091821605C60C7E738BD00BF109C0020D1
:10C3E00070B5CD1C25F0030508350C2D38BF0C2584
:10C3F000002D064601DBA94203D90C23336000203F
:10C4000070BD05F07DFB214A1468214691B9204C8E
:10C4100023681BB9304600F0D9FE2060294630461B
:10C4200000F0D4FE431C24D10C233360304605F0C9
:10C4300068FBE4E70B685B1B18D40B2B0FD90B6070
:10C44000CD50CC18304605F05CFB04F10B00231DE9
:10C4500020F00700C31AD3D05A42E250D0E78C42F2
:10C460004B6816BF636013600C46EBE70C464968E7
:10C47000CCE7C41C24F00304A04205D0211A3046A6
:10C4800000F0A4FE0130CFD02560DBE7109C002037
:10C49000149C00209368013B002B10B4936008DAD1
:10C4A0009469A34201DB0A2903D15DF8044B02F031
:10C4B000C5BF1368581C1060197008465DF8044B1E
:10C4C0007047F8B506460F461446D518AC4201D160
:10C4D000002007E03A4614F8011B3046FFF7DAFF68
:10C4E000431CF3D1F8BD00002DE9F04F9DB00C4680
:10C4F00017460393064618B183690BB9FFF764FA30
:10C500007B4B9C4257D17468A38918075DD523697A
:10C51000002B5AD00023099320238DF82930302393
:10C520008DF82A304FF0010BB846454615F8013B0F
:10C530000BB1252B54D1B8EB070A0BD053463A4622
:10C5400021463046FFF7BDFF013000F0C280099B55
:10C550005344099398F80030002B00F0BA80002370
:10C560004FF0FF32CDE90523049307938DF8533044
:10C570001A93A846052218F8011B5E48FFF748FEEB
:10C58000049B78BBD90644BF20228DF853201A079C
:10C5900044BF2B228DF853202A782A2A2AD0079AC2
:10C5A000A84600200A25414611F8013B303B092BE3
:10C5B00069D960B324E0504B9C4201D1B468A3E731
:10C5C0004E4B9C4208BFF4689EE72146304603F07C
:10C5D000FDFE00289ED04FF0FF301DB0BDE8F08F6B
:10C5E000A846A2E7434A801A0BFA00F018430490C9
:10C5F0004546BEE7039A111D12680391002A01DB2C
:10C60000079204E0524243F002030792049398F821
:10C6100000302E2B0ED198F801302A2B38D1039BF5
:10C620001A1D1B680392002BB8BF4FF0FF3308F1AF
:10C6300002080593324D98F8001003222846FFF7B0
:10C64000E7FD40B14023401B03FA00F0049B034385
:10C6500008F10108049398F800102A488DF8281072
:10C66000062208F10107FFF7D3FD002837D0264B3B
:10C670001BBB039B073323F0070308330393099B7A
:10C680004B44099350E705FB0232012088468AE7B4
:10C69000002308F10108059319460A25404610F8C1
:10C6A000012B303A092A03D9002BC3D00591C1E7E9
:10C6B00005FB012101238046F0E703AB00932246EE
:10C6C000124B04A9304600F0B7F8B0F1FF3F8146A5
:10C6D000D5D1A3895B063FF57EAF09987DE703AB13
:10C6E00000932246094B04A9304600F05BFBECE7BF
:10C6F000DC7B0500287C0500FC7B0500BC7B05007D
:10C700002E7C0500327C050039C80400C3C4040037
:10C710002DE9FF4755EC104B0D9FDDF830A0002DA3
:10C720000E4691461946B8BF22462B4627F02007F1
:10C73000BBBF05F100431D4600232D23B8BF14469F
:10C74000462F0B7004D0452F00D10136022100E0A6
:10C75000032103AB019302AB00933246534645ECF1
:10C76000104B03F041FF472F804602D119F0010F13
:10C7700026D0462F08EB060911D198F80030302B4F
:10C780000AD10022002320462946FEF7F5FD18B9FC
:10C79000C6F10106CAF80060DAF8003099440022B8
:10C7A000002320462946FEF7E7FD38B93022039BD7
:10C7B0004B4505D2591C03911A70F8E7CDF80C903F
:10C7C000039B0E9AA3EB08034046136004B0BDE838
:10C7D000F087F7B500290446BABF49422D232B2321
:10C7E000092904F8022B437020DD0DF107031F46D1
:10C7F0000A2691FBF6F506FB15113031092D03F8D9
:10C80000011C03F1FF32294609DC3031023B02F8FA
:10C81000011CBB42224604D3101A03B0F0BD1346DC
:10C82000E7E713F8012B04F8012BF2E73023194452
:10C830008370021DC170EFE72DE9F04F8DB00C46FB
:10C84000DDF8588016461F46054605F02BF90368AB
:10C850000493184601F034FB00230A93D8F8003003
:10C860000590073323F0070303F1080294F818A09A
:10C87000D4F800B0C8F80020D3E90023C4E912239B
:10C88000D4E9128929F000430793CDF818804FF0BE
:10C89000FF32A74BDDE9060107F02EF970BB4FF020
:10C8A000FF32A34BDDE90601FEF77AFD30BB002223
:10C8B000002340464946FEF769FD10B12D2384F858
:10C8C00043309C4A9C4BBAF1470F8CBF9046984628
:10C8D00003232BF00402236122604FF0000900972C
:10C8E00033460BAA2146284600F0E6F9013040F015
:10C8F0008D804FF0FF300DB0BDE8F08F42464B46C3
:10C900004046494607F0F8F810B18C4A8C4BDAE7FC
:10C9100061684B1C4BF480620AA83ED10623636019
:10C920000023CDE9020309AB009349EC108B0DF114
:10C9300023032260CDF804A061682846FFF7E8FED3
:10C940000AF0DF03472B804609D1099BD81C02DB84
:10C950006268934247DDAAF1020A5FFA8AFABAF1E5
:10C96000650F099924D80139524604F15000099104
:10C97000FFF72FFF0A9A1318012A8146236102DC70
:10C980002268D10701D5013323619DF82330002BA4
:10C99000A5D02D2384F84330A1E7BAF1670F00F04A
:10C9A0007781BAF1470FBBD10029B9D10123B6E78E
:10C9B000BAF1660F19D1002963680CDD216113B942
:10C9C0002268D20702D501330B442361099BA3657A
:10C9D0004FF00009D9E713B92268D00701D5023317
:10C9E000F3E70123F1E74FF0670ADDE909329342EB
:10C9F00005DB22682361D107E8D50133E5E7002B89
:10CA0000D4BFC3F1020301231344DEE723685A05B0
:10CA100007D42369424631462846B84701302BD116
:10CA200067E7BAF1650F40F2DC8000220023D4E909
:10CA30001201FEF7A1FC002833D00123414A314600
:10CA40002846B84701303FF454AFDDE909239A4244
:10CA500002DB2368D8070FD5DDE9042331462846D9
:10CA6000B84701303FF445AF4FF0000804F11A0910
:10CA70000A9B013B434509DC23689B0700F10381C6
:10CA8000E0680B9B9842B8BF184634E701234A463A
:10CA900031462846B84701303FF42BAF08F1010872
:10CAA000E6E7099B002B2BDC0123264A314628466A
:10CAB000B84701303FF41DAF099B23B90A9B13B956
:10CAC0002368D907D8D5DDE9042331462846B8477D
:10CAD00001303FF40EAF4FF0000904F11A0A099B30
:10CAE0005B424B4501DC0A9B94E7012352463146E9
:10CAF0002846B84701303FF4FCAE09F10109EEE7E2
:10CB00000A9AA36D9A42A8BF1A46002A914607DDE9
:10CB10001346314642462846B84701303FF4E9AE55
:10CB200004F11A034FF0000B29EAE979069315E0A6
:10CB3000FFFFEF7F3D7C0500397C0500457C05004B
:10CB4000417C0500068105000123069A31462846EE
:10CB5000B84701303FF4CDAE0BF1010BD4F858A02B
:10CB6000AAEB09035B45EFDCDDE909239A42D044D7
:10CB700015DB2368DA0712D40A9B0999A3EB0A0292
:10CB8000A3EB010A9245A8BF9246BAF1000F0EDC52
:10CB90004FF000082AEAEA7A04F11A0919E0DDE9FF
:10CBA000042331462846B8470130E5D1A1E6534673
:10CBB000424631462846B8470130E9D199E601237B
:10CBC0004A4631462846B84701303FF492AE08F154
:10CBD0000108DDE909239B1AA3EB0A034345EEDCB8
:10CBE0004AE70A9A012A01DCDB073AD501234246CB
:10CBF00031462846B84701303FF47BAEDDE90423D7
:10CC000031462846B847013008F101083FF471AEBB
:10CC10000A9B002203F1FF3AD4E912010023FEF738
:10CC2000ABFBC8B95346424631462846B8470130A7
:10CC30000ED15EE60123524631462846B847013000
:10CC40003FF457AE08F101080A9B013B4345F1DC74
:10CC50004B4604F15002DEE64FF0000804F11A0AD8
:10CC6000F2E70123DFE701234A4631462846B84769
:10CC700001303FF43EAE08F10108E3680B9A9B1ABD
:10CC80004345F0DCFCE64FF0000804F11909F4E735
:10CC900000293FF48BAE0023CDE9020309AB0093DA
:10CCA00049EC108B2260CDF804A00DF12303284637
:10CCB000FFF72EFD804648E62DE9F04791461F46D6
:10CCC0008A680B69DDF820809342B8BF1346C9F823
:10CCD000003091F8432006460C4612B10133C9F8E2
:10CCE00000302368990642BFD9F800300233C9F8F2
:10CCF0000030256815F0060507D104F1190AE3682C
:10CD0000D9F800209B1AAB4228DC94F84330226803
:10CD1000003318BF012392062DD404F14302394693
:10CD20003046C047013020D02368E568D9F800209C
:10CD300003F00603042B08BFAD1AA36822690CBFD9
:10CD400025EAE57500259342C4BF9B1AED184FF004
:10CD500000091A344D451AD1002008E0012352463B
:10CD600039463046C047013003D14FF0FF30BDE8AF
:10CD7000F0870135C3E7E1185A1C302081F84300E1
:10CD8000224494F8451082F843100233C5E701238A
:10CD9000224639463046C0470130E6D009F1010944
:10CDA000D8E700002DE9F04301F1430C0C46097E61
:10CDB00085B06E291746064698460C9A00F0B38057
:10CDC00022D8632936D00AD8002900F0B980582922
:10CDD00000F0838004F1420584F8421032E06429B7
:10CDE00001D06929F6D120681368050603F1040112
:10CDF0002AD51B681160002B03DA2D225B4284F8D0
:10CE000043206F480A2239E0732900F09D8008D83A
:10CE10006F2920D07029DDD1236843F020032360DF
:10CE200003E0752917D07829D4D1782384F84530C8
:10CE3000644855E01368191D1B68116004F1420530
:10CE400084F8423001238CE01B68116010F0400F21
:10CE500018BF1BB2CFE713682568181D106028069D
:10CE600001D51B6802E06806FBD51B8854486F2972
:10CE700014BF0A220822002184F843106568A560C7
:10CE8000002DC0F29580216821F004012160002B63
:10CE90003DD1002D40F08E806546082A0BD12368D5
:10CEA000DB0708D5236962689A42DEBF302305F8A4
:10CEB000013C05F1FF35ACEB05032361CDF80080A3
:10CEC0003B4603AA21463046FFF7F6FE01304DD11E
:10CED0004FF0FF3005B0BDE8F083394884F84510C5
:10CEE000136821681D1D1B6815600A060BD5CA074B
:10CEF00044BF41F0200121601BB9226822F02002CA
:10CF000022601022B7E74D0648BF9BB2EFE76546A7
:10CF1000B3FBF2F102FB1133C35C05F8013D0B4694
:10CF20000029F5D1B9E7136825686169181D1060FB
:10CF300028061B6801D5196002E06A06FBD5198036
:10CF4000002323616546B9E71368191D11601D6848
:10CF5000626800212846FFF75BF908B1401B60605A
:10CF600063682361002384F84330A7E723692A46D6
:10CF700039463046C0470130AAD023689B0713D4F6
:10CF8000E068039B9842B8BF1846A3E701234A46CE
:10CF900039463046C04701309AD00135E368039ADC
:10CFA0009B1AAB42F2DCEBE7002504F11909F5E727
:10CFB000002BACD1037884F8423004F142056CE7D1
:10CFC00004480500497C050070B50D461446064628
:10CFD00018B183690BB9FEF7F7FC134B9C4212D1D1
:10CFE0007468A368013B002BA36016DAA269934220
:10CFF00002DBEBB20A2B10D1224629463046BDE8AF
:10D00000704002F01BBA094B9C4201D1B468E8E7BA
:10D01000074B9C4208BFF468E3E723685A1C226070
:10D020001D70E8B270BD00BFDC7B0500FC7B050015
:10D03000BC7B0500024B0A4601461868FFF7C4BFD7
:10D04000A461002004F032B9838903F00903092B9D
:10D0500001D1FEF767BC002070470000F8B50C4610
:10D06000054618B183690BB9FEF7AEFC3C4B9C42F8
:10D070000AD16C68B4F90C200023636093B29E0659
:10D080000CD54FF0FF3067E0364B9C4201D1AC68C5
:10D09000F0E7354B9C4208BFEC68EBE7580749D4F2
:10D0A000D90605D4092342F040022B60A281E8E7AB
:10D0B0001A070BD521462846FEF70AFC0028E0D1C6
:10D0C000A389A06023F00803A381A061A38943F092
:10D0D0000403A38123691BB921462846FEF7FEFFFE
:10D0E000B4F90C70BEB2B3070FD00123A3811F4B5C
:10D0F0001F49186806F00906FEF71EFE092EA781D3
:10D1000003D121462846FEF75DFB22692260666A4C
:10D110006369216A2846B047002860601DDCB4F9C5
:10D120000C3017BF002243F0200343F0400362603D
:10D13000A381A6E7616B0029CCD004F14403994296
:10D1400002D02846FFF7FEF8236C6360002060637E
:10D15000002BBFD0E36B2360F8BD0020FCE700BFCD
:10D16000DC7B0500FC7B0500BC7B05001C7C05000E
:10D1700049D0040038B50C46054618B183690BB98F
:10D18000FEF722FC0E4B9C420DD16C6821462846CE
:10D19000FFF764FF88B96368013B636023685A1C2A
:10D1A0002260187838BD074B9C4201D1AC68EDE78E
:10D1B000054B9C4208BFEC68E8E74FF0FF30F1E711
:10D1C000DC7B0500FC7B0500BC7B050038B5064C0C
:10D1D0000023054608462360E4F72CF8431C02D1DF
:10D1E000236803B12B6038BD609C00201F2938B52F
:10D1F00004460D4604D9162303604FF0FF3038BDB6
:10D20000426C12B152F821304BB9204600F030F890
:10D210002A4601462046BDE8384000F017B8012BE9
:10D220000AD0591C03D1162303600120E7E700242C
:10D2300042F82540284698470020E0E7024B014687
:10D240001868FFF7D3BF00BFA461002038B5074CB2
:10D250000023054608461146236006F01BFD431CCB
:10D2600002D1236803B12B6038BD00BF609C002051
:10D2700006F000BD0CB430B5174B0C1E9DB01D68F8
:10D2800008DA8B232B604FF0FF301DB0BDE8304033
:10D2900002B070474FF40273ADF8143014BF04F1BC
:10D2A000FF332346049307934FF6FF7302900690D3
:10D2B000ADF81630209A21AB02A92846019305F05B
:10D2C000A1F8431CBCBF8B232B60002CDDD0029B3C
:10D2D00000221A70D9E700BFA46100200EB430B557
:10D2E0009CB01FAC4FF4017254F8045BADF81420ED
:10D2F0000290069000F0E4FD0B4B039007900B9317
:10D300000A48019400230F9314934FF6FF73ADF86E
:10D3100016302A46234602A9006805F0C3F91CB05E
:10D32000BDE8304003B0704753D30400A46100202F
:10D3300010B50C46B1F90E1005F05CFC0028ABBF2F
:10D34000636DA3891B1823F48053ACBF6365A3816D
:10D3500010BD002070472DE9F0411F468B89DB0589
:10D3600005460C46164605D502230022B1F90E10DB
:10D3700004F0A6FBA389B4F90E1023F48053A38113
:10D3800032463B462846BDE8F04103F00DB810B5E3
:10D390000C46B1F90E1004F093FB431CA38915BF92
:10D3A000606523F4805343F48053A38118BFA381A5
:10D3B00010BDB1F90E1003F07BB810F8012B11F875
:10D3C000013B012A28BF9A42F7D0D01A7047FFF7D5
:10D3D000F4BF4269002A40F26C73A8BF6FF0630388
:10D3E0001A44930705D1642192FBF1F301FB132347
:10D3F000D3B94FF4C87192FBF1F301FB1323B3FAD5
:10D4000083F25209D0E906315B0003EB01131344A8
:10D41000212B11DC202B30DA0D2B07DC0A2B2CDA28
:10D42000012B2AD9002070470122EBE7102BF9DBF2
:10D43000112B22DD1C3BF3E741F2C66293420FDC65
:10D4400041F2C262934209DA41F2A262934205D0EC
:10D45000E8DBA3F5B553123B022BE3D8012070475C
:10D4600041F2D5629342F9D041F2D7629342F5D0AE
:10D4700041F2D3629342D5D1F0E74FF0FF307047CD
:10D480002DE9F04F91B01D46002307460E46039349
:10D490001C4601F1FF3B1378002B00F0E384252BA1
:10D4A0001FD192F801A0BAF1300F23D0BAF12B0F9F
:10D4B00020D002F101084FF0000A98F80030313B0B
:10D4C000082B1AD840460A2208A901F093FCDDF87F
:10D4D0002080814698F80030452B11D108F10108D1
:10D4E00010E0A34502D8002400F0BFBC3B55013238
:10D4F0000134D0E702F10208DFE74FF00009E9E765
:10D500004F2BEBD098F80010A1F12503552BEAD84A
:10D5100001A252F823F000BF5BDE0400E7D4040050
:10D52000E7D40400E7D40400E7D40400E7D40400FF
:10D53000E7D40400E7D40400E7D40400E7D40400EF
:10D54000E7D40400E7D40400E7D40400E7D40400DF
:10D55000E7D40400E7D40400E7D40400E7D40400CF
:10D56000E7D40400E7D40400E7D40400E7D40400BF
:10D57000E7D40400E7D40400E7D40400E7D40400AF
:10D58000E7D40400E7D40400ADD6040001D70400BA
:10D5900071D704000BD80400E7D4040059D8040064
:10D5A00049D9040061DA04006FDA0400E7D404000A
:10D5B000E7D40400E7D404009FDA0400E7D40400B1
:10D5C000E7D40400B1DA0400E7D404000FDB040060
:10D5D00027DC040035DC040085DC040095DC040055
:10D5E00007DD040069D7040041DD040007DE040004
:10D5F000E7D40400E7D40400E7D40400E7D404002F
:10D60000E7D40400E7D4040071D60400D9D604009E
:10D610002BD70400E7D70400E7D70400E7D40400C1
:10D62000B1D80400D9D60400E7D4040091DA04008C
:10D6300061DA04006FDA040099DA0400A3DA040066
:10D64000E7D40400B1DA0400E7D4040059D7040099
:10D6500021DB04002BDC04006DDC0400E7D40400B3
:10D66000FBDC040061D704001FDD040095DD04002D
:10D67000AB69A84A183352F82390484600F020FCC2
:10D68000A9EB04092044A04208D1044698F80030D0
:10D69000002B00F0E78308F10102FCE6A3457FF6CA
:10D6A00022AF19F804303B550134ECE7AA69994BD5
:10D6B00003EB8203D3F87C90484600F001FCA9EB11
:10D6C00004092044A042E0D0A3457FF60CAF19F82E
:10D6D00004303B550134F5E72A698E4B53F822900C
:10D6E000484600F0EDFBA9EB04092044A042CCD051
:10D6F000A3457FF6F8AE19F804303B550134F5E741
:10D700002B69844A0C3352F82390484600F0D8FB2A
:10D71000A9EB04092044A042B7D0A3457FF6E3AEAD
:10D7200019F804303B550134F5E77A4BD3F8A09053
:10D73000484600F0C5FB99F80030002BA6D01A9B94
:10D7400000934A462B46311B3819FFF799FE0028F3
:10D750007FF7C9AE044499E76E4BD3F8E490E7E74E
:10D760006C4BD3F89C90E3E76A4BD3F89890DFE7D3
:10D77000694B69699942ACBF0023012300290493D6
:10D7800010DB642091FBF0F01330BAF1000F13D0DE
:10D79000632826DD614A624BBAF12B0F18BF13468E
:10D7A000604A0BE001F26C70059102F07DFE64238B
:10D7B000059990FBF3F0E8E7584B5B4A0190049819
:10D7C000DFF854C1B9F1020F2CBFC0EB0900C0F162
:10D7D0000200009055486145B8BF0346311B381917
:10D7E00029E04E4BDCE75248524AEB68642918BFE7
:10D7F0000246311B3819FFF73DFD0028FFF673AED6
:10D800000444A6423FF642AF6DE668692B69EA68B8
:10D81000002807EB0409A6EB040A03F101030DDB62
:10D820004FF0640C90FBFCF10CFB1100CDE90020E3
:10D83000414A51464846FFF71DFDDEE700F26C7095
:10D84000CDE9043202F030FE6421DDE9043290FBC0
:10D85000F1FC0CFB1100E9E725238DF82030BAF12B
:10D86000000F13D0B9F1060F8DF821A038BF4FF08B
:10D870000609B9F106030FD10DF122002F4905F079
:10D8800003FA1A9B009308AA2B465CE72B238DF81A
:10D8900021304FF00A09ECE7294A1E210DF1220040
:10D8A000FFF7E8FC0028E7DD0DF122031844E5E767
:10D8B0002846FFF78EFD8146686900281ADB64223E
:10D8C00090FBF2F3B9F1000F02FB13001ADA6A6958
:10D8D0001C4B9A42B8BF4FF001096423814499FB65
:10D8E000F3F003FB1099994499FBF3F203FB1293B5
:10D8F000104A7EE700F26C7002F0D6FD642390FBC4
:10D90000F3F2DFE7E9D06A69034B9A42B8BF4FF000
:10D91000FF39E2E7087D050094F8FFFFB87A0500BB
:10D92000697C0500617C05005A7C050003810500C7
:10D930006B7C0500797C05006F7C0500827C05000E
:10D940007E7C050095F8FFFF6B690493049ABD4B3C
:10D950009A42ACBF0023012328460593FFF739FD07
:10D96000049A002A03463ADB6422049991FBF2F2FE
:10D970001332686900283DDB4FF0640C90FBFCFE1D
:10D980000CFB1E00002B44DADFF8DCC2696961453C
:10D9900001DA012305930344591C46D1013A63235C
:10D9A000642000FB0232059B002B43D02D238DF811
:10D9B0002030B9F1000F01D009F1FF390DF1210339
:10D9C00025211970BAF1000F44D1581C9E490492C8
:10D9D00005F05AF9049A00924B4608AA9BE0049B72
:10D9E000069003F26C7002F05FFD6422069B90FBD0
:10D9F000F2F2BEE700F26C70CDE9063202F054FD9F
:10DA00004FF0640CDDE9063290FBFCFE0EFB1C00BF
:10DA1000B8E7C0D00499DFF82CC26145AEBF002141
:10DA200001214FF0FF330591B5E7642B04BF0132AC
:10DA30000023B5E7BAF12B0F10D142F20F739A42CF
:10DA40000CD98DF820A0B9F1000FB5D110AB25216C
:10DA500003F81F1D3021981C5970B7E708ABAFE7DA
:10DA60007A487B4AAB686B2918BF0246C1E6AB68AF
:10DA70000C225BB1934203D093FBF2F002FB103314
:10DA80007348724A492918BF0246B2E61346F7E7BF
:10DA9000EB69704A0133ACE62B69013328E76B6808
:10DAA00026E7A3457FF61FAD0A233B550134EDE57C
:10DAB000AB680B2BCCBFA422A022674B1344D3F836
:10DAC0000490484600F0FCF9A9EB040304EB000ABB
:10DAD000A24501D15446D9E5A3457FF604AD98F897
:10DAE000002013F80490502A0DD10493FEF7BCFADD
:10DAF0004844049B427802F00302012A08BF09F15E
:10DB000020095FFA89F907F804900134E0E76B68AF
:10DB10000093524AAB68311B3819FFF7ABFB6CE638
:10DB20002B6A002B7CDB01F0AEF9039B0BB901F0F3
:10DB3000ADF903F05FFF2B6A002BCCBF50232823E5
:10DB4000C3585B42049301F09FF901230393D5F876
:10DB500014C03B196246BCF1450005934FEAE273DD
:10DB600043F1FF31002871F1000E03DABCF14200ED
:10DB700043F1FF31830843EA817399460CF1FF308A
:10DB80008B10642190FBF1F1B9EB010263EBE173BF
:10DB90000CF22B104FF4C87190FBF1F112EB01095C
:10DBA00043EBE17AACF1460C40F26D1101FB0CFC49
:10DBB000E96919EB0C024AEBEC7312EB01094FF027
:10DBC000180C43EBE17AA9FB0C2319460CFB0A1352
:10DBD0001946AB6810464FF03C0CC01841EBE3719E
:10DBE000A0FB0C230CFB01336968914619EB010281
:10DBF00043EBE173A2FB0C010CFB03112B68184AE9
:10DC000010EB030941EBE37A049BB9EB03006AEBE9
:10DC1000E371CDE90001311B3819FFF72BFBECE56F
:10DC20000023049393E72B6862E6A3457FF65BAC81
:10DC300009233AE72B6801936B680093094AAB68A4
:10DC4000CCE500BF94F8FFFF8A7C0500797C0500D5
:10DC50006B7C05008E7C0500087D05009D7C050021
:10DC6000937C0500987C050095F8FFFFA3457FF69F
:10DC70003AACAB693A19013413B93723137005E58F
:10DC80003033FBE7EB69AA6907339B1A072293FB42
:10DC9000F2F32DE62846FFF79CFBAA6932B1013A60
:10DCA000002828DCEB6903D10A33EEE70622F7E708
:10DCB00068690028A2EB030340F26B72A8BF6FF003
:10DCC00064021044820705D1642290FBF2F102FB4A
:10DCD000110171B94FF4C87190FBF1F201FB12020E
:10DCE000B2FA82F252099A1A042ACCBF342335239D
:10DCF000FEE50122F7E70123FAE5A3457FF6F3AB42
:10DD0000AB693033D1E6AB693BB1013BEA6907321D
:10DD1000D21A072392FBF3F3EAE50623F6E76869D4
:10DD2000002805DB642290FBF2F302FB1303DFE51E
:10DD300000F26C7002F0B8FB642390FBF3F2F4E79E
:10DD40006B69524A934218DA2D218DF82010D31AAC
:10DD5000B9F1000F01D009F1FF390DF121022521A0
:10DD60001170BAF1000F40F08880501C48490493AC
:10DD700004F08AFF049B00932EE6BAF12B0F03F206
:10DD80006C7340F0818042F20F72934279D98DF822
:10DD900020A0DDE72B6A002BFFF678AC01F073F8CA
:10DDA000039B0BB901F072F803F024FE2B6A002BE1
:10DDB000CCBF5023282307EB040AC358C3F1000942
:10DDC00001F062F83C23311B99FBF3F004910393BB
:10DDD00003F062FE039B90FBF3F202FB1300009042
:10DDE0004FF461632B4A99FBF3F304995046FFF714
:10DDF00041FA0028FFF677AB0444A6427FF673ABE6
:10DE00000123039342E42B6A002BFFF63FAC01F0A1
:10DE10003AF8039B0BB901F039F82B6A1E4A002B24
:10DE2000D4BF0023012352F82390484600F048F85D
:10DE3000A9EB040904EB000AA24503D101F024F880
:10DE40005446DDE7A34504D919F804303B550134A5
:10DE5000F2E701F019F8FFF746BBA3457FF643ABA5
:10DE6000252322E60EB100233B55204611B0BDE824
:10DE7000F08F25228DF8202008AA3021901C5170A7
:10DE800074E7B9F1000FF4D108AA68E794F8FFFF2E
:10DE90008A7C0500A77C05007463002037B5064C1A
:10DEA000064D2468246A002C08BF2C460094FFF716
:10DEB000E7FA03B030BD00BFA46100200862002073
:10DEC000034613F8012B002AFBD1181A01387047BA
:10DED00070B504460D4645EC104B164604F0DEF8CE
:10DEE00051EC100B7EB1C5F30A53C3F16B03002B49
:10DEF00009DD1B0503F17F55002405F54015224679
:10DF00002B46FCF7D1FF70BD2DE9F04F1F46A1B0A5
:10DF10000023814638460E4617921C9303F0C0FD3D
:10DF200080460068FFF7CCFF4FF0000A04464FF030
:10DF3000000B1B961B9B1A780D2A32D8092A36D261
:10DF4000002A3ED000230D931B9D2B78302B40F0F0
:10DF5000AC806B78582B01D0782B67D10D9B019347
:10DF60001CAB009302971DAB884A1BA9484603F0DF
:10DF700026FA10F00704064605D0062C2BD10135F1
:10DF800000231B950D93179B002B40F09A850D9B4A
:10DF9000E3B152460BF1004343EC102B21B0BDE836
:10DFA000F08F2B2A15D02D2A04D0202ACAD1013374
:10DFB0001B93BFE701220D925A1C1B925B78002B2A
:10DFC000C2D1179B1B96002B40F0798552465B46C9
:10DFD000E2E70022EFE71C9A3AB135211EA804F0CF
:10DFE00055F91C99484603F0C1FD013C042C06D8A4
:10DFF000DFE804F00A0314170A00DDE91EAB30075E
:10E00000C1D54BF0004BBEE7DDE91EA31D9A23F4FA
:10E01000801302F2334243EA025BF0E7DFF870B1AB
:10E02000EDE76FF0004B4FF0FF3AE8E71B9B5A1CFF
:10E030001B925B78302BF9D0002BA4D00123002554
:10E0400006931B9B0893079505950A221B98077852
:10E05000A7F13003D9B2092929D92246D8F80010EE
:10E0600004F01AFE002831D00020059C04903B46A5
:10E070000246652B01D0452B14D124B910B9069B5B
:10E08000002B9ED000241B9E731C1B9373782B2B9C
:10E0900078D02D2B70D04FF0000CA3F13007092F52
:10E0A0007CD91B964FF0000E9AE00023C7E7059934
:10E0B0000829DDBF079902FB0133079302FB0535F1
:10E0C000059B0130013305931B90BFE71B9B1A1979
:10E0D0001B92059A1B5D002A37D0059C0246A3F1CE
:10E0E0003001092913D901210491C2E71B9B5A1C55
:10E0F0001B925B780130302BF8D0A3F13102082A53
:10E1000000F2E4841B9A0892024600200446B3F110
:10E11000300E00F1010112D00A4400EB040C21463C
:10E120000A278C4513D12118082904F1010404445D
:10E1300019DC079B0A2101FB03E3079300211B9BCA
:10E14000581C1B905B780846C9E70598D3E7082957
:10E1500001F1010103DC079B7B430793E1E71029F1
:10E16000D8BF7D43DDE7102CDCBF0A2101FB05E5AC
:10E17000E4E70123049381E74FF0010CB31C1B93E8
:10E18000B3788AE74FF0000CF8E700BFB47C0500D5
:10E190000000F07F1B9B5F1C1B975B78302BF9D036
:10E1A000A3F13107082F3FF67DAFA3F1300E1B9B83
:10E1B0000A931B9B5F1C1B975B78A3F13008B8F197
:10E1C000090F37D90A997F1A082F44F61F6737DCE1
:10E1D000BE45A8BFBE46BCF1000F01D0CEF1000E77
:10E1E000002C51D100287FF4CEAE069A002A7FF48D
:10E1F000CAAE049A002A7FF4E4AE4E2B27D021DC6D
:10E20000492B7FF4DEAEA0491BA803F00BFB0028CE
:10E210003FF4D7AE1B9B9D49013B1BA81B9303F00A
:10E2200001FB10B91B9B01331B93DFF874B24FF055
:10E23000000AA8E60A2101FB0E3EAEF1300EB8E757
:10E24000BE46C8E7692BDED06E2B7FF4BAAE90498C
:10E250001BA803F0E7FA00283FF4B3AE1B9B1B7822
:10E26000282B0ED11EAA8B491BA803F0EFFA052814
:10E2700007D11F9BDDF878A043F0FF4B4BF4E00B78
:10E2800081E6DFF824B2D2E7AEEB02030693059BEA
:10E290000798002B08BF2346102C0593A046A8BF63
:10E2A0004FF01008FCF786FD092C82468B4613DCE4
:10E2B000069B002B3FF467AE069B7ADD162B61DCD4
:10E2C000754A02EBC30EDEE9000152465B46FCF7DD
:10E2D000EBFD82468B4656E66F4B03EBC80353E9D2
:10E2E0001223FCF7E1FD064628460F46FCF762FDC7
:10E2F00002460B4630463946FCF720FC0F2C82467E
:10E300008B46D5DD069BA4EB08089844B8F1000FB6
:10E3100040F3968018F00F030AD05F4901EBC30168
:10E3200052465B46D1E90001FCF7BEFD82468B46B2
:10E3300038F00F0873D0B8F59A7F47DD0024A04667
:10E34000079405942223DFF858B1C9F800304FF044
:10E35000000A079B002B3FF416AE1C99484603F0B9
:10E3600005FC0599484603F001FC4146484603F088
:10E37000FDFB0799484603F0F9FB2146484603F0A8
:10E38000F5FB00E6069AC4F125039342BADB424D41
:10E39000C4F10F0405EBC40152465B46D1E900010C
:10E3A000FCF782FD069B1C1B05EBC405D5E9002389
:10E3B0008DE713F1160FA5DB374AA2EBC302D2E9B2
:10E3C000002350465946FCF799FE82E70023334E5E
:10E3D0004FEA2818504659461D46B8F1010F21DC76
:10E3E0000BB182468B462D4BABF1547B03EBC5053D
:10E3F00052465B46D5E90001FCF756FD284B0A461C
:10E400000B4028498B42824698D8A1F580118B4257
:10E4100086BFDFF898B04FF0FF3A02F1547B00233B
:10E42000049377E018F0010F06D006EBC503D3E99B
:10E430000023FCF739FD012301354FEA6808CCE7DA
:10E44000EDD0C8F1000818F00F020AD0124B03EB10
:10E45000C20350465946D3E90023FCF74FFE8246DB
:10E460008B465FEA2818DAD0B8F11F0F20DD0024B0
:10E47000A0460794059422234FF0000A4FF0000BAA
:10E48000C9F8003065E700BF3E7C0500DD7F050070
:10E4900066760500C87C050010800500E87F050051
:10E4A0000000F07F0000A07C0000F8FFFFFFEF7F7E
:10E4B00018F0100318BF6A23A04D04935046594624
:10E4C0000023B8F1000F00F30A810BB182468B469E
:10E4D000049BBBB1CBF30A53C3F16B03002B59462A
:10E4E00010DD1F2B40F30781342BDEBF203B4FF0A4
:10E4F000FF3202FA03F34FF0000ACCBF4FF05C7B0F
:10E5000003EA010B0022002350465946FCF734FF72
:10E510000028ACD1079B0093059A089923464846EA
:10E5200003F076FB079000283FF408AF069A069B9D
:10E53000002AC3F10003A8BF00230E93002422EA9F
:10E54000E2731693A046079B4846596803F0DAFA2F
:10E55000059000283FF4F6AE079B1A69023203F1DA
:10E560000C0192000C30FDF7B2FE1EAA1DA94BEC67
:10E5700010AB4846CDE908AB03F006FE1C9000281E
:10E580003FF4E0AE0121484603F0CEFB8046002870
:10E590003FF4D8AE1D9E1E9A002EABBF0E9B169B5D
:10E5A000169D0E9FACBFF7189D1B049BF61A1644D0
:10E5B000634B013E9E42C2F1360280F2AF809B1B4C
:10E5C0001F2BA2EB03024FF0010100F39B8001FA25
:10E5D00003F30F9300230A93BE18049BB74215441C
:10E5E0001D443B46A8BF3346AB42A8BF2B46002B79
:10E5F000C2BFF61AED1AFF1A0E9BBBB141461A466E
:10E60000484603F031FC804600283FF49BAE0146AB
:10E610001C9A484603F091FB0C9000283FF492AE00
:10E620001C99484603F0A2FA0C9B1C93002E7ADC3E
:10E63000069B002B08DD169A0599484603F014FC4A
:10E64000059000283FF47EAE002D08DD2A4605998E
:10E65000484603F057FC059000283FF473AE002FA6
:10E6600008DD41463A46484603F04CFC8046002807
:10E670003FF468AE059A1C99484603F0B1FC044685
:10E6800000283FF45FAEC3680C930023C36041468B
:10E6900003F08CFC002855DA0C9BE3B9BAF1000FAB
:10E6A00019D1CBF31303B3B92BF000431B0D1B059A
:10E6B000B3F1D66F0FD9636913B92369012B0ADD52
:10E6C00021460122484603F01DFC4146044603F062
:10E6D0006DFC002867DC049B002B71D13DE618F02F
:10E6E000010F04D0D5E90023FCF7DEFB01234FEA3C
:10E6F00068080835E5E64FF0FF3202FA03F303EA53
:10E700000A0AFFE6C6F17F4606F57F0606F57B4658
:10E71000E23601FA06F30A930F915DE700230A93AC
:10E7200001230F9358E732461C99484603F0EAFB51
:10E730001C9000287FF47CAF04E600BFE07C05005D
:10E7400002FCFFFF5D4640F086800C9ACBF313037A
:10E750002AB3AF4A934253D1049B5046D3B1AD4A3A
:10E760002A40B2F1D46F4FF0FF3116D8120DC2F12A
:10E770006B0301FA03F3984242D1A74B9D4202D1A9
:10E7800001303FF4DFADA34B2B4003F5801B4FF06E
:10E79000000AA0E74FF0FF33EDE70B46EBE77BBB4A
:10E7A000BAF1000F2CD104999A4A5B46F1B102EA02
:10E7B0000B01B1F1D66F19DCB1F15C7F7FF75BAE75
:10E7C000964A0023CDE9143250465946DDE9142318
:10E7D000FCF76AFB82468B4600297FF4BEAD002819
:10E7E0007FF4BBAD2223C9F80030B6E51340A3F592
:10E7F00080136FEA135B6FEA0B5B4FF0FF3A6AE737
:10E800000A9B93B12B423FF466AF0C9B049A50468F
:10E81000594673B1FFF75CFB02460B46DDE9080180
:10E82000FCF78CF982468B4655E70F9B13EA0A0FDB
:10E83000E9E7FFF74DFB02460B46DDE90801FCF76F
:10E840007BF90022002382468B46FCF795FD0028C9
:10E850007FF411AE3FE74146204603F0E4FC57EC5D
:10E86000106B00224FF0804310EE100A3946FCF77F
:10E8700097FD002877D00C9B002B4AD0684B0022D4
:10E88000CDE90A23664F0026624B2B400F930F9A67
:10E89000644B9A4240F0CE80DDE90823DDE90A01AD
:10E8A000A5F1547B4BEC10ABCDE91423CDE90A0163
:10E8B00003F0F4FBDDE90A0153EC102BFCF7F4FA4A
:10E8C00052465B46FCF73AF90B465249564A194004
:10E8D000914282465BD9099B02F15472934203D163
:10E8E000089B01333FF42EADDFF82CB14FF0FF3A17
:10E8F0001C99484603F03AF90599484603F036F961
:10E900004146484603F032F92146484603F02EF9C5
:10E9100019E6BAF1000F1AD1CBF31303EBB90022B9
:10E920003F4B30463946FCF731FDC8B930463946D1
:10E9300000223E4BFCF7B8FA06460F4607F10043AB
:10E9400018961993DDE91823CDE90A239CE7BAF15B
:10E95000010F02D1002D3FF48EAD0022344B8FE722
:10E960000026324FEAE7314B304639460022FCF7A9
:10E970009BFA0C9B06460F4633B901F100431090F9
:10E980001193DDE91023DFE7CDE91067F9E703F123
:10E99000547B049B002BABD12BF000431B0D0F9A33
:10E9A0001B059A425D46A3D13946304605F0BAF8B8
:10E9B000FCF710FA0B46024639463046FCF7BCF825
:10E9C0000C9B06460F4633B9BAF1000F03D1CBF3C7
:10E9D0001305002D6DD00AA3D3E900233046394634
:10E9E000FCF7D4FC00287FF4B8AC07A3D3E90023DC
:10E9F00030463946FCF7E8FC00283FF479AFACE438
:10EA00009535A094FFFFDF3F35E5AF350000E03FCF
:10EA1000FFFF0F000000F07FFFFFEF7F0000503985
:10EA20000000F03F0000E07FFFFF9F7C0000E03F20
:10EA30000000F0BF049B33B30F9BB3F1D46F22D817
:10EA400027A3D3E9002330463946FCF7A9FCA0B13F
:10EA50003946304605F08EF8002808BF0120FCF743
:10EA6000A9F90C9B06460F4603BB01F10043129027
:10EA70001393DDE91223CDE90A230B9B0F9A03F1CF
:10EA8000D6639B1A0B939DED080BDDE90AAB03F0EF
:10EA900005FB504653EC102B5946FCF705FADDE90F
:10EAA0000823FCF74BF882468B4672E7CDE91267E4
:10EAB000DFE70DA3D3E90023FCF768FC9CE7002304
:10EAC0000D93179A1B9B1360FFF761BA652B4FF0EC
:10EAD00000023FF44EAB012114460491FFF7CBBA7C
:10EAE0000000C0FFFFFFDF419535A094FFFFCF3F3F
:10EAF000074B084A10B41C68236A002B08BF134652
:10EB00000A46014620465DF8044BFFF7FDB900BFF9
:10EB1000A4610020086200202DE97043244E254A9C
:10EB20003468236A2DED028B002B08BF13460A467A
:10EB300001462046FFF7E8F955EC104B10EE102A7D
:10EB40002B4610EE100A294604F0D6FF30B1BDEC7A
:10EB5000028B0020BDE8704304F090B8204629469F
:10EB600005F028F808EE100ADFED137AB0EEC87A47
:10EB7000B4EE677AF1EE10FA14DD25F000494FF09B
:10EB8000FF320E4B2046494604F0B6FF38B94FF02D
:10EB9000FF320A4B20464946FCF702FC10B13368AD
:10EBA00022221A60B0EE480ABDEC028BBDE87083E9
:10EBB000A461002008620020FFFF7F7FFFFFEF7F3E
:10EBC0002DE9F0478046894692461E460F463D464F
:10EBD000089815F8014BFDF743FA2044437813F0E9
:10EBE000080332D12D2C32D17C78BD1C0122002E9D
:10EBF0005DD0102E09D1302C07D12B7803F0DF0324
:10EC0000582B4FD16C7810260235002A14BF4FF0D4
:10EC100000416FF000410027B1FBF6FC384606FBCF
:10EC20001C1EA4F13003092B17D81C46A64223DD75
:10EC30007B1C07D084451CD301D1A64519DB00FB02
:10EC40000640012715F8014BEBE72F46BFE72B2CB9
:10EC500004BFBD1C7C781A46C9E7A4F14103192BF7
:10EC600001D8373CE2E7A4F16103192B04D8573CE3
:10EC7000DCE74FF0FF37E5E77B1C08D12223C8F81B
:10EC800000300846BAF1000F07D1BDE8F08702B1A5
:10EC90004042BAF1000FF8D00FB105F1FF39CAF8C0
:10ECA0000090F2E73024002EAFD10826ADE7302CDB
:10ECB000A3D00A26A9E7000037B5064C064D246804
:10ECC000246A002C08BF2C460094FFF779FF03B09C
:10ECD00030BD00BFA4610020086200202DE9F0478C
:10ECE0008046894692461E460F463D46089815F8CE
:10ECF000014BFDF7B5F92044437813F0080330D1F8
:10ED00002D2C30D17C78BD1C0121002E5CD0102E22
:10ED100009D1302C07D12B7803F0DF03582B4ED1CB
:10ED20006C78102602354FF0FF320023B2FBF6F26A
:10ED300006FB02FC6FEA0C0C1846A4F13007092F01
:10ED400017D83C46A64223DD002B1EDB82421CD393
:10ED500001D1A44519DB00FB0640012315F8014B46
:10ED6000EBE72F46C1E72B2C04BFBD1C7C7819466E
:10ED7000CBE7A4F14107192F01D8373CE2E7A4F112
:10ED80006107192F04D8573CDCE74FF0FF33E5E764
:10ED9000002B09DA2223C8F800304FF0FF30BAF117
:10EDA000000F07D1BDE8F08701B14042BAF1000F72
:10EDB000F8D00BB105F1FF39CAF80090F2E7302422
:10EDC000002EB0D10826AEE7302CA4D00A26AAE740
:10EDD00037B5064C064D2468246A002C08BF2C4623
:10EDE0000094FFF77BFF03B030BD00BFA46100209B
:10EDF00008620020084B37B51C68084D236A002BB9
:10EE000008BF2B46009313460A4601462046FFF7EB
:10EE100065FF03B030BD00BFA46100200862002080
:10EE200030B5054600200B46904213F8014B06D141
:10EE3000421A501811F8013B002BFAD130BD2C5466
:10EE4000002CFBD001301946EDE7FE2810B50AD89A
:10EE50000446FDF709F92044437803F00303012B2E
:10EE600008BF2034204610BDFE2810B50AD804463D
:10EE7000FDF7FAF82044437803F00303022B08BFA0
:10EE8000203C204610BD704770470000014B1868B9
:10EE900000F002B8A46100202DE9F04F8DB00746C4
:10EEA00002F0A8FDAF49B04E0546384602F09AFD83
:10EEB000044670B9AD4BAE4A1860AE4B1860AE4B0D
:10EEC0003068C3E90022E2F76FFF34600DB0BDE89F
:10EED000F08F316800295FD13068E2F765FF204686
:10EEE000FEF7EEFF411C3846FDF77AFA3060002845
:10EEF00057D12378A14AA2493A2B08BF01340AAE60
:10EF000033462046FEF7EAF90028DFDD0A9BE718C2
:10EF1000E35C2D2B49D101374FF0FF340DF1200A6E
:10EF20000DF11E0B4FF000080396CDE9016ACDF8F4
:10EF300000B0334607AA9349ADF81E803846ADF8B5
:10EF40002080FEF7CBF94045C0DDBDF81E30BDF88E
:10EF50002020DFF83C923C2101FB0322BDF81C304D
:10EF60004FF4616101FB03235C43AC62824C834B31
:10EF700023600A9B82491F444A4633463846FEF7BF
:10EF8000ADF9404516DC23686360784BAA6A1A60C5
:10EF9000784BC3F8008099E7FEF70FFA002895D068
:10EFA0009AE7214603F070FEA3E72B2B08BF013739
:10EFB0000124B3E70A9BC4F80490FC18FB5C2D2BDA
:10EFC00040F08B8001344FF0FF370023ADF81C3048
:10EFD000ADF81E30ADF820300A93CDE902A6CDE998
:10EFE00000B6334607AA67492046FEF777F900289E
:10EFF00078DCAB6AA3F561632B650A9B2F461C4442
:10F000004FF0000923782C2B08BF013494F80080BE
:10F01000B8F14D0F79D10DF12603CDE9016309ABAC
:10F020000093039633460DF1220257492046FEF71E
:10F0300055F903287FF44AAFBDF822104B1E0B2B65
:10F040003FF644AFBDF82420531E042B3FF63EAFDD
:10F05000BDF82630062B3FF639AFC7E9031287F813
:10F0600008807B610A9B04EB03080223ADF81C3087
:10F070000023ADF81E30ADF820300A9398F8003028
:10F080002F2B09D1CDE902A6CDE900B6334607AA58
:10F090003E494046FEF722F9BDF81E30BDF820205B
:10F0A0003C2101FB0322BDF81C304FF4616101FBE0
:10F0B0000323BB610A9C28374444B9F1000F21D0D7
:10F0C000686803F031FE294BAA6A1A602B6D9B1AFF
:10F0D000284A18BF01231360F8E62B2B08BF013420
:10F0E000012772E7BDF81E30BDF820203C2101FB4E
:10F0F0000322BDF81C304FF4616101FB03235F4321
:10F100002F657AE74FF001097CE7B8F14A0F06BF97
:10F110000134434644230A220BA920460593FFF7F6
:10F1200069FEDDF82C80ADF82600A045059B14D1C2
:10F130004D23B9F1000F07D12B7203210223C5E93A
:10F140000313C5F8149090E785F830300B220123A3
:10F15000C5E90D230023EB6387E780B23B7278613A
:10F1600083E700BF407E0500309C0020389C0020D3
:10F170003C480500349C002074630020239C002040
:10F18000437E0500667E0500527E0500657E050013
:10F19000189C00202DE9F0410C46496B04F1440312
:10F1A00099421DD14FF48061FDF71AF918B94FF05B
:10F1B000FF30BDE8F0814FF48063A36394F84630DC
:10F1C000606380F8FF3394F8453080F8FE3394F89C
:10F1D000443080F8FD3300F2FD3020600020E8E785
:10F1E000A66B77003A4603F08CF805460028DED07F
:10F1F00000EB0608014632464046FDF768F8C4F8C1
:10F200000080C4E90D57E9E74B1C70B506460D4672
:10F21000144603D14FF0FF35284670BD18B18369FD
:10F220000BB9FCF7D1FB2E4B9C422CD17468B4F97E
:10F230000C3023F02003A3819BB2590713D4DA06C4
:10F24000E8D51B070BD521463046FCF741FB0028CB
:10F25000E0D1A389A06023F00803A381A061A38962
:10F2600043F00403A381636B6268EDB2E3B1A36B67
:10F27000934212DD23685A1E226003F8015C636822
:10F2800001336360C8E7174B9C4201D1B468CEE7F5
:10F29000154B9C4208BFF468C9E721463046FFF78A
:10F2A00079FF0028E6D0B5E72169236851B199427A
:10F2B00008D213F8011CA94204D1013B013223609A
:10F2C0006260A9E7C4E90F3204F1440363630323D6
:10F2D000A363234603F8465F23600123D1E700BF01
:10F2E000DC7B0500FC7B0500BC7B0500024B0A466D
:10F2F00001461868FFF788BFA46100202DE9F3419B
:10F300000D460131804616460ED001AF02F15C0376
:10F3100039462A4600F0E4F8421C04460FD1B3896E
:10F3200043F04003B3810546284602B0BDE8F081B2
:10F330003246395D4046FFF767FF431C03D014F1A6
:10F34000FF34F5D2F0E70546EEE700000F4B70B54D
:10F350001C6806460D4624B1A36913B92046FCF784
:10F3600033FB0B4B9D4207D165682A463146204648
:10F37000BDE87040FFF7C2BF064B9D4201D1A568B2
:10F38000F3E7054B9D4208BFE568EEE7A461002066
:10F39000DC7B0500FC7B0500BC7B0500094B70B5E0
:10F3A0001C6805460E4624B1A36913B92046FCF734
:10F3B0000BFB33462A46A1682046BDE87040FDF7A6
:10F3C00093B800BFA461002030B5141E05469BB061
:10F3D000184605DA8B232B604FF0FF301BB030BD91
:10F3E0004FF40273ADF80C3014BF04F1FF33234621
:10F3F000029305934FF6FF7300910491ADF80E3020
:10F4000002461E9B6946284602F0FCFF431CBCBF17
:10F410008B232B60002CE1D0009B00221A70DDE7CB
:10F4200007B5009313460A46014603480068FFF7F4
:10F43000CBFF03B05DF804FBA4610020F8B50E46D5
:10F440001446054618B183690BB9FCF7BDFA214B88
:10F450009C422AD16C68A369A360A3891A072ED5A0
:10F46000236963B323692068C01A6369F6B28342D3
:10F47000374604DC21462846FCF72AFA28BBA36855
:10F48000013BA36023685A1C22601E70636901302F
:10F49000834204D0A389DB0719D50A2E17D1214650
:10F4A0002846FCF715FA90B10FE00B4B9C4201D1B6
:10F4B000AC68D0E7094B9C4208BFEC68CBE721461B
:10F4C000284600F083FF0028CCD04FF0FF373846A5
:10F4D000F8BD00BFDC7B0500FC7B0500BC7B0500A4
:10F4E000F0B50F4C246885B005461E46246A81B9E4
:10F4F0000C4A002C08BF14460A46D4F8E04001A983
:10F50000A047431C01BF002333608A232B6005B052
:10F51000F0BD044F002C08BF3C46D4F8E040EFE7B4
:10F52000A46100200862002013460A4601460248F2
:10F530000068FFF7D5BF00BFA461002003F09CBCAA
:10F540004269002A40F26C73A8BF6FF063031A444B
:10F55000930705D1642192FBF1F301FB1323D3B987
:10F560004FF4C87192FBF1F301FB1323B3FA83F25A
:10F570005209D0E906315B0003EB01131344212B40
:10F5800011DC202B30DA0D2B07DC0A2B2CDA012BB7
:10F590002AD9002070470122EBE7102BF9DB112B51
:10F5A00022DD1C3BF3E741F2C66293420FDC41F2DD
:10F5B000C262934209DA41F2A262934205D0E8DBCB
:10F5C000A3F5B553123B022BE3D80120704741F25B
:10F5D000D5629342F9D041F2D7629342F5D041F21D
:10F5E000D3629342D5D1F0E74FF0FF30704738B582
:10F5F00000231546C0F8FC33FF22044602F072FADD
:10F60000B0F1FF3F08BF00202860204638BD000051
:10F610002DE9F04FADF2AC4D1D46002307460E46D6
:10F6200003931C4601F1FF391368002B00F0F184AD
:10F63000252B1FD1D2F804B0BBF1300F24D0BBF181
:10F640002B0F21D002F104084FF0000BD8F8003046
:10F65000313B082B1BD840460A220AA900F090FD36
:10F66000DDF828808246D8F80030452B12D108F109
:10F67000040811E0A14502D8002400F0CEBC47F8F0
:10F68000243004320134CFE702F10808DEE74FF0FE
:10F69000000AE8E74F2BEAD0D8F80010A1F12503C3
:10F6A000552BE9D801A252F823F000BF090005004C
:10F6B00079F6040079F6040079F6040079F604007E
:10F6C00079F6040079F6040079F6040079F604006E
:10F6D00079F6040079F6040079F6040079F604005E
:10F6E00079F6040079F6040079F6040079F604004E
:10F6F00079F6040079F6040079F6040079F604003E
:10F7000079F6040079F6040079F6040079F604002D
:10F7100079F6040079F6040079F6040049F804004B
:10F72000AFF8040033F90400D1F9040079F60400BD
:10F730001FFA040009FB04001DFC04002BFC04005C
:10F7400079F6040079F6040079F604005BFC040005
:10F7500079F6040079F604006FFC040079F60400E1
:10F76000BFFC0400D9FD0400E7FD040035FE0400E1
:10F7700045FE0400B7FE040029F90400F1FE040070
:10F78000B3FF040079F6040079F6040079F604006A
:10F7900079F6040079F6040079F6040005F804000F
:10F7A0007DF80400E3F80400ABF90400ABF90400B1
:10F7B00079F6040071FA04007DF8040079F604007B
:10F7C0004DFC04001DFC04002BFC040055FC04004F
:10F7D0005FFC040079F604006FFC040079F6040075
:10F7E00015F90400D3FC0400DDFD04001DFE040037
:10F7F00079F60400ABFE04001FF90400CFFE0400FC
:10F8000041FF0400AB69B349183309AA51F823102A
:10F810002AA8FFF7ECFE099B6FF00302234402FBCA
:10F820000400A34207D1D8F80030002B00F0F18388
:10F8300008F10402F8E6A1457FF61EAF50F8242037
:10F8400047F824200134ECE7AA69A24B03EB8203BA
:10F850002AA809AAD96FFFF7CAFE099B6FF0030215
:10F86000234402FB0400A342DDD0A1457FF604AF90
:10F8700050F8242047F824200134F4E7954B2969F7
:10F8800009AA53F821102AA8FFF7B1FE099B6FF0CF
:10F890000302234402FB0400A342C4D0A1457FF627
:10F8A000EBAE50F8242047F824200134F4E72B690C
:10F8B00088490C3309AA51F823102AA8FFF797FEAC
:10F8C000099B6FF00302234402FB0400A342AAD069
:10F8D000A1457FF6D1AE50F8242047F8242001340A
:10F8E000F4E77C4BD3F8A01009AA2AA8FFF77FFE03
:10F8F0000368002B97D0DDF8D034009302462B46E6
:10F90000311B07EB8400FFF783FE00287FF7B4AEBE
:10F91000044488E76F4B09AAD3F8E410E5E76D4B80
:10F9200009AAD3F89C10E0E76A4B09AAD3F898100B
:10F93000DBE7694B69699942ACBF002301230029C9
:10F94000049310DB642091FBF0F01330BBF1000F47
:10F9500013D0632827DD614A614BBBF12B0F18BF21
:10F960001346604A0BE001F26C70059100F09CFDBB
:10F970006423059990FBF3F0E8E7584B5A4A01904D
:10F980000498DFF854C1BAF1020F2CBFC0EB0A0093
:10F99000C0F10200009055486145B8BF0346311BD5
:10F9A00007EB84002AE04D4BDBE75148514AEB68F6
:10F9B000642918BF0246311B07EB840003F07EF96F
:10F9C0000028FFF659AE0444A6423FF62CAF53E69A
:10F9D00068692B69EA68002807EB840AA6EB040B28
:10F9E00003F101030DDB4FF0640C90FBFCF10CFB09
:10F9F0001100CDE90020404A5946504603F05EF917
:10FA0000DEE700F26C70CDE9043200F04DFD6421B8
:10FA1000DDE9043290FBF1FC0CFB1100E9E7252342
:10FA20000A93BBF1000F13D0BAF1060FCDF82CB03A
:10FA300038BF4FF0060ABAF106030ED10CA82F49C1
:10FA400003F026FADDF8D03400930AAA2B4657E7D4
:10FA50002B230B934FF00A0AEDE7294A1E210CA82D
:10FA600003F02CF90028E9DD0CAB03EB8000E6E79E
:10FA70002846FFF765FD8246686900281ADB642284
:10FA800090FBF2F3BAF1000F02FB13001ADA6A6975
:10FA90001C4B9A42B8BF4FF0010A642382449AFB80
:10FAA000F3F003FB10AA9A449AFBF3F203FB12A3B0
:10FAB000104A80E700F26C7000F0F6FC642390FBC3
:10FAC000F3F2DFE7E9D06A69034B9A42B8BF4FF01F
:10FAD000FF3AE2E7087D050094F8FFFFB87A0500D9
:10FAE000697C0500947E0500787E05000381050091
:10FAF000B47E0500EC7E0500C47E0500107F050085
:10FB0000007F050095F8FFFF6B690493049AB94BD9
:10FB10009A42ACBF0023012328460593FFF710FD4E
:10FB2000049A002A034638DB6422049991FBF2F21E
:10FB30001332686900283BDB4FF0640C90FBFCFE3D
:10FB40000CFB1E00002B42DADFF8CCC2696961456C
:10FB500001DA012305930344591C44D1013A63237C
:10FB6000642000FB0232059B002B41D02D230A9319
:10FB7000BAF1000F01D00AF1FF3A0BAB2521196051
:10FB8000BBF1000F43D1181D9B49049203F080F98B
:10FB9000049A009253460AAA95E0049B069003F249
:10FBA0006C7000F081FC6422069B90FBF2F2C0E7CF
:10FBB00000F26C70CDE9063200F076FC4FF0640C78
:10FBC000DDE9063290FBFCFE0EFB1C00BAE7C2D05A
:10FBD0000499DFF820C26145AEBF002101214FF03A
:10FBE000FF330591B7E7642B04BF01320023B7E769
:10FBF000BBF12B0F10D142F20F739A420CD9CDF802
:10FC000028B0BAF1000FB6D125230B930BAB3021EE
:10FC100003F108005960B7E70AABAFE77748784AC5
:10FC2000AB686B2918BF0246C5E6AB680C225BB116
:10FC3000934203D093FBF2F002FB103370486F4AFB
:10FC4000492918BF0246B6E61346F7E7EB696D4A45
:10FC50000133B0E62B6901332AE76B6828E7A14539
:10FC60007FF60AAD0A2347F824300134DBE5AB68A0
:10FC70000B2BCCBFA422A022634B13442AA809AAB1
:10FC80005968FFF7B4FC6FF0030B0BFB040BA246A3
:10FC9000099AAAEB04039A4201D85446C3E5D14518
:10FCA0007FF6EAACD8F800305BF82A00502B01D17F
:10FCB000FFF7CBF847F82A000AF1010AE8E76B687A
:10FCC0000093524AAB68311B07EB840002F0F6FF49
:10FCD00076E62B6A002B7CDBFFF7D5F8039B0BB98C
:10FCE000FFF7D4F801F086FE2B6A002BCCBF50231F
:10FCF0002823C3585B420493FFF7C6F801230393FC
:10FD0000D5F814C007EB84036246BCF145000593A7
:10FD10004FEAE27343F1FF31002871F1000E03DA7C
:10FD2000BCF1420043F1FF31820842EA81728B103C
:10FD30000CF1FF3E64219EFBF1FEB2EB0E0063EB83
:10FD4000EE710CF22B124FF4C87392FBF3F310EB2D
:10FD5000030A41EBE37BACF1460C40F26D1303FB6D
:10FD60000CFCEB691AEB0C004BEBEC7110EB030B8A
:10FD700041EBE37C61464FF0180CABFB0C239B4638
:10FD80000CFB01B3A96892461AEB01024FF03C0C40
:10FD900043EBE173A2FB0C010CFB03139B466B6866
:10FDA000C0184BEBE371A0FB0C230CFB013329685B
:10FDB000059812EB010B43EBE17C0499BBEB0102CC
:10FDC0006CEBE173CDE90023311B114A02F076FFA1
:10FDD000F6E50023049393E72B6869E6A1457FF6D7
:10FDE0004BAC09233FE72B6801936B680093094AEA
:10FDF000AB68D4E594F8FFFF307F0500EC7E05008A
:10FE0000B47E0500407F0500087D05007C7F05006D
:10FE1000547F0500687F050095F8FFFFA1457FF638
:10FE20002BACAB69A200013413B93723BB50FAE401
:10FE30003033FBE7EB69AA6907339B1A072293FB70
:10FE4000F2F335E62846FFF77BFBAA6932B1013AA7
:10FE5000002828DCEB6903D10A33EEE70622F7E736
:10FE600068690028A2EB030340F26B72A8BF6FF031
:10FE700064021044820705D1642290FBF2F102FB78
:10FE8000110171B94FF4C87190FBF1F201FB12023C
:10FE9000B2FA82F252099A1A042ACCBF34233523CB
:10FEA00006E60122F7E7012302E6A1457FF6E4AB6F
:10FEB000AB693033D7E6AB693BB1013BEA69073246
:10FEC000D21A072392FBF3F3F2E50623F6E76869FB
:10FED000002805DB642290FBF2F302FB1303E7E545
:10FEE00000F26C7000F0E0FA642390FBF3F2F4E7A8
:10FEF0006B69534A934216DA2D210A91D31ABAF14B
:10FF0000000F01D00AF1FF3A0BAA25211160BBF1C5
:10FF1000000F40F08A80101D4A49049302F0B8FF98
:10FF2000049B009336E6BBF12B0F03F26C7340F099
:10FF3000848042F20F7293427CD9CDF828B0DEE77C
:10FF40002B6A002BFFF66FACFEF79DFF039B0BB9EE
:10FF5000FEF79CFF01F04EFD2B6A002BCCBF502317
:10FF6000282307EB840BC358C3F1000AFEF78CFF6C
:10FF70003C23311B9AFBF3F00491039301F08CFDB9
:10FF8000039B90FBF3F202FB130000904FF46163BC
:10FF90002D4A9AFBF3F30499584602F08FFE00288D
:10FFA000FFF66AAB0444A6427FF666AB01230393D7
:10FFB00039E42B6A002BFFF636ACFEF764FF039B97
:10FFC0000BB9FEF763FF2B6A204A002BD4BF002336
:10FFD000012352F823A05046FDF772FFAAEB040A52
:10FFE00004EB000BA34503D1FEF74EFF5C46DDE7B3
:10FFF000A14505D91AF8043047F824300134F1E757
:020000025000AC
:10000000FEF742FFFFF738BBA1457FF635AB25234E
:1000100029E616B1002347F8243020460DF2AC4DF6
:10002000BDE8F08F25220A920AAA302102F10800C9
:10003000516071E7BAF1000FF4D10AAA65E700BF79
:1000400094F8FFFF307F0500A47F05007463002053
:1000500037B5064C064D2468246A002C08BF2C4690
:100060000094FFF7D5FA03B030BD00BFA4610020B3
:100070000862002003461A68191D12B9181A801068
:1000800070470B46F7E72DE9F04707460E469046C6
:100090001D4689464C46089954F804AB504601F079
:1000A000F9FC98BB51462D2932D1D9F8041009F139
:1000B00008044FF0010E002D5ED0102D09D130291B
:1000C00007D1236823F02003582B50D161681025F5
:1000D00008344FF0FF3CBCFBF5FC05FB0CF96FEA64
:1000E00009090023A1F13002092A19D811468D42CD
:1000F00025DD002820DB63451ED801D149451BDCE6
:1001000003FB0513012054F8041BEBE7A146C1E7EC
:100110002B2904BF09F10804D9F804108646CAE760
:10012000A1F14102192A01D83739E0E7A1F16102B2
:10013000192A04D85739DAE74FF0FF30E3E70028EF
:1001400009DA22233B604FF0FF33B8F1000F0AD1E8
:100150001846BDE8F087BEF1000F00D05B42B8F151
:10016000000FF5D000B1261FC8F80060F0E730217D
:10017000002DAED10825ACE73029A2D00A25A8E78A
:10018000084B37B51C68084D236A002B08BF2B4667
:10019000009313460A4601462046FFF774FF03B05A
:1001A00030BD00BFA46100200862002002F07CBEC8
:1001B000F0B5431C85B0074603D14FF0FF3005B0C2
:1001C000F0BD0822184D00210DEB0200FCF7A3F84A
:1001D0002E68B46DB4B95020E1F7CCFDB065C0E92C
:1001E0000044C0E90244C0E90444C0E90A44C0E94B
:1001F0000C44C0E90E44C0E91044C0E912448461D3
:10020000047744622B68094A1B6A002B08BF134617
:1002100001A9D3F8E0403A4602AB3046A047012896
:10022000CBD19DF80400CAE7A46100200862002039
:1002300049B1FF2A85BF8A2303600A704FF0FF305F
:1002400098BF0120704708467047000038B50B780A
:10025000613B05460C46172B5ED8DFE803F00C1A0D
:1002600022295D5D305D5D5D5D375D5D5D3E5D5D9F
:100270004A5D515D5D582D492046FDF79EF80028E6
:100280004ED02B492046FDF798F8002844D1022093
:1002900045E028492046FDF790F800283CD103208E
:1002A0003DE025492046FDF788F8A8BB042036E04C
:1002B00022492046FDF781F870BB05202FE0204938
:1002C0002046FDF77AF838BB062028E01D49204675
:1002D000FDF773F800BB072021E01B492046FDF71E
:1002E0006CF8F8B119492046FDF767F8A0B9092064
:1002F00015E017492046FDF760F868B90A200EE0BE
:1003000014492046FDF759F830B90B2007E012498F
:100310002046FDF752F838B116232B60002038BD77
:100320000120FCE70820FAE70C20F8E71464050038
:1003300001640500D47F0500EF6305000E6405002D
:100340001A640500FB630500E96305000764050006
:10035000E3630500F56305000D640500024B0146EB
:100360001868FFF773BF00BFA461002030B50024F8
:100370009442034602D10023184630BD1D688D42C9
:1003800000F10400F8D00134F2E79200FBF79FBFC0
:100390009200FBF7A7BF0023934200D1704740F8BB
:1003A00023100133F8E7000038B5074C054608462E
:1003B0001146002222601A46E0F720FF431C02D1BA
:1003C000236803B12B6038BD609C0020324B70B5B0
:1003D0001D6806460C4625B1AB6913B92846FBF7E4
:1003E000F3FA2E4B9C420FD16C68B4F90C309AB2E0
:1003F00015072CD4D00611D40922326043F04003F3
:10040000A3814FF0FF303EE0254B9C4201D1AC6808
:10041000EBE7244B9C4208BFEC68E6E7510712D596
:10042000616B41B104F14403994202D03046FBF7BD
:1004300089FF00236363A38923F02403A38100239E
:10044000636023692360A38943F00803A3812369C0
:100450004BB9A38903F42073B3F5007F03D0214681
:100460003046FBF73BFEA28912F001030CD00023BB
:10047000A36063695B42A361236953B9B4F90C308B
:1004800013F08000BAD170BD920758BF6369A360B2
:10049000F2E70020F7E700BFA4610020DC7B050045
:1004A000FC7B0500BC7B05000028B8BF40427047BC
:1004B00038B5064C002305460846236003F0CAFB06
:1004C000431C02D1236803B12B6038BD609C00201F
:1004D0002DE9F74F03690C69A3428046C0F2828080
:1004E000013C01F114074FEA840C00F1140657F89F
:1004F000245056F8240006EB0C03013507EB0C09D9
:100500000193B0FBF5F595B34FF0000A3846B646B7
:10051000D34650F8042B93B205FB03A34FEA134ACA
:100520009BB2ABEB0303120CDEF800B005FB02A29A
:1005300013FA8BF34FEA124A1FFA82FBDEF800200F
:10054000CBEB124202EB23429BB243EA02438145CA
:100550004FEA224B4EF8043BDBD256F80C3033B94D
:10056000019B043B9E421A4630D3C8F810404046D7
:1005700001F01CFD002825DB013530464FF0000C52
:1005800057F8042BD0F800E093B2ACEB0303120C45
:1005900013FA8EF3C2EB1E4202EB23429BB243EAF4
:1005A0000243B9454FEA224C40F8043BE8D256F8E2
:1005B000242006EB84032AB9043B9E421A460BD33F
:1005C000C8F81040284603B0BDE8F08F1268043B1D
:1005D000002ACAD1013CC5E71268043B002AEFD1CA
:1005E000013CEAE70020EEE72DE9F04F57EC106BF5
:1005F00097B0456A069104460B921293DDF880800D
:10060000CDE900673DB91020E1F7B4FB6062C0E9B5
:1006100001550560C560636A196851B15A684A603E
:10062000012393408B60204601F0A0FA636A002208
:100630001A603B1EBBBF23F000430193002301223D
:10064000ACBFC8F80030C8F80020AF4BDDF804801C
:1006500033EA080314D1129A42F20F731360009B1D
:1006600023B9C8F31300002800F04285219BDFF86E
:10067000ACB2002B00F044850BF1030300F03EBD4B
:10068000DDE900670022002330463946FAF774FEA0
:10069000814668B1129A01231360219B002B00F060
:1006A00024859A4B219A03F1FF3B136000F028BD8B
:1006B00014AA15A947EC106B204601F065FDC8F39C
:1006C0000A550490002D7CD0C7F3130343F07F5BE1
:1006D000B2464BF4401BA5F2FF35CDF84C900022FA
:1006E0008B4B50465946FAF727FA81A3D3E90023EA
:1006F000FAF7DAFB80A3D3E90023FAF71FFA0646DC
:1007000028460F46FAF766FB7DA3D3E90023FAF7E4
:10071000CBFB02460B4630463946FAF70FFA06463F
:100720000F4603F0FFF90022824600233046394687
:10073000FAF72CFE48B15046FAF74CFB32463B46DE
:10074000FAF71AFE08B90AF1FF3ABAF1160F59D8AA
:10075000704901EBCA01DDE90023D1E90001FAF794
:1007600033FE002850D00AF1FF3A00230F93149B68
:100770005D1BB5F1010849BFC5F1010300230593D5
:100780004FF0000858BF0593BAF1000F3EDB00237D
:10079000D044CDF838A00793069B092B00F2908037
:1007A000052BC4BF043B0693069BA3F10203CCBFF9
:1007B00000250125032B00F28F80DFE803F07D7F09
:1007C0003171DDE914531D4405F23240202813DD58
:1007D000C0F14000009B08FA00F805F2124023FA2D
:1007E00000F048EA0000FAF7E5FA01238246A1F199
:1007F000F87B013D139372E7009BC0F1200003FAE0
:1008000000F0F0E70123B1E70F90B0E7059BA3EB01
:100810000A030593CAF10003079300230E93BBE775
:1008200001230A930B9B002B59DD02939946666ABC
:1008300000227260042202F114009842716853D9B8
:10084000204601F05FF9636A3060B9F10E0FD3F80A
:1008500000B000F2E680002D00F0E3809DED007B0B
:10086000BAF1000F8DED107B74DD2A4A0AF00F03F8
:1008700002EBC30393ED007B4FEA2A16F0068DEDE1
:10088000087B65D5244BDDE91001D3E90823FAF78D
:1008900035FCCDE9000106F00F0603251E4F4CE0A4
:1008A00001230A930B9B534403F1010902934B4626
:1008B000012BB8BF0123BAE70023B2E70023F0E71A
:1008C0000125002306930A954FF0FF3302939946C2
:1008D000002212230B92AAE701230A93F4E70123D3
:1008E000029399461A46F5E7013171605200A2E77A
:1008F00061436F63A787D23FB3C8608B288AC63F26
:10090000FB799F501344D33F0000F07F078105001F
:100910000000F83F10800500E87F0500E37F050038
:10092000F10708D5DDE90801D7E90023FAF7BCFA99
:10093000CDE90801013576100837002EF0D1DDE948
:100940000823DDE90001FAF7D9FBCDE900011AE03F
:100950000225A3E700F0A080CAF100069F4BA04F3C
:1009600006F00F0203EBC203D3E90023DDE9100117
:10097000FAF79AFACDE90001361100230225002E7C
:100980007FD1002BE1D10F9B002B00F08780DDE9A8
:1009900000670022934B30463946FAF7F7FC0028EF
:1009A0007CD0B9F1000F79D0029B002B35DD0AF124
:1009B000FF330893394600228B4B3046FAF774FA1E
:1009C000CDE90001029F01352846FAF703FADDE977
:1009D0000023FAF769FA0022844BFAF7AFF80546CC
:1009E000A1F15076002F5DD10022814BDDE900019D
:1009F000FAF7A2F82A463346CDE90001FAF7E4FCFB
:100A0000002840F088822A4606F10043DDE9000113
:100A1000FAF7BCFC002840F07C82DDE91023CDE928
:100A20000023159B002BC0F25081BAF10E0F00F38A
:100A30004C816A4B03EBCA0393ED007B0B9B002BAD
:100A40008DED027B80F2D880B9F1000F00F3D480E5
:100A500040F05E820022664B51EC170BFAF724FA45
:100A6000DDE90023FAF7A6FC4F464E46002840F089
:100A7000348231230BF101058BF800300AF1010AB1
:100A80002FE2F20705D5D7E90023FAF70DFA013571
:100A900001237610083772E7022574E7CDF820A00D
:100AA0004F4691E74D4B03EBC70353E902010A9B05
:100AB000002B47D002460B4600204E49FAF71EFB9A
:100AC0002A463346FAF738F8CDE90C015D46DDE9F0
:100AD000000103F027F80646FAF77CF902460B46B8
:100AE000DDE90001FAF728F8303605F8016BDDE999
:100AF0000C23CDE90001FAF749FC002863D1DDE9B8
:100B0000002300203749FAF717F8DDE90C23FAF73C
:100B10003DFC002840F0B780A5EB0B039F427FF718
:100B20007CAF0022304BDDE90C01FAF7BDF9002261
:100B3000CDE90C012C4BDDE90001FAF7B5F9CDE95F
:100B40000001C4E72A463346FAF7AEF9CDE90C01B5
:100B50000BEB07055E46DDE9000102F0E3FF074607
:100B6000FAF738F9303702460B46DDE90001F9F7AC
:100B7000E3FF06F8017BAE42CDE900014FF0000231
:100B800026D11C4BDDE90C01F9F7D8FF02460B46D4
:100B9000DDE90001FAF718FC002874D1DDE90C2327
:100BA00000201449F9F7C8FF02460B46DDE90001B1
:100BB000FAF7ECFB00283FF430AF15F8013C302B7E
:100BC00005F1FF3202D0DDF820A04AE01546F4E737
:100BD000054BFAF769F9CDE90001BCE71080050083
:100BE000E87F05000000F03F0000244000001C40AA
:100BF000000014400000E03FDDE900675D46DDE9EC
:100C0000022330463946FAF779FA02F08BFF804624
:100C1000FAF7E0F8DDE90223FAF746F902460B4657
:100C20003046394608F13006F9F786FF05F8016BC2
:100C3000A5EB0B06B14502460B4639D1F9F77EFF0D
:100C4000DDE9022306460F46FAF7BEFBC8B9DDE927
:100C5000022330463946FAF78FFB10B118F0010F26
:100C60000FD10499204600F081FF0023129A2B70C7
:100C70000AF101031360219B002B00F041821D60EB
:100C80003EE2CDF820A015F8012C392A05F1FF33FA
:100C900008D19B450AD1089B0133089330238BF878
:100CA00000305B461A7801321A708CE71D46EAE77D
:100CB00000229B4BFAF7F8F80022002306460F4665
:100CC000FAF75AFB00289AD0CBE70A9A002A00F0DC
:100CD0008B80069A012A6EDC139A002A67D003F2F1
:100CE0003343079F059D059A01211A44204605922A
:100CF000984401F019F80646002D0CDDB8F1000FFC
:100D000009DD4545059A2B46A8BF4346D21A0592F0
:100D1000ED1AA8EB0308079BEBB10A9B002B67D0E9
:100D20008FB131463A46204601F09EF8049A0146BA
:100D30000646204601F001F804990890204600F08C
:100D400015FF089B0493079BDA1B04D004992046E7
:100D500001F08AF804900121204600F0E5FF0E9B87
:100D60000746002B00F0D0811A460146204601F0CC
:100D70007BF8069B012B074640DC009B002B39D1FA
:100D8000019BC3F31303002B36D1019B23F00043D7
:100D90001B0D1B052BB1059B0133059308F10108C1
:100DA000012307930E9B002B2AD1012030E0149BD6
:100DB000C3F1360395E7079B09F1FF37BB42BFBF7D
:100DC000079B0797FA1A0E9BBBBF9B180E93DF1B5E
:100DD0000027B9F1000FB5BF059B059DA3EB0905E1
:100DE0004B46B8BF00237EE7079F059D0A9E83E719
:100DF000079AABE70023D4E7009BD2E700230793D1
:100E00003B6907EB8303186900F040FFC0F1200045
:100E1000404410F01F0047D0C0F12003042B3BDDFD
:100E2000059BC0F11C000344059305448044059BC9
:100E3000002B05DD1A460499204601F063F8049062
:100E4000B8F1000F05DD39464246204601F05AF858
:100E500007460F9B53B33946049801F0A7F80028C2
:100E600024DA00230A220499204600F096FE0A9B09
:100E700004900AF1FF3A002B00F04D810023314627
:100E80000A22204600F089FE029B002B06464FDC1A
:100E9000069B022B4CDD11E0C9D0059A1C331A4485
:100EA00005921D449844C2E70346F6E7B9F1000FE6
:100EB00038DC069B022B35DDCDF80890029B63B928
:100EC00039460522204600F068FE01460746049890
:100ED00001F06CF800283FF7CCAD0B9B5D466FEA44
:100EE000030A4FF000093946204600F03FFE002E6D
:100EF0003FF4B7AEB9F1000F05D0B14503D0494674
:100F0000204600F033FE3146204600F02FFEA8E6D2
:100F100000273E46E1E7DDF820A03E46A9E500BFF8
:100F2000000024400A9BCDF80890002B00F0FA80C6
:100F3000002D05DD31462A46204600F0E3FF064637
:100F4000079B002B4CD07168204600F0DBFD326916
:100F500002320546920006F10C010C30FBF7B7F99E
:100F600001222946204600F0CDFF009BCDF814B0A9
:100F700003F00103B1460793064639460498FFF78C
:100F8000A7FA4946054600F13008049801F00EF82A
:100F9000324600903946204601F022F8C3680246E6
:100FA00003BB01460890049801F000F8089A034634
:100FB00011462046089300F0D9FD089BA3B9069A74
:100FC00092B9079A82B9B8F1390F29D0009B002B4A
:100FD00001DD05F13108059B5D1C83F8008082E787
:100FE0003046C2E70123E3E7009A002A04DB25D15B
:100FF000069A1ABB079A0ABB002BECDD0122049962
:10100000204600F07FFF3946049000F0CFFF002813
:1010100003DCE0D118F0010FDDD0B8F1390FD8D1E1
:10102000059B059A5D1C3923137015F8013C392B7B
:1010300005F1FF324FD00133137054E7059A002BAE
:1010400002F1010506DDB8F1390FE9D008F1010818
:10105000059BC2E7029A05F8018CA5EB0B039342AE
:1010600021D000230A220499204600F096FDB145C4
:1010700004904FF000034FF00A024946204605D184
:1010800000F08BFD81460646059576E700F085FD6C
:101090003146814600230A22204600F07EFD0646A6
:1010A000F2E74FF0000901220499204600F02AFFE0
:1010B0003946049000F07AFF0028B6DC02D118F01F
:1010C000010FB2D115F8013C302B05F1FF327FF44E
:1010D0000AAF1546F6E7934505D131230AF1010A17
:1010E0008BF80030FFE615469FE7DFF864B007E0B5
:1010F000219BDFF860B01BB10BF10803219A13604C
:10110000584617B0BDE8F08F069B012B7FF735AE30
:101110000E9B079349E6029B002B03DC069B022BE8
:101120003FF7CCAE5D4639460498FFF7D1F900F1A0
:10113000300805F8018B029AA5EB0B039A42B0DD4B
:1011400000230A220499204600F027FD0490EAE7D4
:1011500006810500DA7F05007FB54B68002B054648
:101160000C461FDDFAF76EFF012822D004F15C0661
:10117000D4E90023009603A92846FAF7FFFF421C92
:1011800007D0831C1ED121462846FBF767FF0028A5
:10119000EED0A38943F04003A381FAF7F9FA8A233A
:1011A000036003E0FBF75AFF0028DBD04FF0FF306D
:1011B00006E023685A1C226018786368013B63606C
:1011C00004B070BDD4E9002310B901322260F5E704
:1011D0000244181A606022600398F1E738B50E4B9C
:1011E0001C68054624B1A36913B92046FAF7ECFB45
:1011F0000A4B9D4206D1656829462046BDE8384025
:10120000FFF7AABF064B9D4201D1A568F4E7054B45
:101210009D4208BFE568EFE7A4610020DC7B050084
:10122000FC7B0500BC7B05002DE9F74380460E469C
:101230001446FAF707FF01281CD1731EFE2B19D89C
:101240008DF80460054600270DF10409AF4220D057
:10125000A36817F80910013B002BA36004DAA26908
:1012600093421ADB0A2918D023685A1C226019708D
:101270000137EBE7324604F15C0301A94046FEF773
:101280002FF9421C0546DED1A38943F04003A38118
:101290000646304603B0BDE8F08322464046FEF7DE
:1012A000CDF8431CE4D10646F3E700000F4B70B5C0
:1012B0001C6806460D4624B1A36913B92046FAF707
:1012C00083FB0B4B9D4207D165682A463146204679
:1012D000BDE87040FFF7A8BF064B9D4201D1A5684D
:1012E000F3E7054B9D4208BFE568EEE7A4610020E7
:1012F000DC7B0500FC7B0500BC7B050038B5074C9A
:101300000023054608461146236002F0ABFC431C4F
:1013100002D1236803B12B6038BD00BF609C002060
:10132000F0B506694B119E4200F1140430DD11F056
:101330001F0104EB860604EB830208D12146B2426A
:101340000B4611D252F8043B41F8043BF7E754F83E
:101350002350C1F1200CCD4004322346B24217463F
:101360000CD31D6005B104331A1BA3424FEAA2023D
:1013700008BF0023026108BF4361F0BD3F6807FA60
:101380000CF73D4343F8045B52F8045BCD40E5E7BE
:101390002346E9E7A0F13003092B02D82038C0B278
:1013A0007047A0F16103052B01D84738F7E7A0F19A
:1013B0004103052B01D82738F1E7002070472DE9BC
:1013C000F04F8BB08A46029016980693904600F034
:1013D00067FB036803931846FCF772FD039B0190BB
:1013E00003444FF0000B13F8013C0793DAF8003088
:1013F00002331F4613F8010B30286CD0FFF7CAFFE9
:10140000044600286AD1019A0399384601F044FC49
:10141000002866D1019BF85CFE18FFF7BBFF00288F
:1014200062D03346187830281F4603F10103F9D003
:10143000FFF7B0FFB0FA80F56D0934464FF0010BAD
:101440003A46164601323078FFF7A4FF0028F8D15B
:10145000019A0399304601F01FFC50B954B9019B21
:10146000F4182246164601323078FFF793FF002821
:10147000F8D10CB1A41BA4003378502B01D0702BF1
:1014800040D173782B2B31D02D2B33D0711C4FF0E2
:1014900000090878FFF77EFF431EDBB2182B31D816
:1014A000A0F1100211F8010FFFF774FF431EDBB229
:1014B000182B22D9B9F1000F00D052421444CAF8B7
:1014C00000100DB3BBF1000F0CBF062700273846F4
:1014D0000BB0BDE8F08F0BF1010B8AE700252C461D
:1014E000AEE73E460125C7E70446FBE74FF000099B
:1014F000B11CCEE74FF00109FAE70A2303FB020211
:10150000103ACFE73146DAE7F31B013B2946072BB8
:1015100049DC029800F0F6FA019B00F114094FF043
:10152000000BC3F101030546CDF81090DA4608938D
:10153000B7423BD3049840F804ABA0EB09008010FD
:1015400028614701504600F0A1FBD8F800603F1A1F
:10155000B74264DDBF1B3946284600F0B1FE824623
:1015600078B17B1E591103F01F024FF0010A59F8A0
:1015700021100AFA02F20A4203D0534546DC4FF02A
:10158000020A39462846FFF7CBFE3C44D8F808301B
:10159000A34252DA2946029800F0E8FA149A00238E
:1015A0001360A32793E701315B10B0E7731E059327
:1015B000079A16F8013C934218D0BBF1200F07D1CF
:1015C000049BC3F800A004334FF0000A0493D346F1
:1015D00016F8010CFFF7DEFE00F00F0000FA0BF02A
:1015E0004AEA000A0BF1040B059B0DE0059B089AE3
:1015F0001344BB42E1D31846019A0399099301F0C1
:101600004BFB099B0028D8D11E4691E7B91E2846FE
:1016100000F056FE0028B2D04FF0030AB1E709DA15
:10162000F71B29463A46029800F06CFCE41B05467D
:1016300000F114094FF0000AA8E7D8F80400A0420E
:101640006ADD041BA6422EDCD8F80C30022B22D017
:10165000032B24D0012B15D1A64213D1012E0BDC74
:10166000069AD8F80430136001232B61C9F80030C2
:10167000149B62271D602AE7711E284600F020FE99
:101680000028EDD12946029800F070FA149A002340
:10169000136050271BE7159B002BE1D0F2E7159B49
:1016A000002BDDD1EEE7671EBAF1000F31D127B173
:1016B0003946284600F004FE82467A11012307F0DD
:1016C0001F0703FA07F759F8223021461F42284620
:1016D00018BF4AF0020A361BFFF722FED8F8044072
:1016E0000227BAF1000F48D0D8F80C30022B15D0E1
:1016F000032B17D0012B09D11AF0020F06D0D9F80D
:1017000000304AEA030A1AF0010F0ED147F0100721
:1017100033E04FF0010AD0E70127E2E7159BC3F160
:1017200001031593159B002BF0D0D5F8109005F10F
:1017300014034FEA890A03EB0A014FF0000C184624
:1017400053F8042BB2F1FF3F1CD001320260022F8C
:1017500005F1140338D1D8F80020013AB2420AD179
:101760007111012206F01F0653F8213002FA06F625
:101770001E4218BF174647F02007149B1D60069BAA
:101780001C60A4E6994243F804CCD8D8AB689945CC
:1017900012DB69680298013100F0B4F92A6902325B
:1017A00005F10C01834692000C30FAF790FD2946B2
:1017B000029800F0DBF95D462B695A1C05EB8303A8
:1017C0002A6101225A61C2E72A694A450BDD0121DB
:1017D0002846FFF7A5FDD8F808300134A342FFF6EC
:1017E000D9AE0127C7E716F01F06FAD09A44C6F112
:1017F00020065AF8040C00F049FAB042E7DBF0E7A3
:10180000C2F10802920070B5C2F120064368046874
:1018100003FA06F52C43D340046040F8043F8842A5
:10182000F4D370BD30B50368013311F8014B14B91E
:101830000360012030BD13F8012BA2F14105192DE1
:1018400098BF2032A242F0D00020F3E72DE9F04FFC
:101850000B6801685F1102EB870713F01F0387B065
:1018600018BF043700253E1F82469046019347F873
:10187000045CB14634460295AB464A784B1C039350
:1018800042B3104605910492FFF784FD002843D12E
:10189000049A0599202A18D8029B9B4513DD4C45D4
:1018A00006D2072D04DC2A4649462046FFF7A8FF4A
:1018B000444544D90023A4F1040944F8043CCDF87C
:1018C00008B04C461D460399D7E7292A4AD1023170
:1018D000CAF80010BBF1000F44D04C4506D2072DCA
:1018E00004DC2A4649462046FFF78AFF444528D9AA
:1018F000434654F8042B43F8042BA642F9D20022A5
:1019000043F8042B9E42FBD233681BB9464527D1CE
:1019100001233360052026E00135082D0BF1010B72
:1019200006DD4445CFD9002344F8043C0125043C9E
:10193000226800F00F0040EA02102060C3E708258B
:10194000C1E7019B002BDFD04FF0FF32C3F1200332
:1019500022FA03F357F8042C1A4047F8042CD3E773
:10196000043ED1E7042007B0BDE8F08F2DE9F84F21
:1019700007468B46904601F0ADFA194B1D689A4612
:101980003DB15C46234613F8012B2AB33D2A1C4681
:10199000F8D1384601F09FFA0020BDE8F88F4D4697
:1019A000A94659F8040B0028F3D02246594601F005
:1019B00073F90028F3D159F8043C1E191B5D3D2B27
:1019C000EDD1DAF80030ED1AAD103846C8F8005005
:1019D00001F081FA701CE0E7A4EB0B04E0E700BF24
:1019E000D863002007B501AAFFF7C0FF03B05DF878
:1019F00004FB0000004870478063002038B5064CA7
:101A0000002305460846236002F03CF9431C02D13E
:101A1000236803B12B6038BD609C002010B50446DC
:101A200000F00AF830B92046FAF797FA003018BFEC
:101A3000012010BD0120FCE7FF2810B5044606D8A0
:101A4000FAF712FB2044407800F0030010BD00209C
:101A5000FCE7FF2810B504460BD8FAF705FB204435
:101A600090F90130002B06DBA4F1090358425841DC
:101A700010BD0020FCE70120FAE7FF2810B504465E
:101A800006D8FAF7F1FA2044407800F0200010BDA3
:101A90000020FCE7FAF796BA0028B8BF404270472A
:101AA000F0307047044B1B68186A044B002808BFCD
:101AB0001846F030704700BFA46100200862002083
:101AC00038B5074C054608461146002222601A46E2
:101AD00002F0E8F8431C02D1236803B12B6038BD43
:101AE000609C002010B54AB10023CC5C40F8234034
:101AF00014B101339342F8D1184610BD1346FBE7E9
:101B00007047704770B5456A04460E463DB91020CF
:101B1000E0F730F96062C0E901550560C560656AAB
:101B2000EB6883B1636ADB6853F82600B8B901211A
:101B300001FA06F56A1D92002046FAF7F4FB60B13F
:101B4000C0E901650EE0212204212046FAF7EBFBF3
:101B5000636AE860DB68002BE4D1002070BD026896
:101B600043F826200023C0E90333F7E770B5446A41
:101B700006460D463CB91020E0F7FCF87062C0E95B
:101B800001440460C4603DB1736A6A68DB6853F85D
:101B90002210296043F8225070BD2DE9F0410D69F3
:101BA0001F4606460C4601F1140C0023DCF8000029
:101BB00081B202FB01710F0C000C02FB007089B2B4
:101BC000013301EB00419D424FEA10474CF8041BE2
:101BD000ECDCD7B1A368AB4212DC6168304601315E
:101BE000FFF790FF2269023204F10C018046920057
:101BF0000C30FAF76CFB21463046FFF7B7FF44463E
:101C000004EB850301355F6125612046BDE8F08165
:101C10002DE9F8430C4615461F46092208330646AF
:101C200093FBF2F3002101229A4220DB3046FFF7BA
:101C300069FF089B4361092D4FF00103036119DD22
:101C400004F10908C1462C4419F8013B0146303B18
:101C50000A223046FFF7A1FFA145F5D108EB0504A4
:101C6000083C2D1B6319BB4207DBBDE8F88352001B
:101C70000131D9E70A340925F3E714F8013B01469D
:101C8000303B0A223046FFF788FFEBE7020C1204D4
:101C90000346B2B90304102013F07F4F04BF1B02A8
:101CA000083013F0704F04BF1B01043013F0404F95
:101CB00004BF9B000230002B06DB5B0003D5013024
:101CC00070470020E8E720207047036813F0070200
:101CD00001460BD0DA0723D4980749BF5B089B085D
:101CE00001200B605CBF0B600220704798B2A8B95E
:101CF0001B0C102013F0FF0F04BF1B0A08301A073B
:101D000004BF1B0904309A0704BF9B080230DA079E
:101D100002D45B0806D001300B6070471046E9E73B
:101D2000002070472020704710B50C460121FFF7B6
:101D3000E9FE01224461026110BD2DE9F74F14460E
:101D40000A6923699A42B8BF0B468846BCBFA046C1
:101D50001C46D8F81070D4F81090D8F80830D8F88D
:101D6000041007EB0906B342B8BF0131FFF7CAFE02
:101D700000F1140505EB860E2B460022734516D3A1
:101D800004F1140208F1140102EB890301EB870747
:101D90000093009B019293420CD8002E03DD5EF865
:101DA000043D002B5DD0066103B0BDE8F08F43F821
:101DB000042BE3E7B2F800B0BBF1000F23D0894653
:101DC000AC464FF0000859F8044BDCF800A0A3B271
:101DD0001FFA8AFA0BFB03A34FEA144ADCF800400F
:101DE00043444FEA14480BFB0A8404EB1344E246D5
:101DF0009BB243EA04434F454FEA14484AF8043B78
:101E00002BD8CCF80480019BB3F802A00432BAF1BD
:101E1000000F20D02B688946A8464FF0000BB9F878
:101E200000C0B8F802400AFB0C445C44C4469BB2B4
:101E300043EA04434CF8043B59F8043BB8F804B0B7
:101E40001B0C0AFB03B303EB14434F454FEA134B40
:101E500005D8C8F8043004359BE7D446B3E7E0461C
:101E6000DDE7013E99E700002DE9F843154612F041
:101E7000030206460F4607D0013A214C002354F8CE
:101E80002220FFF78AFE0746AD1035D0746A3CB9B0
:101E90001020DFF76FFF7062C0E901440460C46086
:101EA000D6F82480D8F808404CB940F27121304669
:101EB000FFF73AFF0023C8F80800044603604FF01C
:101EC0000008EB070AD5394622463046FFF735FFB2
:101ED000394681463046FFF749FE4F466D100BD01C
:101EE000206838B9224621463046FFF726FF206099
:101EF000C0F800800446E4E73846BDE8F88300BF38
:101F0000D88005002DE9F0470C464FEA621A236994
:101F100049680AEB0309A3680746164609F101055B
:101F2000AB4232DB3846FFF7EDFD0023804600F17F
:101F300014011A4653452BDB20692AEAEA7A04F198
:101F4000140316F01F0201EB8A0103EB800C25D06D
:101F5000C2F1200E00201E688A46964030434AF89F
:101F6000040B53F8040B9C4520FA0EF014D848607B
:101F700008B109F10205013D3846C8F81050214664
:101F8000FFF7F4FD4046BDE8F08701315B00C7E78D
:101F900041F823200133CDE75146DCE7043953F8FB
:101FA000042B41F8042F9C45F9D8E4E703690A693A
:101FB0009B1A30B50CD1920014301431841811449E
:101FC00054F8045D51F8042D954203D005D3012344
:101FD000184630BDA042F3D3FAE74FF0FF33F7E7DE
:101FE0002DE9F0470D460746114628461446FFF7EF
:101FF000DDFF061E08D131463846FFF783FD012379
:10200000C0E90436BDE8F087A4BF23462C46384615
:102010006168A6BF1D4600260126FFF773FD2B69E8
:10202000C660266905F1140904F1140202EB860763
:1020300009EB830800F114054FF0000E52F804ABD1
:1020400059F8044B1EFA8AF1A3B2C91A230CC3EB48
:102050001A4303EB214389B24FEA234EC84541EAB4
:102060000343944645F8043BE8D8BC4504D355F8EF
:10207000043D83B10661C5E75CF8041B1EFA81F3D9
:102080001A1402EB11429BB243EA02434FEA224E7A
:1020900045F8043BE9E7013EE9E70000124B10EE8A
:1020A000902A1A40A2F15073002B04DD002019463B
:1020B00041EC100B70475B421B15132B4FF00000D7
:1020C0004FF0000104DC4FF4002242FA03F1EFE785
:1020D000143B1E2B4FF00102DABFC3F11F0302FABB
:1020E00003F313461846E3E70000F07FF8B50569EF
:1020F00000F1140707EB85052E1F55F8044C204608
:10210000FFF7C4FDC0F120030A280B60DFF874C09C
:1021100014DCC0F10B0E24FA0EF1B74241EA0C03B5
:1021200034BF55F8081C0021153004FA00F021FADC
:102130000EF140EA010243EC102BF8BDB7423ABF62
:10214000A5F1080655F8081C00210B3815D084406D
:10215000C0F1200544F07F5444F44014BE4221FAFB
:1021600005FC44EA0C038CBF56F8044C002401FA29
:1021700000F0EC4040EA0402DDE744EA0C030A46C2
:10218000D9E700BF0000F03F2DE9F7430E460121DB
:1021900059EC108B1546FFF7B5FCC9F30A540746F6
:1021A000C9F3130334BB0193B8F1000327D002A88D
:1021B00040F8083DFFF789FD0099F0B1019AC0F1A0
:1021C000200302FA03F30B43C2407B610192019B9F
:1021D000BB61002B14BF022101213961C4B1A4F2FB
:1021E000334404443460C0F135002860384603B0FD
:1021F000BDE8F08343F48013D5E77961E7E701A8F0
:10220000FFF763FD019B7B61012139612030E5E728
:1022100007EB8103A0F2324030601869FFF736FD0A
:10222000C0EB4110E1E72DE9F74F8846694681464A
:10223000FFF75CFF01A9404657EC106BFFF756FF14
:10224000D9F81030D8F81020A3EB020CDDE90032E9
:102250009B1A03EB4C135BEC10AB002BCEBF3A4642
:10226000C3EB03335A4659463D46D4BF02EB0351F4
:1022700002EB0355304610EE102A0B462946F8F7BC
:102280003DFF41EC100B03B0BDE8F08F013910B5F4
:1022900049111469013102F1140300EB810103EBD0
:1022A0008404A342024603D300238A4205D310BD0F
:1022B00053F8042B40F8042BF3E742F8043BF4E70F
:1022C00000F1140200694B11984210B511DB0ADDD0
:1022D00011F01F0107D052F8234024FA01F000FA50
:1022E00001F18C420BD102EB8303934203D800200F
:1022F00010BD0346F7E753F8041D0029F5D001206F
:10230000F6E7F8B5074614460E4621B91146BDE872
:10231000F840FAF765B822B9FAF714F825462846C6
:10232000F8BD00F0D9FDA0420FD221463846FAF799
:1023300057F805460028F2D031462246F9F7C7FF84
:1023400031463846F9F7FEFFE9E73546E7E72DE97C
:10235000F0478E689E4282460C469046994637D892
:102360008A8912F4906F31D0256809696F1A6569FE
:10237000022305EB450595FBF3F509F101033B4409
:102380009D4238BF1D46530530D52946FAF728F837
:10239000064650B90C23CAF80030A38943F0400325
:1023A000A3814FF0FF30BDE8F0873A462169F9F785
:1023B0008EFFA38923F4906343F08003A3812661F9
:1023C00065613E44ED1B2660A5604E464E4500D932
:1023D0004E46324641462068F9F784FFA3689B1BAE
:1023E000A36023681E4426600020DCE72A46FFF72E
:1023F00088FF06460028E2D121695046F9F7A2FF7E
:10240000C8E700002DE9F04F9DB0804603938B890B
:102410001D060C4616460FD50B696BB94021F9F71E
:10242000DFFF2060206128B90C23C8F800304FF08E
:10243000FF30C7E0402363610023099320238DF818
:10244000293030238DF82A304FF0010B37463D46B6
:1024500015F8013B0BB1252B3ED1B7EB060A0BD08B
:102460005346324621464046FFF771FF013000F0E7
:10247000A480099B534409933B78002B00F09D8076
:1024800000234FF0FF32CDE90523049307938DF825
:1024900053301A932F46052217F8011B4F48F9F7BE
:1024A000B7FE049BD0B9D90644BF20228DF8532033
:1024B0001A0744BF2B228DF853202A782A2A15D0D8
:1024C000079A2F4600200A25394611F8013B303B78
:1024D000092B4DD9B8B10FE02F46B8E73F4A801A13
:1024E0000BFA00F0184304903D46D3E7039A111D00
:1024F00012680391002A01DB079204E0524243F084
:102500000203079204933B782E2B0CD17B782A2B65
:1025100033D1039B1A1D1B680392002BB8BF4FF0E9
:10252000FF33023705932E4D397803222846F9F7F9
:102530006FFE38B14023401B03FA00F0049B0343B5
:1025400001370493397827488DF8281006227E1C1D
:10255000F9F75EFE002838D0234B13BB039B0733EB
:1025600023F0070308330393099B4B4409936DE75A
:1025700005FB023201200F46A6E700230137059331
:1025800019460A25384610F8012B303A092A03D992
:10259000002BC8D00591C6E705FB012101230746A2
:1025A000F0E703AB00932246104B04A94046FAF72C
:1025B00043F9B0F1FF3F8146D6D1A3895B063FF5D1
:1025C00036AF09981DB0BDE8F08F03AB00932246EB
:1025D000064B04A94046FAF7E5FBEAE7287C05002C
:1025E0002E7C0500327C050039C804004F2305000D
:1025F00038B54B1C144603D14FF0FF35284638BD83
:10260000938923F020039381636B5268CDB28BB121
:10261000A36B934208DD23685A1E226003F8015C15
:10262000636801336360E9E72146FCF7B3FD0028E6
:10263000F1D0E1E72169236851B1994208D213F83A
:10264000011CA94204D1013B013223606260D5E73D
:10265000C4E90F3204F1440363630323A3632346F5
:1026600003F8465F23600123DCE710B50C46496B95
:1026700069B104F14403994201D0F9F763FE236C78
:1026800063600020606313B1E36B236010BD2369B6
:10269000236000236360A38943F02003A3814FF0EC
:1026A000FF30F3E72DE9F04FADF5257D0DF10C0876
:1026B00001930023469347939E4BA293DFF87C92AD
:1026C0009D4BCDF8208106460C469246A3930A27DF
:1026D0009AF80030002B00F02A815546F9F7C4FC27
:1026E00015F801BB5844437813F008031CD0636805
:1026F000002B12DDF9F7B8FC23681A7810444278F1
:10270000120701D4AA46E3E7479A0132479262686A
:102710000133013A62602360E9E7A39B214630461A
:1027200098470028E6D0EDE7BBF1250F40F0828006
:10273000459343939AF801302A2B03D110234393F6
:102740000AF10205AA4615F8011BA1F13002092A77
:1027500022D903227948F9F75BFD38B1A0EB0903D0
:1027600001209840439B18434390AA469AF80030B2
:10277000672B0AF101052BD8652B80F09F80472B32
:1027800010D8452B80F09A80002B6CD0252B51D08F
:1027900003234993449727E0459B07FB0313303BF2
:1027A0004593CFE75B2B6AD00CD8582BF0D1439AD6
:1027B00042F400724392102244926E2B8CBF042389
:1027C000032310E0632B65D0642BE1D14497F4E739
:1027D000702B4BD026D86E2B62D04CD8692BD7D11A
:1027E00000234493032349936368002B68DD439BD4
:1027F000590607D4F9F738FC23681A781044427850
:10280000120764D4499B022B73DC01AB224643A917
:10281000304600F097F8012800F0898002287FF404
:1028200071AF1DE0752BD1D0782BC0D0732BAFD1F9
:102830000223D8E76368002B0CDD23681A785A4519
:1028400075D1013362682360479B013A01336260AE
:10285000479357E7A39B2146304698470028ECD082
:102860004698002859D14FF0FF305CE0439A42F07F
:10287000200243929BE7082344930423B3E72946AD
:10288000404600F0C9F9439B43F04003439305469B
:102890000123A8E7439B43F0400343930023A2E7AF
:1028A0004398C3063FF52EAF019B479A191D01912E
:1028B0001B68C0074CBF1A801A6023E7052392E704
:1028C000A39B214630469847002890D0C8E7479AF6
:1028D000013247926268013A002A626002DD0133E8
:1028E000236087E7A39B214630469847002881D084
:1028F000B6E7042B06DC01AB224643A9304600F0C4
:1029000085F888E70E4B002B3FF4FCAE01AB224666
:1029100043A93046AFF300807DE7A38913F0400F51
:1029200018BF4FF0FF300DF5257DBDE8F08F4698BC
:10293000F9E700BFF12505006B2605002E7C050098
:10294000000000002DE9F04115468A6880460C46DB
:1029500032B98A69002A14BF4FF0FF3201228A601F
:102960002268D1065FBF1A68111D1960176800261A
:10297000A369DBB1012B07D12B6862691B78D35C9B
:10298000A3B9002E32D106E0022B07D0002E2DD1A4
:10299000A369012B2AD10120BDE8F081F9F764FB7E
:1029A0002B681B78184443781B07EFD42368DA069A
:1029B0005EBF2B681B783B702A686B6802F10102CE
:1029C0002A60A26803F1FF3302F1FF326B6006F167
:1029D000010658BF0137A26042B1002BC8DCD4F811
:1029E00080312946404698470028C1D0236813F01B
:1029F000100305D1E2680132E260A26902B13B70C6
:102A000023691E4426610020C6E700002DE9F04F2F
:102A10009A46744B0C468346164693E8070087B0E7
:102A200003ABA76883E807006F4BA1696F4A0329CE
:102A300008BF1A467B1EB3F5AE7F84BF40F25D131C
:102A4000A3602368009243F4506388BF6FF4AE75AF
:102A500004F11C0923608CBF7F1900274B464FF0FF
:102A600000080193316803AB022253F8280009786B
:102A7000F9F7CEFB019B30B3B8F1010F5AD1626870
:102A80002AB92268082142F400726160226022683B
:102A900022F4A0622260A268511EA1609AB132683D
:102AA000511C316012781A705D1C7368013B002B59
:102AB000736007DCD4F880313146584698470028C7
:102AC00040F086802B4608F10108B8F1030FC8D109
:102AD00062680AB90A2262606268454960690193C6
:102AE000891A00F099F8019B4FF000081D46A36871
:102AF0002268002B3AD03168606991F800C010F864
:102B00000C00002832D0BCF1300F21D110051FD5A8
:102B100008F1010817B10133013FA3607368013B5D
:102B2000002B73601BDD336801333360A368013B06
:102B3000A360DCE7B8F1020FADD1226802F4C061F6
:102B4000B1F5007FBFD11021616042F48072A1E72E
:102B500022F4106222600B782B700135DEE7D4F886
:102B600080313146584698470028DFD02368D90580
:102B70000CD54D4508D915F8011CD4F87C313246E6
:102B8000584698476F1E3D464D4529D0226812F0A1
:102B9000100213D12A706368009E49465846B04718
:102BA000DAF8003021681A1DCAF8002011F0200F51
:102BB0001B6810D01860E3680133E360A5EB0905DA
:102BC000A844256945442561002007B0BDE8F08F81
:102BD0004FF00008CAE7CA074CBF18801860EAE740
:102BE0000120F2E7E4800500B9EC0400D1ED040017
:102BF0000081050038B5074C0546084611460022FD
:102C000022601A4601F056F8431C02D1236803B132
:102C10002B6038BD609C002070B50B785E2B13BF15
:102C20004A1C8A1C4B78002108BF0121441E00F178
:102C3000FF0504F8011FAC42FBD113B9013A10465D
:102C400070BD81F00104C454511C11F8015C2D2D9C
:102C500001F1FF360A4606D05D2DF0D00DB932469F
:102C6000EDE72B46EFE70E785D2EFAD0B342F8DCA5
:102C700001339E42C454FBDC0231E6E79FED010ABA
:102C8000704700BF0000C07F034611F8012B03F816
:102C9000012B002AF9D1704710B56AB101398418A7
:102CA00010F8013B11F8012F934203D1A04201D04B
:102CB000002BF5D1981A10BD1046FCE70CB430B5C6
:102CC000184BB1F1005F9DB00C461D6804D38B23F7
:102CD0002B604FF0FF301EE04FF40273ADF814305C
:102CE00002900690E1B101F18043013B9B00049307
:102CF00007934FF6FF73ADF81630209A21AB02A967
:102D00002846019300F060F9002CE0D0029B0022DD
:102D1000A0421A60DBD21DB0BDE8304002B070475F
:102D20000B46E4E7A46100202DE9F74F8046FEF74B
:102D300061FE40F2B173984540F398806FF4F663FA
:102D400043449B1040F26D12A8F2B27502FB0535A8
:102D50006FF06302A8F26D7393FBF2F31D444FF41E
:102D6000C8736FF4C86298FBF3F703FB17874244FC
:102D7000B7FA87FC92FBF3F208F0030315446422D0
:102D8000C0F8048098FBF2F64FEA5C1C02FB168642
:102D9000044600F1500B00934FF0070E227A63694E
:102DA0004A2A28D10099EA1801B906B90FBB3B2B72
:102DB000D4BF0023012313445A1EA3692C4901FBED
:102DC0000232A36A13441A46DB17C4E908232834E5
:102DD000A345E3D1D0E90845D0E91223944275EB2D
:102DE0000303B4BF012300230360012003B0BDE847
:102DF000F08F0023DFE7442A01D1EA18DDE7009ACB
:102E000072BB002E0CBFE1464FF00109302202FBDD
:102E100009F9E26801924FF000082A4608F101081A
:102E2000144909EB880A8A4401995AF804AC4145CF
:102E300018DC02F1040898FBFEF9C9EBC909A8EBFC
:102E40000909B3EB0909236903F1FF3348BF09F10D
:102E50000709C3EBC3034B44534505DA1A44ACE7F7
:102E6000E146D3E75244D9E7073BF5E70020BDE749
:102E7000805101000C810500021F52F8040F51F827
:102E8000043B984201D0C01A01E00028F5D17047F8
:102E9000002303600439034651F8042F0AB91A606D
:102EA000704743F8042BF7E710B50B466AB1013AB7
:102EB00009D053F8044B40F8044B002CF7D1581AB2
:102EC0008010013810BD0022026053F8042B002A44
:102ED000FBD1F4E77047704751F8043C181F002BF2
:102EE000BCBF0B58C01870472DE9F04F85B0002BC0
:102EF000129F0E9EDDF84CB0DDE9101A1D4627F03A
:102F00002007BBBF03F100431D4600232D231446B9
:102F1000B8BF1446462F0B6004D0452F00D10136B0
:102F2000022100E0032103AB019302AB0093324680
:102F3000534645EC104BFDF757FB472F804602D117
:102F40000F9BDB0726D5462F08EB060911D198F811
:102F50000030302B0AD10022002320462946F8F702
:102F60000BFA18B9C6F10106CAF80060DAF80030A9
:102F700099440022002320462946F8F7FDF938B984
:102F80003022039B4B4505D2591C03911A70F8E778
:102F9000CDF80C90039BA3EB0803CBF80030002383
:102FA000DBF800209A4202DD159A934203DB149865
:102FB00005B0BDE8F08F149918F8032041F82320DC
:102FC0000133EDE7000000002DE9F04FD7B01D46BA
:102FD00000238B461D9307460B92FEF763FD0368A3
:102FE0001B781A93BBF80C301E0617D5DBF810308F
:102FF000A3B940213846F9F7F3F9CBF80000CBF834
:10300000100040B90C233B604FF0FF330F930F9833
:1030100057B0BDE8F08F4023CBF814309FEDBC7B58
:103020008DED0C7B0023119313930F930B9E34466D
:1030300054F8043B0BB1252B44D10B9B9E420ED080
:10304000A6EB030843460B9A59463846FFF77FF92B
:10305000013000F0B0810F9B03EBA8030F9333689E
:10306000002B00F0A88100222346199211464FF050
:10307000FF340E9292460A201E1DD3F800800B9654
:10308000B8F1630F00F0848100F29080B8F1300F46
:1030900000F0758129D8B8F12A0F00F0478116D8C1
:1030A000B8F1200F00F02A81B8F1230F00F02A8137
:1030B000B8F1000F00F07F810023CDF8B88019939C
:1030C0000A9585E12646B2E71D460B9BD4E7B8F189
:1030D0002D0F00F03481B8F12E0F00F03381B8F1DC
:1030E0002B0FE5D101224146EFE7B8F1450F1FD084
:1030F00013D8B8F1390FDBD800230E930E9B00FBD9
:103100000388A8F130030E930B9B53F8048B0B93A9
:10311000A8F13003092BF1D9B2E7B8F14C0F00F058
:103120003181B8F1580F00F0CF80B8F1470FBFD10F
:1031300002B11991073525F0070595ED007B05F1E2
:1031400008038DED0C7B0A930C9B14930D9B23F0CD
:10315000004315934FF0FF326F4BDDE9140100F08F
:10316000CBFC002840F03B814FF0FF326A4BDDE999
:103170001401F8F715F9002840F0318100220023EE
:10318000DDE90C01F8F702F908B12D231993634A20
:10319000634BB8F1470F8CBF9146994600232AF044
:1031A000800A099303241E463546B7E1B8F16E0F35
:1031B00000F061822FD8B8F1670F20D8B8F1650F01
:1031C000B6D202B119912A461AF0100F52F8043BF8
:1031D0000A9203D11AF0400F18BF1BB2002B02DA7B
:1031E0002D225B421992621C40F0AD82092B00F245
:1031F000D18230330DF5AC7949F8043DBFE2B8F126
:10320000690FDED0C0F0C180B8F16C0F7FF450AF11
:103210004AF0100A59E7B8F1710FF9D026D8B8F181
:103220006F0F00F04382B8F1700F7FF441AF2B1D98
:10323000302278210A93CDE91E212B68394A119258
:103240004AF0020A022288460021601C199100F00F
:103250007D8251462AF0800A002B40F07782002CB4
:1032600000F0B282012A40F07482C2E7B8F1750F13
:1032700000F05882B8F1780F00F06182B8F1730F56
:103280007FF416AF2B1D0A93D5F8009000231AF097
:103290001005199340F02E82661C00F0158222461C
:1032A000194648462646F8F7B3FF08B1A0EB0906D1
:1032B000272E40F20E82711C89003846F9F790F8EB
:1032C000002872D0099007E202B11991164B1193B0
:1032D0002A461AF0100F52F8043B0A9203D11AF052
:1032E000400F18BF9BB21AF0010F05D023B1302256
:1032F000CDE91E284AF0020A0222A5E700297FF440
:10330000E4AEEFE64AF0010ADFE600BFAFF300806B
:103310000000000000000000FFFFEF7F7C8105003F
:103320006C810500F0810500AC8105002B1D2D6826
:103330000E95002DBFF6C8AE6D420E951D464AF0A3
:10334000040AC2E60B9C0B9BD4F80080B8F12A0F4C
:1033500003F1040311D12C680B9344EAE47404359F
:10336000B3E653F8048B00FB0464A8F13006092E81
:10337000F7D944EAE4740B9382E60024F5E74AF0B7
:10338000800AA2E64AF0080A9FE64AF0400A9CE654
:1033900002B119912B461AF0100F53F8040B0A933F
:1033A00012D1F8F7A3F9441C0ED1BBF80C3043F04E
:1033B0004003ABF80C30BBF80C3013F0400F0F9B00
:1033C00018BF4FF0FF3321E600232E902F9319935F
:1033D000099301241E461D460DF1B8099EE0DDE962
:1033E0000C231046194600F087FB38B10D9BAC4A00
:1033F000002BBCBF2D231993AA4BCAE6611C00F019
:10340000FF8028F02003472B02D1002C08BF0124A5
:103410004AF480731093282307931DABCDE90483EE
:10342000109B2EA91CAE1BAD0691CDE9004303965F
:103430000295DDE90C2338460991FFF755FD0999FE
:103440008842814640F0DE801D99282940F3DA80C9
:1034500089003846F8F7C4FF09900028A5D01D9BC5
:103460000793099B06931DABCDE90483109BCDE91F
:103470000256CDE900433846DDE90C23FFF734FD61
:10348000814628F02003472B1C9D40F0BE80EA1C9B
:103490001D9B02DBAC4280F2D880A8F102086B1EB3
:1034A000002B1C93BABFC5F101032D222B22092B3F
:1034B000CDF88080219240F3BC802EAA0A2493FB91
:1034C000F4F004FB10333033092842F8043CA2F135
:1034D0000401034600F3A680303341F8043C083A67
:1034E00022A92EA882420B46C0F09E8020AA9B1AD9
:1034F0009B1013931D9B139A012B03EB020402DC18
:103500001AF0010501D0013400251B9E002E00F0A9
:1035100063812D23DDF840A019930026A64233468F
:10352000B8BF23461093199B13B1109B013310931E
:103530001AF0020316931EBF109B023310931AF069
:103540008403179300F04D81199B43B1042319AAFA
:1035500059463846FEF7FBFE013000F05581169BB8
:1035600043B108231EAA59463846FEF7F0FE013043
:1035700000F04A81179B802B12D10E9B109A9B1A48
:10358000002B12930CDD129B102B00F352819B0039
:10359000454A59463846FEF7DAFE013000F03481DC
:1035A000361B002E0BDD102E00F34F81B3003E4A78
:1035B00059463846FEF7CBFE013000F025811AF45B
:1035C000807F40F04C81A3004A4659463846FEF7BA
:1035D000BEFE013000F018811AF0040F40F06B823B
:1035E000DDE90E2310998A42ACBF9B185B180F933C
:1035F000099B002B51D009993846F8F7A3FE4CE0FF
:10360000062405E7002309933BE7B8F1660F7FF432
:1036100046AF002D13DD14B91AF0010F25D0013487
:103620002C4472E70A464AE752F8043B41F8043B4F
:1036300058E7302213442393229224AB56E714B95F
:103640001AF0010F13D002345FE7AB4206DC1AF028
:10365000010F0ED06C1C4FF0670856E7002DD4BF49
:10366000C5F1020401241C44F5E72C464DE7012472
:103670004BE72C46EFE702B119912B1D1AF0100F02
:103680000A9303D02B680F9A1A6006E01AF0400FD5
:10369000F8D02B68BDF83C201A800A9DC6E400BF14
:1036A0009C8105008C8105007C8205002A461AF069
:1036B000100152F8043B0A9204D11AF040023FF480
:1036C000C3AD9BB20022BFE54846FAF7F9FB0646B8
:1036D000EEE5002309932EA80024A64204D100267B
:1036E00040F82460814619E719F8043040F8243086
:1036F0000134F2E7651C10D0224600214846FCF751
:1037000035FE099000286AD0A0EB09039B109C426B
:10371000A8BF1C460023099345E54846FCF7AAFCD0
:103720000446F7E72A461AF0100F52F8043B0A92B3
:1037300003D11AF0400F00D09BB2012284E502B100
:103740001991B74BC3E55146012283E5012A3FF4A5
:103750004DAD022A2CD056AA03F007013031DB0808
:10376000A2F1040942F8041C12D11AF0010F06D08C
:10377000302904D0302349F8043CA2F1080956ABA3
:103780002646A3EB09040023A41009931D46C5E6B1
:103790004A46E1E70DF5AC790A21B3FBF1F201FBF2
:1037A0001233303349F8043D1346002AF5D1E6E7D9
:1037B0000DF5AC7903F00F0211991B0951F8222085
:1037C00049F8042DF6D1DAE70DF5AC79002AD6D107
:1037D000C907D4D530230FE5DDF840A09EE6099E49
:1037E000E2E40E9B109A9B1A002B12937FF7ACAE6B
:1037F000129B102B11DC9B008A4A59463846FEF773
:10380000A6FD01307FF4A0AE099B002B3FF4D3ADA1
:1038100019463846F8F796FDCDE54023814A5946CA
:103820003846FEF794FD0130EED0129B103B129308
:10383000DEE740237C4A59463846FEF788FD0130D2
:10384000E2D0129B103B12939DE64023764A5946E4
:103850003846FEF77CFD0130D6D0103EA3E6B8F125
:10386000650F40F2E58000220023DDE90C01F7F747
:1038700083FD60B304236D4A59463846FEF767FD61
:103880000130C1D0DDE91C239A4203DB1AF0010F9D
:103890003FF4A2AE04231AAA59463846FEF757FD54
:1038A0000130B1D01D9C013C002C7FF795AE5E4DE0
:1038B000102C02DCA3005C4A87E640232A465946C6
:1038C0003846FEF744FD01309ED0103CF0E71C9BCB
:1038D000002B35DC0423554A59463846FEF737FDA0
:1038E000013091D01C9B2BB91D9B1BB91AF0010F05
:1038F0003FF472AE04231AAA59463846FEF727FD54
:10390000013081D01C9C002C0CDA474D6442102CF5
:103910000BDCA300444A59463846FEF718FD013037
:103920003FF472AF1D9B9B004EE640232A4659464A
:103930003846FEF70CFD01303FF466AF103CE6E779
:103940001D9C44F31D04AC42A8BF2C46002C20DC77
:10395000002CACBF2C1B2C46002C0BDD324E102C47
:1039600020DCA300304A59463846FEF7F0FC01300F
:103970003FF44AAFDDE91C239A424FEA85051CDA81
:1039800004231AAA59463846FEF7E1FC013017D144
:103990003AE7A3004A4659463846FEF7D8FC0130BC
:1039A000D6D131E74023324659463846FEF7CFFCA0
:1039B00001303FF429AF103CD1E71AF0010FDFD1FD
:1039C0001D9BC5EB8304A2101C9C1C1B9442A8BF2A
:1039D0001446002C09DDA30009EB050259463846C0
:1039E000FEF7B5FC01303FF40FAFDDE91C23002CDE
:1039F000A3EB0203ACBF1C1B1C46002C7FF7ECADF5
:103A0000094D102C7FF756AF40232A4659463846B9
:103A1000FEF79DFC01303FF4F7AE103CF1E700BF2C
:103A2000F08105003C8205007C820500348205009F
:103A30001D9B012B4A464FF004035946384602DCD1
:103A40001AF0010F1BD0FEF782FC01303FF4DCAE10
:103A500004231AAA59463846FEF779FC01303FF490
:103A6000D3AE1D9C00220023DDE90C01013CF7F7D9
:103A700083FC68B9A30009F1040259463846FEF7F1
:103A800066FC01303FF4C0AE139B20AA9B009CE56E
:103A9000002CF9DD164D102C02DCA300144AECE7D3
:103AA00040232A4659463846FEF751FC01303FF480
:103AB000ABAE103CEFE70E9B109A9C1A002C7FF7E0
:103AC0008FAD102C09DCA3000A4A59463846FEF790
:103AD0003EFC01307FF484AD96E64023054A59460A
:103AE0003846FEF734FC01303FF48EAE103CE8E778
:103AF0007C8205003C8205004FEA410C7FEA6C5C49
:103B000002D150EA013C0AD14FEA430C7FEA6C5CD7
:103B100002D152EA033C02D14FF0000070474FF04F
:103B2000010070474FEA410212F5001215D211D57B
:103B30006FF47873B3EB625212D94FEAC12343F0AA
:103B4000004343EA505311F0004F23FA02F018BF2C
:103B5000404270474FF00000704750EA013005D1F5
:103B600011F0004008BF6FF0004070474FF00000B8
:103B7000704700BF4A0011D212F5001211D20DD5C4
:103B80006FF47873B3EB62520ED44FEAC12343F063
:103B9000004343EA505323FA02F070474FF000000D
:103BA000704750EA013002D14FF0FF3070474FF0BC
:103BB000000070474FEA4102B2F1E04324BFB3F581
:103BC000001CDCF1FE5C0DD901F0004C4FEAC00294
:103BD0004CEA5070B2F1004F40EB830008BF20F078
:103BE0000100704711F0804F21D113F13872BCBF32
:103BF00001F00040704741F480114FEA5252C2F187
:103C00001802C2F1200C10FA0CF320FA02F018BFCF
:103C100040F001004FEAC1234FEAD32303FA0CFC22
:103C200040EA0C0023FA02F34FEA4303CCE77FEAB1
:103C3000625307D150EA01331EBF4FF0FE4040F4FB
:103C40004000704701F0004040F0FE4040F40000AA
:103C5000704700BF024B58221A604FF0FF30704788
:103C6000609C0020024B58221A604FF0FF307047D2
:103C7000609C0020024B58221A604FF0FF307047C2
:103C8000609C0020024B58221A600020704700BF41
:103C9000609C0020024B58221A604FF0FF307047A2
:103CA000609C0020024B58221A604FF0FF30704792
:103CB000609C0020024B58221A604FF0FF30704782
:103CC000609C0020FEE700BFF8B500BFF8BC08BC50
:103CD0009E467047F8B500BFF8BC08BC9E467047CA
:103CE00054696E795553422053657269616C0000C6
:103CF000000000000000000031650200896302003E
:103D0000796302006D630200F16202003D6302000C
:103D100011630200D1630200F0FFFFFF000000000A
:103D20002965020012010002000000409A23298048
:103D3000000101020301000009020900000100A0C6
:103D400032000000303132333435363738394142B1
:103D5000434445464C696C79676F0000542D496DAA
:103D600070756C73652D506C75732D6E52463532BF
:103D70003834300041646166727569740000000077
:103D80004D6173732053746F7261676500000000AA
:103D9000312E30007573626400000000050F390099
:103DA000021810050038B60834A909A0478BFDA0F9
:103DB000768815B665000101011C100500DF60DD85
:103DC000D88945C74C9CD2659D9E648A9F0000039C
:103DD00006B200020001030000000000197002009A
:103DE000A9700200D57002001D7102002972020044
:103DF000FD7202000000000000000000757D02005E
:103E000000000000857D0200957D02002D7E0200ED
:103E10007D7F02000000000000000000B574020079
:103E2000CD740200D1740200E9740200B175020081
:103E3000D97702000000000000000000758C02002D
:103E4000998C02009D8C0200C18C0200E98D020059
:103E5000699502000000000000000000997802004F
:103E600009790200357902005D790200917A020039
:103E7000957A020000000000000000004D8602005C
:103E8000A5860200C1860200E58602003D6D0200A3
:103E90001D880200000000005F757362645F71643A
:103EA000656600000000000000000000EDCB02008D
:103EB000F5CB020001CC020019CC0200F1CB0200CC
:103EC00053474D3431353632787820696E697469DC
:103ED000616C697A6174696F6E206661696C656492
:103EE000000000000000000000000000D5D002002B
:103EF000FDD00200996A0200B9D00200BDD00200D4
:103F0000C5D00200CDD002006C6962726172696531
:103F1000735C6370705F6275735F647269766572FB
:103F20005C7372635C6275735C6932635C68617256
:103F300064776172655F6932635F322E637070000F
:103F400048617264776172654932633220636F6ED3
:103F500066696720616464726573733A202523582B
:103F60000A00000048617264776172654932633209
:103F700020636F6E666967207364615F3A20256411
:103F80000A000000486172647761726549326332E9
:103F900020636F6E6669672073636C5F3A202564E7
:103FA0000A000000486172647761726549326332C9
:103FB00020636F6E66696720667265715F687A3A22
:103FC00020256420687A0A00616464726573732036
:103FD0006973206E756C6C0A00000000577269747A
:103FE00065206661696C65640A000000627566663A
:103FF00065722069732066756C6C2028777269740D
:1040000074656E3A2025752C20657870656374653B
:10401000643A202575290A006461746120746F6F09
:10402000206C6F6E670A00006E61636B206F6E20FC
:104030007472616E736D6974206F6620616464725E
:104040006573730A000000006E61636B206F6E2061
:104050007472616E736D6974206F6620646174613F
:104060000A0000006F74686572206572726F720AD0
:10407000000000007265717565737446726F6D2083
:104080006661696C65640A000000000000000000C1
:104090000000000000000000000000000000000020
:1040A00035ED020035ED020035ED020035ED020080
:1040B00035ED020079E10200D84005009840050086
:1040C00098400500D84005000000000000000000F6
:1040D0000000000000000000D9D50200F9D802005D
:1040E000E9D5020019D90200D5D60200D5D70200C1
:1040F000D9D80200C9D60200644305007043050008
:104100007C430500884305009443050052656164C3
:1041100020646576696365206964206661696C6501
:10412000640A000043686970206973206E6F742010
:10413000696E697469616C697A65640A00000000DF
:10414000526561642072657365742076616C756573
:1041500073206661696C65640A000000556E6B6EC1
:104160006F776E2069642030783030207265736517
:10417000742076616C756573202852454730343A57
:10418000202523582C2052454730373A20252358E4
:10419000290A0000007803077303064003051A0389
:1041A0000840030CCA0301A400780307B7030640C4
:1041B00003051A0308400301A4000000556E6B6E4E
:1041C0006F776E005265616420726567697374650C
:1041D00072206661696C65640A0000005772697438
:1041E00065207265676973746572206661696C65C4
:1041F000640A00005368697070696E67206D6F64AF
:10420000652064656C6179206F7574206F6620721B
:10421000616E67650A000000527374206661696C04
:1042200065640A00496E6974206661696C65640A98
:1042300000000000556E737570706F7274656420B5
:1042400053474D343135363278782069643A202529
:1042500023580A0052657365742072656769737428
:10426000657273206661696C65640A004964656EF5
:10427000746966792053474D343135363278782069
:104280006661696C6564202869643A202523582991
:104290000A000000496E697453657175656E636547
:1042A000206661696C65640A00000000476574203F
:1042B00025732069642073756363657373202869AF
:1042C000643A20252358290A000000006C696272B4
:1042D00061726965735C6370705F6275735F64724D
:1042E000697665725C7372635C636869705C69327D
:1042F000635C73676D343135363278782E63707055
:10430000000000004465696E6974206661696C652F
:10431000640A00000000000000000000000000002F
:10432000000000000000000000000000A9E2020000
:104330004DE20200544305002443050024430500D8
:1043400054430500000000000000000000000000D1
:1043500000000000B1DA0200F1D90200FDDB02002A
:10436000A1D9020053474D343135363200000000E8
:1043700053474D34313536324100000053474D34F8
:10438000313536324200000053474D343135363234
:104390005300000053474D3431353632534100004D
:1043A0005844050060440500B0430500684405001A
:1043B0005761726E696E67005B6370705F627573E0
:1043C0005F647269766572206C6F675D5B25735DF3
:1043D0002D3E5B25735D5B2575206C696E655D3ACE
:1043E000202573006C69627261726965735C637029
:1043F000705F6275735F6472697665725C73726315
:104400005C746F6F6C2E63707000000056616C7589
:1044100065206F7574206F662072616E6765202855
:104420006770696F2070696E3A202564290A000060
:10443000496E76616C696420617267756D656E7432
:104440000A00000056616C7565206F7574206F66F8
:104450002072616E67650A0044656275670000003E
:10446000496E666F000000004572726F72000000B6
:1044700052656164206661696C65640A0000000031
:104480006C69627261726965735C6370705F62759A
:10449000735F6472697665725C7372635C62757374
:1044A0005C6275735F67756964652E637070000088
:1044B00043686970493263477569646520496E696C
:1044C0007453657175656E63652073686F727420CF
:1044D0006461746120286572726F7220696E646510
:1044E000783A20257A75290A00000000436869702F
:1044F000493263477569646520777269746520661F
:1045000061696C656420286572726F7220696E64DF
:1045100065783A20257A75290A0000004368697099
:10452000493263477569646520496E6974536571E2
:1045300075656E6365206661696C656420286572C7
:10454000726F7220696E6465783A20257A75290A3F
:104550000000000050726F6265206661696C6564DE
:1045600020286E6F7420666F756E642061646472BB
:104570006573733A20252358290A00006C6962721A
:1045800061726965735C6370705F6275735F64729A
:10459000697665725C7372635C636869705C63689A
:1045A00069705F67756964652E6370700000000054
:1045B00000000000010000000200000003000000F5
:1045C00004000000050000000600000007000000D5
:1045D00008000000090000000A0000000B000000B5
:1045E0000C0000000D0000000E0000000F00000095
:1045F0001000000011000000120000001300000075
:104600001400000015000000160000001700000054
:1046100018000000190000001A0000001B00000034
:104620001C0000001D0000001E0000001F00000014
:1046300020000000210000002200000023000000F4
:1046400024000000250000002600000027000000D4
:1046500028000000290000002A0000002B000000B4
:104660002C0000002D0000002E0000002F00000094
:104670000D0A0000000000000000000049E60200F2
:1046800095E6020009E602001DE60200F1E50200DF
:1046900001E60200F9E50200EDE6020011E9020080
:1046A0004DE5020045E50200546D72510000000026
:1046B000546D7220537663006C6F6F7000000000C1
:1046C00043616C6C6261636B000000009496002093
:1046D000D095002078960020C49500208096002078
:1046E000CC9500209C960020D8950020989600201C
:1046F000D4950020A4960020E0950020A0960020EC
:10470000DC9500207C960020C89500208095002034
:104710001096002064950020049600206C950020DF
:104720000C96002088950020189600208495002083
:104730001496002090950020209600208C95002053
:104740001C960020689500200896002000000000BC
:104750000000000000000000587105003D25030026
:1047600079250300000000004C7105008D25030031
:10477000C925030000000000F04F0500DD250300FF
:104780001926030000000000E44F05002D26030059
:10479000692603000000000034710500CD290300E4
:1047A000012A030000000000CC4F0500152A030079
:1047B000492A0300747275650066616C73650000B8
:1047C0007400000072000000750000006500000029
:1047D0000000000066000000610000006C000000A6
:1047E00073000000650000000000000002030004E8
:1047F0002D2B7858303132333435363738396162C1
:104800006364656630313233343536373839414286
:1048100043444546002D2B785830313233343536F9
:1048200037383961626364656641424344454600F6
:104830002D3031323334353637383900474D540056
:1048400048535400414B535400505354004D53545B
:10485000004353540045535400415354004E5354A5
:10486000004345540049535400454554004A5354AD
:1048700000000000470000004D0000005400000050
:104880000000000048000000530000005400000039
:1048900000000000410000004B0000005300000039
:1048A0005400000000000000500000005300000011
:1048B00054000000000000004D0000005300000004
:1048C00054000000000000004300000053000000FE
:1048D00054000000000000004500000053000000EC
:1048E00054000000000000004100000053000000E0
:1048F00054000000000000004E00000053000000C3
:1049000054000000000000004300000045000000CB
:1049100054000000000000004900000053000000A7
:1049200054000000000000004500000045000000A9
:1049300054000000000000004A0000005300000086
:1049400054000000000000004300000090750500C6
:10495000544905004E5374366C6F63616C6535665F
:104960006163657445006C6F63616C653A3A6661BA
:104970006365743A3A5F535F6372656174655F6340
:104980005F6C6F63616C65206E616D65206E6F7426
:104990002076616C696400254C66004300000000CD
:1049A0001C750500B8490500647105001C750500FB
:1049B000D34905001C500500537437636F64656369
:1049C000767449636331305F6D6273746174655FDF
:1049D000744500537437636F646563767449776315
:1049E00031305F6D6273746174655F7445000000FF
:1049F00000000000A0490500DD330300013403007E
:104A0000AF330300BD330300AF330300C5330300EE
:104A1000C9330300CD330300C53303000000000099
:104A2000AC4905001534030039340300A59E040089
:104A3000BD3303005B9F0400C39F0400D933030010
:104A4000D59F0400D19F0400000000007C4A0500AF
:104A50008D340300B534030000000000884A0500CF
:104A6000A1340300C734030062617369635F696F37
:104A7000733A3A636C656172000000001C750500B2
:104A8000944A0500DC6E05001C750500B64A050059
:104A9000DC6E050053743962617369635F696F731B
:104AA000496353743131636861725F747261697410
:104AB00073496345450053743962617369635F6983
:104AC0006F73497753743131636861725F747261D7
:104AD000697473497745450062617369635F7374F4
:104AE00072696E673A3A636F70790025733A205F96
:104AF0005F706F7320287768696368206973202569
:104B00007A7529203E20746869732D3E73697A6531
:104B100028292028776869636820697320257A75B9
:104B2000290062617369635F737472696E673A3AF0
:104B30005F4D5F7265706C6163650062617369638C
:104B40005F737472696E673A3A5F4D5F636F6E733D
:104B50007472756374206E756C6C206E6F74207641
:104B6000616C69640062617369635F737472696E1A
:104B7000673A3A5F4D5F7265706C6163655F61753E
:104B8000780062617369635F737472696E673A3A41
:104B900065726173650062617369635F73747269E2
:104BA0006E673A3A617070656E6400626173696342
:104BB0005F737472696E673A3A696E7365727400F6
:104BC00062617369635F737472696E673A3A5F4DCD
:104BD0005F6372656174650000000000584C050059
:104BE000D93D0300093E0300073D0300093D0300D2
:104BF0000B3D0300213D03003D3D0300413D03000B
:104C0000D93E0300453D03004B3D0300633D0300D7
:104C10002D3E0300693D030000000000604C0500CC
:104C2000F13D03001B3E03006F3D0300713D030097
:104C3000733D0300893D0300A53D0300A93D03002A
:104C40002B3F0300AD3D0300B33D0300CB3D03000C
:104C50007F3E0300D13D030090750500684C0500C0
:104C600090750500914C050053743135626173698C
:104C7000635F73747265616D627566496353743105
:104C800031636861725F7472616974734963454529
:104C9000005374313562617369635F737472656167
:104CA0006D627566497753743131636861725F7400
:104CB0007261697473497745450053743974696D3D
:104CC000655F62617365000090750500BA4C050070
:104CD0005374313063747970655F6261736500008D
:104CE00090750500D04C0500537431306D6F6E65C2
:104CF000795F62617365000090750500E84C0500FE
:104D0000537431336D657373616765735F6261738B
:104D10006500000090750500004D050053743132A8
:104D2000636F64656376745F6261736500000000A1
:104D3000907505001C4D0500000000003C5005006A
:104D4000D9460300F546030057470300D94703003F
:104D5000AF44030000000000FC4F0500000000000D
:104D60000000000035ED020035ED020035ED0200D7
:104D700035ED020035ED020035ED020035ED0200A3
:104D800035ED020035ED020035ED020035ED020093
:104D900035ED02000000000080500500D52B030017
:104DA000F52B0300994403009F440300F3450300DF
:104DB0007F460300934603000000000048500500B2
:104DC000E9440300714503008B7C0300557C03001C
:104DD000218103003584030049870300898B030088
:104DE000318F0300A177030031780300C1780300FD
:104DF0007F8703000000000054500500FD440300BD
:104E000083450300436003001D6003004762030005
:104E10000B6403004F6503007D670300A76903006F
:104E20006D62030000000000D84F0500114503002B
:104E30009545030000000000C04F0500094703002E
:104E40004547030000000000A04F0500652903004E
:104E500085290300374403003D440300DF45030078
:104E600043460300574603006B46030043440300D8
:104E7000494403007144030000000000804F050016
:104E800099290300B9290300D5430300DB4303003C
:104E9000CB450300074603001B4603002F460300D3
:104EA000E1430300E74303000F4403000000000058
:104EB00060500500A9460300C5460300A94403004D
:104EC00007AA0400AD440300000000001C500500C8
:104ED000000000000000000035ED020035ED02008A
:104EE00035ED020035ED020035ED020035ED020032
:104EF00035ED020000000000B8500500C144030079
:104F00004D450300099A03008D9A0300000000003C
:104F1000C4500500D54403005F450300B95C03009D
:104F2000C95D030000000000AC50050025450300EA
:104F3000A7450300CD690300000000008C50050068
:104F400039450300B9450300A5440300678F0300FA
:104F5000D98F03004B900300EF900300939103005F
:104F6000256D2F25642F25790025483A254D0025EC
:104F7000483A254D3A255300252E2A4C660000005C
:104F8000BC740500D05005000000000002000000C5
:104F90004C49050002000000F84C0500020000002A
:104FA000BC740500E650050000000000020000008F
:104FB0004C49050002000000F84C0500020000000A
:104FC0001C750500FC5005004C4905001C750500CA
:104FD0000F5105004C4905001C75050027510500BF
:104FE0004C4905001C750500405105004C49050061
:104FF0001C7505005E5105004C490500BC74050098
:105000007C51050000000000020000004C49050032
:1050100002000000E04C050002000000BC74050026
:105020009951050000000000020000004C490500F5
:1050300002000000304D0500020000001C75050054
:10504000C55105004C4905001C750500D3510500EC
:105050004C4905001C7505000D5205004C49050022
:10506000BC7405004752050000000000020000006B
:105070004C49050002000000144D0500020000002C
:105080001C750500565205004C490500BC7405000E
:105090006552050000000000020000004C490500B8
:1050A00002000000C84C0500020000001C7505004D
:1050B000A05205004C4905001C750500DB52050097
:1050C0004C4905001C750500175305004C490500A7
:1050D000537431306D6F6E657970756E6374497796
:1050E0004C6230454500537431306D6F6E65797098
:1050F000756E637449774C623145450053743131A4
:105100005F5F74696D6570756E63744977450053B0
:105110007431365F5F6E756D70756E63745F636159
:1051200063686549774500537431375F5F74696D13
:105130006570756E63745F63616368654977450088
:10514000537431385F5F6D6F6E657970756E63741F
:105150005F636163686549774C623045450053740D
:1051600031385F5F6D6F6E657970756E63745F6304
:105170006163686549774C6231454500537432314B
:105180005F5F63747970655F616273747261637489
:105190005F6261736549774500537432335F5F63C3
:1051A0006F64656376745F61627374726163745F68
:1051B0006261736549776331305F6D6273746174E6
:1051C000655F744500537437636F6C6C6174654937
:1051D0007745005374376E756D5F67657449775313
:1051E0007431396973747265616D6275665F697473
:1051F000657261746F72497753743131636861729B
:105200005F7472616974734977454545005374371B
:105210006E756D5F7075744977537431396F73743F
:105220007265616D6275665F6974657261746F72D3
:10523000497753743131636861725F747261697464
:10524000734977454545005374386D6573736167DD
:105250006573497745005374386E756D70756E636C
:10526000744977450053743874696D655F67657478
:105270004977537431396973747265616D6275660B
:105280005F6974657261746F724977537431316309
:105290006861725F7472616974734977454545004E
:1052A00053743874696D655F7075744977537431E0
:1052B000396F73747265616D6275665F697465726A
:1052C00061746F72497753743131636861725F74CE
:1052D00072616974734977454545005374396D6F40
:1052E0006E65795F67657449775374313969737492
:1052F0007265616D6275665F6974657261746F7203
:10530000497753743131636861725F747261697493
:10531000734977454545005374396D6F6E65795F04
:105320007075744977537431396F73747265616D38
:105330006275665F6974657261746F7249775374E0
:105340003131636861725F74726169747349774562
:1053500045450062617369635F737472696E673A91
:105360003A5F535F636F6E737472756374206E750A
:105370006C6C206E6F742076616C6964006261737E
:1053800069635F737472696E673A3A5F535F637201
:10539000656174650062617369635F737472696EDD
:1053A000673A3A61737369676E0062617369635F3C
:1053B000737472696E673A3A726573697A65000050
:1053C0000000000040540500F9A303000DA40300F1
:1053D000073D0300093D0300A1A4030091A30300BE
:1053E00071A40300413D0300EFA503003FA40300A7
:1053F00031A4030053A40300DDA503007DA4030032
:10540000000000004C540500E5A303001FA40300A6
:105410006F3D0300713D0300DFA40300BBA3030045
:1054200077A40300A93D03002BA5030063A5030097
:105430001DA5030077A50300B9A5030095A50300EA
:105440001C75050058540500584C05001C750500D6
:105450008E540500604C05004E395F5F676E755FC6
:105460006378783138737464696F5F73796E635FE2
:1054700066696C656275664963537431316368614E
:10548000725F7472616974734963454545004E39B2
:105490005F5F676E755F6378783138737464696FC6
:1054A0005F73796E635F66696C6562756649775391
:1054B000743131636861725F7472616974734977C2
:1054C00045454500D8540500EC5405000400000093
:1054D000000000002455050051A60300A9A6030002
:1054E000FCFFFFFFFCFFFFFF245505006DA6030036
:1054F000BBA60300085505001C550500040000006C
:10550000000000003C5505007DA60300CBA603006B
:10551000FCFFFFFFFCFFFFFF3C55050099A60300C1
:10552000DDA60300BC740500545505000000000012
:10553000010000007C4A050003F4FFFFBC74050075
:10554000575505000000000001000000884A0500D2
:1055500003F4FFFF536F0053743133626173696367
:105560005F6F73747265616D49775374313163682D
:1055700061725F74726169747349774545004E5377
:1055800074366C6F63616C65356661636574365F34
:105590005F7368696D450000907505007E550500D4
:1055A000756E696E697469616C697A6564205F5FA4
:1055B000616E795F737472696E670063616E6E6F9E
:1055C0007420637265617465207368696D20666F0D
:1055D0007220756E6B6E6F776E206C6F63616C6599
:1055E0003A3A666163657400BC740500E8570500CB
:1055F00000000000020000008471050002000000AD
:1056000098550500020C0000BC7405001C580500EC
:1056100000000000020000003C50050002000000F5
:1056200098550500020C0000BC7405005058050098
:105630000000000002000000A87105000200000048
:105640009855050002100000BC740500855805003F
:105650000000000002000000605005000200000091
:105660009855050002100000BC740500BA580500EA
:105670000000000002000000C871050002000000E8
:1056800098550500020C0000BC740500EF58050099
:105690000000000002000000805005000200000031
:1056A00098550500020C0000BC7405002459050043
:1056B0000000000002000000D4710500020000009C
:1056C0009855050002080000BC74050059590500F2
:1056D00000000000020000008C50050002000000E5
:1056E0009855050002080000BC7405008E5905009D
:1056F000000000000200000000720500020000002F
:105700009855050002080000BC740500C459050046
:105710000000000002000000B85005000200000078
:105720009855050002080000BC740500FA590500F0
:1057300000000000020000000C72050002000000E2
:105740009855050002080000BC740500305A050099
:105750000000000002000000C4500500020000002C
:105760009855050002080000BC740500665A050043
:105770000000000002000000E870050002000000C8
:1057800098550500020C0000BC740500A15A0500E4
:105790000000000002000000087105000200000087
:1057A00098550500020C0000BC740500DC5A050089
:1057B0000000000002000000804F05000200000011
:1057C00098550500020C0000BC740500175B05002D
:1057D0000000000002000000A04F050002000000D1
:1057E00098550500020C00002A4E537431335F5F58
:1057F00066616365745F7368696D7331325F474CCE
:105800004F42414C5F5F4E5F313132636F6C6C6170
:1058100074655F7368696D49634545002A4E53742A
:1058200031335F5F66616365745F7368696D73319F
:10583000325F474C4F42414C5F5F4E5F31313263C4
:105840006F6C6C6174655F7368696D49774545007D
:105850002A4E537431335F5F66616365745F7368AA
:10586000696D7331325F474C4F42414C5F5F4E5F11
:105870003131336D657373616765735F7368696D2B
:1058800049634545002A4E537431335F5F66616357
:1058900065745F7368696D7331325F474C4F424185
:1058A0004C5F5F4E5F3131336D6573736167657354
:1058B0005F7368696D49774545002A4E53743133EB
:1058C0005F5F66616365745F7368696D7331325FD2
:1058D000474C4F42414C5F5F4E5F3131336E756DC7
:1058E00070756E63745F7368696D49634545002A1E
:1058F0004E537431335F5F66616365745F736869CB
:105900006D7331325F474C4F42414C5F5F4E5F31A8
:1059100031336E756D70756E63745F7368696D4950
:10592000774545002A4E537431335F5F6661636586
:10593000745F7368696D7331325F474C4F42414CFD
:105940005F5F4E5F31313374696D655F6765745FAA
:105950007368696D49634545002A4E537431335F5E
:105960005F66616365745F7368696D7331325F4749
:105970004C4F42414C5F5F4E5F31313374696D650E
:105980005F6765745F7368696D49774545002A4EA6
:10599000537431335F5F66616365745F7368696D0B
:1059A0007331325F474C4F42414C5F5F4E5F313144
:1059B000346D6F6E65795F6765745F7368696D4993
:1059C000634545002A4E537431335F5F66616365FA
:1059D000745F7368696D7331325F474C4F42414C5D
:1059E0005F5F4E5F3131346D6F6E65795F676574EF
:1059F0005F7368696D49774545002A4E53743133AA
:105A00005F5F66616365745F7368696D7331325F90
:105A1000474C4F42414C5F5F4E5F3131346D6F6E8A
:105A200065795F7075745F7368696D49634545009A
:105A30002A4E537431335F5F66616365745F7368C8
:105A4000696D7331325F474C4F42414C5F5F4E5F2F
:105A50003131346D6F6E65795F7075745F7368692D
:105A60006D49774545002A4E537431335F5F666157
:105A70006365745F7368696D7331325F474C4F4281
:105A8000414C5F5F4E5F3131356D6F6E657970757A
:105A90006E63745F7368696D49634C623045454558
:105AA000002A4E537431335F5F66616365745F73C0
:105AB00068696D7331325F474C4F42414C5F5F4EB6
:105AC0005F3131356D6F6E657970756E63745F73BC
:105AD00068696D49634C6231454545002A4E5374EF
:105AE00031335F5F66616365745F7368696D7331DD
:105AF000325F474C4F42414C5F5F4E5F3131356DF5
:105B00006F6E657970756E63745F7368696D4977E0
:105B10004C6230454545002A4E537431335F5F6611
:105B2000616365745F7368696D7331325F474C4FB1
:105B300042414C5F5F4E5F3131356D6F6E657970FC
:105B4000756E63745F7368696D49774C6231454562
:105B50004500000000000000E85505007DAD030091
:105B600099AD0300B1A80300A9BA0300BD3F04002A
:105B700000000000085605002DAF030049AF0300E8
:105B8000EFAA030095BD0300AF440300000000002E
:105B900028560500C5AE0300E1AE0300D3AA0300FA
:105BA000D3BA0300C7AA030000000000485605004E
:105BB00075B0030091B003000FAD0300BFBD03003B
:105BC00003AD0300000000006856050045AD03006A
:105BD00069AD0300A33F0400AB3F04007B41040018
:105BE0008F410400A3410400000000008856050016
:105BF000F5AE030019AF0300994403009F4403006E
:105C0000F34503007F4603009346030000000000B5
:105C1000A8560500ADAD0300C9AD030015AA0300E9
:105C2000D3A9030091A903004FA903000DA9030004
:105C3000CBA8030000000000C85605005DAF0300BC
:105C400079AF030053AC030011AC0300CFAB0300EA
:105C50008DAB03004BAB030009AB03000000000059
:105C6000E8560500DDAD0300F9AD03001FAA0300EF
:105C700073BB030000000000085705008DAF030050
:105C8000A9AF03005DAC03005BBE03000000000091
:105C9000285705000DAE030029AE03008FAA0300AC
:105CA00021BC03000000000048570500BDAF030001
:105CB000D9AF0300CDAC030009BF03000000000012
:105CC0006857050081AE0300B1AE0300DF3E04005B
:105CD000E53E0400DB400400EF4004000341040003
:105CE00017410400EB3E0400F13E0400193F04009C
:105CF00000000000885705003DAE03006DAE0300B4
:105D0000413F0400473F04002B4104003F41040091
:105D100053410400674104004D3F0400533F040019
:105D20007B3F040000000000A857050031B00300CD
:105D300061B00300D5430300DB430300CB45030000
:105D4000074603001B4603002F460300E143030000
:105D5000E74303000F44030000000000C85705009C
:105D6000EDAF03001DB00300374403003D440300C2
:105D7000DF45030043460300574603006B4603001C
:105D80004344030049440300714403000000000041
:105D9000EC5E0500F1C103000DC2030039C303002E
:105DA000B5C3030037C1030000000000185F050001
:105DB0002DA404004DA404001DC1030025C103004F
:105DC000FBC403000BC503001BC50300000000005B
:105DD000CC5E05006DA104008DA10400BBC00300D2
:105DE000C1C00300BBC40300CBC40300DBC4030079
:105DF000EBC40300C7C00300CDC00300F5C003001F
:105E000000000000AC5E0500A1A10400C1A10400D7
:105E100059C003005FC003007BC403008BC40300B0
:105E20009BC40300ABC4030065C003006BC0030048
:105E300093C0030000000000F85E0500C1C103002C
:105E4000DDC1030031C10300DDA9040035C1030039
:105E500000000000445F050049C103005DC103006C
:105E6000D5E4030065E5030000000000505F050075
:105E700071C1030085C1030029CE03003DCF03009B
:105E800000000000245F050099C10300ADC10300BC
:105E90002DC1030085D90300F3D9030061DA0300A3
:105EA0002FDB0300D3DB030069DC0300BC740500B7
:105EB0005C5F050000000000020000004C49050086
:105EC00002000000F84C050002000000BC74050050
:105ED0007C5F050000000000020000004C49050046
:105EE00002000000F84C0500020000001C750500CF
:105EF0009C5F05004C490500BC740500B45F0500BB
:105F000000000000020000004C49050002000000F3
:105F1000144D0500020000001C750500CD5F050052
:105F20004C490500BC740500E65F05000000000058
:105F3000020000004C49050002000000C84C0500AA
:105F4000020000001C7505002B6005004C4905008F
:105F50001C750500716005004C4905004E537437EF
:105F60005F5F637878313131306D6F6E6579707550
:105F70006E637449634C6230454545004E53743737
:105F80005F5F637878313131306D6F6E6579707530
:105F90006E637449634C6231454545004E53743716
:105FA0005F5F637878313137636F6C6C617465491A
:105FB000634545004E5374375F5F637878313138FD
:105FC0006D6573736167657349634545004E53742E
:105FD000375F5F6378783131386E756D70756E63D9
:105FE0007449634545004E5374375F5F6378783179
:105FF000313874696D655F6765744963537431390D
:106000006973747265616D6275665F6974657261EA
:10601000746F72496353743131636861725F747273
:1060200061697473496345454545004E5374375F54
:106030005F6378783131396D6F6E65795F6765744C
:106040004963537431396973747265616D62756641
:106050005F6974657261746F72496353743131633F
:106060006861725F7472616974734963454545453F
:10607000004E5374375F5F6378783131396D6F6EDE
:1060800065795F7075744963537431396F737472D5
:1060900065616D6275665F6974657261746F72497E
:1060A0006353743131636861725F747261697473D0
:1060B00049634545454500000000000018620500A1
:1060C00011E803002DE80300DDE9030061EA0300A5
:1060D00057E703000000000044620500FDA404002F
:1060E0001DA5040041E7030047E7030085E903001D
:1060F000A7EB0300B7EB030000000000F861050008
:106100001DA304003DA30400DFE60300E5E6030051
:1061100075E9030077EB030087EB030097EB0300BF
:10612000EBE60300F1E6030019E7030000000000BE
:10613000D861050051A3040071A304007DE60300AB
:1061400083E6030065E9030047EB030057EB030018
:1061500067EB030089E603008FE60300B7E6030060
:106160000000000024620500E1E70300FDE70300F2
:1061700051E70300EBA9040055E70300000000000D
:106180007062050069E703007DE703000D0A040063
:106190009D0A0400000000007C62050091E70300F6
:1061A000A5E70300F1F30300FDF403000000000085
:1061B00050620500B9E70300CDE703004DE7030097
:1061C000EDFE03005BFF0300C9FF0300970004001E
:1061D0003B010400D1010400BC7405008862050085
:1061E00000000000020000004C4905000200000011
:1061F000F84C050002000000BC740500A862050010
:1062000000000000020000004C49050002000000F0
:10621000F84C0500020000001C750500C86205006E
:106220004C490500BC740500E06205000000000058
:10623000020000004C49050002000000144D05005A
:10624000020000001C750500F96205004C490500BC
:10625000BC7405001263050000000000020000008D
:106260004C49050002000000C84C05000200000077
:106270001C750500576305004C4905001C75050099
:106280009D6305004C4905004E5374375F5F63788A
:1062900078313131306D6F6E657970756E63744928
:1062A000774C6230454545004E5374375F5F6378E5
:1062B00078313131306D6F6E657970756E63744908
:1062C000774C6231454545004E5374375F5F6378C4
:1062D00078313137636F6C6C61746549774545007F
:1062E0004E5374375F5F6378783131386D657373FF
:1062F0006167657349774545004E5374375F5F6347
:1063000078783131386E756D70756E637449774584
:1063100045004E5374375F5F637878313138746964
:106320006D655F6765744977537431396973747249
:1063300065616D6275665F6974657261746F7249DB
:106340007753743131636861725F74726169747319
:10635000497745454545004E5374375F5F6378780C
:106360003131396D6F6E65795F6765744977537444
:1063700031396973747265616D6275665F697465E0
:106380007261746F72497753743131636861725FFF
:10639000747261697473497745454545004E53747D
:1063A000375F5F6378783131396D6F6E65795F7013
:1063B00075744977537431396F73747265616D62A6
:1063C00075665F6974657261746F72497753743171
:1063D00031636861725F74726169747349774545AE
:1063E0004545007370616365007072696E74006387
:1063F0006E74726C007570706572006C6F77657288
:1064000000616C7068610070756E63740078646917
:1064100067697400616C6E756D0067726170680009
:10642000BC7405004C640500000000000200000080
:106430004C49050002000000E04C0500020000008D
:106440001C75050058640500FC4F05005374356346
:106450007479706549634500537435637479706568
:10646000497745000000000020640500C9150400BC
:10647000F11504007543030085430300A5430300A1
:10648000B5430300E5120400FD120400E912040004
:10649000ED12040000000000406405000516040031
:1064A00029160400E91304002314040065140400F1
:1064B0008F140400A9130400AF130400C9130400CF
:1064C000CF130400B9140400C1140400DD14040047
:1064D00001150400E8640500FC64050008000000E4
:1064E00000000000346505000D1E04006D1E040050
:1064F000F8FFFFFFF8FFFFFF346505002D1E0400C5
:106500007F1E0400186505002C65050008000000CA
:10651000000000004C6505003D1E04008F1E0400B5
:10652000F8FFFFFFF8FFFFFF4C6505005D1E04004C
:10653000A11E0400BC740500646505000000000095
:10654000010000007C4A050003F4FFFFBC74050055
:10655000676505000000000001000000884A050092
:1065600003F4FFFF5369005374313362617369634D
:106570005F6973747265616D497753743131636813
:1065800061725F74726169747349774545000000F8
:10659000BC740500906705000000000002000000C8
:1065A000EC5E05000200000098550500020C00009A
:1065B000BC740500C4670500000000000200000074
:1065C000186205000200000098550500020C00004A
:1065D000BC740500F8670500000000000200000020
:1065E000F85E05000200000098550500021000004A
:1065F000BC7405002D6805000000000002000000CA
:1066000024620500020000009855050002100000F9
:10661000BC74050062680500000000000200000074
:10662000185F05000200000098550500020C0000EC
:10663000BC7405009768050000000000020000001F
:10664000446205000200000098550500020C00009D
:10665000BC740500CC6805000000000002000000CA
:10666000245F0500020000009855050002080000A4
:10667000BC74050001690500000000000200000074
:106680005062050002000000985505000208000055
:10669000BC7405003669050000000000020000001F
:1066A000445F050002000000985505000208000044
:1066B000BC7405006C6905000000000002000000C9
:1066C00070620500020000009855050002080000F5
:1066D000BC740500A2690500000000000200000073
:1066E000505F0500020000009855050002080000F8
:1066F000BC740500D869050000000000020000001D
:106700007C620500020000009855050002080000A8
:10671000BC7405000E6A05000000000002000000C5
:10672000AC5E05000200000098550500020C000058
:10673000BC740500496A050000000000020000006A
:10674000CC5E05000200000098550500020C000018
:10675000BC740500846A050000000000020000000F
:10676000D86105000200000098550500020C0000E9
:10677000BC740500BF6A05000000000002000000B4
:10678000F86105000200000098550500020C0000A9
:106790002A4E537431335F5F66616365745F73685B
:1067A000696D7331325F474C4F42414C5F5F4E5FC2
:1067B000313132636F6C6C6174655F7368696D4908
:1067C000634545002A4E537431335F5F66616365EC
:1067D000745F7368696D7331325F474C4F42414C4F
:1067E0005F5F4E5F313132636F6C6C6174655F73F4
:1067F00068696D49774545002A4E537431335F5FB0
:1068000066616365745F7368696D7331325F474CAD
:106810004F42414C5F5F4E5F3131336D6573736141
:106820006765735F7368696D49634545002A4E5318
:106830007431335F5F66616365745F7368696D733C
:1068400031325F474C4F42414C5F5F4E5F313133D5
:106850006D657373616765735F7368696D497745CB
:1068600045002A4E537431335F5F66616365745F20
:106870007368696D7331325F474C4F42414C5F5FC3
:106880004E5F3131336E756D70756E63745F736812
:10689000696D49634545002A4E537431335F5F6625
:1068A000616365745F7368696D7331325F474C4F24
:1068B00042414C5F5F4E5F3131336E756D70756E66
:1068C00063745F7368696D49774545002A4E537458
:1068D00031335F5F66616365745F7368696D7331DF
:1068E000325F474C4F42414C5F5F4E5F31313374F2
:1068F000696D655F6765745F7368696D4963454578
:10690000002A4E537431335F5F66616365745F7351
:1069100068696D7331325F474C4F42414C5F5F4E47
:106920005F31313374696D655F6765745F73686982
:106930006D49774545002A4E537431335F5F666178
:106940006365745F7368696D7331325F474C4F42A2
:10695000414C5F5F4E5F3131346D6F6E65795F67BB
:1069600065745F7368696D49634545002A4E5374C9
:1069700031335F5F66616365745F7368696D73313E
:10698000325F474C4F42414C5F5F4E5F3131346D57
:106990006F6E65795F6765745F7368696D49774588
:1069A00045002A4E537431335F5F66616365745FDF
:1069B0007368696D7331325F474C4F42414C5F5F82
:1069C0004E5F3131346D6F6E65795F7075745F73D2
:1069D00068696D49634545002A4E537431335F5FE2
:1069E00066616365745F7368696D7331325F474CCC
:1069F0004F42414C5F5F4E5F3131346D6F6E657950
:106A00005F7075745F7368696D49774545002A4EFC
:106A1000537431335F5F66616365745F7368696D7A
:106A20007331325F474C4F42414C5F5F4E5F3131B3
:106A3000356D6F6E657970756E63745F7368696DBF
:106A400049634C6230454545002A4E537431335FEB
:106A50005F66616365745F7368696D7331325F4748
:106A60004C4F42414C5F5F4E5F3131356D6F6E650B
:106A70007970756E63745F7368696D49634C6231D8
:106A8000454545002A4E537431335F5F6661636547
:106A9000745F7368696D7331325F474C4F42414C8C
:106AA0005F5F4E5F3131356D6F6E657970756E6306
:106AB000745F7368696D49774C6230454545002ABB
:106AC0004E537431335F5F66616365745F736869E9
:106AD0006D7331325F474C4F42414C5F5F4E5F31C7
:106AE00031356D6F6E657970756E63745F7368694B
:106AF0006D49774C623145454500000000000000BB
:106B0000906505007D2504009925040041200400BE
:106B10001733040037C1030000000000B065050012
:106B20002D270400492704007B22040007360400B7
:106B300057E7030000000000D0650500C5260400EB
:106B4000E126040063220400C73304005722040036
:106B500000000000F065050075280400912804007D
:106B60009B240400B73604008F24040000000000BA
:106B70001066050045250400692504001DC10300B9
:106B800025C10300FBC403000BC503001BC50300A4
:106B90000000000030660500F526040019270400F7
:106BA00041E7030047E7030085E90300A7EB030083
:106BB000B7EB03000000000050660500AD2504009F
:106BC000C9250400A521040063210400212104003B
:106BD000DF2004009D2004005B20040069DC03002A
:106BE00000000000706605005D270400792704009E
:106BF000DF2304009D2304005B2304001923040009
:106C0000D722040095220400D101040000000000F6
:106C100090660500DD250400F9250400AF2104007D
:106C20004133040000000000B06605008D27040019
:106C3000A9270400E9230400313604000000000005
:106C4000D06605000D260400292604001F2204003A
:106C5000E134040000000000F0660500BD270400D8
:106C6000D927040059240400D13704000000000093
:106C70001067050081260400B126040059C00300F6
:106C80005FC003007BC403008BC403009BC40300EC
:106C9000ABC4030065C003006BC0030093C00300D6
:106CA00000000000306705003D2604006D2604004A
:106CB000BBC00300C1C00300BBC40300CBC40300BE
:106CC000DBC40300EBC40300C7C00300CDC0030056
:106CD000F5C00300000000005067050031280400E3
:106CE000612804007DE6030083E6030065E90300F4
:106CF00047EB030057EB030067EB030089E6030053
:106D00008FE60300B7E6030000000000706705008F
:106D1000ED2704001D280400DFE60300E5E603007C
:106D200075E9030077EB030087EB030097EB0300A3
:106D3000EBE60300F1E6030019E7030000000000A2
:106D4000B86D0500000000000000000035ED0200F5
:106D500035ED020035ED020035ED020035ED0200A3
:106D600035ED020035ED020000000000986D0500D1
:106D7000000000000000000035ED020035ED0200CB
:106D800035ED020035ED020035ED020035ED020073
:106D900035ED0200EFBBBF00BC740500F06D0500CF
:106DA00000000000020000004C4905000200000045
:106DB000304D050002000000BC7405001D6E05008A
:106DC00000000000020000004C4905000200000025
:106DD000304D0500020000001C7505004A6E0500DC
:106DE000986D05001C750500666E0500B86D050000
:106DF000537432335F5F636F64656376745F61629F
:106E00007374726163745F6261736549446963316D
:106E1000305F6D6273746174655F744500537432E2
:106E2000335F5F636F64656376745F61627374720E
:106E30006163745F626173654944736331305F6D90
:106E40006273746174655F744500537437636F6473
:106E5000656376744944696331305F6D6273746150
:106E600074655F744500537437636F64656376744B
:106E70004944736331305F6D6273746174655F742C
:106E80004500000000000000D86D0500F53C04003E
:106E9000093D0400DD3D04009F3904002D3B040042
:106EA000A7390400AB3904008D3B0400AF3904005E
:106EB00000000000E46D05001D3D0400313D0400AC
:106EC000453D04009F3904004D3C0400A7390400EF
:106ED000AB390400D53C0400AF39040090750500BF
:106EE000E46E0500537438696F735F626173650007
:106EF00000000000DC6E0500953E0400CD3E04005D
:106F00000000000084710500E9410400054204000E
:106F100067420400E5420400BD3F04000000000099
:106F2000C8710500052B0300252B0300A33F0400B7
:106F3000AB3F04007B4104008F410400A3410400E7
:106F40000000000090710500F93F0400814004003A
:106F50008776040051760400397B04006D7E0400BE
:106F6000A181040001860400C58904008171040028
:106F700011720400A1720400D78104000000000017
:106F80009C7105000D40040093400400FD5904006D
:106F9000D5590400155C0400EF5D0400435F040054
:106FA00081610400BB6304003D5C0400000000003C
:106FB0004071050021400400A540040000000000CD
:106FC0002871050019420400554204000000000029
:106FD00008710500B5270300D5270300413F0400D1
:106FE000473F04002B4104003F410400534104008B
:106FF000674104004D3F0400533F04007B3F040001
:1070000000000000E8700500E927030009280300DC
:10701000DF3E0400E53E0400DB400400EF400400D6
:107020000341040017410400EB3E0400F13E04005C
:10703000193F040000000000A8710500B9410400D8
:10704000D5410400B73F0400F9A90400BB3F040088
:107050000000000064710500000000000000000056
:1070600035ED020035ED020035ED020035ED020090
:1070700035ED020035ED020035ED020000000000A4
:1070800000720500D13F04005D400400A594040097
:1070900029950400000000000C720500E53F040083
:1070A0006F400400415704005958040000000000DC
:1070B000F471050035400400B7400400E3630400A8
:1070C00000000000D471050049400400C9400400DC
:1070D000B33F0400FB8904006D8A0400DF8A0400CA
:1070E000838B0400278C0400BC7405001872050013
:1070F00000000000020000004C49050002000000F2
:10710000F84C050002000000BC7405002E7205005A
:1071100000000000020000004C49050002000000D1
:10712000F84C0500020000001C75050044720500C3
:107130004C4905001C750500577205004C490500B7
:107140001C7505006F7205004C4905001C75050093
:10715000887205004C4905001C750500A6720500E3
:107160004C490500BC740500C47205000000000015
:10717000020000004C49050002000000304D0500EF
:10718000020000001C750500F07205004C49050066
:107190001C750500FE7205004C4905001C750500B4
:1071A000387305004C490500BC7405007273050076
:1071B00000000000020000004C4905000200000031
:1071C000144D0500020000001C75050081730500C8
:1071D0004C490500BC7405009073050000000000D8
:1071E000020000004C49050002000000C84C0500E8
:1071F000020000001C750500CB7305004C4905001A
:107200001C750500067405004C4905001C75050039
:10721000427405004C490500537431306D6F6E6542
:107220007970756E637449634C62304545005374E0
:1072300031306D6F6E657970756E637449634C6241
:1072400031454500537431315F5F74696D65707508
:107250006E637449634500537431365F5F6E756DBC
:1072600070756E63745F636163686549634500535D
:107270007431375F5F74696D6570756E63745F63D9
:107280006163686549634500537431385F5F6D6FB2
:107290006E657970756E63745F6361636865496379
:1072A0004C6230454500537431385F5F6D6F6E65D9
:1072B0007970756E63745F636163686549634C627E
:1072C00031454500537432335F5F636F64656376A5
:1072D000745F61627374726163745F626173654944
:1072E000636331305F6D6273746174655F74450010
:1072F000537437636F6C6C617465496345005374F4
:10730000376E756D5F67657449635374313969739E
:10731000747265616D6275665F6974657261746FC0
:1073200072496353743131636861725F7472616969
:1073300074734963454545005374376E756D5F70CE
:1073400075744963537431396F73747265616D621A
:1073500075665F6974657261746F724963537431E5
:1073600031636861725F7472616974734963454522
:1073700045005374386D6573736167657349634580
:10738000005374386E756D70756E63744963450093
:1073900053743874696D655F6765744963537431FC
:1073A000396973747265616D6275665F697465725F
:1073B00061746F72496353743131636861725F74D1
:1073C0007261697473496345454500537438746943
:1073D0006D655F7075744963537431396F7374727E
:1073E00065616D6275665F6974657261746F72491B
:1073F0006353743131636861725F7472616974736D
:107400004963454545005374396D6F6E65795F6713
:1074100065744963537431396973747265616D625F
:1074200075665F6974657261746F72496353743114
:1074300031636861725F7472616974734963454551
:1074400045005374396D6F6E65795F70757449636B
:10745000537431396F73747265616D6275665F69FB
:1074600074657261746F724963537431316368611A
:10747000725F747261697473496345454500000029
:107480001C7505008C740500587505004E31305F81
:107490005F637878616269763132315F5F766D69FA
:1074A0005F636C6173735F747970655F696E666F3B
:1074B0004500000000000000807405007D97040076
:1074C00091970400DD9C0400DD9C0400C79D04002E
:1074D0000D9D0400B99A040043980400A597040088
:1074E0001C750500EC740500587505004E31305FC1
:1074F0005F637878616269763132305F5F73695FAC
:10750000636C6173735F747970655F696E666F45F4
:107510000000000000000000E0740500DD9B040096
:10752000F19B0400DD9C0400DD9C0400C79D040069
:107530000D9D0400B19C04003D9C0400059C0400CA
:107540009075050048750500537439747970655F4E
:10755000696E666F000000001C750500647505000B
:10756000407505004E31305F5F63787861626976FF
:107570003131375F5F636C6173735F747970655F1E
:10758000696E666F45000000000000005875050038
:107590004D9D0400619D0400DD9C0400DD9C040001
:1075A000C79D04000D9D0400AF9D0400759D04005F
:1075B000419D0400414D00504D0053756E6461794A
:1075C000004D6F6E64617900547565736461790074
:1075D0005765646E6573646179005468757273648D
:1075E00061790046726964617900536174757264EF
:1075F00061790053756E004D6F6E005475650057CC
:107600006564005468750046726900536174004AED
:10761000616E75617279004665627275617279009A
:107620004D6172636800417072696C004D61790050
:107630004A756E65004A756C79004175677573749B
:107640000053657074656D626572004F63746F629C
:107650006572004E6F76656D6265720044656365A4
:107660006D626572004A616E00466562004D61722E
:1076700000417072004A756E004A756C0041756772
:1076800000536570004F6374004E6F76004465636D
:1076900000000000250000006D0000002F00000029
:1076A00025000000640000002F00000025000000FD
:1076B00079000000000000002500000048000000E4
:1076C0003A000000250000004D0000003A000000D4
:1076D00025000000530000000000000041000000F1
:1076E0004D00000000000000500000004D000000B0
:1076F0000000000053000000750000006E00000054
:10770000640000006100000079000000000000003B
:107710004D0000006F0000006E00000064000000DB
:10772000610000007900000000000000540000002B
:107730007500000065000000730000006400000098
:107740006100000079000000000000005700000008
:1077500065000000640000006E000000650000008D
:107760007300000064000000610000007900000068
:1077700000000000540000006800000075000000D8
:10778000720000007300000064000000610000004F
:1077900079000000000000004600000072000000B8
:1077A0006900000064000000610000007900000032
:1077B00000000000530000006100000074000000A1
:1077C000750000007200000064000000610000000D
:1077D0007900000000000000530000007500000068
:1077E0006E000000000000004D0000006F0000006F
:1077F0006E00000000000000540000007500000052
:107800006500000000000000570000006500000057
:107810006400000000000000540000006800000048
:10782000750000000000000046000000720000002B
:10783000690000000000000053000000610000002B
:1078400074000000000000004A0000006100000019
:107850006E00000075000000610000007200000072
:1078600079000000000000004600000065000000F4
:10787000620000007200000075000000610000005E
:107880007200000079000000000000004D000000C0
:10789000610000007200000063000000680000004A
:1078A00000000000410000007000000072000000B5
:1078B000690000006C000000000000004D000000A6
:1078C0006100000079000000000000004A00000094
:1078D000750000006E000000650000000000000060
:1078E0004A000000750000006C00000079000000F4
:1078F000000000004100000075000000670000006B
:10790000750000007300000074000000000000001B
:1079100053000000650000007000000074000000CB
:10792000650000006D0000006200000065000000BE
:1079300072000000000000004F0000006300000023
:10794000740000006F00000062000000650000008D
:1079500072000000000000004E0000006F000000F8
:1079600076000000650000006D000000620000006D
:1079700065000000720000000000000044000000EC
:107980006500000063000000650000006D0000005D
:1079900062000000650000007200000000000000AE
:1079A0004A000000610000006E00000000000000BE
:1079B00046000000650000006200000000000000BA
:1079C0004D00000061000000720000000000000097
:1079D0004100000070000000720000000000000084
:1079E0004A000000750000006E000000000000006A
:1079F0004A000000750000006C000000000000005C
:107A00004100000075000000670000000000000059
:107A1000530000006500000070000000000000003E
:107A20004F00000063000000740000000000000030
:107A30004E0000006F000000760000000000000013
:107A4000440000006500000063000000000000002A
:107A50006E6F7420656E6F75676820737061636503
:107A600020666F7220666F726D6174206578706138
:107A70006E73696F6E2028506C6561736520737535
:107A8000626D69742066756C6C2062756720726522
:107A9000706F72742061742068747470733A2F2F41
:107AA0006763632E676E752E6F72672F62756773DB
:107AB0002F293A0A202020200000202020202020EA
:107AC000202020282828282820202020202020208E
:107AD000202020202020202020208810101010108E
:107AE00010101010101010101010040404040404DE
:107AF00004040404101010101010104141414141C1
:107B00004101010101010101010101010101010125
:107B100001010101011010101010104242424242B6
:107B200042020202020202020202020202020202F5
:107B300002020202021010101020000000000000DB
:107B40000000000000000000000000000000000035
:107B50000000000000000000000000000000000025
:107B60000000000000000000000000000000000015
:107B70000000000000000000000000000000000005
:107B800000000000000000000000000000000000F5
:107B900000000000000000000000000000000000E5
:107BA00000000000000000000000000000000000D5
:107BB00000000000000000000000000000000000C5
:107BC00000000000000000000000000000000000B5
:107BD00000000000000000000000000000000000A5
:107BE0000000000000000000000000000000000095
:107BF0000000000000000000000000000000000085
:107C00000000000000000000000000000000000074
:107C1000000000000000000000000000A86100203B
:107C2000504F534958002E00232D302B2000686CF4
:107C30004C0065666745464700494E4600696E66DA
:107C4000004E414E006E616E0030313233343536B5
:107C5000373839616263646566002573252E2A64AE
:107C600000257325302E2A64002B00253264002560
:107C70002E32642F252E32642F252E326400256C7F
:107C80007500592D256D2D2564002E2A7500252E91
:107C9000336400256C6C6400252E32643A252E3244
:107CA000643A252E326400252B30336C64252E3245
:107CB0006C64000035000000CEFBFFFFCB0300002A
:107CC000010000000000000034000000CEFBFFFFB8
:107CD000CB030000010000000000000000000000D5
:107CE000BC89D897B2D29C3C33A7A8D523F6493992
:107CF0003DA7F444FD0FA5329D978CCF08BA5B25B4
:107D0000436FAC6428066811657605006976050046
:107D10006D760500717605002C76050075760500F8
:107D2000797605007D76050081760500857605006B
:107D3000897605008D7605000F760500177605001B
:107D400020760500267605002C76050030760500A5
:107D5000357605003A760500417605004B7605003C
:107D6000537605005C760500F3750500F775050090
:107D7000FB750500FF750500037605000776050015
:107D80000B760500BA750500C1750500C8750500BC
:107D9000D0750500DA750500E3750500EA75050084
:107DA0006F4F0500604F0500047E0500B4750500A7
:107DB000B7750500197E05000F76050017760500DA
:107DC00020760500267605002C7605003076050025
:107DD000357605003A760500417605004B760500BC
:107DE000537605005C760500317E0500347E050083
:107DF000B87A0500B87A0500B87A0500B87A0500A7
:107E0000B87A050025612025622025652025483A9D
:107E1000254D3A255320255900256120256220252E
:107E2000652025483A254D3A255320255A202559C5
:107E3000006D640025493A254D3A255320257000F0
:107E4000545A002531305B5E302D392C2B2D5D25A9
:107E50006E004D256875256E2E256875256E2E25BC
:107E60006875256E002F256875256E3A256875257D
:107E70006E3A256875256E0025000000730000002D
:107E8000250000002E0000002A0000006400000011
:107E90000000000025000000730000002500000025
:107EA000300000002E0000002A00000064000000E6
:107EB0000000000025000000320000006400000007
:107EC00000000000250000002E000000320000002D
:107ED000640000002F000000250000002E000000BC
:107EE00032000000640000002F00000025000000A8
:107EF0002E000000320000006400000000000000BE
:107F0000250000006C00000075000000000000006B
:107F1000590000002D000000250000006D00000049
:107F20002D0000002500000064000000000000009B
:107F30002E0000002A000000750000000000000074
:107F4000250000002E000000330000006400000047
:107F500000000000250000006C0000006C00000024
:107F60006400000000000000250000002E0000005A
:107F700032000000640000003A000000250000000C
:107F80002E00000032000000640000003A000000F3
:107F9000250000002E0000003200000064000000F8
:107FA00000000000250000002B0000003000000051
:107FB000330000006C000000640000002500000099
:107FC0002E000000320000006C0000006400000081
:107FD00000000000626C616E6B00496E66696E693C
:107FE0007479004E614E00000080E03779C3414350
:107FF000176E05B5B5B89346F5F93FE9034F384D0F
:10800000321D30F94877825A3CBF737FDD4F1575BA
:10801000000000000000F03F0000000000002440CD
:1080200000000000000059400000000000408F40A8
:10803000000000000088C34000000000006AF84013
:108040000000000080842E4100000000D012634137
:108050000000000084D797410000000065CDCD41AD
:10806000000000205FA00242000000E8764837428E
:10807000000000A2941A6D42000040E59C30A2422C
:108080000000901EC4BCD64200003426F56B0C43A1
:108090000080E03779C3414300A0D8855734764348
:1080A00000C84E676DC1AB43003D9160E458E143A9
:1080B000408CB5781DAF154450EFE2D6E41A4B441E
:1080C00092D54D06CFF08044F64AE1C7022DB54463
:1080D000B49DD9794378EA440500000019000000F6
:1080E0007D00000002810500058105000881050072
:1080F000412D46612D6638393031323334353637CB
:108100005D002B2D00303000785800001F0000006B
:108110001C0000001F0000001E0000001F000000E7
:108120001E0000001F0000001F0000001E000000D5
:108130001F0000001E0000001F0000001F000000C4
:108140001D0000001F0000001E0000001F000000B6
:108150001E0000001F0000001F0000001E000000A5
:108160001F0000001E0000001F000000490000006A
:108170004E00000046000000000000006900000002
:108180006E00000066000000000000004E000000CD
:10819000410000004E000000000000006E000000E2
:1081A000610000006E0000000000000030000000D0
:1081B00031000000320000003300000034000000F5
:1081C00035000000360000003700000038000000D5
:1081D00039000000410000004200000043000000A0
:1081E00044000000450000004600000000000000C0
:1081F00030000000310000003200000033000000B9
:108200003400000035000000360000003700000098
:10821000380000003900000061000000620000002A
:1082200063000000640000006500000066000000BC
:1082300000000000300000000000000020000000EE
:1082400020000000200000002000000020000000AE
:10825000200000002000000020000000200000009E
:10826000200000002000000020000000200000008E
:10827000200000002000000020000000300000006E
:10828000300000003000000030000000300000002E
:10829000300000003000000030000000300000001E
:1082A000300000003000000030000000300000000E
:1082B000300000003000000030000000000000002E
:0882C00090DFFC7F01000000CB
:1082C800000000000A00000000000306B2000800D9
:1082D80001000000A800080002000000A00014002F
:1082E800030057494E5553420000000000000000AB
:1082F80000008400040007002A004400650076009E
:1083080069006300650049006E0074006500720032
:10831800660061006300650047005500490044009D
:108328007300000050007B0039003700350046001C
:1083380034003400440039002D003000440030007F
:1083480038002D0034003300460044002D0038006A
:108358004200330045002D00310032003700430051
:1083680041003800410046004600460039004400FC
:108378007D000000000000000400000010000C0058
:1083880058730020983E050000000000000000001F
:1083980000000000000000000000000000000000D5
:1083A80000000000000000000000000000000000C5
:1083B80000000000000000000000000000000000B5
:1083C80000000000000000000000000000000000A5
:1083D8000000000000000000FF000000649C002076
:1083E8000090D00315480500F04705003048050007
:1083F8003C48050040480500444805004948050038
:108408004D480500514805005548050059480500E4
:108418005D48050061480500654805006948050094
:10842800514805006D48050074480500844805005A
:1084380094480500A8480500B8480500C848050044
:10844800D8480500E8480500F8480500084905002F
:108458001849050028490500C8480500384905009D
:1084680001000000A861002000000000DC7B05007E
:10847800FC7B0500BC7B050000000000000000003C
:1084880000000000000000000000000000000000E4
:1084980000000000000000000000000000000000D4
:1084A80000000000000000000000000000000000C4
:1084B80000000000000000000000000000000000B4
:1084C8000000000000000000430000000000000061
:1084D8000000000000000000000000000000000094
:1084E8000000000000000000430000000000000041
:1084F8000000000000000000000000000000000074
:108508000000000000000000430000000000000020
:108518000000000000000000000000000000000053
:108528000000000000000000430000000000000000
:108538000000000000000000000000000000000033
:1085480000000000000000004300000000000000E0
:108558000000000000000000000000000000000013
:1085680000000000000000004300000000000000C0
:1085780000000000000000000000000000000000F3
:1085880000000000000000004300000000000000A0
:1085980000000000000000000000000000000000D3
:1085A800000000000000000031020500EDC10400D9
:1085B80000000000B97A0500267C0500B87A05009D
:1085C800B87A0500B87A0500B87A0500B87A0500C7
:1085D800B87A0500B87A0500B87A0500B87A0500B7
:1085E800FFFFFFFFFFFFFFFFFFFFFFFFFFFF000091
:1085F8000100415343494900000000000000000009
:108608000000000000000000000000000000000062
:1086180000004153434949000000000000000000E9
:108628000000000000000000000000000000000042
:10863800000000003C4805003C4805000000000020
:1086480001000000000000004A00000000000000D7
:108658000000000000000000000000000000000012
:108668000000000000000000000000000000000002
:108678004A000000000000000000000000000000A8
:1086880000000000000000000000000000000000E2
:1086980000000000000000003C9C00200162020075
:1086A80035620200256602009DCC02007DD00200E2
:1086B80055D5020071D9020011DF020055E1020010
:1086C80029E2020069E40200C9EB0200359B0300BD
:1086D800F9E50300310B0400D19504001162020092
:04000003300010FDBC
:00000001FF
